{
    "child_model_execute_cost_by_ms": [
        19.07699966430664
    ],
    "child_model_run_time": [
        [
            20786074,
            20805151
        ]
    ],
    "execute_cost": 19.07699966430664,
    "finish_time": 20805160,
    "limit_cost_by_ms": 18.72599983215332,
    "model_name": "resnet50",
    "recv_time": 20785964,
    "tag": "136",
    "total_cost_by_ms": 19.195999145507813,
    "wait_cost": 0.11899948120117188
}
