{
    "child_model_execute_cost_by_ms": [
        20.916000366210938
    ],
    "child_model_run_time": [
        [
            18825754,
            18846670
        ]
    ],
    "execute_cost": 20.916000366210938,
    "finish_time": 18846674,
    "limit_cost_by_ms": 18.72599983215332,
    "model_name": "resnet50",
    "recv_time": 18790448,
    "tag": "39",
    "total_cost_by_ms": 56.22600173950195,
    "wait_cost": 35.310001373291016
}
