{
    "child_model_execute_cost_by_ms": [
        6.97599983215332
    ],
    "child_model_run_time": [
        [
            30815899,
            30822875
        ]
    ],
    "execute_cost": 6.97599983215332,
    "finish_time": 30822878,
    "limit_cost_by_ms": 5.957333564758301,
    "model_name": "yolov2",
    "recv_time": 30805129,
    "tag": "638",
    "total_cost_by_ms": 17.749000549316406,
    "wait_cost": 10.773000717163086
}
