{
    "child_model_execute_cost_by_ms": [
        43.73099899291992
    ],
    "child_model_run_time": [
        [
            31346700,
            31390431
        ]
    ],
    "execute_cost": 43.73099899291992,
    "finish_time": 31390435,
    "limit_cost_by_ms": 46.27333450317383,
    "model_name": "vgg19",
    "recv_time": 31346648,
    "tag": "665",
    "total_cost_by_ms": 43.7869987487793,
    "wait_cost": 0.055999755859375
}
