{
    "child_model_execute_cost_by_ms": [
        6.4120001792907715
    ],
    "child_model_run_time": [
        [
            32449585,
            32455997
        ]
    ],
    "execute_cost": 6.4120001792907715,
    "finish_time": 32456002,
    "limit_cost_by_ms": 5.957333564758301,
    "model_name": "yolov2",
    "recv_time": 32449497,
    "tag": "719",
    "total_cost_by_ms": 6.505000114440918,
    "wait_cost": 0.09299993515014648
}
