{
    "child_model_execute_cost_by_ms": [
        19.190000534057617
    ],
    "child_model_run_time": [
        [
            9916422,
            9935612
        ]
    ],
    "execute_cost": 19.190000534057617,
    "finish_time": 9935622,
    "limit_cost_by_ms": 18.84433364868164,
    "model_name": "resnet50",
    "recv_time": 9916268,
    "tag": "106",
    "total_cost_by_ms": 19.354000091552734,
    "wait_cost": 0.1639995574951172
}
