{
    "child_model_execute_cost_by_ms": [
        8.895999908447266
    ],
    "child_model_run_time": [
        [
            11334653,
            11343549
        ]
    ],
    "execute_cost": 8.895999908447266,
    "finish_time": 11343559,
    "limit_cost_by_ms": 7.378666877746582,
    "model_name": "squeezenetv1",
    "recv_time": 11297778,
    "tag": "174",
    "total_cost_by_ms": 45.78099822998047,
    "wait_cost": 36.8849983215332
}
