{
    "child_model_execute_cost_by_ms": [
        46.1349983215332
    ],
    "child_model_run_time": [
        [
            15754246,
            15800381
        ]
    ],
    "execute_cost": 46.1349983215332,
    "finish_time": 15800390,
    "limit_cost_by_ms": 47.301998138427734,
    "model_name": "vgg19",
    "recv_time": 15754169,
    "tag": "393",
    "total_cost_by_ms": 46.22100067138672,
    "wait_cost": 0.08600234985351563
}
