{
    "child_model_execute_cost_by_ms": [
        18.341999053955078
    ],
    "child_model_run_time": [
        [
            10521255,
            10539597
        ]
    ],
    "execute_cost": 18.341999053955078,
    "finish_time": 10539603,
    "limit_cost_by_ms": 8.803999900817871,
    "model_name": "googlenet",
    "recv_time": 10521248,
    "tag": "110",
    "total_cost_by_ms": 18.354999542236328,
    "wait_cost": 0.01300048828125
}
