{
    "child_model_execute_cost_by_ms": [
        9.451000213623047
    ],
    "child_model_run_time": [
        [
            15364025,
            15373476
        ]
    ],
    "execute_cost": 9.451000213623047,
    "finish_time": 15373481,
    "limit_cost_by_ms": 8.803999900817871,
    "model_name": "googlenet",
    "recv_time": 15364018,
    "tag": "343",
    "total_cost_by_ms": 9.463000297546387,
    "wait_cost": 0.012000083923339844
}
