{
    "child_model_execute_cost_by_ms": [
        16.277000427246094
    ],
    "child_model_run_time": [
        [
            17715583,
            17731860
        ]
    ],
    "execute_cost": 16.277000427246094,
    "finish_time": 17731866,
    "limit_cost_by_ms": 8.803999900817871,
    "model_name": "googlenet",
    "recv_time": 17715577,
    "tag": "459",
    "total_cost_by_ms": 16.288999557495117,
    "wait_cost": 0.011999130249023438
}
