{
    "child_model_execute_cost_by_ms": [
        74.08200073242188
    ],
    "child_model_run_time": [
        [
            18244681,
            18318763
        ]
    ],
    "execute_cost": 74.08200073242188,
    "finish_time": 18318770,
    "limit_cost_by_ms": 18.840333938598633,
    "model_name": "resnet50",
    "recv_time": 18244642,
    "tag": "487",
    "total_cost_by_ms": 74.12799835205078,
    "wait_cost": 0.04599761962890625
}
