{
    "child_model_execute_cost_by_ms": [
        19.785999298095703
    ],
    "child_model_run_time": [
        [
            27045426,
            27065212
        ]
    ],
    "execute_cost": 19.785999298095703,
    "finish_time": 27065218,
    "limit_cost_by_ms": 18.840333938598633,
    "model_name": "resnet50",
    "recv_time": 27045414,
    "tag": "910",
    "total_cost_by_ms": 19.804000854492188,
    "wait_cost": 0.018001556396484375
}
