{
    "child_model_execute_cost_by_ms": [
        10.755000114440918
    ],
    "child_model_run_time": [
        [
            15381938,
            15392693
        ]
    ],
    "execute_cost": 10.755000114440918,
    "finish_time": 15392702,
    "limit_cost_by_ms": 9.088333129882813,
    "model_name": "googlenet",
    "recv_time": 15367460,
    "tag": "335",
    "total_cost_by_ms": 25.242000579833984,
    "wait_cost": 14.487000465393066
}
