{
    "child_model_execute_cost_by_ms": [
        9.970000267028809
    ],
    "child_model_run_time": [
        [
            8788844,
            8798814
        ]
    ],
    "execute_cost": 9.970000267028809,
    "finish_time": 8798820,
    "limit_cost_by_ms": 9.088333129882813,
    "model_name": "googlenet",
    "recv_time": 8784604,
    "tag": "41",
    "total_cost_by_ms": 14.215999603271484,
    "wait_cost": 4.245999336242676
}
