{
    "child_model_execute_cost_by_ms": [
        43.21699905395508
    ],
    "child_model_run_time": [
        [
            8968535,
            9011752
        ]
    ],
    "execute_cost": 43.21699905395508,
    "finish_time": 9011757,
    "limit_cost_by_ms": 47.259334564208984,
    "model_name": "vgg19",
    "recv_time": 8968379,
    "tag": "49",
    "total_cost_by_ms": 43.37799835205078,
    "wait_cost": 0.16099929809570313
}
