{
    "child_model_execute_cost_by_ms": [
        9.593999862670898
    ],
    "child_model_run_time": [
        [
            21133178,
            21142772
        ]
    ],
    "execute_cost": 9.593999862670898,
    "finish_time": 21142779,
    "limit_cost_by_ms": 8.611332893371582,
    "model_name": "googlenet",
    "recv_time": 21133045,
    "tag": "581",
    "total_cost_by_ms": 9.734000205993652,
    "wait_cost": 0.1400003433227539
}
