{
    "child_model_execute_cost_by_ms": [
        7.942999839782715
    ],
    "child_model_run_time": [
        [
            26813576,
            26821519
        ]
    ],
    "execute_cost": 7.942999839782715,
    "finish_time": 26821533,
    "limit_cost_by_ms": 7.326000213623047,
    "model_name": "squeezenetv1",
    "recv_time": 26803658,
    "tag": "828",
    "total_cost_by_ms": 17.875,
    "wait_cost": 9.932000160217285
}
