{
    "child_model_execute_cost_by_ms": [
        10.130000114440918
    ],
    "child_model_run_time": [
        [
            28007993,
            28018123
        ]
    ],
    "execute_cost": 10.130000114440918,
    "finish_time": 28018134,
    "limit_cost_by_ms": 8.611332893371582,
    "model_name": "googlenet",
    "recv_time": 27992809,
    "tag": "879",
    "total_cost_by_ms": 25.325000762939453,
    "wait_cost": 15.195000648498535
}
