{
    "child_model_execute_cost_by_ms": [
        8.77400016784668
    ],
    "child_model_run_time": [
        [
            17039927,
            17048701
        ]
    ],
    "execute_cost": 8.77400016784668,
    "finish_time": 17048708,
    "limit_cost_by_ms": 7.193666458129883,
    "model_name": "squeezenetv1",
    "recv_time": 17019824,
    "tag": "394",
    "total_cost_by_ms": 28.884000778198242,
    "wait_cost": 20.110000610351563
}
