{
    "child_model_execute_cost_by_ms": [
        20.256999969482422
    ],
    "child_model_run_time": [
        [
            26776538,
            26796795
        ]
    ],
    "execute_cost": 20.256999969482422,
    "finish_time": 26796802,
    "limit_cost_by_ms": 19.08766746520996,
    "model_name": "resnet50",
    "recv_time": 26776434,
    "tag": "810",
    "total_cost_by_ms": 20.368000030517578,
    "wait_cost": 0.11100006103515625
}
