{
    "child_model_execute_cost_by_ms": [
        45.61600112915039
    ],
    "child_model_run_time": [
        [
            29290368,
            29335984
        ]
    ],
    "execute_cost": 45.61600112915039,
    "finish_time": 29335991,
    "limit_cost_by_ms": 47.21900177001953,
    "model_name": "vgg19",
    "recv_time": 29290203,
    "tag": "917",
    "total_cost_by_ms": 45.78799819946289,
    "wait_cost": 0.1719970703125
}
