{
    "child_model_execute_cost_by_ms": [
        20.909000396728516
    ],
    "child_model_run_time": [
        [
            8166538,
            8187447
        ]
    ],
    "execute_cost": 20.909000396728516,
    "finish_time": 8187453,
    "limit_cost_by_ms": 18.834667205810547,
    "model_name": "resnet50",
    "recv_time": 8139444,
    "tag": "12",
    "total_cost_by_ms": 48.00899887084961,
    "wait_cost": 27.099998474121094
}
