{
    "child_model_execute_cost_by_ms": [
        20.13800048828125
    ],
    "child_model_run_time": [
        [
            13821479,
            13841617
        ]
    ],
    "execute_cost": 20.13800048828125,
    "finish_time": 13841627,
    "limit_cost_by_ms": 18.834667205810547,
    "model_name": "resnet50",
    "recv_time": 13821313,
    "tag": "249",
    "total_cost_by_ms": 20.31399917602539,
    "wait_cost": 0.17599868774414063
}
