{
    "child_model_execute_cost_by_ms": [
        9.713000297546387
    ],
    "child_model_run_time": [
        [
            15884865,
            15894578
        ]
    ],
    "execute_cost": 9.713000297546387,
    "finish_time": 15894588,
    "limit_cost_by_ms": 8.772666931152344,
    "model_name": "googlenet",
    "recv_time": 15884853,
    "tag": "335",
    "total_cost_by_ms": 9.734999656677246,
    "wait_cost": 0.021999359130859375
}
