{
    "child_model_execute_cost_by_ms": [
        19.034000396728516
    ],
    "child_model_run_time": [
        [
            25445466,
            25464500
        ]
    ],
    "execute_cost": 19.034000396728516,
    "finish_time": 25464510,
    "limit_cost_by_ms": 18.834667205810547,
    "model_name": "resnet50",
    "recv_time": 25445362,
    "tag": "733",
    "total_cost_by_ms": 19.148000717163086,
    "wait_cost": 0.11400032043457031
}
