{
    "child_model_execute_cost_by_ms": [
        29.197999954223633
    ],
    "child_model_run_time": [
        [
            11986356,
            12015554
        ]
    ],
    "execute_cost": 29.197999954223633,
    "finish_time": 12015559,
    "limit_cost_by_ms": 8.828666687011719,
    "model_name": "googlenet",
    "recv_time": 11986346,
    "tag": "197",
    "total_cost_by_ms": 29.21299934387207,
    "wait_cost": 0.0149993896484375
}
