{
    "child_model_execute_cost_by_ms": [
        56.50699996948242
    ],
    "child_model_run_time": [
        [
            9121154,
            9177661
        ]
    ],
    "execute_cost": 56.50699996948242,
    "finish_time": 9177705,
    "limit_cost_by_ms": 45.51533508300781,
    "model_name": "vgg19",
    "recv_time": 9121139,
    "tag": "59",
    "total_cost_by_ms": 56.566001892089844,
    "wait_cost": 0.059001922607421875
}
