{
    "child_model_execute_cost_by_ms": [
        24.04599952697754
    ],
    "child_model_run_time": [
        [
            25131935,
            25155981
        ]
    ],
    "execute_cost": 24.04599952697754,
    "finish_time": 25155988,
    "limit_cost_by_ms": 8.828666687011719,
    "model_name": "googlenet",
    "recv_time": 25131840,
    "tag": "831",
    "total_cost_by_ms": 24.148000717163086,
    "wait_cost": 0.10200119018554688
}
