{
    "child_model_execute_cost_by_ms": [
        10.352999687194824
    ],
    "child_model_run_time": [
        [
            25816413,
            25826766
        ]
    ],
    "execute_cost": 10.352999687194824,
    "finish_time": 25826775,
    "limit_cost_by_ms": 8.828666687011719,
    "model_name": "googlenet",
    "recv_time": 25816392,
    "tag": "864",
    "total_cost_by_ms": 10.383000373840332,
    "wait_cost": 0.030000686645507813
}
