{
    "child_model_execute_cost_by_ms": [
        8.644000053405762
    ],
    "child_model_run_time": [
        [
            7756710,
            7765354
        ]
    ],
    "execute_cost": 8.644000053405762,
    "finish_time": 7765360,
    "limit_cost_by_ms": 7.0960001945495605,
    "model_name": "squeezenetv1",
    "recv_time": 7719184,
    "tag": "12",
    "total_cost_by_ms": 46.17599868774414,
    "wait_cost": 37.53199768066406
}
