{
    "child_model_execute_cost_by_ms": [
        10.300999641418457
    ],
    "child_model_run_time": [
        [
            10043081,
            10053382
        ]
    ],
    "execute_cost": 10.300999641418457,
    "finish_time": 10053387,
    "limit_cost_by_ms": 8.701000213623047,
    "model_name": "googlenet",
    "recv_time": 10036292,
    "tag": "119",
    "total_cost_by_ms": 17.094999313354492,
    "wait_cost": 6.793999671936035
}
