{
    "child_model_execute_cost_by_ms": [
        19.61199951171875
    ],
    "child_model_run_time": [
        [
            11213002,
            11232614
        ]
    ],
    "execute_cost": 19.61199951171875,
    "finish_time": 11232621,
    "limit_cost_by_ms": 18.065332412719727,
    "model_name": "resnet50",
    "recv_time": 11212877,
    "tag": "181",
    "total_cost_by_ms": 19.743999481201172,
    "wait_cost": 0.13199996948242188
}
