{
    "child_model_execute_cost_by_ms": [
        19.277999877929688
    ],
    "child_model_run_time": [
        [
            11442503,
            11461781
        ]
    ],
    "execute_cost": 19.277999877929688,
    "finish_time": 11461789,
    "limit_cost_by_ms": 18.694334030151367,
    "model_name": "resnet50",
    "recv_time": 11442391,
    "tag": "185",
    "total_cost_by_ms": 19.398000717163086,
    "wait_cost": 0.12000083923339844
}
