{
    "child_model_execute_cost_by_ms": [
        8.166999816894531
    ],
    "child_model_run_time": [
        [
            12138148,
            12146315
        ]
    ],
    "execute_cost": 8.166999816894531,
    "finish_time": 12146324,
    "limit_cost_by_ms": 7.0960001945495605,
    "model_name": "squeezenetv1",
    "recv_time": 12138011,
    "tag": "218",
    "total_cost_by_ms": 8.312999725341797,
    "wait_cost": 0.14599990844726563
}
