{
    "child_model_execute_cost_by_ms": [
        9.859999656677246
    ],
    "child_model_run_time": [
        [
            13350983,
            13360843
        ]
    ],
    "execute_cost": 9.859999656677246,
    "finish_time": 13360850,
    "limit_cost_by_ms": 8.468000411987305,
    "model_name": "googlenet",
    "recv_time": 13350804,
    "tag": "283",
    "total_cost_by_ms": 10.045999526977539,
    "wait_cost": 0.18599987030029297
}
