{
    "child_model_execute_cost_by_ms": [
        9.675000190734863
    ],
    "child_model_run_time": [
        [
            13517914,
            13527589
        ]
    ],
    "execute_cost": 9.675000190734863,
    "finish_time": 13527598,
    "limit_cost_by_ms": 8.468000411987305,
    "model_name": "googlenet",
    "recv_time": 13517810,
    "tag": "291",
    "total_cost_by_ms": 9.788000106811523,
    "wait_cost": 0.11299991607666016
}
