{
    "child_model_execute_cost_by_ms": [
        43.57500076293945
    ],
    "child_model_run_time": [
        [
            13711588,
            13755163
        ]
    ],
    "execute_cost": 43.57500076293945,
    "finish_time": 13755171,
    "limit_cost_by_ms": 44.54499816894531,
    "model_name": "vgg19",
    "recv_time": 13711415,
    "tag": "301",
    "total_cost_by_ms": 43.75600051879883,
    "wait_cost": 0.180999755859375
}
