{
    "child_model_execute_cost_by_ms": [
        8.187000274658203
    ],
    "child_model_run_time": [
        [
            16717399,
            16725586
        ]
    ],
    "execute_cost": 8.187000274658203,
    "finish_time": 16725593,
    "limit_cost_by_ms": 7.042333126068115,
    "model_name": "squeezenetv1",
    "recv_time": 16717278,
    "tag": "444",
    "total_cost_by_ms": 8.3149995803833,
    "wait_cost": 0.12799930572509766
}
