{
    "child_model_execute_cost_by_ms": [
        9.687999725341797
    ],
    "child_model_run_time": [
        [
            18153141,
            18162829
        ]
    ],
    "execute_cost": 9.687999725341797,
    "finish_time": 18162836,
    "limit_cost_by_ms": 8.468000411987305,
    "model_name": "googlenet",
    "recv_time": 18152976,
    "tag": "511",
    "total_cost_by_ms": 9.859999656677246,
    "wait_cost": 0.17199993133544922
}
