{
    "child_model_execute_cost_by_ms": [
        9.569000244140625
    ],
    "child_model_run_time": [
        [
            19643871,
            19653440
        ]
    ],
    "execute_cost": 9.569000244140625,
    "finish_time": 19653449,
    "limit_cost_by_ms": 8.468000411987305,
    "model_name": "googlenet",
    "recv_time": 19643707,
    "tag": "583",
    "total_cost_by_ms": 9.741999626159668,
    "wait_cost": 0.17299938201904297
}
