{
    "child_model_execute_cost_by_ms": [
        7.5879998207092285
    ],
    "child_model_run_time": [
        [
            20491678,
            20499266
        ]
    ],
    "execute_cost": 7.5879998207092285,
    "finish_time": 20499272,
    "limit_cost_by_ms": 7.0960001945495605,
    "model_name": "squeezenetv1",
    "recv_time": 20487656,
    "tag": "613",
    "total_cost_by_ms": 11.616000175476074,
    "wait_cost": 4.028000354766846
}
