{
    "child_model_execute_cost_by_ms": [
        43.69900131225586
    ],
    "child_model_run_time": [
        [
            8736122,
            8779821
        ]
    ],
    "execute_cost": 43.69900131225586,
    "finish_time": 8779826,
    "limit_cost_by_ms": 44.54499816894531,
    "model_name": "vgg19",
    "recv_time": 8732776,
    "tag": "63",
    "total_cost_by_ms": 47.04999923706055,
    "wait_cost": 3.3509979248046875
}
