{
    "child_model_execute_cost_by_ms": [
        10.1850004196167
    ],
    "child_model_run_time": [
        [
            22223216,
            22233401
        ]
    ],
    "execute_cost": 10.1850004196167,
    "finish_time": 22233408,
    "limit_cost_by_ms": 8.468000411987305,
    "model_name": "googlenet",
    "recv_time": 22223167,
    "tag": "703",
    "total_cost_by_ms": 10.241000175476074,
    "wait_cost": 0.055999755859375
}
