{
    "child_model_execute_cost_by_ms": [
        18.6560001373291
    ],
    "child_model_run_time": [
        [
            22834054,
            22852710
        ]
    ],
    "execute_cost": 18.6560001373291,
    "finish_time": 22852716,
    "limit_cost_by_ms": 18.065332412719727,
    "model_name": "resnet50",
    "recv_time": 22833920,
    "tag": "733",
    "total_cost_by_ms": 18.79599952697754,
    "wait_cost": 0.1399993896484375
}
