{
    "child_model_execute_cost_by_ms": [
        7.629000186920166
    ],
    "child_model_run_time": [
        [
            23839056,
            23846685
        ]
    ],
    "execute_cost": 7.629000186920166,
    "finish_time": 23846689,
    "limit_cost_by_ms": 7.0960001945495605,
    "model_name": "squeezenetv1",
    "recv_time": 23838934,
    "tag": "772",
    "total_cost_by_ms": 7.755000114440918,
    "wait_cost": 0.12599992752075195
}
