{
    "child_model_execute_cost_by_ms": [
        10.765999794006348
    ],
    "child_model_run_time": [
        [
            25134108,
            25144874
        ]
    ],
    "execute_cost": 10.765999794006348,
    "finish_time": 25144880,
    "limit_cost_by_ms": 8.701000213623047,
    "model_name": "googlenet",
    "recv_time": 25110165,
    "tag": "831",
    "total_cost_by_ms": 34.71500015258789,
    "wait_cost": 23.94900131225586
}
