{
    "child_model_execute_cost_by_ms": [
        8.625
    ],
    "child_model_run_time": [
        [
            9411247,
            9419872
        ]
    ],
    "execute_cost": 8.625,
    "finish_time": 9419878,
    "limit_cost_by_ms": 7.0960001945495605,
    "model_name": "squeezenetv1",
    "recv_time": 9392239,
    "tag": "88",
    "total_cost_by_ms": 27.638999938964844,
    "wait_cost": 19.013999938964844
}
