{
    "child_model_execute_cost_by_ms": [
        8.026000022888184
    ],
    "child_model_run_time": [
        [
            26248580,
            26256606
        ]
    ],
    "execute_cost": 8.026000022888184,
    "finish_time": 26256610,
    "limit_cost_by_ms": 7.0960001945495605,
    "model_name": "squeezenetv1",
    "recv_time": 26207033,
    "tag": "884",
    "total_cost_by_ms": 49.57699966430664,
    "wait_cost": 41.55099868774414
}
