{
    "child_model_execute_cost_by_ms": [
        9.880999565124512
    ],
    "child_model_run_time": [
        [
            28483966,
            28493847
        ]
    ],
    "execute_cost": 9.880999565124512,
    "finish_time": 28493853,
    "limit_cost_by_ms": 8.701000213623047,
    "model_name": "googlenet",
    "recv_time": 28483788,
    "tag": "991",
    "total_cost_by_ms": 10.0649995803833,
    "wait_cost": 0.18400001525878906
}
