{
    "child_model_execute_cost_by_ms": [
        9.902999877929688
    ],
    "child_model_run_time": [
        [
            10728979,
            10738882
        ]
    ],
    "execute_cost": 9.902999877929688,
    "finish_time": 10738894,
    "limit_cost_by_ms": 8.59766674041748,
    "model_name": "googlenet",
    "recv_time": 10712860,
    "tag": "149",
    "total_cost_by_ms": 26.034000396728516,
    "wait_cost": 16.131000518798828
}
