{
    "child_model_execute_cost_by_ms": [
        10.333000183105469
    ],
    "child_model_run_time": [
        [
            13704129,
            13714462
        ]
    ],
    "execute_cost": 10.333000183105469,
    "finish_time": 13714475,
    "limit_cost_by_ms": 8.59766674041748,
    "model_name": "googlenet",
    "recv_time": 13704033,
    "tag": "300",
    "total_cost_by_ms": 10.442000389099121,
    "wait_cost": 0.10900020599365234
}
