{
    "child_model_execute_cost_by_ms": [
        44.30400085449219
    ],
    "child_model_run_time": [
        [
            19293019,
            19337323
        ]
    ],
    "execute_cost": 44.30400085449219,
    "finish_time": 19337329,
    "limit_cost_by_ms": 47.198665618896484,
    "model_name": "vgg19",
    "recv_time": 19292801,
    "tag": "587",
    "total_cost_by_ms": 44.52799987792969,
    "wait_cost": 0.2239990234375
}
