{
    "child_model_execute_cost_by_ms": [
        15.595999717712402,
        9.352999687194824
    ],
    "child_model_run_time": [
        [
            11573672,
            11589268
        ],
        [
            11599592,
            11608945
        ]
    ],
    "execute_cost": 24.948999404907227,
    "finish_time": 11608954,
    "limit_cost_by_ms": 18.94499969482422,
    "model_name": "resnet50",
    "recv_time": 11565154,
    "tag": "149",
    "total_cost_by_ms": 43.79999923706055,
    "wait_cost": 18.85099983215332
}
