{
    "child_model_execute_cost_by_ms": [
        10.427000045776367
    ],
    "child_model_run_time": [
        [
            14022174,
            14032601
        ]
    ],
    "execute_cost": 10.427000045776367,
    "finish_time": 14032612,
    "limit_cost_by_ms": 8.950333595275879,
    "model_name": "googlenet",
    "recv_time": 14014263,
    "tag": "247",
    "total_cost_by_ms": 18.349000930786133,
    "wait_cost": 7.922000885009766
}
