{
    "child_model_execute_cost_by_ms": [
        10.343999862670898
    ],
    "child_model_run_time": [
        [
            15011911,
            15022255
        ]
    ],
    "execute_cost": 10.343999862670898,
    "finish_time": 15022267,
    "limit_cost_by_ms": 8.950333595275879,
    "model_name": "googlenet",
    "recv_time": 15001043,
    "tag": "286",
    "total_cost_by_ms": 21.224000930786133,
    "wait_cost": 10.880001068115234
}
