{
    "child_model_execute_cost_by_ms": [
        14.602999687194824,
        9.460000038146973
    ],
    "child_model_run_time": [
        [
            25942014,
            25956617
        ],
        [
            25967141,
            25976601
        ]
    ],
    "execute_cost": 24.062999725341797,
    "finish_time": 25976608,
    "limit_cost_by_ms": 18.94499969482422,
    "model_name": "resnet50",
    "recv_time": 25938343,
    "tag": "720",
    "total_cost_by_ms": 38.26499938964844,
    "wait_cost": 14.20199966430664
}
