{
    "child_model_execute_cost_by_ms": [
        8.729000091552734
    ],
    "child_model_run_time": [
        [
            31134537,
            31143266
        ]
    ],
    "execute_cost": 8.729000091552734,
    "finish_time": 31143274,
    "limit_cost_by_ms": 7.428333282470703,
    "model_name": "squeezenetv1",
    "recv_time": 31130118,
    "tag": "922",
    "total_cost_by_ms": 13.156000137329102,
    "wait_cost": 4.427000045776367
}
