{
    "child_model_execute_cost_by_ms": [
        10.538999557495117
    ],
    "child_model_run_time": [
        [
            10213914,
            10224453
        ]
    ],
    "execute_cost": 10.538999557495117,
    "finish_time": 10224464,
    "limit_cost_by_ms": 8.60966682434082,
    "model_name": "googlenet",
    "recv_time": 10182629,
    "tag": "102",
    "total_cost_by_ms": 41.834999084472656,
    "wait_cost": 31.29599952697754
}
