{
    "child_model_execute_cost_by_ms": [
        9.659000396728516
    ],
    "child_model_run_time": [
        [
            16183898,
            16193557
        ]
    ],
    "execute_cost": 9.659000396728516,
    "finish_time": 16193565,
    "limit_cost_by_ms": 8.60966682434082,
    "model_name": "googlenet",
    "recv_time": 16183748,
    "tag": "362",
    "total_cost_by_ms": 9.817000389099121,
    "wait_cost": 0.15799999237060547
}
