{
    "child_model_execute_cost_by_ms": [
        44.922000885009766
    ],
    "child_model_run_time": [
        [
            18149963,
            18194885
        ]
    ],
    "execute_cost": 44.922000885009766,
    "finish_time": 18194890,
    "limit_cost_by_ms": 47.27466583251953,
    "model_name": "vgg19",
    "recv_time": 18149799,
    "tag": "448",
    "total_cost_by_ms": 45.090999603271484,
    "wait_cost": 0.16899871826171875
}
