{
    "child_model_execute_cost_by_ms": [
        46.42499923706055
    ],
    "child_model_run_time": [
        [
            9237240,
            9283665
        ]
    ],
    "execute_cost": 46.42499923706055,
    "finish_time": 9283669,
    "limit_cost_by_ms": 47.27466583251953,
    "model_name": "vgg19",
    "recv_time": 9231297,
    "tag": "61",
    "total_cost_by_ms": 52.37200164794922,
    "wait_cost": 5.947002410888672
}
