{
    "child_model_execute_cost_by_ms": [
        8.482000350952148
    ],
    "child_model_run_time": [
        [
            22466426,
            22474908
        ]
    ],
    "execute_cost": 8.482000350952148,
    "finish_time": 22474913,
    "limit_cost_by_ms": 7.119999885559082,
    "model_name": "squeezenetv1",
    "recv_time": 22462080,
    "tag": "633",
    "total_cost_by_ms": 12.833000183105469,
    "wait_cost": 4.35099983215332
}
