{
    "child_model_execute_cost_by_ms": [
        44.35200119018555
    ],
    "child_model_run_time": [
        [
            23249660,
            23294012
        ]
    ],
    "execute_cost": 44.35200119018555,
    "finish_time": 23294018,
    "limit_cost_by_ms": 47.27466583251953,
    "model_name": "vgg19",
    "recv_time": 23249645,
    "tag": "667",
    "total_cost_by_ms": 44.37300109863281,
    "wait_cost": 0.020999908447265625
}
