{
    "child_model_execute_cost_by_ms": [
        8.142999649047852
    ],
    "child_model_run_time": [
        [
            9923589,
            9931732
        ]
    ],
    "execute_cost": 8.142999649047852,
    "finish_time": 9931738,
    "limit_cost_by_ms": 7.119999885559082,
    "model_name": "squeezenetv1",
    "recv_time": 9923477,
    "tag": "90",
    "total_cost_by_ms": 8.26099967956543,
    "wait_cost": 0.11800003051757813
}
