{
    "child_model_execute_cost_by_ms": [
        46.01300048828125
    ],
    "child_model_run_time": [
        [
            30363314,
            30409327
        ]
    ],
    "execute_cost": 46.01300048828125,
    "finish_time": 30409333,
    "limit_cost_by_ms": 47.27466583251953,
    "model_name": "vgg19",
    "recv_time": 30363306,
    "tag": "974",
    "total_cost_by_ms": 46.027000427246094,
    "wait_cost": 0.01399993896484375
}
