{
    "child_model_execute_cost_by_ms": [
        8.045000076293945
    ],
    "child_model_run_time": [
        [
            11603736,
            11611781
        ]
    ],
    "execute_cost": 8.045000076293945,
    "finish_time": 11611785,
    "limit_cost_by_ms": 7.085666656494141,
    "model_name": "squeezenetv1",
    "recv_time": 11603627,
    "tag": "160",
    "total_cost_by_ms": 8.157999992370605,
    "wait_cost": 0.11299991607666016
}
