{
    "child_model_execute_cost_by_ms": [
        10.263999938964844
    ],
    "child_model_run_time": [
        [
            12291649,
            12301913
        ]
    ],
    "execute_cost": 10.263999938964844,
    "finish_time": 12301917,
    "limit_cost_by_ms": 8.702666282653809,
    "model_name": "googlenet",
    "recv_time": 12291488,
    "tag": "193",
    "total_cost_by_ms": 10.428999900817871,
    "wait_cost": 0.16499996185302734
}
