{
    "child_model_execute_cost_by_ms": [
        44.084999084472656
    ],
    "child_model_run_time": [
        [
            12502614,
            12546699
        ]
    ],
    "execute_cost": 44.084999084472656,
    "finish_time": 12546701,
    "limit_cost_by_ms": 47.18166732788086,
    "model_name": "vgg19",
    "recv_time": 12502597,
    "tag": "198",
    "total_cost_by_ms": 44.104000091552734,
    "wait_cost": 0.019001007080078125
}
