{
    "child_model_execute_cost_by_ms": [
        35.83100128173828
    ],
    "child_model_run_time": [
        [
            17178294,
            17214125
        ]
    ],
    "execute_cost": 35.83100128173828,
    "finish_time": 17214130,
    "limit_cost_by_ms": 8.97266674041748,
    "model_name": "googlenet",
    "recv_time": 17178192,
    "tag": "396",
    "total_cost_by_ms": 35.9379997253418,
    "wait_cost": 0.10699844360351563
}
