{
    "child_model_execute_cost_by_ms": [
        44.474998474121094
    ],
    "child_model_run_time": [
        [
            17741903,
            17786378
        ]
    ],
    "execute_cost": 44.474998474121094,
    "finish_time": 17786381,
    "limit_cost_by_ms": 47.37333297729492,
    "model_name": "vgg19",
    "recv_time": 17741737,
    "tag": "423",
    "total_cost_by_ms": 44.64400100708008,
    "wait_cost": 0.16900253295898438
}
