{
    "child_model_execute_cost_by_ms": [
        43.88399887084961
    ],
    "child_model_run_time": [
        [
            19513885,
            19557769
        ]
    ],
    "execute_cost": 43.88399887084961,
    "finish_time": 19557772,
    "limit_cost_by_ms": 47.37333297729492,
    "model_name": "vgg19",
    "recv_time": 19513727,
    "tag": "497",
    "total_cost_by_ms": 44.04499816894531,
    "wait_cost": 0.16099929809570313
}
