{
    "child_model_execute_cost_by_ms": [
        18.04800033569336
    ],
    "child_model_run_time": [
        [
            21670984,
            21689032
        ]
    ],
    "execute_cost": 18.04800033569336,
    "finish_time": 21689037,
    "limit_cost_by_ms": 7.169000148773193,
    "model_name": "squeezenetv1",
    "recv_time": 21670878,
    "tag": "588",
    "total_cost_by_ms": 18.159000396728516,
    "wait_cost": 0.11100006103515625
}
