{
    "child_model_execute_cost_by_ms": [
        11.062999725341797
    ],
    "child_model_run_time": [
        [
            21820403,
            21831466
        ]
    ],
    "execute_cost": 11.062999725341797,
    "finish_time": 21831471,
    "limit_cost_by_ms": 8.702666282653809,
    "model_name": "googlenet",
    "recv_time": 21820230,
    "tag": "594",
    "total_cost_by_ms": 11.241000175476074,
    "wait_cost": 0.17800045013427734
}
