{
    "child_model_execute_cost_by_ms": [
        25.226999282836914
    ],
    "child_model_run_time": [
        [
            22023139,
            22048366
        ]
    ],
    "execute_cost": 25.226999282836914,
    "finish_time": 22048371,
    "limit_cost_by_ms": 8.702666282653809,
    "model_name": "googlenet",
    "recv_time": 22022979,
    "tag": "603",
    "total_cost_by_ms": 25.392000198364258,
    "wait_cost": 0.16500091552734375
}
