{
    "child_model_execute_cost_by_ms": [
        32.737998962402344
    ],
    "child_model_run_time": [
        [
            23659349,
            23692087
        ]
    ],
    "execute_cost": 32.737998962402344,
    "finish_time": 23692090,
    "limit_cost_by_ms": 18.900333404541016,
    "model_name": "resnet50",
    "recv_time": 23659242,
    "tag": "672",
    "total_cost_by_ms": 32.847999572753906,
    "wait_cost": 0.1100006103515625
}
