{
    "child_model_execute_cost_by_ms": [
        49.6349983215332
    ],
    "child_model_run_time": [
        [
            30318981,
            30368616
        ]
    ],
    "execute_cost": 49.6349983215332,
    "finish_time": 30368620,
    "limit_cost_by_ms": 7.169000148773193,
    "model_name": "squeezenetv1",
    "recv_time": 30318885,
    "tag": "953",
    "total_cost_by_ms": 49.73500061035156,
    "wait_cost": 0.10000228881835938
}
