{
    "child_model_execute_cost_by_ms": [
        66.53399658203125
    ],
    "child_model_run_time": [
        [
            30896339,
            30962873
        ]
    ],
    "execute_cost": 66.53399658203125,
    "finish_time": 30962877,
    "limit_cost_by_ms": 18.900333404541016,
    "model_name": "resnet50",
    "recv_time": 30896326,
    "tag": "977",
    "total_cost_by_ms": 66.5510025024414,
    "wait_cost": 0.01700592041015625
}
