{
    "child_model_execute_cost_by_ms": [
        48.82699966430664
    ],
    "child_model_run_time": [
        [
            10964058,
            11012885
        ]
    ],
    "execute_cost": 48.82699966430664,
    "finish_time": 11012889,
    "limit_cost_by_ms": 9.116999626159668,
    "model_name": "googlenet",
    "recv_time": 10964043,
    "tag": "115",
    "total_cost_by_ms": 48.84600067138672,
    "wait_cost": 0.019001007080078125
}
