{
    "child_model_execute_cost_by_ms": [
        69.13600158691406
    ],
    "child_model_run_time": [
        [
            13118389,
            13187525
        ]
    ],
    "execute_cost": 69.13600158691406,
    "finish_time": 13187532,
    "limit_cost_by_ms": 19.05933380126953,
    "model_name": "resnet50",
    "recv_time": 13118269,
    "tag": "197",
    "total_cost_by_ms": 69.26300048828125,
    "wait_cost": 0.1269989013671875
}
