{
    "child_model_execute_cost_by_ms": [
        74.00599670410156
    ],
    "child_model_run_time": [
        [
            24633304,
            24707310
        ]
    ],
    "execute_cost": 74.00599670410156,
    "finish_time": 24707313,
    "limit_cost_by_ms": 19.05933380126953,
    "model_name": "resnet50",
    "recv_time": 24605555,
    "tag": "637",
    "total_cost_by_ms": 101.75800323486328,
    "wait_cost": 27.75200653076172
}
