{
    "child_model_execute_cost_by_ms": [
        24.6299991607666
    ],
    "child_model_run_time": [
        [
            30941685,
            30966315
        ]
    ],
    "execute_cost": 24.6299991607666,
    "finish_time": 30966320,
    "limit_cost_by_ms": 7.4039998054504395,
    "model_name": "squeezenetv1",
    "recv_time": 30941592,
    "tag": "867",
    "total_cost_by_ms": 24.72800064086914,
    "wait_cost": 0.09800148010253906
}
