{
    "child_model_execute_cost_by_ms": [
        40.551998138427734
    ],
    "child_model_run_time": [
        [
            32145432,
            32185984
        ]
    ],
    "execute_cost": 40.551998138427734,
    "finish_time": 32185987,
    "limit_cost_by_ms": 19.05933380126953,
    "model_name": "resnet50",
    "recv_time": 32145420,
    "tag": "912",
    "total_cost_by_ms": 40.56700134277344,
    "wait_cost": 0.015003204345703125
}
