{
    "child_model_execute_cost_by_ms": [
        19.125
    ],
    "child_model_run_time": [
        [
            15038349,
            15057474
        ]
    ],
    "execute_cost": 19.125,
    "finish_time": 15057483,
    "limit_cost_by_ms": 18.981332778930664,
    "model_name": "resnet50",
    "recv_time": 15038175,
    "tag": "337",
    "total_cost_by_ms": 19.308000564575195,
    "wait_cost": 0.1830005645751953
}
