{
    "child_model_execute_cost_by_ms": [
        43.2140007019043
    ],
    "child_model_run_time": [
        [
            12172698,
            12215912
        ]
    ],
    "execute_cost": 43.2140007019043,
    "finish_time": 12215915,
    "limit_cost_by_ms": 46.060333251953125,
    "model_name": "vgg19",
    "recv_time": 12172578,
    "tag": "213",
    "total_cost_by_ms": 43.33700180053711,
    "wait_cost": 0.1230010986328125
}
