{
    "child_model_execute_cost_by_ms": [
        20.527000427246094
    ],
    "child_model_run_time": [
        [
            19577609,
            19598136
        ]
    ],
    "execute_cost": 20.527000427246094,
    "finish_time": 19598142,
    "limit_cost_by_ms": 18.607999801635742,
    "model_name": "resnet50",
    "recv_time": 19577545,
    "tag": "572",
    "total_cost_by_ms": 20.597000122070313,
    "wait_cost": 0.06999969482421875
}
