{
    "child_model_execute_cost_by_ms": [
        20.145000457763672
    ],
    "child_model_run_time": [
        [
            9030336,
            9050481
        ]
    ],
    "execute_cost": 20.145000457763672,
    "finish_time": 9050486,
    "limit_cost_by_ms": 8.612333297729492,
    "model_name": "googlenet",
    "recv_time": 9030320,
    "tag": "60",
    "total_cost_by_ms": 20.166000366210938,
    "wait_cost": 0.020999908447265625
}
