{
    "child_model_execute_cost_by_ms": [
        8.661999702453613
    ],
    "child_model_run_time": [
        [
            21463377,
            21472039
        ]
    ],
    "execute_cost": 8.661999702453613,
    "finish_time": 21472046,
    "limit_cost_by_ms": 7.185999870300293,
    "model_name": "squeezenetv1",
    "recv_time": 21463356,
    "tag": "663",
    "total_cost_by_ms": 8.6899995803833,
    "wait_cost": 0.0279998779296875
}
