{
    "child_model_execute_cost_by_ms": [
        19.22100067138672
    ],
    "child_model_run_time": [
        [
            13912662,
            13931883
        ]
    ],
    "execute_cost": 19.22100067138672,
    "finish_time": 13931894,
    "limit_cost_by_ms": 18.95133399963379,
    "model_name": "resnet50",
    "recv_time": 13912446,
    "tag": "337",
    "total_cost_by_ms": 19.447999954223633,
    "wait_cost": 0.22699928283691406
}
