{
    "child_model_execute_cost_by_ms": [
        7.797999858856201
    ],
    "child_model_run_time": [
        [
            16017498,
            16025296
        ]
    ],
    "execute_cost": 7.797999858856201,
    "finish_time": 16025300,
    "limit_cost_by_ms": 7.173333168029785,
    "model_name": "squeezenetv1",
    "recv_time": 16008111,
    "tag": "452",
    "total_cost_by_ms": 17.18899917602539,
    "wait_cost": 9.390998840332031
}
