{
    "child_model_execute_cost_by_ms": [
        20.69499969482422
    ],
    "child_model_run_time": [
        [
            9564908,
            9585603
        ]
    ],
    "execute_cost": 20.69499969482422,
    "finish_time": 9585610,
    "limit_cost_by_ms": 18.95133399963379,
    "model_name": "resnet50",
    "recv_time": 9528003,
    "tag": "95",
    "total_cost_by_ms": 57.606998443603516,
    "wait_cost": 36.9119987487793
}
