{
    "child_model_execute_cost_by_ms": [
        9.642999649047852
    ],
    "child_model_run_time": [
        [
            12130674,
            12140317
        ]
    ],
    "execute_cost": 9.642999649047852,
    "finish_time": 12140322,
    "limit_cost_by_ms": 8.75,
    "model_name": "googlenet",
    "recv_time": 12124513,
    "tag": "232",
    "total_cost_by_ms": 15.809000015258789,
    "wait_cost": 6.1660003662109375
}
