{
    "child_model_execute_cost_by_ms": [
        9.755000114440918
    ],
    "child_model_run_time": [
        [
            13212856,
            13222611
        ]
    ],
    "execute_cost": 9.755000114440918,
    "finish_time": 13222621,
    "limit_cost_by_ms": 8.75,
    "model_name": "googlenet",
    "recv_time": 13212688,
    "tag": "291",
    "total_cost_by_ms": 9.932999610900879,
    "wait_cost": 0.17799949645996094
}
