{
    "child_model_execute_cost_by_ms": [
        9.008000373840332
    ],
    "child_model_run_time": [
        [
            13572120,
            13581128
        ]
    ],
    "execute_cost": 9.008000373840332,
    "finish_time": 13581138,
    "limit_cost_by_ms": 7.335333347320557,
    "model_name": "squeezenetv1",
    "recv_time": 13559643,
    "tag": "311",
    "total_cost_by_ms": 21.4950008392334,
    "wait_cost": 12.487000465393066
}
