{
    "child_model_execute_cost_by_ms": [
        20.996999740600586
    ],
    "child_model_run_time": [
        [
            13782878,
            13803875
        ]
    ],
    "execute_cost": 20.996999740600586,
    "finish_time": 13803885,
    "limit_cost_by_ms": 19.071332931518555,
    "model_name": "resnet50",
    "recv_time": 13755899,
    "tag": "322",
    "total_cost_by_ms": 47.986000061035156,
    "wait_cost": 26.98900032043457
}
