{
    "child_model_execute_cost_by_ms": [
        7.656000137329102
    ],
    "child_model_run_time": [
        [
            24361279,
            24368935
        ]
    ],
    "execute_cost": 7.656000137329102,
    "finish_time": 24368941,
    "limit_cost_by_ms": 7.335333347320557,
    "model_name": "squeezenetv1",
    "recv_time": 24344861,
    "tag": "905",
    "total_cost_by_ms": 24.079999923706055,
    "wait_cost": 16.423999786376953
}
