{
    "child_model_execute_cost_by_ms": [
        9.779999732971191
    ],
    "child_model_run_time": [
        [
            10407783,
            10417563
        ]
    ],
    "execute_cost": 9.779999732971191,
    "finish_time": 10417571,
    "limit_cost_by_ms": 8.993332862854004,
    "model_name": "googlenet",
    "recv_time": 10407689,
    "tag": "103",
    "total_cost_by_ms": 9.881999969482422,
    "wait_cost": 0.10200023651123047
}
