{
    "child_model_execute_cost_by_ms": [
        49.65299987792969
    ],
    "child_model_run_time": [
        [
            8796773,
            8846426
        ]
    ],
    "execute_cost": 49.65299987792969,
    "finish_time": 8846430,
    "limit_cost_by_ms": 47.20766830444336,
    "model_name": "vgg19",
    "recv_time": 8796594,
    "tag": "19",
    "total_cost_by_ms": 49.83599853515625,
    "wait_cost": 0.1829986572265625
}
