{
    "child_model_execute_cost_by_ms": [
        19.224000930786133
    ],
    "child_model_run_time": [
        [
            12575942,
            12595166
        ]
    ],
    "execute_cost": 19.224000930786133,
    "finish_time": 12595174,
    "limit_cost_by_ms": 19.038000106811523,
    "model_name": "resnet50",
    "recv_time": 12575833,
    "tag": "221",
    "total_cost_by_ms": 19.340999603271484,
    "wait_cost": 0.11699867248535156
}
