{
    "child_model_execute_cost_by_ms": [
        62.904998779296875
    ],
    "child_model_run_time": [
        [
            14588118,
            14651023
        ]
    ],
    "execute_cost": 62.904998779296875,
    "finish_time": 14651029,
    "limit_cost_by_ms": 8.993332862854004,
    "model_name": "googlenet",
    "recv_time": 14584074,
    "tag": "332",
    "total_cost_by_ms": 66.95500183105469,
    "wait_cost": 4.0500030517578125
}
