{
    "child_model_execute_cost_by_ms": [
        9.850000381469727
    ],
    "child_model_run_time": [
        [
            24141907,
            24151757
        ]
    ],
    "execute_cost": 9.850000381469727,
    "finish_time": 24151760,
    "limit_cost_by_ms": 8.993332862854004,
    "model_name": "googlenet",
    "recv_time": 24141900,
    "tag": "847",
    "total_cost_by_ms": 9.859999656677246,
    "wait_cost": 0.009999275207519531
}
