kind, gpt128v2, yolov2, googlenet, resnet50, vgg19, total
DLIR, 3.0125744783888475, 2.5450897247441677, 2.3480639277131874, 2.205927896419918, 1.97688595454628, 2.4173692345341578
OYST, 3.0906577611759047, 2.602978764523807, 2.4548718094023876, 2.2521304300795038, 1.9761375441706415, 2.475004413536004
ClockWork, 3.8748371692527144, 4.028963820771263, 2.999748051827189, 1.846665497223396, 1.0725563868748735, 2.762371886866338
PREMA, 3.4311498292718197, 3.213908514273143, 2.465369033904266, 2.058761817922432, 1.1007882793097818, 2.4528403482399357
MPS, 5.6343495947249025, 4.069340930721893, 3.417288854726448, 2.0881136260907938, 1.087756591296021, 3.2573886922073827
