kind, gpt128v2, yolov2, googlenet, resnet50, vgg19, total
DLIR, 0.9960309002287474, 0.902169283332346, 0.9788694544412467, 0.7027952194216184, 0.4644032630059964, 0.902566144140411
OYST, 0.9386449786300843, 1.0119011946919694, 0.9503092506976548, 0.6641723715999376, 0.433986441292285, 0.9073134768673308
ClockWork, 2.1151760788788714, 2.861513931881876, 2.0382130312345206, 0.8951513196380552, 0.14135498354920137, 2.1965960049029984
PREMA, 1.8679955422791303, 2.0371745062092668, 1.6627913629143725, 1.1797100788348969, 0.19174518484119932, 1.7488782440537753
MPS, 3.8875680737578033, 3.107810582095768, 2.3262597638445857, 1.0849139454927528, 0.14995440046468547, 2.9543129608756242
