kind, gpt128v2, yolov2, googlenet, resnet50, vgg19, total
DLIR, 1.2610518945040596, 1.0439833796333633, 1.0627807967397949, 1.3427280595747955, 1.171429766929016, 1.0439833796333633
OYST, 1.5483317529295313, 1.0419808934064307, 1.0905104902565774, 1.4034565152918543, 1.137481757680876, 1.0419808934064307
ClockWork, 1.41655119743258, 1.057351040047159, 1.0848700240532152, 1.0, 1.0, 1.0
PREMA, 1.2131986298341222, 1.0730223408207353, 1.086959748541183, 1.0160470175407776, 1.0, 1.0
MPS, 1.4813521199052309, 1.0618903505514903, 1.0785288736689027, 1.0, 1.0, 1.0
