kind, gpt128v2, yolov2, googlenet, resnet50, vgg19, total
DLIR, 5.6791874737948005, 4.547883590953343, 5.956034974894149, 4.321285661298064, 2.9524615085632506, 5.956034974894149
OYST, 5.797235430891806, 4.758041271904904, 5.834720114174995, 4.222547061455877, 2.7903197176296106, 5.834720114174995
ClockWork, 11.00993222131292, 11.914389893269856, 11.156453817029318, 5.148211582622729, 2.00440012134094, 11.914389893269856
PREMA, 9.723793895670664, 9.17545681379436, 8.742436880176703, 5.483943841158304, 2.2547385182027475, 9.723793895670664
MPS, 18.42187050485686, 15.966531260741066, 11.276387824706068, 5.139698807258708, 1.7534524022237532, 18.42187050485686
