{
    "child_model_execute_cost_by_ms": [
        14.58899974822998,
        8.53600025177002
    ],
    "child_model_run_time": [
        [
            17146329,
            17160918
        ],
        [
            17161005,
            17169541
        ]
    ],
    "execute_cost": 23.125,
    "finish_time": 17169546,
    "limit_cost_by_ms": 18.729000091552734,
    "model_name": "resnet50",
    "recv_time": 17146315,
    "tag": "401",
    "total_cost_by_ms": 23.231000900268555,
    "wait_cost": 0.10600090026855469
}
