{
    "child_model_execute_cost_by_ms": [
        8.085000038146973
    ],
    "child_model_run_time": [
        [
            25965951,
            25974036
        ]
    ],
    "execute_cost": 8.085000038146973,
    "finish_time": 25974045,
    "limit_cost_by_ms": 7.175000190734863,
    "model_name": "squeezenetv1",
    "recv_time": 25965818,
    "tag": "786",
    "total_cost_by_ms": 8.22700023651123,
    "wait_cost": 0.1420001983642578
}
