{
    "child_model_execute_cost_by_ms": [
        10.61400032043457
    ],
    "child_model_run_time": [
        [
            12781374,
            12791988
        ]
    ],
    "execute_cost": 10.61400032043457,
    "finish_time": 12791996,
    "limit_cost_by_ms": 8.6676664352417,
    "model_name": "googlenet",
    "recv_time": 12781360,
    "tag": "235",
    "total_cost_by_ms": 10.63599967956543,
    "wait_cost": 0.021999359130859375
}
