{
    "child_model_execute_cost_by_ms": [
        19.80699920654297
    ],
    "child_model_run_time": [
        [
            18589439,
            18609246
        ]
    ],
    "execute_cost": 19.80699920654297,
    "finish_time": 18609253,
    "limit_cost_by_ms": 18.652000427246094,
    "model_name": "resnet50",
    "recv_time": 18589270,
    "tag": "540",
    "total_cost_by_ms": 19.982999801635742,
    "wait_cost": 0.17600059509277344
}
