{
    "child_model_execute_cost_by_ms": [
        18.611000061035156,
        16.767000198364258,
        20.121000289916992
    ],
    "child_model_run_time": [
        [
            12541271,
            12559882
        ],
        [
            12559998,
            12576765
        ],
        [
            12576802,
            12596923
        ]
    ],
    "execute_cost": 55.499000549316406,
    "finish_time": 12596928,
    "limit_cost_by_ms": 47.06666564941406,
    "model_name": "vgg19",
    "recv_time": 12541116,
    "tag": "176",
    "total_cost_by_ms": 55.8120002746582,
    "wait_cost": 0.3129997253417969
}
