{
    "child_model_execute_cost_by_ms": [
        11.161999702453613
    ],
    "child_model_run_time": [
        [
            7750348,
            7761510
        ]
    ],
    "execute_cost": 11.161999702453613,
    "finish_time": 7761516,
    "limit_cost_by_ms": 8.705666542053223,
    "model_name": "googlenet",
    "recv_time": 7750336,
    "tag": "3",
    "total_cost_by_ms": 11.180000305175781,
    "wait_cost": 0.01800060272216797
}
