{
    "child_model_execute_cost_by_ms": [
        17.885000228881836,
        17.20199966430664,
        20.41900062561035
    ],
    "child_model_run_time": [
        [
            27861468,
            27879353
        ],
        [
            27879454,
            27896656
        ],
        [
            27896742,
            27917161
        ]
    ],
    "execute_cost": 55.50599670410156,
    "finish_time": 27917167,
    "limit_cost_by_ms": 47.24833297729492,
    "model_name": "vgg19",
    "recv_time": 27855405,
    "tag": "754",
    "total_cost_by_ms": 61.762001037597656,
    "wait_cost": 6.256004333496094
}
