{
    "child_model_execute_cost_by_ms": [
        8.362000465393066
    ],
    "child_model_run_time": [
        [
            29107283,
            29115645
        ]
    ],
    "execute_cost": 8.362000465393066,
    "finish_time": 29115651,
    "limit_cost_by_ms": 7.340666770935059,
    "model_name": "squeezenetv1",
    "recv_time": 29104175,
    "tag": "800",
    "total_cost_by_ms": 11.47599983215332,
    "wait_cost": 3.113999366760254
}
