{
    "child_model_execute_cost_by_ms": [
        10.361000061035156
    ],
    "child_model_run_time": [
        [
            29615241,
            29625602
        ]
    ],
    "execute_cost": 10.361000061035156,
    "finish_time": 29625615,
    "limit_cost_by_ms": 8.705666542053223,
    "model_name": "googlenet",
    "recv_time": 29606731,
    "tag": "820",
    "total_cost_by_ms": 18.884000778198242,
    "wait_cost": 8.523000717163086
}
