{
    "child_model_execute_cost_by_ms": [
        8.053999900817871
    ],
    "child_model_run_time": [
        [
            31162809,
            31170863
        ]
    ],
    "execute_cost": 8.053999900817871,
    "finish_time": 31170867,
    "limit_cost_by_ms": 7.250666618347168,
    "model_name": "squeezenetv1",
    "recv_time": 31145909,
    "tag": "870",
    "total_cost_by_ms": 24.95800018310547,
    "wait_cost": 16.90399932861328
}
