{
    "child_model_execute_cost_by_ms": [
        19.01799964904785,
        17.69300079345703,
        20.27899932861328
    ],
    "child_model_run_time": [
        [
            32053071,
            32072089
        ],
        [
            32072187,
            32089880
        ],
        [
            32089970,
            32110249
        ]
    ],
    "execute_cost": 56.98999786376953,
    "finish_time": 32110255,
    "limit_cost_by_ms": 47.24833297729492,
    "model_name": "vgg19",
    "recv_time": 32052907,
    "tag": "912",
    "total_cost_by_ms": 57.347999572753906,
    "wait_cost": 0.358001708984375
}
