{
    "child_model_execute_cost_by_ms": [
        8.54699993133545
    ],
    "child_model_run_time": [
        [
            34360671,
            34369218
        ]
    ],
    "execute_cost": 8.54699993133545,
    "finish_time": 34369227,
    "limit_cost_by_ms": 7.250666618347168,
    "model_name": "squeezenetv1",
    "recv_time": 34356607,
    "tag": "991",
    "total_cost_by_ms": 12.619999885559082,
    "wait_cost": 4.072999954223633
}
