{
    "child_model_execute_cost_by_ms": [
        14.986000061035156,
        8.96500015258789
    ],
    "child_model_run_time": [
        [
            18038826,
            18053812
        ],
        [
            18053900,
            18062865
        ]
    ],
    "execute_cost": 23.951000213623047,
    "finish_time": 18062868,
    "limit_cost_by_ms": 19.04133415222168,
    "model_name": "resnet50",
    "recv_time": 18013427,
    "tag": "351",
    "total_cost_by_ms": 49.441001892089844,
    "wait_cost": 25.490001678466797
}
