{
    "child_model_execute_cost_by_ms": [
        8.307000160217285
    ],
    "child_model_run_time": [
        [
            36214080,
            36222387
        ]
    ],
    "execute_cost": 8.307000160217285,
    "finish_time": 36222398,
    "limit_cost_by_ms": 7.22866678237915,
    "model_name": "squeezenetv1",
    "recv_time": 36198700,
    "tag": "971",
    "total_cost_by_ms": 23.697999954223633,
    "wait_cost": 15.390999794006348
}
