{
    "child_model_execute_cost_by_ms": [
        8.465999603271484
    ],
    "child_model_run_time": [
        [
            37017104,
            37025570
        ]
    ],
    "execute_cost": 8.465999603271484,
    "finish_time": 37025584,
    "limit_cost_by_ms": 7.22866678237915,
    "model_name": "squeezenetv1",
    "recv_time": 37005042,
    "tag": "999",
    "total_cost_by_ms": 20.54199981689453,
    "wait_cost": 12.076000213623047
}
