{
    "child_model_execute_cost_by_ms": [
        18.361000061035156,
        17.354999542236328,
        20.520999908447266
    ],
    "child_model_run_time": [
        [
            25394237,
            25412598
        ],
        [
            25445699,
            25463054
        ],
        [
            25463086,
            25483607
        ]
    ],
    "execute_cost": 56.23699951171875,
    "finish_time": 25483612,
    "limit_cost_by_ms": 47.19033432006836,
    "model_name": "vgg19",
    "recv_time": 25385684,
    "tag": "834",
    "total_cost_by_ms": 97.9280014038086,
    "wait_cost": 41.691001892089844
}
