{
    "child_model_execute_cost_by_ms": [
        62.46799850463867
    ],
    "child_model_run_time": [
        [
            13092532,
            13155000
        ]
    ],
    "execute_cost": 62.46799850463867,
    "finish_time": 13155004,
    "limit_cost_by_ms": 46.797332763671875,
    "model_name": "vgg19",
    "recv_time": 13092515,
    "tag": "215",
    "total_cost_by_ms": 62.48899841308594,
    "wait_cost": 0.020999908447265625
}
