{
    "child_model_execute_cost_by_ms": [
        19.216999053955078
    ],
    "child_model_run_time": [
        [
            14497176,
            14516393
        ]
    ],
    "execute_cost": 19.216999053955078,
    "finish_time": 14516398,
    "limit_cost_by_ms": 8.795332908630371,
    "model_name": "googlenet",
    "recv_time": 14497056,
    "tag": "272",
    "total_cost_by_ms": 19.341999053955078,
    "wait_cost": 0.125
}
