{
    "child_model_execute_cost_by_ms": [
        18.72100067138672
    ],
    "child_model_run_time": [
        [
            21852624,
            21871345
        ]
    ],
    "execute_cost": 18.72100067138672,
    "finish_time": 21871351,
    "limit_cost_by_ms": 18.810667037963867,
    "model_name": "resnet50",
    "recv_time": 21852610,
    "tag": "572",
    "total_cost_by_ms": 18.740999221801758,
    "wait_cost": 0.019998550415039063
}
