{
    "child_model_execute_cost_by_ms": [
        44.051998138427734
    ],
    "child_model_run_time": [
        [
            24578233,
            24622285
        ]
    ],
    "execute_cost": 44.051998138427734,
    "finish_time": 24622288,
    "limit_cost_by_ms": 46.797332763671875,
    "model_name": "vgg19",
    "recv_time": 24578132,
    "tag": "686",
    "total_cost_by_ms": 44.15599822998047,
    "wait_cost": 0.10400009155273438
}
