{
    "child_model_execute_cost_by_ms": [
        44.23099899291992
    ],
    "child_model_run_time": [
        [
            30082426,
            30126657
        ]
    ],
    "execute_cost": 44.23099899291992,
    "finish_time": 30126661,
    "limit_cost_by_ms": 46.797332763671875,
    "model_name": "vgg19",
    "recv_time": 30082415,
    "tag": "913",
    "total_cost_by_ms": 44.24599838256836,
    "wait_cost": 0.0149993896484375
}
