{
    "child_model_execute_cost_by_ms": [
        9.369000434875488
    ],
    "child_model_run_time": [
        [
            13802471,
            13811840
        ]
    ],
    "execute_cost": 9.369000434875488,
    "finish_time": 13811846,
    "limit_cost_by_ms": 8.684333801269531,
    "model_name": "googlenet",
    "recv_time": 13802459,
    "tag": "267",
    "total_cost_by_ms": 9.38700008392334,
    "wait_cost": 0.017999649047851563
}
