{
    "child_model_execute_cost_by_ms": [
        10.166000366210938
    ],
    "child_model_run_time": [
        [
            21048102,
            21058268
        ]
    ],
    "execute_cost": 10.166000366210938,
    "finish_time": 21058275,
    "limit_cost_by_ms": 8.684333801269531,
    "model_name": "googlenet",
    "recv_time": 21047938,
    "tag": "599",
    "total_cost_by_ms": 10.336999893188477,
    "wait_cost": 0.17099952697753906
}
