{
    "child_model_execute_cost_by_ms": [
        8.479000091552734
    ],
    "child_model_run_time": [
        [
            9710104,
            9718583
        ]
    ],
    "execute_cost": 8.479000091552734,
    "finish_time": 9718589,
    "limit_cost_by_ms": 7.202333450317383,
    "model_name": "squeezenetv1",
    "recv_time": 9710046,
    "tag": "80",
    "total_cost_by_ms": 8.543000221252441,
    "wait_cost": 0.06400012969970703
}
