{
    "child_model_execute_cost_by_ms": [
        8.428000450134277
    ],
    "child_model_run_time": [
        [
            28725379,
            28733807
        ]
    ],
    "execute_cost": 8.428000450134277,
    "finish_time": 28733813,
    "limit_cost_by_ms": 7.202333450317383,
    "model_name": "squeezenetv1",
    "recv_time": 28725365,
    "tag": "950",
    "total_cost_by_ms": 8.447999954223633,
    "wait_cost": 0.01999950408935547
}
