{
    "child_model_execute_cost_by_ms": [
        20.881999969482422
    ],
    "child_model_run_time": [
        [
            9811194,
            9832076
        ]
    ],
    "execute_cost": 20.881999969482422,
    "finish_time": 9832079,
    "limit_cost_by_ms": 18.64266586303711,
    "model_name": "resnet50",
    "recv_time": 9811038,
    "tag": "105",
    "total_cost_by_ms": 21.041000366210938,
    "wait_cost": 0.15900039672851563
}
