{
    "child_model_execute_cost_by_ms": [
        42.9739990234375
    ],
    "child_model_run_time": [
        [
            12836895,
            12879869
        ]
    ],
    "execute_cost": 42.9739990234375,
    "finish_time": 12879877,
    "limit_cost_by_ms": 6.960999965667725,
    "model_name": "squeezenetv1",
    "recv_time": 12836794,
    "tag": "257",
    "total_cost_by_ms": 43.08300018310547,
    "wait_cost": 0.10900115966796875
}
