{
    "child_model_execute_cost_by_ms": [
        20.464000701904297
    ],
    "child_model_run_time": [
        [
            13853424,
            13873888
        ]
    ],
    "execute_cost": 20.464000701904297,
    "finish_time": 13873892,
    "limit_cost_by_ms": 18.64266586303711,
    "model_name": "resnet50",
    "recv_time": 13853336,
    "tag": "308",
    "total_cost_by_ms": 20.555999755859375,
    "wait_cost": 0.09199905395507813
}
