{
    "child_model_execute_cost_by_ms": [
        8.125
    ],
    "child_model_run_time": [
        [
            20177487,
            20185612
        ]
    ],
    "execute_cost": 8.125,
    "finish_time": 20185616,
    "limit_cost_by_ms": 7.245333194732666,
    "model_name": "squeezenetv1",
    "recv_time": 20177295,
    "tag": "517",
    "total_cost_by_ms": 8.321000099182129,
    "wait_cost": 0.1960000991821289
}
