{
    "child_model_execute_cost_by_ms": [
        68.21800231933594
    ],
    "child_model_run_time": [
        [
            20702353,
            20770571
        ]
    ],
    "execute_cost": 68.21800231933594,
    "finish_time": 20770578,
    "limit_cost_by_ms": 18.958999633789063,
    "model_name": "resnet50",
    "recv_time": 20702188,
    "tag": "539",
    "total_cost_by_ms": 68.38999938964844,
    "wait_cost": 0.1719970703125
}
