{
    "child_model_execute_cost_by_ms": [
        58.612998962402344
    ],
    "child_model_run_time": [
        [
            25962193,
            26020806
        ]
    ],
    "execute_cost": 58.612998962402344,
    "finish_time": 26020809,
    "limit_cost_by_ms": 8.841333389282227,
    "model_name": "googlenet",
    "recv_time": 25962124,
    "tag": "760",
    "total_cost_by_ms": 58.685001373291016,
    "wait_cost": 0.07200241088867188
}
