{
    "child_model_execute_cost_by_ms": [
        49.895999908447266
    ],
    "child_model_run_time": [
        [
            28335982,
            28385878
        ]
    ],
    "execute_cost": 49.895999908447266,
    "finish_time": 28385880,
    "limit_cost_by_ms": 47.28666687011719,
    "model_name": "vgg19",
    "recv_time": 28335836,
    "tag": "859",
    "total_cost_by_ms": 50.04399871826172,
    "wait_cost": 0.14799880981445313
}
