{
    "child_model_execute_cost_by_ms": [
        69.1729965209961
    ],
    "child_model_run_time": [
        [
            30355969,
            30425142
        ]
    ],
    "execute_cost": 69.1729965209961,
    "finish_time": 30425145,
    "limit_cost_by_ms": 18.958999633789063,
    "model_name": "resnet50",
    "recv_time": 30355807,
    "tag": "945",
    "total_cost_by_ms": 69.33799743652344,
    "wait_cost": 0.16500091552734375
}
