{
    "child_model_execute_cost_by_ms": [
        19.179000854492188
    ],
    "child_model_run_time": [
        [
            20104236,
            20123415
        ]
    ],
    "execute_cost": 19.179000854492188,
    "finish_time": 20123418,
    "limit_cost_by_ms": 19.094667434692383,
    "model_name": "resnet50",
    "recv_time": 20094179,
    "tag": "102",
    "total_cost_by_ms": 29.23900032043457,
    "wait_cost": 10.059999465942383
}
