{
    "child_model_execute_cost_by_ms": [
        6.3480000495910645
    ],
    "child_model_run_time": [
        [
            18490988,
            18497336
        ]
    ],
    "execute_cost": 6.3480000495910645,
    "finish_time": 18497341,
    "limit_cost_by_ms": 5.998000144958496,
    "model_name": "yolov2",
    "recv_time": 18490979,
    "tag": "21",
    "total_cost_by_ms": 6.361999988555908,
    "wait_cost": 0.01399993896484375
}
