{
    "child_model_execute_cost_by_ms": [
        10.019000053405762
    ],
    "child_model_run_time": [
        [
            22632115,
            22642134
        ]
    ],
    "execute_cost": 10.019000053405762,
    "finish_time": 22642139,
    "limit_cost_by_ms": 8.994000434875488,
    "model_name": "googlenet",
    "recv_time": 22632097,
    "tag": "228",
    "total_cost_by_ms": 10.041999816894531,
    "wait_cost": 0.02299976348876953
}
