{
    "child_model_execute_cost_by_ms": [
        45.834999084472656
    ],
    "child_model_run_time": [
        [
            23241102,
            23286937
        ]
    ],
    "execute_cost": 45.834999084472656,
    "finish_time": 23286944,
    "limit_cost_by_ms": 47.06833267211914,
    "model_name": "vgg19",
    "recv_time": 23241035,
    "tag": "259",
    "total_cost_by_ms": 45.909000396728516,
    "wait_cost": 0.07400131225585938
}
