{
    "child_model_execute_cost_by_ms": [
        7.206999778747559
    ],
    "child_model_run_time": [
        [
            25184668,
            25191875
        ]
    ],
    "execute_cost": 7.206999778747559,
    "finish_time": 25191886,
    "limit_cost_by_ms": 5.998000144958496,
    "model_name": "yolov2",
    "recv_time": 25181069,
    "tag": "357",
    "total_cost_by_ms": 10.817000389099121,
    "wait_cost": 3.6100006103515625
}
