{
    "child_model_execute_cost_by_ms": [
        6.52400016784668
    ],
    "child_model_run_time": [
        [
            28055334,
            28061858
        ]
    ],
    "execute_cost": 6.52400016784668,
    "finish_time": 28061863,
    "limit_cost_by_ms": 5.998000144958496,
    "model_name": "yolov2",
    "recv_time": 28047430,
    "tag": "501",
    "total_cost_by_ms": 14.432999610900879,
    "wait_cost": 7.908999443054199
}
