{
    "child_model_execute_cost_by_ms": [
        20.62700080871582
    ],
    "child_model_run_time": [
        [
            19153076,
            19173703
        ]
    ],
    "execute_cost": 20.62700080871582,
    "finish_time": 19173707,
    "limit_cost_by_ms": 19.094667434692383,
    "model_name": "resnet50",
    "recv_time": 19107562,
    "tag": "53",
    "total_cost_by_ms": 66.1449966430664,
    "wait_cost": 45.51799774169922
}
