{
    "child_model_execute_cost_by_ms": [
        7.875999927520752
    ],
    "child_model_run_time": [
        [
            29591967,
            29599843
        ]
    ],
    "execute_cost": 7.875999927520752,
    "finish_time": 29599853,
    "limit_cost_by_ms": 5.998000144958496,
    "model_name": "yolov2",
    "recv_time": 29591943,
    "tag": "577",
    "total_cost_by_ms": 7.909999847412109,
    "wait_cost": 0.03399991989135742
}
