{
    "child_model_execute_cost_by_ms": [
        6.7220001220703125
    ],
    "child_model_run_time": [
        [
            18215475,
            18222197
        ]
    ],
    "execute_cost": 6.7220001220703125,
    "finish_time": 18222204,
    "limit_cost_by_ms": 5.998000144958496,
    "model_name": "yolov2",
    "recv_time": 18191434,
    "tag": "7",
    "total_cost_by_ms": 30.770000457763672,
    "wait_cost": 24.04800033569336
}
