{
    "child_model_execute_cost_by_ms": [
        13.708999633789063
    ],
    "child_model_run_time": [
        [
            30192036,
            30205745
        ]
    ],
    "execute_cost": 13.708999633789063,
    "finish_time": 30205749,
    "limit_cost_by_ms": 6.954666614532471,
    "model_name": "gpt128v2",
    "recv_time": 30149062,
    "tag": "607",
    "total_cost_by_ms": 56.6870002746582,
    "wait_cost": 42.97800064086914
}
