{
    "child_model_execute_cost_by_ms": [
        6.776000022888184
    ],
    "child_model_run_time": [
        [
            32821668,
            32828444
        ]
    ],
    "execute_cost": 6.776000022888184,
    "finish_time": 32828449,
    "limit_cost_by_ms": 5.998000144958496,
    "model_name": "yolov2",
    "recv_time": 32821588,
    "tag": "738",
    "total_cost_by_ms": 6.861000061035156,
    "wait_cost": 0.08500003814697266
}
