{
    "child_model_execute_cost_by_ms": [
        11.602999687194824
    ],
    "child_model_run_time": [
        [
            34901068,
            34912671
        ]
    ],
    "execute_cost": 11.602999687194824,
    "finish_time": 34912680,
    "limit_cost_by_ms": 8.994000434875488,
    "model_name": "googlenet",
    "recv_time": 34901010,
    "tag": "842",
    "total_cost_by_ms": 11.670000076293945,
    "wait_cost": 0.0670003890991211
}
