{
    "child_model_execute_cost_by_ms": [
        10.013999938964844
    ],
    "child_model_run_time": [
        [
            19913564,
            19923578
        ]
    ],
    "execute_cost": 10.013999938964844,
    "finish_time": 19923582,
    "limit_cost_by_ms": 8.994000434875488,
    "model_name": "googlenet",
    "recv_time": 19895203,
    "tag": "92",
    "total_cost_by_ms": 28.378999710083008,
    "wait_cost": 18.364999771118164
}
