{
    "child_model_execute_cost_by_ms": [
        6.414999961853027
    ],
    "child_model_run_time": [
        [
            37921427,
            37927842
        ]
    ],
    "execute_cost": 6.414999961853027,
    "finish_time": 37927847,
    "limit_cost_by_ms": 5.998000144958496,
    "model_name": "yolov2",
    "recv_time": 37921380,
    "tag": "992",
    "total_cost_by_ms": 6.4670000076293945,
    "wait_cost": 0.05200004577636719
}
