{
    "child_model_execute_cost_by_ms": [
        7.664999961853027
    ],
    "child_model_run_time": [
        [
            12963309,
            12970974
        ]
    ],
    "execute_cost": 7.664999961853027,
    "finish_time": 12970981,
    "limit_cost_by_ms": 7.307333469390869,
    "model_name": "squeezenetv1",
    "recv_time": 12963298,
    "tag": "233",
    "total_cost_by_ms": 7.683000087738037,
    "wait_cost": 0.018000125885009766
}
