{
    "child_model_execute_cost_by_ms": [
        9.770000457763672
    ],
    "child_model_run_time": [
        [
            18742096,
            18751866
        ]
    ],
    "execute_cost": 9.770000457763672,
    "finish_time": 18751874,
    "limit_cost_by_ms": 8.84433364868164,
    "model_name": "googlenet",
    "recv_time": 18742082,
    "tag": "524",
    "total_cost_by_ms": 9.791999816894531,
    "wait_cost": 0.021999359130859375
}
