{
    "child_model_execute_cost_by_ms": [
        45.58100128173828
    ],
    "child_model_run_time": [
        [
            18948966,
            18994547
        ]
    ],
    "execute_cost": 45.58100128173828,
    "finish_time": 18994553,
    "limit_cost_by_ms": 47.28233337402344,
    "model_name": "vgg19",
    "recv_time": 18948949,
    "tag": "534",
    "total_cost_by_ms": 45.604000091552734,
    "wait_cost": 0.022998809814453125
}
