{
    "child_model_execute_cost_by_ms": [
        61.00199890136719
    ],
    "child_model_run_time": [
        [
            26759989,
            26820991
        ]
    ],
    "execute_cost": 61.00199890136719,
    "finish_time": 26820995,
    "limit_cost_by_ms": 47.28233337402344,
    "model_name": "vgg19",
    "recv_time": 26759880,
    "tag": "925",
    "total_cost_by_ms": 61.1150016784668,
    "wait_cost": 0.11300277709960938
}
