{
    "child_model_execute_cost_by_ms": [
        21.27899932861328
    ],
    "child_model_run_time": [
        [
            15258343,
            15279622
        ]
    ],
    "execute_cost": 21.27899932861328,
    "finish_time": 15279632,
    "limit_cost_by_ms": 18.93899917602539,
    "model_name": "resnet50",
    "recv_time": 15237296,
    "tag": "401",
    "total_cost_by_ms": 42.33599853515625,
    "wait_cost": 21.05699920654297
}
