{
    "child_model_execute_cost_by_ms": [
        20.812999725341797
    ],
    "child_model_run_time": [
        [
            16441600,
            16462413
        ]
    ],
    "execute_cost": 20.812999725341797,
    "finish_time": 16462421,
    "limit_cost_by_ms": 18.93899917602539,
    "model_name": "resnet50",
    "recv_time": 16421290,
    "tag": "465",
    "total_cost_by_ms": 41.13100051879883,
    "wait_cost": 20.31800079345703
}
