{
    "child_model_execute_cost_by_ms": [
        10.539999961853027
    ],
    "child_model_run_time": [
        [
            22695225,
            22705765
        ]
    ],
    "execute_cost": 10.539999961853027,
    "finish_time": 22705775,
    "limit_cost_by_ms": 8.856666564941406,
    "model_name": "googlenet",
    "recv_time": 22665968,
    "tag": "805",
    "total_cost_by_ms": 39.80699920654297,
    "wait_cost": 29.266998291015625
}
