{
    "child_model_execute_cost_by_ms": [
        9.934000015258789
    ],
    "child_model_run_time": [
        [
            8995184,
            9005118
        ]
    ],
    "execute_cost": 9.934000015258789,
    "finish_time": 9005126,
    "limit_cost_by_ms": 8.59766674041748,
    "model_name": "googlenet",
    "recv_time": 8989713,
    "tag": "59",
    "total_cost_by_ms": 15.413000106811523,
    "wait_cost": 5.479000091552734
}
