{
    "child_model_execute_cost_by_ms": [
        9.645999908447266
    ],
    "child_model_run_time": [
        [
            22025266,
            22034912
        ]
    ],
    "execute_cost": 9.645999908447266,
    "finish_time": 22034918,
    "limit_cost_by_ms": 8.59766674041748,
    "model_name": "googlenet",
    "recv_time": 22019006,
    "tag": "727",
    "total_cost_by_ms": 15.911999702453613,
    "wait_cost": 6.265999794006348
}
