{
    "child_model_execute_cost_by_ms": [
        45.36800003051758
    ],
    "child_model_run_time": [
        [
            24741437,
            24786805
        ]
    ],
    "execute_cost": 45.36800003051758,
    "finish_time": 24786810,
    "limit_cost_by_ms": 47.198665618896484,
    "model_name": "vgg19",
    "recv_time": 24723552,
    "tag": "867",
    "total_cost_by_ms": 63.257999420166016,
    "wait_cost": 17.889999389648438
}
