{
    "child_model_execute_cost_by_ms": [
        20.29800033569336
    ],
    "child_model_run_time": [
        [
            12450802,
            12471100
        ]
    ],
    "execute_cost": 20.29800033569336,
    "finish_time": 12471105,
    "limit_cost_by_ms": 18.922332763671875,
    "model_name": "resnet50",
    "recv_time": 12450697,
    "tag": "221",
    "total_cost_by_ms": 20.408000946044922,
    "wait_cost": 0.1100006103515625
}
