{
    "child_model_execute_cost_by_ms": [
        18.576000213623047
    ],
    "child_model_run_time": [
        [
            15342589,
            15361165
        ]
    ],
    "execute_cost": 18.576000213623047,
    "finish_time": 15361170,
    "limit_cost_by_ms": 18.922332763671875,
    "model_name": "resnet50",
    "recv_time": 15342490,
    "tag": "360",
    "total_cost_by_ms": 18.68000030517578,
    "wait_cost": 0.10400009155273438
}
