{
    "child_model_execute_cost_by_ms": [
        7.803999900817871
    ],
    "child_model_run_time": [
        [
            22969363,
            22977167
        ]
    ],
    "execute_cost": 7.803999900817871,
    "finish_time": 22977176,
    "limit_cost_by_ms": 7.314333438873291,
    "model_name": "squeezenetv1",
    "recv_time": 22969203,
    "tag": "720",
    "total_cost_by_ms": 7.9730000495910645,
    "wait_cost": 0.16900014877319336
}
