kind, gpt128v2, yolov2, googlenet, resnet50, vgg19, total
DLIR, 5.195840994625351, 4.542645612447743, 4.70750862965459, 4.049781567783745, 2.7031242489707528, 5.195840994625351
OYST, 5.235020157300483, 4.5489556045225, 5.753694587452089, 4.296518969285711, 2.7160511701857066, 5.753694587452089
ClockWork, 12.814804391897557, 12.48518689627974, 11.29129312536532, 3.995512428882259, 2.034508964199035, 12.814804391897557
PREMA, 9.425825925966707, 8.9230895121191, 8.489170385892882, 5.245380913669929, 2.4026957346557047, 9.425825925966707
MPS, 18.638869070285462, 13.747049570089885, 11.00143907881154, 6.157162336643699, 2.003202030274609, 18.638869070285462
