kind, gpt128v2, yolov2, googlenet, resnet50, vgg19, total
DLIR, 1.3072979187425045, 1.029747572821632, 1.0859407314860716, 1.414618723492667, 1.1667166399143578, 1.029747572821632
OYST, 1.2864276852550849, 1.0166787322562314, 1.0260536300069467, 1.2817201985750228, 1.1373664503673346, 1.0166787322562314
ClockWork, 1.3720996168129862, 1.0322903208166487, 1.0602006265709158, 1.0, 1.0, 1.0
PREMA, 1.251948171674779, 1.0304677111274647, 1.0993405152307179, 1.0, 1.0, 1.0
MPS, 1.1780919099434872, 1.0368039697489835, 1.0444116143696036, 1.0, 1.0, 1.0
