kind, gpt128v2, yolov2, googlenet, resnet50, vgg19, total
DLIR, 0.892913502800544, 0.9723091905964455, 0.8358403000478827, 0.5618041225851975, 0.412142996222725, 0.8425026781400775
OYST, 0.9199445570133837, 1.0156130275299546, 0.8390764691704559, 0.6126688398568078, 0.42876830724799525, 0.8885101618725302
ClockWork, 2.2435716052201595, 2.956251082421313, 1.59541610872654, 0.842297099326665, 0.17108609087352736, 2.1328398746827095
PREMA, 1.9052294120833224, 2.162533492823806, 1.441719157022472, 1.053241792109198, 0.22380522462284763, 1.7105153283551169
MPS, 3.749570866614254, 3.2787286180409203, 2.3066428980823623, 1.2155893070933619, 0.1646854497599545, 2.840644591590982
