kind, gpt128v2, yolov2, googlenet, resnet50, vgg19, total
DLIR, 2.8143915078793635, 2.305560125332278, 1.9036635520637295, 2.058605280290927, 1.8280471306699646, 2.1822840773968726
OYST, 2.8889844246975986, 2.3507428640684314, 1.8092988030160952, 2.1007425610902573, 1.7957398417164623, 2.188313457054162
ClockWork, 3.568839881536974, 3.8279503013923586, 2.115759513773232, 1.6343258650203705, 1.0907692322218538, 2.4455944447724445
PREMA, 3.3363429453770745, 2.894472160036978, 2.157920276135995, 1.759954144965432, 1.1093034152882928, 2.250022199560342
MPS, 4.905350195189367, 3.8741709337751233, 2.779659837662475, 2.090552987977296, 1.0891614704833676, 2.944964287810313
