{
    "child_model_execute_cost_by_ms": [
        44.61000061035156
    ],
    "child_model_run_time": [
        [
            10508779,
            10553389
        ]
    ],
    "execute_cost": 44.61000061035156,
    "finish_time": 10553396,
    "limit_cost_by_ms": 47.301998138427734,
    "model_name": "vgg19",
    "recv_time": 10508622,
    "tag": "113",
    "total_cost_by_ms": 44.77399826049805,
    "wait_cost": 0.16399765014648438
}
