{
    "child_model_execute_cost_by_ms": [
        20.988000869750977
    ],
    "child_model_run_time": [
        [
            11560938,
            11581926
        ]
    ],
    "execute_cost": 20.988000869750977,
    "finish_time": 11581932,
    "limit_cost_by_ms": 19.14033317565918,
    "model_name": "resnet50",
    "recv_time": 11527398,
    "tag": "158",
    "total_cost_by_ms": 54.534000396728516,
    "wait_cost": 33.545997619628906
}
