{
    "child_model_execute_cost_by_ms": [
        10.02299976348877
    ],
    "child_model_run_time": [
        [
            14752058,
            14762081
        ]
    ],
    "execute_cost": 10.02299976348877,
    "finish_time": 14762087,
    "limit_cost_by_ms": 9.013667106628418,
    "model_name": "googlenet",
    "recv_time": 14751905,
    "tag": "296",
    "total_cost_by_ms": 10.182000160217285,
    "wait_cost": 0.15900039672851563
}
