{
    "child_model_execute_cost_by_ms": [
        48.459999084472656
    ],
    "child_model_run_time": [
        [
            18824197,
            18872657
        ]
    ],
    "execute_cost": 48.459999084472656,
    "finish_time": 18872665,
    "limit_cost_by_ms": 46.41133499145508,
    "model_name": "vgg19",
    "recv_time": 18824184,
    "tag": "512",
    "total_cost_by_ms": 48.48099899291992,
    "wait_cost": 0.020999908447265625
}
