{
    "child_model_execute_cost_by_ms": [
        24.100000381469727
    ],
    "child_model_run_time": [
        [
            28630812,
            28654912
        ]
    ],
    "execute_cost": 24.100000381469727,
    "finish_time": 28654918,
    "limit_cost_by_ms": 8.803999900817871,
    "model_name": "googlenet",
    "recv_time": 28630801,
    "tag": "986",
    "total_cost_by_ms": 24.117000579833984,
    "wait_cost": 0.017000198364257813
}
