{
    "child_model_execute_cost_by_ms": [
        9.916000366210938
    ],
    "child_model_run_time": [
        [
            11498296,
            11508212
        ]
    ],
    "execute_cost": 9.916000366210938,
    "finish_time": 11508217,
    "limit_cost_by_ms": 7.335333347320557,
    "model_name": "squeezenetv1",
    "recv_time": 11498284,
    "tag": "160",
    "total_cost_by_ms": 9.932999610900879,
    "wait_cost": 0.016999244689941406
}
