{
    "child_model_execute_cost_by_ms": [
        52.58000183105469
    ],
    "child_model_run_time": [
        [
            14893304,
            14945884
        ]
    ],
    "execute_cost": 52.58000183105469,
    "finish_time": 14945890,
    "limit_cost_by_ms": 8.704333305358887,
    "model_name": "googlenet",
    "recv_time": 14893211,
    "tag": "333",
    "total_cost_by_ms": 52.67900085449219,
    "wait_cost": 0.0989990234375
}
