{
    "child_model_execute_cost_by_ms": [
        59.29999923706055
    ],
    "child_model_run_time": [
        [
            8964692,
            9023992
        ]
    ],
    "execute_cost": 59.29999923706055,
    "finish_time": 9023999,
    "limit_cost_by_ms": 8.704333305358887,
    "model_name": "googlenet",
    "recv_time": 8964675,
    "tag": "36",
    "total_cost_by_ms": 59.32400131225586,
    "wait_cost": 0.0240020751953125
}
