{
    "child_model_execute_cost_by_ms": [
        10.430000305175781
    ],
    "child_model_run_time": [
        [
            20427863,
            20438293
        ]
    ],
    "execute_cost": 10.430000305175781,
    "finish_time": 20438300,
    "limit_cost_by_ms": 8.693333625793457,
    "model_name": "googlenet",
    "recv_time": 20425643,
    "tag": "462",
    "total_cost_by_ms": 12.656999588012695,
    "wait_cost": 2.226999282836914
}
