{
    "child_model_execute_cost_by_ms": [
        8.177000045776367
    ],
    "child_model_run_time": [
        [
            34941497,
            34949674
        ]
    ],
    "execute_cost": 8.177000045776367,
    "finish_time": 34949682,
    "limit_cost_by_ms": 7.216333389282227,
    "model_name": "squeezenetv1",
    "recv_time": 34941398,
    "tag": "989",
    "total_cost_by_ms": 8.284000396728516,
    "wait_cost": 0.10700035095214844
}
