{
    "child_model_execute_cost_by_ms": [
        8.395000457763672
    ],
    "child_model_run_time": [
        [
            15633993,
            15642388
        ]
    ],
    "execute_cost": 8.395000457763672,
    "finish_time": 15642398,
    "limit_cost_by_ms": 7.193666458129883,
    "model_name": "squeezenetv1",
    "recv_time": 15633841,
    "tag": "333",
    "total_cost_by_ms": 8.557000160217285,
    "wait_cost": 0.16199970245361328
}
