{
    "child_model_execute_cost_by_ms": [
        19.61400032043457
    ],
    "child_model_run_time": [
        [
            15698451,
            15718065
        ]
    ],
    "execute_cost": 19.61400032043457,
    "finish_time": 15718070,
    "limit_cost_by_ms": 19.08766746520996,
    "model_name": "resnet50",
    "recv_time": 15698286,
    "tag": "336",
    "total_cost_by_ms": 19.784000396728516,
    "wait_cost": 0.1700000762939453
}
