{
    "child_model_execute_cost_by_ms": [
        10.404999732971191
    ],
    "child_model_run_time": [
        [
            20048516,
            20058921
        ]
    ],
    "execute_cost": 10.404999732971191,
    "finish_time": 20058933,
    "limit_cost_by_ms": 8.855999946594238,
    "model_name": "googlenet",
    "recv_time": 20048499,
    "tag": "523",
    "total_cost_by_ms": 10.434000015258789,
    "wait_cost": 0.029000282287597656
}
