{
    "child_model_execute_cost_by_ms": [
        19.628000259399414
    ],
    "child_model_run_time": [
        [
            23153263,
            23172891
        ]
    ],
    "execute_cost": 19.628000259399414,
    "finish_time": 23172900,
    "limit_cost_by_ms": 19.08766746520996,
    "model_name": "resnet50",
    "recv_time": 23153162,
    "tag": "656",
    "total_cost_by_ms": 19.738000869750977,
    "wait_cost": 0.1100006103515625
}
