{
    "child_model_execute_cost_by_ms": [
        46.279998779296875
    ],
    "child_model_run_time": [
        [
            24492297,
            24538577
        ]
    ],
    "execute_cost": 46.279998779296875,
    "finish_time": 24538586,
    "limit_cost_by_ms": 47.21900177001953,
    "model_name": "vgg19",
    "recv_time": 24472909,
    "tag": "714",
    "total_cost_by_ms": 65.677001953125,
    "wait_cost": 19.397003173828125
}
