{
    "child_model_execute_cost_by_ms": [
        45.36000061035156
    ],
    "child_model_run_time": [
        [
            30029293,
            30074653
        ]
    ],
    "execute_cost": 45.36000061035156,
    "finish_time": 30074660,
    "limit_cost_by_ms": 47.21900177001953,
    "model_name": "vgg19",
    "recv_time": 30029207,
    "tag": "949",
    "total_cost_by_ms": 45.452999114990234,
    "wait_cost": 0.09299850463867188
}
