{
    "child_model_execute_cost_by_ms": [
        44.7130012512207
    ],
    "child_model_run_time": [
        [
            29895385,
            29940098
        ]
    ],
    "execute_cost": 44.7130012512207,
    "finish_time": 29940104,
    "limit_cost_by_ms": 46.981998443603516,
    "model_name": "vgg19",
    "recv_time": 29895371,
    "tag": "886",
    "total_cost_by_ms": 44.733001708984375,
    "wait_cost": 0.020000457763671875
}
