{
    "child_model_execute_cost_by_ms": [
        10.008000373840332
    ],
    "child_model_run_time": [
        [
            30590810,
            30600818
        ]
    ],
    "execute_cost": 10.008000373840332,
    "finish_time": 30600826,
    "limit_cost_by_ms": 8.84000015258789,
    "model_name": "googlenet",
    "recv_time": 30590796,
    "tag": "914",
    "total_cost_by_ms": 10.029999732971191,
    "wait_cost": 0.021999359130859375
}
