{
    "child_model_execute_cost_by_ms": [
        53.84600067138672
    ],
    "child_model_run_time": [
        [
            23644197,
            23698043
        ]
    ],
    "execute_cost": 53.84600067138672,
    "finish_time": 23698048,
    "limit_cost_by_ms": 44.468666076660156,
    "model_name": "vgg19",
    "recv_time": 23644186,
    "tag": "676",
    "total_cost_by_ms": 53.86199951171875,
    "wait_cost": 0.01599884033203125
}
