{
    "child_model_execute_cost_by_ms": [
        42.01900100708008
    ],
    "child_model_run_time": [
        [
            24588843,
            24630862
        ]
    ],
    "execute_cost": 42.01900100708008,
    "finish_time": 24630869,
    "limit_cost_by_ms": 7.201333522796631,
    "model_name": "squeezenetv1",
    "recv_time": 24588831,
    "tag": "717",
    "total_cost_by_ms": 42.03799819946289,
    "wait_cost": 0.0189971923828125
}
