{
    "child_model_execute_cost_by_ms": [
        68.45800018310547
    ],
    "child_model_run_time": [
        [
            24767157,
            24835615
        ]
    ],
    "execute_cost": 68.45800018310547,
    "finish_time": 24835619,
    "limit_cost_by_ms": 7.201333522796631,
    "model_name": "squeezenetv1",
    "recv_time": 24767093,
    "tag": "724",
    "total_cost_by_ms": 68.5260009765625,
    "wait_cost": 0.06800079345703125
}
