{
    "child_model_execute_cost_by_ms": [
        24.900999069213867
    ],
    "child_model_run_time": [
        [
            30425091,
            30449992
        ]
    ],
    "execute_cost": 24.900999069213867,
    "finish_time": 30449996,
    "limit_cost_by_ms": 7.201333522796631,
    "model_name": "squeezenetv1",
    "recv_time": 30425081,
    "tag": "978",
    "total_cost_by_ms": 24.915000915527344,
    "wait_cost": 0.014001846313476563
}
