{
    "child_model_execute_cost_by_ms": [
        40.1619987487793
    ],
    "child_model_run_time": [
        [
            13876306,
            13916468
        ]
    ],
    "execute_cost": 40.1619987487793,
    "finish_time": 13916474,
    "limit_cost_by_ms": 7.327333450317383,
    "model_name": "squeezenetv1",
    "recv_time": 13876296,
    "tag": "229",
    "total_cost_by_ms": 40.178001403808594,
    "wait_cost": 0.016002655029296875
}
