{
    "child_model_execute_cost_by_ms": [
        44.944000244140625
    ],
    "child_model_run_time": [
        [
            14757157,
            14802101
        ]
    ],
    "execute_cost": 44.944000244140625,
    "finish_time": 14802107,
    "limit_cost_by_ms": 47.198665618896484,
    "model_name": "vgg19",
    "recv_time": 14757113,
    "tag": "263",
    "total_cost_by_ms": 44.99399948120117,
    "wait_cost": 0.049999237060546875
}
