{
    "child_model_execute_cost_by_ms": [
        45.57899856567383
    ],
    "child_model_run_time": [
        [
            16237800,
            16283379
        ]
    ],
    "execute_cost": 45.57899856567383,
    "finish_time": 16283385,
    "limit_cost_by_ms": 47.198665618896484,
    "model_name": "vgg19",
    "recv_time": 16237756,
    "tag": "321",
    "total_cost_by_ms": 45.62900161743164,
    "wait_cost": 0.0500030517578125
}
