{
    "child_model_execute_cost_by_ms": [
        21.378999710083008
    ],
    "child_model_run_time": [
        [
            17121053,
            17142432
        ]
    ],
    "execute_cost": 21.378999710083008,
    "finish_time": 17142438,
    "limit_cost_by_ms": 9.050666809082031,
    "model_name": "googlenet",
    "recv_time": 17121046,
    "tag": "357",
    "total_cost_by_ms": 21.392000198364258,
    "wait_cost": 0.01300048828125
}
