{
    "child_model_execute_cost_by_ms": [
        16.41200065612793
    ],
    "child_model_run_time": [
        [
            19634262,
            19650674
        ]
    ],
    "execute_cost": 16.41200065612793,
    "finish_time": 19650676,
    "limit_cost_by_ms": 9.050666809082031,
    "model_name": "googlenet",
    "recv_time": 19634255,
    "tag": "458",
    "total_cost_by_ms": 16.42099952697754,
    "wait_cost": 0.008998870849609375
}
