{
    "child_model_execute_cost_by_ms": [
        50.52799987792969
    ],
    "child_model_run_time": [
        [
            20758374,
            20808902
        ]
    ],
    "execute_cost": 50.52799987792969,
    "finish_time": 20808908,
    "limit_cost_by_ms": 19.10533332824707,
    "model_name": "resnet50",
    "recv_time": 20758341,
    "tag": "503",
    "total_cost_by_ms": 50.56700134277344,
    "wait_cost": 0.03900146484375
}
