{
    "child_model_execute_cost_by_ms": [
        13.385000228881836
    ],
    "child_model_run_time": [
        [
            23302673,
            23316058
        ]
    ],
    "execute_cost": 13.385000228881836,
    "finish_time": 23316061,
    "limit_cost_by_ms": 9.050666809082031,
    "model_name": "googlenet",
    "recv_time": 23302660,
    "tag": "602",
    "total_cost_by_ms": 13.401000022888184,
    "wait_cost": 0.015999794006347656
}
