{
    "child_model_execute_cost_by_ms": [
        15.336999893188477
    ],
    "child_model_run_time": [
        [
            24370837,
            24386174
        ]
    ],
    "execute_cost": 15.336999893188477,
    "finish_time": 24386177,
    "limit_cost_by_ms": 9.050666809082031,
    "model_name": "googlenet",
    "recv_time": 24370822,
    "tag": "644",
    "total_cost_by_ms": 15.354999542236328,
    "wait_cost": 0.017999649047851563
}
