{
    "child_model_execute_cost_by_ms": [
        8.331000328063965
    ],
    "child_model_run_time": [
        [
            10207556,
            10215887
        ]
    ],
    "execute_cost": 8.331000328063965,
    "finish_time": 10215893,
    "limit_cost_by_ms": 7.327333450317383,
    "model_name": "squeezenetv1",
    "recv_time": 10207549,
    "tag": "80",
    "total_cost_by_ms": 8.343999862670898,
    "wait_cost": 0.012999534606933594
}
