{
    "child_model_execute_cost_by_ms": [
        10.23799991607666
    ],
    "child_model_run_time": [
        [
            21590341,
            21600579
        ]
    ],
    "execute_cost": 10.23799991607666,
    "finish_time": 21600589,
    "limit_cost_by_ms": 8.854666709899902,
    "model_name": "googlenet",
    "recv_time": 21579431,
    "tag": "182",
    "total_cost_by_ms": 21.158000946044922,
    "wait_cost": 10.920001029968262
}
