{
    "child_model_execute_cost_by_ms": [
        12.3149995803833
    ],
    "child_model_run_time": [
        [
            23053983,
            23066298
        ]
    ],
    "execute_cost": 12.3149995803833,
    "finish_time": 23066308,
    "limit_cost_by_ms": 8.854666709899902,
    "model_name": "googlenet",
    "recv_time": 23025353,
    "tag": "257",
    "total_cost_by_ms": 40.95500183105469,
    "wait_cost": 28.640003204345703
}
