{
    "child_model_execute_cost_by_ms": [
        6.5269999504089355
    ],
    "child_model_run_time": [
        [
            18576666,
            18583193
        ]
    ],
    "execute_cost": 6.5269999504089355,
    "finish_time": 18583197,
    "limit_cost_by_ms": 6.090666770935059,
    "model_name": "yolov2",
    "recv_time": 18576647,
    "tag": "31",
    "total_cost_by_ms": 6.550000190734863,
    "wait_cost": 0.023000240325927734
}
