{
    "child_model_execute_cost_by_ms": [
        13.982999801635742
    ],
    "child_model_run_time": [
        [
            26343174,
            26357157
        ]
    ],
    "execute_cost": 13.982999801635742,
    "finish_time": 26357166,
    "limit_cost_by_ms": 7.012666702270508,
    "model_name": "gpt128v2",
    "recv_time": 26331139,
    "tag": "421",
    "total_cost_by_ms": 26.027000427246094,
    "wait_cost": 12.044000625610352
}
