{
    "child_model_execute_cost_by_ms": [
        19.834999084472656
    ],
    "child_model_run_time": [
        [
            30986387,
            31006222
        ]
    ],
    "execute_cost": 19.834999084472656,
    "finish_time": 31006230,
    "limit_cost_by_ms": 18.60966682434082,
    "model_name": "resnet50",
    "recv_time": 30983561,
    "tag": "654",
    "total_cost_by_ms": 22.66900062561035,
    "wait_cost": 2.8340015411376953
}
