{
    "child_model_execute_cost_by_ms": [
        12.895999908447266
    ],
    "child_model_run_time": [
        [
            31173419,
            31186315
        ]
    ],
    "execute_cost": 12.895999908447266,
    "finish_time": 31186320,
    "limit_cost_by_ms": 8.854666709899902,
    "model_name": "googlenet",
    "recv_time": 31170255,
    "tag": "663",
    "total_cost_by_ms": 16.065000534057617,
    "wait_cost": 3.1690006256103516
}
