{
    "child_model_execute_cost_by_ms": [
        47.52799987792969
    ],
    "child_model_run_time": [
        [
            32189397,
            32236925
        ]
    ],
    "execute_cost": 47.52799987792969,
    "finish_time": 32236929,
    "limit_cost_by_ms": 46.52799987792969,
    "model_name": "vgg19",
    "recv_time": 32176537,
    "tag": "715",
    "total_cost_by_ms": 60.391998291015625,
    "wait_cost": 12.863998413085938
}
