{
    "child_model_execute_cost_by_ms": [
        13.685999870300293
    ],
    "child_model_run_time": [
        [
            35191238,
            35204924
        ]
    ],
    "execute_cost": 13.685999870300293,
    "finish_time": 35204929,
    "limit_cost_by_ms": 7.012666702270508,
    "model_name": "gpt128v2",
    "recv_time": 35167777,
    "tag": "864",
    "total_cost_by_ms": 37.152000427246094,
    "wait_cost": 23.465999603271484
}
