{
    "child_model_execute_cost_by_ms": [
        13.855999946594238
    ],
    "child_model_run_time": [
        [
            19754210,
            19768066
        ]
    ],
    "execute_cost": 13.855999946594238,
    "finish_time": 19768076,
    "limit_cost_by_ms": 7.012666702270508,
    "model_name": "gpt128v2",
    "recv_time": 19745319,
    "tag": "91",
    "total_cost_by_ms": 22.756999969482422,
    "wait_cost": 8.901000022888184
}
