{
    "child_model_execute_cost_by_ms": [
        7.289999961853027
    ],
    "child_model_run_time": [
        [
            36354103,
            36361393
        ]
    ],
    "execute_cost": 7.289999961853027,
    "finish_time": 36361397,
    "limit_cost_by_ms": 6.090666770935059,
    "model_name": "yolov2",
    "recv_time": 36311413,
    "tag": "921",
    "total_cost_by_ms": 49.98400115966797,
    "wait_cost": 42.694000244140625
}
