{
    "child_model_execute_cost_by_ms": [
        45.612998962402344
    ],
    "child_model_run_time": [
        [
            37002238,
            37047851
        ]
    ],
    "execute_cost": 45.612998962402344,
    "finish_time": 37047857,
    "limit_cost_by_ms": 46.52799987792969,
    "model_name": "vgg19",
    "recv_time": 37002177,
    "tag": "954",
    "total_cost_by_ms": 45.68000030517578,
    "wait_cost": 0.0670013427734375
}
