{
    "child_model_execute_cost_by_ms": [
        13.638999938964844
    ],
    "child_model_run_time": [
        [
            11739478,
            11753117
        ]
    ],
    "execute_cost": 13.638999938964844,
    "finish_time": 11753121,
    "limit_cost_by_ms": 8.612333297729492,
    "model_name": "googlenet",
    "recv_time": 11739384,
    "tag": "191",
    "total_cost_by_ms": 13.737000465393066,
    "wait_cost": 0.09800052642822266
}
