{
    "child_model_execute_cost_by_ms": [
        60.547000885009766
    ],
    "child_model_run_time": [
        [
            17661008,
            17721555
        ]
    ],
    "execute_cost": 60.547000885009766,
    "finish_time": 17721559,
    "limit_cost_by_ms": 46.060333251953125,
    "model_name": "vgg19",
    "recv_time": 17660848,
    "tag": "485",
    "total_cost_by_ms": 60.71099853515625,
    "wait_cost": 0.16399765014648438
}
