{
    "child_model_execute_cost_by_ms": [
        44.459999084472656
    ],
    "child_model_run_time": [
        [
            14641193,
            14685653
        ]
    ],
    "execute_cost": 44.459999084472656,
    "finish_time": 14685660,
    "limit_cost_by_ms": 47.173667907714844,
    "model_name": "vgg19",
    "recv_time": 14641179,
    "tag": "269",
    "total_cost_by_ms": 44.48099899291992,
    "wait_cost": 0.020999908447265625
}
