{
    "child_model_execute_cost_by_ms": [
        45.292999267578125
    ],
    "child_model_run_time": [
        [
            25691633,
            25736926
        ]
    ],
    "execute_cost": 45.292999267578125,
    "finish_time": 25736932,
    "limit_cost_by_ms": 47.173667907714844,
    "model_name": "vgg19",
    "recv_time": 25691583,
    "tag": "728",
    "total_cost_by_ms": 45.3489990234375,
    "wait_cost": 0.055999755859375
}
