{
    "child_model_execute_cost_by_ms": [
        19.547000885009766
    ],
    "child_model_run_time": [
        [
            29035660,
            29055207
        ]
    ],
    "execute_cost": 19.547000885009766,
    "finish_time": 29055214,
    "limit_cost_by_ms": 19.090333938598633,
    "model_name": "resnet50",
    "recv_time": 29035623,
    "tag": "867",
    "total_cost_by_ms": 19.590999603271484,
    "wait_cost": 0.04399871826171875
}
