{
    "child_model_execute_cost_by_ms": [
        19.44300079345703
    ],
    "child_model_run_time": [
        [
            29552548,
            29571991
        ]
    ],
    "execute_cost": 19.44300079345703,
    "finish_time": 29571998,
    "limit_cost_by_ms": 19.090333938598633,
    "model_name": "resnet50",
    "recv_time": 29552509,
    "tag": "888",
    "total_cost_by_ms": 19.48900032043457,
    "wait_cost": 0.04599952697753906
}
