{
    "child_model_execute_cost_by_ms": [
        8.425999641418457
    ],
    "child_model_run_time": [
        [
            10319110,
            10327536
        ]
    ],
    "execute_cost": 8.425999641418457,
    "finish_time": 10327543,
    "limit_cost_by_ms": 7.293000221252441,
    "model_name": "squeezenetv1",
    "recv_time": 10319019,
    "tag": "118",
    "total_cost_by_ms": 8.52400016784668,
    "wait_cost": 0.09800052642822266
}
