{
    "child_model_execute_cost_by_ms": [
        46.316001892089844
    ],
    "child_model_run_time": [
        [
            12230856,
            12277172
        ]
    ],
    "execute_cost": 46.316001892089844,
    "finish_time": 12277178,
    "limit_cost_by_ms": 47.23899841308594,
    "model_name": "vgg19",
    "recv_time": 12211941,
    "tag": "187",
    "total_cost_by_ms": 65.23699951171875,
    "wait_cost": 18.920997619628906
}
