{
    "child_model_execute_cost_by_ms": [
        46.106998443603516
    ],
    "child_model_run_time": [
        [
            12376396,
            12422503
        ]
    ],
    "execute_cost": 46.106998443603516,
    "finish_time": 12422509,
    "limit_cost_by_ms": 47.96966552734375,
    "model_name": "vgg19",
    "recv_time": 12376299,
    "tag": "207",
    "total_cost_by_ms": 46.209999084472656,
    "wait_cost": 0.10300064086914063
}
