{
    "child_model_execute_cost_by_ms": [
        20.569000244140625
    ],
    "child_model_run_time": [
        [
            12818693,
            12839262
        ]
    ],
    "execute_cost": 20.569000244140625,
    "finish_time": 12839267,
    "limit_cost_by_ms": 19.113666534423828,
    "model_name": "resnet50",
    "recv_time": 12810667,
    "tag": "226",
    "total_cost_by_ms": 28.600000381469727,
    "wait_cost": 8.031000137329102
}
