{
    "child_model_execute_cost_by_ms": [
        20.586999893188477
    ],
    "child_model_run_time": [
        [
            13963322,
            13983909
        ]
    ],
    "execute_cost": 20.586999893188477,
    "finish_time": 13983917,
    "limit_cost_by_ms": 19.113666534423828,
    "model_name": "resnet50",
    "recv_time": 13929149,
    "tag": "274",
    "total_cost_by_ms": 54.768001556396484,
    "wait_cost": 34.180999755859375
}
