{
    "child_model_execute_cost_by_ms": [
        8.852999687194824
    ],
    "child_model_run_time": [
        [
            14186372,
            14195225
        ]
    ],
    "execute_cost": 8.852999687194824,
    "finish_time": 14195236,
    "limit_cost_by_ms": 7.293000221252441,
    "model_name": "squeezenetv1",
    "recv_time": 14161760,
    "tag": "283",
    "total_cost_by_ms": 33.47600173950195,
    "wait_cost": 24.623001098632813
}
