{
    "child_model_execute_cost_by_ms": [
        8.654999732971191
    ],
    "child_model_run_time": [
        [
            14274766,
            14283421
        ]
    ],
    "execute_cost": 8.654999732971191,
    "finish_time": 14283432,
    "limit_cost_by_ms": 7.293000221252441,
    "model_name": "squeezenetv1",
    "recv_time": 14231487,
    "tag": "287",
    "total_cost_by_ms": 51.94499969482422,
    "wait_cost": 43.290000915527344
}
