{
    "child_model_execute_cost_by_ms": [
        20.98200035095215
    ],
    "child_model_run_time": [
        [
            8441922,
            8462904
        ]
    ],
    "execute_cost": 20.98200035095215,
    "finish_time": 8462911,
    "limit_cost_by_ms": 19.113666534423828,
    "model_name": "resnet50",
    "recv_time": 8406076,
    "tag": "37",
    "total_cost_by_ms": 56.834999084472656,
    "wait_cost": 35.852996826171875
}
