{
    "child_model_execute_cost_by_ms": [
        22.47800064086914
    ],
    "child_model_run_time": [
        [
            16355318,
            16377796
        ]
    ],
    "execute_cost": 22.47800064086914,
    "finish_time": 16377803,
    "limit_cost_by_ms": 19.113666534423828,
    "model_name": "resnet50",
    "recv_time": 16326443,
    "tag": "374",
    "total_cost_by_ms": 51.36000061035156,
    "wait_cost": 28.881999969482422
}
