{
    "child_model_execute_cost_by_ms": [
        8.711999893188477
    ],
    "child_model_run_time": [
        [
            20982301,
            20991013
        ]
    ],
    "execute_cost": 8.711999893188477,
    "finish_time": 20991024,
    "limit_cost_by_ms": 7.293000221252441,
    "model_name": "squeezenetv1",
    "recv_time": 20916306,
    "tag": "565",
    "total_cost_by_ms": 74.71800231933594,
    "wait_cost": 66.0060043334961
}
