{
    "child_model_execute_cost_by_ms": [
        9.138999938964844
    ],
    "child_model_run_time": [
        [
            22398579,
            22407718
        ]
    ],
    "execute_cost": 9.138999938964844,
    "finish_time": 22407730,
    "limit_cost_by_ms": 7.293000221252441,
    "model_name": "squeezenetv1",
    "recv_time": 22325281,
    "tag": "622",
    "total_cost_by_ms": 82.4489974975586,
    "wait_cost": 73.30999755859375
}
