{
    "child_model_execute_cost_by_ms": [
        20.20599937438965
    ],
    "child_model_run_time": [
        [
            24135314,
            24155520
        ]
    ],
    "execute_cost": 20.20599937438965,
    "finish_time": 24155527,
    "limit_cost_by_ms": 18.987667083740234,
    "model_name": "resnet50",
    "recv_time": 24023327,
    "tag": "698",
    "total_cost_by_ms": 132.1999969482422,
    "wait_cost": 111.9939956665039
}
