{
    "child_model_execute_cost_by_ms": [
        8.994999885559082
    ],
    "child_model_run_time": [
        [
            24974450,
            24983445
        ]
    ],
    "execute_cost": 8.994999885559082,
    "finish_time": 24983456,
    "limit_cost_by_ms": 7.293000221252441,
    "model_name": "squeezenetv1",
    "recv_time": 24700483,
    "tag": "727",
    "total_cost_by_ms": 282.9729919433594,
    "wait_cost": 273.9779968261719
}
