{
    "child_model_execute_cost_by_ms": [
        9.001999855041504
    ],
    "child_model_run_time": [
        [
            26925447,
            26934449
        ]
    ],
    "execute_cost": 9.001999855041504,
    "finish_time": 26934458,
    "limit_cost_by_ms": 7.293000221252441,
    "model_name": "squeezenetv1",
    "recv_time": 26652004,
    "tag": "806",
    "total_cost_by_ms": 282.4540100097656,
    "wait_cost": 273.4519958496094
}
