{
    "child_model_execute_cost_by_ms": [
        47.37200164794922
    ],
    "child_model_run_time": [
        [
            28631521,
            28678893
        ]
    ],
    "execute_cost": 47.37200164794922,
    "finish_time": 28678899,
    "limit_cost_by_ms": 47.23899841308594,
    "model_name": "vgg19",
    "recv_time": 28513535,
    "tag": "885",
    "total_cost_by_ms": 165.36399841308594,
    "wait_cost": 117.99199676513672
}
