{
    "child_model_execute_cost_by_ms": [
        51.4630012512207
    ],
    "child_model_run_time": [
        [
            31453736,
            31505199
        ]
    ],
    "execute_cost": 51.4630012512207,
    "finish_time": 31505205,
    "limit_cost_by_ms": 47.96966552734375,
    "model_name": "vgg19",
    "recv_time": 31037352,
    "tag": "988",
    "total_cost_by_ms": 467.8529968261719,
    "wait_cost": 416.3899841308594
}
