{
    "child_model_execute_cost_by_ms": [
        7.88100004196167
    ],
    "child_model_run_time": [
        [
            8192710,
            8200591
        ]
    ],
    "execute_cost": 7.88100004196167,
    "finish_time": 8200595,
    "limit_cost_by_ms": 7.2213335037231445,
    "model_name": "squeezenetv1",
    "recv_time": 8139803,
    "tag": "16",
    "total_cost_by_ms": 60.79199981689453,
    "wait_cost": 52.9109992980957
}
