{
    "child_model_execute_cost_by_ms": [
        19.60700035095215
    ],
    "child_model_run_time": [
        [
            16254840,
            16274447
        ]
    ],
    "execute_cost": 19.60700035095215,
    "finish_time": 16274453,
    "limit_cost_by_ms": 19.3439998626709,
    "model_name": "resnet50",
    "recv_time": 16254696,
    "tag": "426",
    "total_cost_by_ms": 19.756999969482422,
    "wait_cost": 0.14999961853027344
}
