{
    "child_model_execute_cost_by_ms": [
        46.47999954223633
    ],
    "child_model_run_time": [
        [
            17569941,
            17616421
        ]
    ],
    "execute_cost": 46.47999954223633,
    "finish_time": 17616426,
    "limit_cost_by_ms": 47.24300003051758,
    "model_name": "vgg19",
    "recv_time": 17562640,
    "tag": "492",
    "total_cost_by_ms": 53.7859992980957,
    "wait_cost": 7.305999755859375
}
