{
    "child_model_execute_cost_by_ms": [
        7.833000183105469
    ],
    "child_model_run_time": [
        [
            27692009,
            27699842
        ]
    ],
    "execute_cost": 7.833000183105469,
    "finish_time": 27699847,
    "limit_cost_by_ms": 7.2213335037231445,
    "model_name": "squeezenetv1",
    "recv_time": 27675862,
    "tag": "999",
    "total_cost_by_ms": 23.985000610351563,
    "wait_cost": 16.152000427246094
}
