{
    "child_model_execute_cost_by_ms": [
        19.72800064086914
    ],
    "child_model_run_time": [
        [
            8067071,
            8086799
        ]
    ],
    "execute_cost": 19.72800064086914,
    "finish_time": 8086804,
    "limit_cost_by_ms": 18.961000442504883,
    "model_name": "resnet50",
    "recv_time": 8066909,
    "tag": "12",
    "total_cost_by_ms": 19.895000457763672,
    "wait_cost": 0.16699981689453125
}
