{
    "child_model_execute_cost_by_ms": [
        8.067000389099121
    ],
    "child_model_run_time": [
        [
            12589641,
            12597708
        ]
    ],
    "execute_cost": 8.067000389099121,
    "finish_time": 12597715,
    "limit_cost_by_ms": 7.211999893188477,
    "model_name": "squeezenetv1",
    "recv_time": 12589531,
    "tag": "254",
    "total_cost_by_ms": 8.184000015258789,
    "wait_cost": 0.11699962615966797
}
