{
    "child_model_execute_cost_by_ms": [
        10.38700008392334
    ],
    "child_model_run_time": [
        [
            13108940,
            13119327
        ]
    ],
    "execute_cost": 10.38700008392334,
    "finish_time": 13119335,
    "limit_cost_by_ms": 8.826666831970215,
    "model_name": "googlenet",
    "recv_time": 13108919,
    "tag": "281",
    "total_cost_by_ms": 10.416000366210938,
    "wait_cost": 0.029000282287597656
}
