{
    "child_model_execute_cost_by_ms": [
        10.180999755859375
    ],
    "child_model_run_time": [
        [
            13496878,
            13507059
        ]
    ],
    "execute_cost": 10.180999755859375,
    "finish_time": 13507070,
    "limit_cost_by_ms": 8.826666831970215,
    "model_name": "googlenet",
    "recv_time": 13496791,
    "tag": "300",
    "total_cost_by_ms": 10.279000282287598,
    "wait_cost": 0.09800052642822266
}
