{
    "child_model_execute_cost_by_ms": [
        19.131999969482422
    ],
    "child_model_run_time": [
        [
            13848471,
            13867603
        ]
    ],
    "execute_cost": 19.131999969482422,
    "finish_time": 13867612,
    "limit_cost_by_ms": 18.069000244140625,
    "model_name": "resnet50",
    "recv_time": 13848303,
    "tag": "319",
    "total_cost_by_ms": 19.30900001525879,
    "wait_cost": 0.1770000457763672
}
