{
    "child_model_execute_cost_by_ms": [
        8.16100025177002
    ],
    "child_model_run_time": [
        [
            8371893,
            8380054
        ]
    ],
    "execute_cost": 8.16100025177002,
    "finish_time": 8380061,
    "limit_cost_by_ms": 7.211999893188477,
    "model_name": "squeezenetv1",
    "recv_time": 8371751,
    "tag": "38",
    "total_cost_by_ms": 8.3100004196167,
    "wait_cost": 0.1490001678466797
}
