{
    "child_model_execute_cost_by_ms": [
        9.621999740600586
    ],
    "child_model_run_time": [
        [
            15613938,
            15623560
        ]
    ],
    "execute_cost": 9.621999740600586,
    "finish_time": 15623568,
    "limit_cost_by_ms": 8.59766674041748,
    "model_name": "googlenet",
    "recv_time": 15613839,
    "tag": "399",
    "total_cost_by_ms": 9.729000091552734,
    "wait_cost": 0.10700035095214844
}
