{
    "child_model_execute_cost_by_ms": [
        8.652999877929688
    ],
    "child_model_run_time": [
        [
            15992272,
            16000925
        ]
    ],
    "execute_cost": 8.652999877929688,
    "finish_time": 16000937,
    "limit_cost_by_ms": 7.211999893188477,
    "model_name": "squeezenetv1",
    "recv_time": 15992162,
    "tag": "428",
    "total_cost_by_ms": 8.774999618530273,
    "wait_cost": 0.12199974060058594
}
