{
    "child_model_execute_cost_by_ms": [
        10.878999710083008
    ],
    "child_model_run_time": [
        [
            8652433,
            8663312
        ]
    ],
    "execute_cost": 10.878999710083008,
    "finish_time": 8663326,
    "limit_cost_by_ms": 8.826666831970215,
    "model_name": "googlenet",
    "recv_time": 8643026,
    "tag": "52",
    "total_cost_by_ms": 20.299999237060547,
    "wait_cost": 9.420999526977539
}
