{
    "child_model_execute_cost_by_ms": [
        10.111000061035156
    ],
    "child_model_run_time": [
        [
            18447680,
            18457791
        ]
    ],
    "execute_cost": 10.111000061035156,
    "finish_time": 18457805,
    "limit_cost_by_ms": 8.826666831970215,
    "model_name": "googlenet",
    "recv_time": 18433608,
    "tag": "555",
    "total_cost_by_ms": 24.19700050354004,
    "wait_cost": 14.086000442504883
}
