{
    "child_model_execute_cost_by_ms": [
        19.042999267578125
    ],
    "child_model_run_time": [
        [
            19052836,
            19071879
        ]
    ],
    "execute_cost": 19.042999267578125,
    "finish_time": 19071884,
    "limit_cost_by_ms": 18.069000244140625,
    "model_name": "resnet50",
    "recv_time": 19052730,
    "tag": "586",
    "total_cost_by_ms": 19.15399932861328,
    "wait_cost": 0.11100006103515625
}
