{
    "child_model_execute_cost_by_ms": [
        44.85100173950195
    ],
    "child_model_run_time": [
        [
            19722054,
            19766905
        ]
    ],
    "execute_cost": 44.85100173950195,
    "finish_time": 19766909,
    "limit_cost_by_ms": 47.198665618896484,
    "model_name": "vgg19",
    "recv_time": 19721909,
    "tag": "609",
    "total_cost_by_ms": 45.0,
    "wait_cost": 0.14899826049804688
}
