{
    "child_model_execute_cost_by_ms": [
        8.918999671936035
    ],
    "child_model_run_time": [
        [
            19665976,
            19674895
        ]
    ],
    "execute_cost": 8.918999671936035,
    "finish_time": 19674901,
    "limit_cost_by_ms": 7.211999893188477,
    "model_name": "squeezenetv1",
    "recv_time": 19654282,
    "tag": "616",
    "total_cost_by_ms": 20.618999481201172,
    "wait_cost": 11.699999809265137
}
