{
    "child_model_execute_cost_by_ms": [
        44.694000244140625
    ],
    "child_model_run_time": [
        [
            20650163,
            20694857
        ]
    ],
    "execute_cost": 44.694000244140625,
    "finish_time": 20694863,
    "limit_cost_by_ms": 47.09400177001953,
    "model_name": "vgg19",
    "recv_time": 20649989,
    "tag": "667",
    "total_cost_by_ms": 44.874000549316406,
    "wait_cost": 0.18000030517578125
}
