{
    "child_model_execute_cost_by_ms": [
        44.26300048828125
    ],
    "child_model_run_time": [
        [
            21059979,
            21104242
        ]
    ],
    "execute_cost": 44.26300048828125,
    "finish_time": 21104248,
    "limit_cost_by_ms": 47.09400177001953,
    "model_name": "vgg19",
    "recv_time": 21059924,
    "tag": "688",
    "total_cost_by_ms": 44.32400131225586,
    "wait_cost": 0.061000823974609375
}
