{
    "child_model_execute_cost_by_ms": [
        9.73799991607666
    ],
    "child_model_run_time": [
        [
            24407425,
            24417163
        ]
    ],
    "execute_cost": 9.73799991607666,
    "finish_time": 24417170,
    "limit_cost_by_ms": 8.826666831970215,
    "model_name": "googlenet",
    "recv_time": 24407263,
    "tag": "858",
    "total_cost_by_ms": 9.906999588012695,
    "wait_cost": 0.16899967193603516
}
