{
    "child_model_execute_cost_by_ms": [
        7.839000225067139
    ],
    "child_model_run_time": [
        [
            18030000,
            18037839
        ]
    ],
    "execute_cost": 7.839000225067139,
    "finish_time": 18037843,
    "limit_cost_by_ms": 7.206333160400391,
    "model_name": "squeezenetv1",
    "recv_time": 18029884,
    "tag": "491",
    "total_cost_by_ms": 7.959000110626221,
    "wait_cost": 0.11999988555908203
}
