{
    "child_model_execute_cost_by_ms": [
        9.920000076293945
    ],
    "child_model_run_time": [
        [
            20922459,
            20932379
        ]
    ],
    "execute_cost": 9.920000076293945,
    "finish_time": 20932387,
    "limit_cost_by_ms": 8.788000106811523,
    "model_name": "googlenet",
    "recv_time": 20922447,
    "tag": "630",
    "total_cost_by_ms": 9.9399995803833,
    "wait_cost": 0.01999950408935547
}
