{
    "child_model_execute_cost_by_ms": [
        8.352999687194824
    ],
    "child_model_run_time": [
        [
            24395483,
            24403836
        ]
    ],
    "execute_cost": 8.352999687194824,
    "finish_time": 24403841,
    "limit_cost_by_ms": 7.206333160400391,
    "model_name": "squeezenetv1",
    "recv_time": 24395469,
    "tag": "794",
    "total_cost_by_ms": 8.371999740600586,
    "wait_cost": 0.01900005340576172
}
