{
    "child_model_execute_cost_by_ms": [
        14.848999977111816,
        9.29699993133545
    ],
    "child_model_run_time": [
        [
            25884209,
            25899058
        ],
        [
            25899149,
            25908446
        ]
    ],
    "execute_cost": 24.145999908447266,
    "finish_time": 25908453,
    "limit_cost_by_ms": 18.920333862304688,
    "model_name": "resnet50",
    "recv_time": 25884042,
    "tag": "864",
    "total_cost_by_ms": 24.410999298095703,
    "wait_cost": 0.2649993896484375
}
