{
    "child_model_execute_cost_by_ms": [
        10.055000305175781
    ],
    "child_model_run_time": [
        [
            8544051,
            8554106
        ]
    ],
    "execute_cost": 10.055000305175781,
    "finish_time": 8554115,
    "limit_cost_by_ms": 9.022666931152344,
    "model_name": "googlenet",
    "recv_time": 8544035,
    "tag": "33",
    "total_cost_by_ms": 10.079999923706055,
    "wait_cost": 0.024999618530273438
}
