{
    "child_model_execute_cost_by_ms": [
        10.36299991607666
    ],
    "child_model_run_time": [
        [
            16541350,
            16551713
        ]
    ],
    "execute_cost": 10.36299991607666,
    "finish_time": 16551719,
    "limit_cost_by_ms": 9.022666931152344,
    "model_name": "googlenet",
    "recv_time": 16541336,
    "tag": "378",
    "total_cost_by_ms": 10.383000373840332,
    "wait_cost": 0.020000457763671875
}
