{
    "child_model_execute_cost_by_ms": [
        18.634000778198242,
        17.756000518798828,
        20.22599983215332
    ],
    "child_model_run_time": [
        [
            21040866,
            21059500
        ],
        [
            21067956,
            21085712
        ],
        [
            21085798,
            21106024
        ]
    ],
    "execute_cost": 56.615997314453125,
    "finish_time": 21106028,
    "limit_cost_by_ms": 47.31800079345703,
    "model_name": "vgg19",
    "recv_time": 21040694,
    "tag": "571",
    "total_cost_by_ms": 65.33399963378906,
    "wait_cost": 8.718002319335938
}
