{
    "child_model_execute_cost_by_ms": [
        47.61800003051758
    ],
    "child_model_run_time": [
        [
            24981114,
            25028732
        ]
    ],
    "execute_cost": 47.61800003051758,
    "finish_time": 25028739,
    "limit_cost_by_ms": 46.701332092285156,
    "model_name": "vgg19",
    "recv_time": 24980995,
    "tag": "895",
    "total_cost_by_ms": 47.74399948120117,
    "wait_cost": 0.12599945068359375
}
