{
    "child_model_execute_cost_by_ms": [
        48.5
    ],
    "child_model_run_time": [
        [
            9736487,
            9784987
        ]
    ],
    "execute_cost": 48.5,
    "finish_time": 9784994,
    "limit_cost_by_ms": 46.701332092285156,
    "model_name": "vgg19",
    "recv_time": 9736471,
    "tag": "100",
    "total_cost_by_ms": 48.52299880981445,
    "wait_cost": 0.022998809814453125
}
