{
    "child_model_execute_cost_by_ms": [
        8.190999984741211
    ],
    "child_model_run_time": [
        [
            10187161,
            10195352
        ]
    ],
    "execute_cost": 8.190999984741211,
    "finish_time": 10195362,
    "limit_cost_by_ms": 7.142333507537842,
    "model_name": "squeezenetv1",
    "recv_time": 10187050,
    "tag": "113",
    "total_cost_by_ms": 8.312000274658203,
    "wait_cost": 0.12100028991699219
}
