{
    "child_model_execute_cost_by_ms": [
        9.9399995803833
    ],
    "child_model_run_time": [
        [
            10327236,
            10337176
        ]
    ],
    "execute_cost": 9.9399995803833,
    "finish_time": 10337187,
    "limit_cost_by_ms": 8.899333000183105,
    "model_name": "googlenet",
    "recv_time": 10327138,
    "tag": "119",
    "total_cost_by_ms": 10.048999786376953,
    "wait_cost": 0.10900020599365234
}
