{
    "child_model_execute_cost_by_ms": [
        19.024999618530273
    ],
    "child_model_run_time": [
        [
            11275884,
            11294909
        ]
    ],
    "execute_cost": 19.024999618530273,
    "finish_time": 11294918,
    "limit_cost_by_ms": 18.915666580200195,
    "model_name": "resnet50",
    "recv_time": 11275733,
    "tag": "162",
    "total_cost_by_ms": 19.184999465942383,
    "wait_cost": 0.15999984741210938
}
