{
    "child_model_execute_cost_by_ms": [
        44.77899932861328
    ],
    "child_model_run_time": [
        [
            11361123,
            11405902
        ]
    ],
    "execute_cost": 44.77899932861328,
    "finish_time": 11405908,
    "limit_cost_by_ms": 47.173667907714844,
    "model_name": "vgg19",
    "recv_time": 11360949,
    "tag": "166",
    "total_cost_by_ms": 44.95899963378906,
    "wait_cost": 0.18000030517578125
}
