{
    "child_model_execute_cost_by_ms": [
        44.698001861572266
    ],
    "child_model_run_time": [
        [
            11724126,
            11768824
        ]
    ],
    "execute_cost": 44.698001861572266,
    "finish_time": 11768829,
    "limit_cost_by_ms": 47.173667907714844,
    "model_name": "vgg19",
    "recv_time": 11719500,
    "tag": "182",
    "total_cost_by_ms": 49.32899856567383,
    "wait_cost": 4.6309967041015625
}
