{
    "child_model_execute_cost_by_ms": [
        45.99599838256836
    ],
    "child_model_run_time": [
        [
            12588849,
            12634845
        ]
    ],
    "execute_cost": 45.99599838256836,
    "finish_time": 12634851,
    "limit_cost_by_ms": 47.173667907714844,
    "model_name": "vgg19",
    "recv_time": 12588683,
    "tag": "220",
    "total_cost_by_ms": 46.167999267578125,
    "wait_cost": 0.17200088500976563
}
