{
    "child_model_execute_cost_by_ms": [
        7.9120001792907715
    ],
    "child_model_run_time": [
        [
            8819640,
            8827552
        ]
    ],
    "execute_cost": 7.9120001792907715,
    "finish_time": 8827556,
    "limit_cost_by_ms": 7.142333507537842,
    "model_name": "squeezenetv1",
    "recv_time": 8810254,
    "tag": "52",
    "total_cost_by_ms": 17.302000045776367,
    "wait_cost": 9.389999389648438
}
