{
    "child_model_execute_cost_by_ms": [
        19.04599952697754
    ],
    "child_model_run_time": [
        [
            22041688,
            22060734
        ]
    ],
    "execute_cost": 19.04599952697754,
    "finish_time": 22060741,
    "limit_cost_by_ms": 18.857666015625,
    "model_name": "resnet50",
    "recv_time": 22041578,
    "tag": "630",
    "total_cost_by_ms": 19.163000106811523,
    "wait_cost": 0.11700057983398438
}
