{
    "child_model_execute_cost_by_ms": [
        8.831999778747559
    ],
    "child_model_run_time": [
        [
            22339683,
            22348515
        ]
    ],
    "execute_cost": 8.831999778747559,
    "finish_time": 22348524,
    "limit_cost_by_ms": 7.142333507537842,
    "model_name": "squeezenetv1",
    "recv_time": 22301740,
    "tag": "648",
    "total_cost_by_ms": 46.784000396728516,
    "wait_cost": 37.95199966430664
}
