{
    "child_model_execute_cost_by_ms": [
        45.599998474121094
    ],
    "child_model_run_time": [
        [
            9323819,
            9369419
        ]
    ],
    "execute_cost": 45.599998474121094,
    "finish_time": 9369424,
    "limit_cost_by_ms": 47.173667907714844,
    "model_name": "vgg19",
    "recv_time": 9323728,
    "tag": "75",
    "total_cost_by_ms": 45.69599914550781,
    "wait_cost": 0.09600067138671875
}
