{
    "child_model_execute_cost_by_ms": [
        46.45899963378906
    ],
    "child_model_run_time": [
        [
            25229183,
            25275642
        ]
    ],
    "execute_cost": 46.45899963378906,
    "finish_time": 25275648,
    "limit_cost_by_ms": 47.173667907714844,
    "model_name": "vgg19",
    "recv_time": 25229066,
    "tag": "777",
    "total_cost_by_ms": 46.582000732421875,
    "wait_cost": 0.1230010986328125
}
