{
    "child_model_execute_cost_by_ms": [
        8.555999755859375
    ],
    "child_model_run_time": [
        [
            26654380,
            26662936
        ]
    ],
    "execute_cost": 8.555999755859375,
    "finish_time": 26662941,
    "limit_cost_by_ms": 7.142333507537842,
    "model_name": "squeezenetv1",
    "recv_time": 26652070,
    "tag": "838",
    "total_cost_by_ms": 10.871000289916992,
    "wait_cost": 2.315000534057617
}
