{
    "child_model_execute_cost_by_ms": [
        19.465999603271484
    ],
    "child_model_run_time": [
        [
            16924899,
            16944365
        ]
    ],
    "execute_cost": 19.465999603271484,
    "finish_time": 16944371,
    "limit_cost_by_ms": 19.051000595092773,
    "model_name": "resnet50",
    "recv_time": 16924767,
    "tag": "375",
    "total_cost_by_ms": 19.604000091552734,
    "wait_cost": 0.13800048828125
}
