{
    "child_model_execute_cost_by_ms": [
        7.379000186920166
    ],
    "child_model_run_time": [
        [
            28986736,
            28994115
        ]
    ],
    "execute_cost": 7.379000186920166,
    "finish_time": 28994120,
    "limit_cost_by_ms": 7.183666706085205,
    "model_name": "squeezenetv1",
    "recv_time": 28986608,
    "tag": "875",
    "total_cost_by_ms": 7.51200008392334,
    "wait_cost": 0.13299989700317383
}
