{
    "child_model_execute_cost_by_ms": [
        47.597999572753906
    ],
    "child_model_run_time": [
        [
            12119194,
            12166792
        ]
    ],
    "execute_cost": 47.597999572753906,
    "finish_time": 12166798,
    "limit_cost_by_ms": 46.42399978637695,
    "model_name": "vgg19",
    "recv_time": 12119179,
    "tag": "196",
    "total_cost_by_ms": 47.61899948120117,
    "wait_cost": 0.020999908447265625
}
