{
    "child_model_execute_cost_by_ms": [
        47.619998931884766
    ],
    "child_model_run_time": [
        [
            12297279,
            12344899
        ]
    ],
    "execute_cost": 47.619998931884766,
    "finish_time": 12344906,
    "limit_cost_by_ms": 46.42399978637695,
    "model_name": "vgg19",
    "recv_time": 12297264,
    "tag": "204",
    "total_cost_by_ms": 47.641998291015625,
    "wait_cost": 0.021999359130859375
}
