{
    "child_model_execute_cost_by_ms": [
        10.5
    ],
    "child_model_run_time": [
        [
            16066340,
            16076840
        ]
    ],
    "execute_cost": 10.5,
    "finish_time": 16076847,
    "limit_cost_by_ms": 8.692333221435547,
    "model_name": "googlenet",
    "recv_time": 16066326,
    "tag": "371",
    "total_cost_by_ms": 10.520999908447266,
    "wait_cost": 0.020999908447265625
}
