{
    "child_model_execute_cost_by_ms": [
        20.464000701904297
    ],
    "child_model_run_time": [
        [
            20638223,
            20658687
        ]
    ],
    "execute_cost": 20.464000701904297,
    "finish_time": 20658694,
    "limit_cost_by_ms": 18.743999481201172,
    "model_name": "resnet50",
    "recv_time": 20606956,
    "tag": "574",
    "total_cost_by_ms": 51.737998962402344,
    "wait_cost": 31.273998260498047
}
