{
    "child_model_execute_cost_by_ms": [
        6.695000171661377
    ],
    "child_model_run_time": [
        [
            20559285,
            20565980
        ]
    ],
    "execute_cost": 6.695000171661377,
    "finish_time": 20565982,
    "limit_cost_by_ms": 5.998000144958496,
    "model_name": "yolov2",
    "recv_time": 20544627,
    "tag": "104",
    "total_cost_by_ms": 21.354999542236328,
    "wait_cost": 14.65999984741211
}
