{
    "child_model_execute_cost_by_ms": [
        9.12399959564209
    ],
    "child_model_run_time": [
        [
            23543567,
            23552691
        ]
    ],
    "execute_cost": 9.12399959564209,
    "finish_time": 23552693,
    "limit_cost_by_ms": 9.21833324432373,
    "model_name": "googlenet",
    "recv_time": 23543436,
    "tag": "233",
    "total_cost_by_ms": 9.256999969482422,
    "wait_cost": 0.13300037384033203
}
