{
    "child_model_execute_cost_by_ms": [
        9.248000144958496
    ],
    "child_model_run_time": [
        [
            25676392,
            25685640
        ]
    ],
    "execute_cost": 9.248000144958496,
    "finish_time": 25685648,
    "limit_cost_by_ms": 7.101333141326904,
    "model_name": "gpt128v2",
    "recv_time": 25669763,
    "tag": "325",
    "total_cost_by_ms": 15.885000228881836,
    "wait_cost": 6.63700008392334
}
