{
    "child_model_execute_cost_by_ms": [
        14.793999671936035,
        13.706999778747559
    ],
    "child_model_run_time": [
        [
            26374597,
            26389391
        ],
        [
            26396145,
            26409852
        ]
    ],
    "execute_cost": 28.500999450683594,
    "finish_time": 26409860,
    "limit_cost_by_ms": 19.1473331451416,
    "model_name": "resnet50",
    "recv_time": 26362083,
    "tag": "356",
    "total_cost_by_ms": 47.777000427246094,
    "wait_cost": 19.2760009765625
}
