{
    "child_model_execute_cost_by_ms": [
        12.71399974822998
    ],
    "child_model_run_time": [
        [
            30159353,
            30172067
        ]
    ],
    "execute_cost": 12.71399974822998,
    "finish_time": 30172077,
    "limit_cost_by_ms": 9.21833324432373,
    "model_name": "googlenet",
    "recv_time": 30151703,
    "tag": "515",
    "total_cost_by_ms": 20.374000549316406,
    "wait_cost": 7.660000801086426
}
