{
    "child_model_execute_cost_by_ms": [
        15.125,
        13.267000198364258
    ],
    "child_model_run_time": [
        [
            19424566,
            19439691
        ],
        [
            19439735,
            19453002
        ]
    ],
    "execute_cost": 28.392000198364258,
    "finish_time": 19453007,
    "limit_cost_by_ms": 19.1473331451416,
    "model_name": "resnet50",
    "recv_time": 19416321,
    "tag": "58",
    "total_cost_by_ms": 36.68600082397461,
    "wait_cost": 8.294000625610352
}
