{
    "child_model_execute_cost_by_ms": [
        14.727999687194824,
        13.878999710083008
    ],
    "child_model_run_time": [
        [
            31968964,
            31983692
        ],
        [
            31983781,
            31997660
        ]
    ],
    "execute_cost": 28.606998443603516,
    "finish_time": 31997663,
    "limit_cost_by_ms": 19.1473331451416,
    "model_name": "resnet50",
    "recv_time": 31968815,
    "tag": "590",
    "total_cost_by_ms": 28.847999572753906,
    "wait_cost": 0.24100112915039063
}
