{
    "child_model_execute_cost_by_ms": [
        6.255000114440918
    ],
    "child_model_run_time": [
        [
            19828172,
            19834427
        ]
    ],
    "execute_cost": 6.255000114440918,
    "finish_time": 19834431,
    "limit_cost_by_ms": 5.998000144958496,
    "model_name": "yolov2",
    "recv_time": 19811740,
    "tag": "74",
    "total_cost_by_ms": 22.69099998474121,
    "wait_cost": 16.43600082397461
}
