{
    "child_model_execute_cost_by_ms": [
        13.218000411987305
    ],
    "child_model_run_time": [
        [
            37137318,
            37150536
        ]
    ],
    "execute_cost": 13.218000411987305,
    "finish_time": 37150546,
    "limit_cost_by_ms": 7.101333141326904,
    "model_name": "gpt128v2",
    "recv_time": 37119647,
    "tag": "806",
    "total_cost_by_ms": 30.89900016784668,
    "wait_cost": 17.680999755859375
}
