{
    "child_model_execute_cost_by_ms": [
        18.777000427246094,
        18.235000610351563,
        20.106000900268555
    ],
    "child_model_run_time": [
        [
            20027716,
            20046493
        ],
        [
            20046530,
            20064765
        ],
        [
            20064797,
            20084903
        ]
    ],
    "execute_cost": 57.118003845214844,
    "finish_time": 20084907,
    "limit_cost_by_ms": 46.44466781616211,
    "model_name": "vgg19",
    "recv_time": 20021115,
    "tag": "83",
    "total_cost_by_ms": 63.79199981689453,
    "wait_cost": 6.6739959716796875
}
