{
    "child_model_execute_cost_by_ms": [
        8.456000328063965
    ],
    "child_model_run_time": [
        [
            37576693,
            37585149
        ]
    ],
    "execute_cost": 8.456000328063965,
    "finish_time": 37585160,
    "limit_cost_by_ms": 5.998000144958496,
    "model_name": "yolov2",
    "recv_time": 37563038,
    "tag": "826",
    "total_cost_by_ms": 22.121999740600586,
    "wait_cost": 13.665999412536621
}
