{
    "child_model_execute_cost_by_ms": [
        19.2810001373291,
        17.718000411987305,
        20.618999481201172
    ],
    "child_model_run_time": [
        [
            38125510,
            38144791
        ],
        [
            38171101,
            38188819
        ],
        [
            38214043,
            38234662
        ]
    ],
    "execute_cost": 57.61800003051758,
    "finish_time": 38234664,
    "limit_cost_by_ms": 46.44466781616211,
    "model_name": "vgg19",
    "recv_time": 38125458,
    "tag": "850",
    "total_cost_by_ms": 109.20600128173828,
    "wait_cost": 51.5880012512207
}
