{
    "child_model_execute_cost_by_ms": [
        8.779999732971191
    ],
    "child_model_run_time": [
        [
            12346991,
            12355771
        ]
    ],
    "execute_cost": 8.779999732971191,
    "finish_time": 12355780,
    "limit_cost_by_ms": 7.418666839599609,
    "model_name": "squeezenetv1",
    "recv_time": 12329290,
    "tag": "251",
    "total_cost_by_ms": 26.489999771118164,
    "wait_cost": 17.709999084472656
}
