{
    "child_model_execute_cost_by_ms": [
        9.753000259399414
    ],
    "child_model_run_time": [
        [
            15807222,
            15816975
        ]
    ],
    "execute_cost": 9.753000259399414,
    "finish_time": 15816981,
    "limit_cost_by_ms": 8.804666519165039,
    "model_name": "googlenet",
    "recv_time": 15807059,
    "tag": "442",
    "total_cost_by_ms": 9.92199993133545,
    "wait_cost": 0.16899967193603516
}
