{
    "child_model_execute_cost_by_ms": [
        9.901000022888184
    ],
    "child_model_run_time": [
        [
            18742998,
            18752899
        ]
    ],
    "execute_cost": 9.901000022888184,
    "finish_time": 18752905,
    "limit_cost_by_ms": 8.804666519165039,
    "model_name": "googlenet",
    "recv_time": 18742844,
    "tag": "602",
    "total_cost_by_ms": 10.060999870300293,
    "wait_cost": 0.15999984741210938
}
