{
    "child_model_execute_cost_by_ms": [
        10.060999870300293
    ],
    "child_model_run_time": [
        [
            9155461,
            9165522
        ]
    ],
    "execute_cost": 10.060999870300293,
    "finish_time": 9165527,
    "limit_cost_by_ms": 8.804666519165039,
    "model_name": "googlenet",
    "recv_time": 9146648,
    "tag": "75",
    "total_cost_by_ms": 18.878999710083008,
    "wait_cost": 8.817999839782715
}
