{
    "child_model_execute_cost_by_ms": [
        9.633999824523926
    ],
    "child_model_run_time": [
        [
            10499649,
            10509283
        ]
    ],
    "execute_cost": 9.633999824523926,
    "finish_time": 10509289,
    "limit_cost_by_ms": 8.694666862487793,
    "model_name": "googlenet",
    "recv_time": 10499503,
    "tag": "132",
    "total_cost_by_ms": 9.78600025177002,
    "wait_cost": 0.15200042724609375
}
