{
    "child_model_execute_cost_by_ms": [
        18.694000244140625,
        16.805999755859375,
        19.43400001525879
    ],
    "child_model_run_time": [
        [
            20957686,
            20976380
        ],
        [
            20976475,
            20993281
        ],
        [
            20993372,
            21012806
        ]
    ],
    "execute_cost": 54.933998107910156,
    "finish_time": 21012812,
    "limit_cost_by_ms": 46.520668029785156,
    "model_name": "vgg19",
    "recv_time": 20957508,
    "tag": "631",
    "total_cost_by_ms": 55.30400085449219,
    "wait_cost": 0.37000274658203125
}
