{
    "child_model_execute_cost_by_ms": [
        18.42300033569336,
        16.764999389648438,
        19.481000900268555
    ],
    "child_model_run_time": [
        [
            21731026,
            21749449
        ],
        [
            21749543,
            21766308
        ],
        [
            21766393,
            21785874
        ]
    ],
    "execute_cost": 54.66899871826172,
    "finish_time": 21785879,
    "limit_cost_by_ms": 46.520668029785156,
    "model_name": "vgg19",
    "recv_time": 21722284,
    "tag": "668",
    "total_cost_by_ms": 63.595001220703125,
    "wait_cost": 8.926002502441406
}
