{
    "child_model_execute_cost_by_ms": [
        7.921000003814697
    ],
    "child_model_run_time": [
        [
            25027132,
            25035053
        ]
    ],
    "execute_cost": 7.921000003814697,
    "finish_time": 25035060,
    "limit_cost_by_ms": 7.229000091552734,
    "model_name": "squeezenetv1",
    "recv_time": 25026965,
    "tag": "827",
    "total_cost_by_ms": 8.095000267028809,
    "wait_cost": 0.17400026321411133
}
