{
    "child_model_execute_cost_by_ms": [
        47.5359992980957
    ],
    "child_model_run_time": [
        [
            21089508,
            21137044
        ]
    ],
    "execute_cost": 47.5359992980957,
    "finish_time": 21137048,
    "limit_cost_by_ms": 46.63999938964844,
    "model_name": "vgg19",
    "recv_time": 21087407,
    "tag": "146",
    "total_cost_by_ms": 49.64099884033203,
    "wait_cost": 2.104999542236328
}
