{
    "child_model_execute_cost_by_ms": [
        20.42799949645996
    ],
    "child_model_run_time": [
        [
            21155975,
            21176403
        ]
    ],
    "execute_cost": 20.42799949645996,
    "finish_time": 21176407,
    "limit_cost_by_ms": 18.674333572387695,
    "model_name": "resnet50",
    "recv_time": 21089574,
    "tag": "147",
    "total_cost_by_ms": 86.83300018310547,
    "wait_cost": 66.40499877929688
}
