{
    "child_model_execute_cost_by_ms": [
        13.197999954223633
    ],
    "child_model_run_time": [
        [
            21782274,
            21795472
        ]
    ],
    "execute_cost": 13.197999954223633,
    "finish_time": 21795476,
    "limit_cost_by_ms": 7.031000137329102,
    "model_name": "gpt128v2",
    "recv_time": 21782226,
    "tag": "180",
    "total_cost_by_ms": 13.25,
    "wait_cost": 0.05200004577636719
}
