{
    "child_model_execute_cost_by_ms": [
        14.593999862670898
    ],
    "child_model_run_time": [
        [
            22831723,
            22846317
        ]
    ],
    "execute_cost": 14.593999862670898,
    "finish_time": 22846323,
    "limit_cost_by_ms": 7.031000137329102,
    "model_name": "gpt128v2",
    "recv_time": 22831674,
    "tag": "234",
    "total_cost_by_ms": 14.64900016784668,
    "wait_cost": 0.05500030517578125
}
