{
    "child_model_execute_cost_by_ms": [
        45.8129997253418
    ],
    "child_model_run_time": [
        [
            23919098,
            23964911
        ]
    ],
    "execute_cost": 45.8129997253418,
    "finish_time": 23964916,
    "limit_cost_by_ms": 46.63999938964844,
    "model_name": "vgg19",
    "recv_time": 23919041,
    "tag": "289",
    "total_cost_by_ms": 45.875,
    "wait_cost": 0.062000274658203125
}
