{
    "child_model_execute_cost_by_ms": [
        6.776000022888184
    ],
    "child_model_run_time": [
        [
            24110122,
            24116898
        ]
    ],
    "execute_cost": 6.776000022888184,
    "finish_time": 24116903,
    "limit_cost_by_ms": 5.915999889373779,
    "model_name": "yolov2",
    "recv_time": 24101700,
    "tag": "298",
    "total_cost_by_ms": 15.20300006866455,
    "wait_cost": 8.427000045776367
}
