{
    "child_model_execute_cost_by_ms": [
        13.696000099182129
    ],
    "child_model_run_time": [
        [
            25674292,
            25687988
        ]
    ],
    "execute_cost": 13.696000099182129,
    "finish_time": 25687999,
    "limit_cost_by_ms": 7.031000137329102,
    "model_name": "gpt128v2",
    "recv_time": 25666772,
    "tag": "377",
    "total_cost_by_ms": 21.226999282836914,
    "wait_cost": 7.530999183654785
}
