{
    "child_model_execute_cost_by_ms": [
        14.119000434875488
    ],
    "child_model_run_time": [
        [
            25875696,
            25889815
        ]
    ],
    "execute_cost": 14.119000434875488,
    "finish_time": 25889824,
    "limit_cost_by_ms": 7.031000137329102,
    "model_name": "gpt128v2",
    "recv_time": 25838460,
    "tag": "386",
    "total_cost_by_ms": 51.36399841308594,
    "wait_cost": 37.244998931884766
}
