{
    "child_model_execute_cost_by_ms": [
        13.944000244140625
    ],
    "child_model_run_time": [
        [
            26076512,
            26090456
        ]
    ],
    "execute_cost": 13.944000244140625,
    "finish_time": 26090469,
    "limit_cost_by_ms": 7.031000137329102,
    "model_name": "gpt128v2",
    "recv_time": 26039148,
    "tag": "395",
    "total_cost_by_ms": 51.32099914550781,
    "wait_cost": 37.37699890136719
}
