{
    "child_model_execute_cost_by_ms": [
        44.17599868774414
    ],
    "child_model_run_time": [
        [
            27863136,
            27907312
        ]
    ],
    "execute_cost": 44.17599868774414,
    "finish_time": 27907315,
    "limit_cost_by_ms": 46.63999938964844,
    "model_name": "vgg19",
    "recv_time": 27863079,
    "tag": "487",
    "total_cost_by_ms": 44.236000061035156,
    "wait_cost": 0.060001373291015625
}
