{
    "child_model_execute_cost_by_ms": [
        12.210000038146973
    ],
    "child_model_run_time": [
        [
            28343768,
            28355978
        ]
    ],
    "execute_cost": 12.210000038146973,
    "finish_time": 28355989,
    "limit_cost_by_ms": 9.046333312988281,
    "model_name": "googlenet",
    "recv_time": 28314154,
    "tag": "511",
    "total_cost_by_ms": 41.834999084472656,
    "wait_cost": 29.625
}
