{
    "child_model_execute_cost_by_ms": [
        21.780000686645508
    ],
    "child_model_run_time": [
        [
            28514129,
            28535909
        ]
    ],
    "execute_cost": 21.780000686645508,
    "finish_time": 28535917,
    "limit_cost_by_ms": 18.674333572387695,
    "model_name": "resnet50",
    "recv_time": 28508872,
    "tag": "519",
    "total_cost_by_ms": 27.045000076293945,
    "wait_cost": 5.2649993896484375
}
