{
    "child_model_execute_cost_by_ms": [
        13.748000144958496
    ],
    "child_model_run_time": [
        [
            29633866,
            29647614
        ]
    ],
    "execute_cost": 13.748000144958496,
    "finish_time": 29647618,
    "limit_cost_by_ms": 7.031000137329102,
    "model_name": "gpt128v2",
    "recv_time": 29615675,
    "tag": "575",
    "total_cost_by_ms": 31.94300079345703,
    "wait_cost": 18.19499969482422
}
