{
    "child_model_execute_cost_by_ms": [
        46.361000061035156
    ],
    "child_model_run_time": [
        [
            31669805,
            31716166
        ]
    ],
    "execute_cost": 46.361000061035156,
    "finish_time": 31716168,
    "limit_cost_by_ms": 46.63999938964844,
    "model_name": "vgg19",
    "recv_time": 31656000,
    "tag": "677",
    "total_cost_by_ms": 60.167999267578125,
    "wait_cost": 13.806999206542969
}
