{
    "child_model_execute_cost_by_ms": [
        13.756999969482422
    ],
    "child_model_run_time": [
        [
            35024193,
            35037950
        ]
    ],
    "execute_cost": 13.756999969482422,
    "finish_time": 35037962,
    "limit_cost_by_ms": 7.031000137329102,
    "model_name": "gpt128v2",
    "recv_time": 34999575,
    "tag": "842",
    "total_cost_by_ms": 38.387001037597656,
    "wait_cost": 24.630001068115234
}
