{
    "child_model_execute_cost_by_ms": [
        19.549999237060547
    ],
    "child_model_run_time": [
        [
            35959515,
            35979065
        ]
    ],
    "execute_cost": 19.549999237060547,
    "finish_time": 35979070,
    "limit_cost_by_ms": 18.674333572387695,
    "model_name": "resnet50",
    "recv_time": 35948999,
    "tag": "889",
    "total_cost_by_ms": 30.070999145507813,
    "wait_cost": 10.520999908447266
}
