{
    "child_model_execute_cost_by_ms": [
        44.93199920654297
    ],
    "child_model_run_time": [
        [
            15585788,
            15630720
        ]
    ],
    "execute_cost": 44.93199920654297,
    "finish_time": 15630726,
    "limit_cost_by_ms": 47.16666793823242,
    "model_name": "vgg19",
    "recv_time": 15585619,
    "tag": "422",
    "total_cost_by_ms": 45.106998443603516,
    "wait_cost": 0.17499923706054688
}
