{
    "child_model_execute_cost_by_ms": [
        8.140000343322754
    ],
    "child_model_run_time": [
        [
            18779255,
            18787395
        ]
    ],
    "execute_cost": 8.140000343322754,
    "finish_time": 18787403,
    "limit_cost_by_ms": 7.335333347320557,
    "model_name": "squeezenetv1",
    "recv_time": 18779143,
    "tag": "596",
    "total_cost_by_ms": 8.260000228881836,
    "wait_cost": 0.11999988555908203
}
