{
    "child_model_execute_cost_by_ms": [
        8.942000389099121
    ],
    "child_model_run_time": [
        [
            20020852,
            20029794
        ]
    ],
    "execute_cost": 8.942000389099121,
    "finish_time": 20029809,
    "limit_cost_by_ms": 7.335333347320557,
    "model_name": "squeezenetv1",
    "recv_time": 20012770,
    "tag": "664",
    "total_cost_by_ms": 17.038999557495117,
    "wait_cost": 8.096999168395996
}
