{
    "child_model_execute_cost_by_ms": [
        9.651000022888184
    ],
    "child_model_run_time": [
        [
            24997030,
            25006681
        ]
    ],
    "execute_cost": 9.651000022888184,
    "finish_time": 25006690,
    "limit_cost_by_ms": 8.622666358947754,
    "model_name": "googlenet",
    "recv_time": 24997016,
    "tag": "699",
    "total_cost_by_ms": 9.673999786376953,
    "wait_cost": 0.02299976348876953
}
