{
    "child_model_execute_cost_by_ms": [
        15.130000114440918,
        8.944999694824219
    ],
    "child_model_run_time": [
        [
            30368731,
            30383861
        ],
        [
            30383959,
            30392904
        ]
    ],
    "execute_cost": 24.075000762939453,
    "finish_time": 30392908,
    "limit_cost_by_ms": 18.674999237060547,
    "model_name": "resnet50",
    "recv_time": 30368595,
    "tag": "917",
    "total_cost_by_ms": 24.312999725341797,
    "wait_cost": 0.23799896240234375
}
