{
    "child_model_execute_cost_by_ms": [
        19.048999786376953,
        16.9950008392334,
        19.332000732421875
    ],
    "child_model_run_time": [
        [
            31204417,
            31223466
        ],
        [
            31223561,
            31240556
        ],
        [
            31240665,
            31259997
        ]
    ],
    "execute_cost": 55.375999450683594,
    "finish_time": 31260002,
    "limit_cost_by_ms": 46.45399856567383,
    "model_name": "vgg19",
    "recv_time": 31204294,
    "tag": "952",
    "total_cost_by_ms": 55.70800018310547,
    "wait_cost": 0.332000732421875
}
