{
    "child_model_execute_cost_by_ms": [
        50.20399856567383
    ],
    "child_model_run_time": [
        [
            11023300,
            11073504
        ]
    ],
    "execute_cost": 50.20399856567383,
    "finish_time": 11073509,
    "limit_cost_by_ms": 46.02433395385742,
    "model_name": "vgg19",
    "recv_time": 11023128,
    "tag": "148",
    "total_cost_by_ms": 50.38100051879883,
    "wait_cost": 0.177001953125
}
