{
    "child_model_execute_cost_by_ms": [
        49.93600082397461
    ],
    "child_model_run_time": [
        [
            12186255,
            12236191
        ]
    ],
    "execute_cost": 49.93600082397461,
    "finish_time": 12236197,
    "limit_cost_by_ms": 46.02433395385742,
    "model_name": "vgg19",
    "recv_time": 12186106,
    "tag": "200",
    "total_cost_by_ms": 50.090999603271484,
    "wait_cost": 0.154998779296875
}
