{
    "child_model_execute_cost_by_ms": [
        20.545000076293945
    ],
    "child_model_run_time": [
        [
            22979279,
            22999824
        ]
    ],
    "execute_cost": 20.545000076293945,
    "finish_time": 22999834,
    "limit_cost_by_ms": 18.65133285522461,
    "model_name": "resnet50",
    "recv_time": 22979161,
    "tag": "681",
    "total_cost_by_ms": 20.67300033569336,
    "wait_cost": 0.12800025939941406
}
