{
    "child_model_execute_cost_by_ms": [
        21.163999557495117
    ],
    "child_model_run_time": [
        [
            26292735,
            26313899
        ]
    ],
    "execute_cost": 21.163999557495117,
    "finish_time": 26313905,
    "limit_cost_by_ms": 18.65133285522461,
    "model_name": "resnet50",
    "recv_time": 26292619,
    "tag": "829",
    "total_cost_by_ms": 21.285999298095703,
    "wait_cost": 0.12199974060058594
}
