{
    "child_model_execute_cost_by_ms": [
        20.48200035095215
    ],
    "child_model_run_time": [
        [
            27812574,
            27833056
        ]
    ],
    "execute_cost": 20.48200035095215,
    "finish_time": 27833060,
    "limit_cost_by_ms": 18.65133285522461,
    "model_name": "resnet50",
    "recv_time": 27810400,
    "tag": "898",
    "total_cost_by_ms": 22.65999984741211,
    "wait_cost": 2.177999496459961
}
