{
    "child_model_execute_cost_by_ms": [
        8.388999938964844
    ],
    "child_model_run_time": [
        [
            11895973,
            11904362
        ]
    ],
    "execute_cost": 8.388999938964844,
    "finish_time": 11904375,
    "limit_cost_by_ms": 7.308333396911621,
    "model_name": "squeezenetv1",
    "recv_time": 11889018,
    "tag": "195",
    "total_cost_by_ms": 15.357000350952148,
    "wait_cost": 6.968000411987305
}
