{
    "child_model_execute_cost_by_ms": [
        8.753000259399414
    ],
    "child_model_run_time": [
        [
            17884904,
            17893657
        ]
    ],
    "execute_cost": 8.753000259399414,
    "finish_time": 17893663,
    "limit_cost_by_ms": 7.308333396911621,
    "model_name": "squeezenetv1",
    "recv_time": 17880460,
    "tag": "490",
    "total_cost_by_ms": 13.20300006866455,
    "wait_cost": 4.449999809265137
}
