{
    "child_model_execute_cost_by_ms": [
        8.567000389099121
    ],
    "child_model_run_time": [
        [
            9659900,
            9668467
        ]
    ],
    "execute_cost": 8.567000389099121,
    "finish_time": 9668477,
    "limit_cost_by_ms": 7.423666477203369,
    "model_name": "squeezenetv1",
    "recv_time": 9644399,
    "tag": "80",
    "total_cost_by_ms": 24.077999114990234,
    "wait_cost": 15.510998725891113
}
