{
    "child_model_execute_cost_by_ms": [
        49.40999984741211
    ],
    "child_model_run_time": [
        [
            7887405,
            7936815
        ]
    ],
    "execute_cost": 49.40999984741211,
    "finish_time": 7936820,
    "limit_cost_by_ms": 46.02433395385742,
    "model_name": "vgg19",
    "recv_time": 7887230,
    "tag": "6",
    "total_cost_by_ms": 49.59000015258789,
    "wait_cost": 0.18000030517578125
}
