{
    "child_model_execute_cost_by_ms": [
        10.59000015258789
    ],
    "child_model_run_time": [
        [
            20182464,
            20193054
        ]
    ],
    "execute_cost": 10.59000015258789,
    "finish_time": 20193062,
    "limit_cost_by_ms": 8.67300033569336,
    "model_name": "googlenet",
    "recv_time": 20182452,
    "tag": "555",
    "total_cost_by_ms": 10.609999656677246,
    "wait_cost": 0.01999950408935547
}
