{
    "child_model_execute_cost_by_ms": [
        8.107000350952148
    ],
    "child_model_run_time": [
        [
            13772012,
            13780119
        ]
    ],
    "execute_cost": 8.107000350952148,
    "finish_time": 13780126,
    "limit_cost_by_ms": 7.364999771118164,
    "model_name": "squeezenetv1",
    "recv_time": 13771844,
    "tag": "299",
    "total_cost_by_ms": 8.281999588012695,
    "wait_cost": 0.17499923706054688
}
