{
    "child_model_execute_cost_by_ms": [
        44.24599838256836
    ],
    "child_model_run_time": [
        [
            20302735,
            20346981
        ]
    ],
    "execute_cost": 44.24599838256836,
    "finish_time": 20346986,
    "limit_cost_by_ms": 47.17499923706055,
    "model_name": "vgg19",
    "recv_time": 20302589,
    "tag": "631",
    "total_cost_by_ms": 44.39699935913086,
    "wait_cost": 0.1510009765625
}
