{
    "child_model_execute_cost_by_ms": [
        19.158000946044922,
        17.791000366210938,
        20.150999069213867
    ],
    "child_model_run_time": [
        [
            15918027,
            15937185
        ],
        [
            15937221,
            15955012
        ],
        [
            15955040,
            15975191
        ]
    ],
    "execute_cost": 57.099998474121094,
    "finish_time": 15975197,
    "limit_cost_by_ms": 47.29933166503906,
    "model_name": "vgg19",
    "recv_time": 15892800,
    "tag": "353",
    "total_cost_by_ms": 82.39700317382813,
    "wait_cost": 25.29700469970703
}
