{
    "child_model_execute_cost_by_ms": [
        7.958000183105469
    ],
    "child_model_run_time": [
        [
            21732944,
            21740902
        ]
    ],
    "execute_cost": 7.958000183105469,
    "finish_time": 21740908,
    "limit_cost_by_ms": 7.423666477203369,
    "model_name": "squeezenetv1",
    "recv_time": 21712485,
    "tag": "602",
    "total_cost_by_ms": 28.42300033569336,
    "wait_cost": 20.46500015258789
}
