{
    "child_model_execute_cost_by_ms": [
        9.911999702453613
    ],
    "child_model_run_time": [
        [
            28954637,
            28964549
        ]
    ],
    "execute_cost": 9.911999702453613,
    "finish_time": 28964564,
    "limit_cost_by_ms": 8.788999557495117,
    "model_name": "googlenet",
    "recv_time": 28948585,
    "tag": "911",
    "total_cost_by_ms": 15.979000091552734,
    "wait_cost": 6.067000389099121
}
