{
    "child_model_execute_cost_by_ms": [
        11.104999542236328
    ],
    "child_model_run_time": [
        [
            21079673,
            21090778
        ]
    ],
    "execute_cost": 11.104999542236328,
    "finish_time": 21090789,
    "limit_cost_by_ms": 9.020333290100098,
    "model_name": "googlenet",
    "recv_time": 21052569,
    "tag": "153",
    "total_cost_by_ms": 38.220001220703125,
    "wait_cost": 27.115001678466797
}
