{
    "child_model_execute_cost_by_ms": [
        20.64900016784668
    ],
    "child_model_run_time": [
        [
            18459864,
            18480513
        ]
    ],
    "execute_cost": 20.64900016784668,
    "finish_time": 18480516,
    "limit_cost_by_ms": 19.23233413696289,
    "model_name": "resnet50",
    "recv_time": 18434073,
    "tag": "24",
    "total_cost_by_ms": 46.44300079345703,
    "wait_cost": 25.79400062561035
}
