{
    "child_model_execute_cost_by_ms": [
        19.131000518798828
    ],
    "child_model_run_time": [
        [
            29080850,
            29099981
        ]
    ],
    "execute_cost": 19.131000518798828,
    "finish_time": 29099983,
    "limit_cost_by_ms": 19.23233413696289,
    "model_name": "resnet50",
    "recv_time": 29068952,
    "tag": "555",
    "total_cost_by_ms": 31.0310001373291,
    "wait_cost": 11.899999618530273
}
