{
    "child_model_execute_cost_by_ms": [
        6.39900016784668
    ],
    "child_model_run_time": [
        [
            29776789,
            29783188
        ]
    ],
    "execute_cost": 6.39900016784668,
    "finish_time": 29783192,
    "limit_cost_by_ms": 6.005333423614502,
    "model_name": "yolov2",
    "recv_time": 29776714,
    "tag": "589",
    "total_cost_by_ms": 6.478000164031982,
    "wait_cost": 0.07899999618530273
}
