{
    "child_model_execute_cost_by_ms": [
        12.51200008392334
    ],
    "child_model_run_time": [
        [
            32584972,
            32597484
        ]
    ],
    "execute_cost": 12.51200008392334,
    "finish_time": 32597490,
    "limit_cost_by_ms": 9.020333290100098,
    "model_name": "googlenet",
    "recv_time": 32550220,
    "tag": "727",
    "total_cost_by_ms": 47.27000045776367,
    "wait_cost": 34.757999420166016
}
