{
    "child_model_execute_cost_by_ms": [
        19.003999710083008
    ],
    "child_model_run_time": [
        [
            19713685,
            19732689
        ]
    ],
    "execute_cost": 19.003999710083008,
    "finish_time": 19732695,
    "limit_cost_by_ms": 19.23233413696289,
    "model_name": "resnet50",
    "recv_time": 19713595,
    "tag": "87",
    "total_cost_by_ms": 19.100000381469727,
    "wait_cost": 0.09600067138671875
}
