{
    "child_model_execute_cost_by_ms": [
        44.65800094604492
    ],
    "child_model_run_time": [
        [
            12789963,
            12834621
        ]
    ],
    "execute_cost": 44.65800094604492,
    "finish_time": 12834625,
    "limit_cost_by_ms": 47.301998138427734,
    "model_name": "vgg19",
    "recv_time": 12789816,
    "tag": "248",
    "total_cost_by_ms": 44.808998107910156,
    "wait_cost": 0.15099716186523438
}
