{
    "child_model_execute_cost_by_ms": [
        20.999000549316406
    ],
    "child_model_run_time": [
        [
            17610155,
            17631154
        ]
    ],
    "execute_cost": 20.999000549316406,
    "finish_time": 17631167,
    "limit_cost_by_ms": 18.84433364868164,
    "model_name": "resnet50",
    "recv_time": 17562600,
    "tag": "483",
    "total_cost_by_ms": 68.56700134277344,
    "wait_cost": 47.56800079345703
}
