{
    "child_model_execute_cost_by_ms": [
        47.117000579833984
    ],
    "child_model_run_time": [
        [
            22483786,
            22530903
        ]
    ],
    "execute_cost": 47.117000579833984,
    "finish_time": 22530912,
    "limit_cost_by_ms": 47.301998138427734,
    "model_name": "vgg19",
    "recv_time": 22464616,
    "tag": "723",
    "total_cost_by_ms": 66.2959976196289,
    "wait_cost": 19.178997039794922
}
