{
    "child_model_execute_cost_by_ms": [
        7.861999988555908
    ],
    "child_model_run_time": [
        [
            11147909,
            11155771
        ]
    ],
    "execute_cost": 7.861999988555908,
    "finish_time": 11155779,
    "limit_cost_by_ms": 7.359333515167236,
    "model_name": "squeezenetv1",
    "recv_time": 11141086,
    "tag": "153",
    "total_cost_by_ms": 14.692999839782715,
    "wait_cost": 6.830999851226807
}
