{
    "child_model_execute_cost_by_ms": [
        22.511999130249023
    ],
    "child_model_run_time": [
        [
            7947943,
            7970455
        ]
    ],
    "execute_cost": 22.511999130249023,
    "finish_time": 7970467,
    "limit_cost_by_ms": 18.9863338470459,
    "model_name": "resnet50",
    "recv_time": 7947932,
    "tag": "3",
    "total_cost_by_ms": 22.53499984741211,
    "wait_cost": 0.023000717163085938
}
