{
    "child_model_execute_cost_by_ms": [
        21.301000595092773
    ],
    "child_model_run_time": [
        [
            12600082,
            12621383
        ]
    ],
    "execute_cost": 21.301000595092773,
    "finish_time": 12621393,
    "limit_cost_by_ms": 18.766000747680664,
    "model_name": "resnet50",
    "recv_time": 12587187,
    "tag": "215",
    "total_cost_by_ms": 34.20600128173828,
    "wait_cost": 12.905000686645508
}
