{
    "child_model_execute_cost_by_ms": [
        8.552000045776367
    ],
    "child_model_run_time": [
        [
            14314827,
            14323379
        ]
    ],
    "execute_cost": 8.552000045776367,
    "finish_time": 14323385,
    "limit_cost_by_ms": 7.359333515167236,
    "model_name": "squeezenetv1",
    "recv_time": 14314812,
    "tag": "289",
    "total_cost_by_ms": 8.572999954223633,
    "wait_cost": 0.020999908447265625
}
