{
    "child_model_execute_cost_by_ms": [
        45.91899871826172
    ],
    "child_model_run_time": [
        [
            14679783,
            14725702
        ]
    ],
    "execute_cost": 45.91899871826172,
    "finish_time": 14725707,
    "limit_cost_by_ms": 47.16400146484375,
    "model_name": "vgg19",
    "recv_time": 14660296,
    "tag": "301",
    "total_cost_by_ms": 65.41100311279297,
    "wait_cost": 19.49200439453125
}
