{
    "child_model_execute_cost_by_ms": [
        20.268999099731445
    ],
    "child_model_run_time": [
        [
            17952882,
            17973151
        ]
    ],
    "execute_cost": 20.268999099731445,
    "finish_time": 17973156,
    "limit_cost_by_ms": 18.766000747680664,
    "model_name": "resnet50",
    "recv_time": 17926538,
    "tag": "449",
    "total_cost_by_ms": 46.61800003051758,
    "wait_cost": 26.349000930786133
}
