{
    "child_model_execute_cost_by_ms": [
        46.13399887084961
    ],
    "child_model_run_time": [
        [
            18509983,
            18556117
        ]
    ],
    "execute_cost": 46.13399887084961,
    "finish_time": 18556125,
    "limit_cost_by_ms": 47.16400146484375,
    "model_name": "vgg19",
    "recv_time": 18503165,
    "tag": "469",
    "total_cost_by_ms": 52.959999084472656,
    "wait_cost": 6.826000213623047
}
