{
    "child_model_execute_cost_by_ms": [
        8.154000282287598
    ],
    "child_model_run_time": [
        [
            20778427,
            20786581
        ]
    ],
    "execute_cost": 8.154000282287598,
    "finish_time": 20786587,
    "limit_cost_by_ms": 7.359333515167236,
    "model_name": "squeezenetv1",
    "recv_time": 20778325,
    "tag": "572",
    "total_cost_by_ms": 8.26200008392334,
    "wait_cost": 0.10799980163574219
}
