{
    "child_model_execute_cost_by_ms": [
        46.26499938964844
    ],
    "child_model_run_time": [
        [
            21992922,
            22039187
        ]
    ],
    "execute_cost": 46.26499938964844,
    "finish_time": 22039194,
    "limit_cost_by_ms": 47.36066818237305,
    "model_name": "vgg19",
    "recv_time": 21992788,
    "tag": "626",
    "total_cost_by_ms": 46.40599822998047,
    "wait_cost": 0.14099884033203125
}
