{
    "child_model_execute_cost_by_ms": [
        20.472000122070313
    ],
    "child_model_run_time": [
        [
            23016189,
            23036661
        ]
    ],
    "execute_cost": 20.472000122070313,
    "finish_time": 23036667,
    "limit_cost_by_ms": 18.766000747680664,
    "model_name": "resnet50",
    "recv_time": 22981502,
    "tag": "669",
    "total_cost_by_ms": 55.165000915527344,
    "wait_cost": 34.69300079345703
}
