{
    "child_model_execute_cost_by_ms": [
        19.142000198364258
    ],
    "child_model_run_time": [
        [
            9435053,
            9454195
        ]
    ],
    "execute_cost": 19.142000198364258,
    "finish_time": 9454200,
    "limit_cost_by_ms": 18.766000747680664,
    "model_name": "resnet50",
    "recv_time": 9434921,
    "tag": "78",
    "total_cost_by_ms": 19.27899932861328,
    "wait_cost": 0.13699913024902344
}
