{
    "child_model_execute_cost_by_ms": [
        19.40999984741211
    ],
    "child_model_run_time": [
        [
            26448575,
            26467985
        ]
    ],
    "execute_cost": 19.40999984741211,
    "finish_time": 26467994,
    "limit_cost_by_ms": 18.766000747680664,
    "model_name": "resnet50",
    "recv_time": 26448429,
    "tag": "817",
    "total_cost_by_ms": 19.565000534057617,
    "wait_cost": 0.1550006866455078
}
