{
    "child_model_execute_cost_by_ms": [
        47.16400146484375
    ],
    "child_model_run_time": [
        [
            27570303,
            27617467
        ]
    ],
    "execute_cost": 47.16400146484375,
    "finish_time": 27617472,
    "limit_cost_by_ms": 47.16400146484375,
    "model_name": "vgg19",
    "recv_time": 27558458,
    "tag": "866",
    "total_cost_by_ms": 59.013999938964844,
    "wait_cost": 11.849998474121094
}
