{
    "child_model_execute_cost_by_ms": [
        8.402000427246094
    ],
    "child_model_run_time": [
        [
            28156735,
            28165137
        ]
    ],
    "execute_cost": 8.402000427246094,
    "finish_time": 28165146,
    "limit_cost_by_ms": 7.359333515167236,
    "model_name": "squeezenetv1",
    "recv_time": 28156575,
    "tag": "889",
    "total_cost_by_ms": 8.571000099182129,
    "wait_cost": 0.16899967193603516
}
