{
    "child_model_execute_cost_by_ms": [
        21.066999435424805
    ],
    "child_model_run_time": [
        [
            29345697,
            29366764
        ]
    ],
    "execute_cost": 21.066999435424805,
    "finish_time": 29366770,
    "limit_cost_by_ms": 18.766000747680664,
    "model_name": "resnet50",
    "recv_time": 29310238,
    "tag": "939",
    "total_cost_by_ms": 56.53200149536133,
    "wait_cost": 35.465003967285156
}
