{
    "child_model_execute_cost_by_ms": [
        47.69900131225586
    ],
    "child_model_run_time": [
        [
            10874951,
            10922650
        ]
    ],
    "execute_cost": 47.69900131225586,
    "finish_time": 10922652,
    "limit_cost_by_ms": 46.060333251953125,
    "model_name": "vgg19",
    "recv_time": 10874941,
    "tag": "149",
    "total_cost_by_ms": 47.71099853515625,
    "wait_cost": 0.011997222900390625
}
