{
    "child_model_execute_cost_by_ms": [
        20.260000228881836
    ],
    "child_model_run_time": [
        [
            16548691,
            16568951
        ]
    ],
    "execute_cost": 20.260000228881836,
    "finish_time": 16568955,
    "limit_cost_by_ms": 18.607999801635742,
    "model_name": "resnet50",
    "recv_time": 16548588,
    "tag": "430",
    "total_cost_by_ms": 20.367000579833984,
    "wait_cost": 0.10700035095214844
}
