{
    "child_model_execute_cost_by_ms": [
        38.36600112915039
    ],
    "child_model_run_time": [
        [
            7783258,
            7821624
        ]
    ],
    "execute_cost": 38.36600112915039,
    "finish_time": 7821629,
    "limit_cost_by_ms": 7.189666748046875,
    "model_name": "squeezenetv1",
    "recv_time": 7783189,
    "tag": "12",
    "total_cost_by_ms": 38.439998626708984,
    "wait_cost": 0.07399749755859375
}
