{
    "child_model_execute_cost_by_ms": [
        8.402999877929688
    ],
    "child_model_run_time": [
        [
            11830855,
            11839258
        ]
    ],
    "execute_cost": 8.402999877929688,
    "finish_time": 11839264,
    "limit_cost_by_ms": 7.189666748046875,
    "model_name": "squeezenetv1",
    "recv_time": 11830840,
    "tag": "194",
    "total_cost_by_ms": 8.423999786376953,
    "wait_cost": 0.020999908447265625
}
