{
    "child_model_execute_cost_by_ms": [
        46.231998443603516
    ],
    "child_model_run_time": [
        [
            11850236,
            11896468
        ]
    ],
    "execute_cost": 46.231998443603516,
    "finish_time": 11896472,
    "limit_cost_by_ms": 47.29899978637695,
    "model_name": "vgg19",
    "recv_time": 11850219,
    "tag": "196",
    "total_cost_by_ms": 46.25299835205078,
    "wait_cost": 0.020999908447265625
}
