{
    "child_model_execute_cost_by_ms": [
        19.33300018310547
    ],
    "child_model_run_time": [
        [
            12238985,
            12258318
        ]
    ],
    "execute_cost": 19.33300018310547,
    "finish_time": 12258322,
    "limit_cost_by_ms": 17.987667083740234,
    "model_name": "resnet50",
    "recv_time": 12238817,
    "tag": "213",
    "total_cost_by_ms": 19.5049991607666,
    "wait_cost": 0.1719989776611328
}
