{
    "child_model_execute_cost_by_ms": [
        59.900001525878906
    ],
    "child_model_run_time": [
        [
            13111113,
            13171013
        ]
    ],
    "execute_cost": 59.900001525878906,
    "finish_time": 13171017,
    "limit_cost_by_ms": 46.74566650390625,
    "model_name": "vgg19",
    "recv_time": 13111096,
    "tag": "253",
    "total_cost_by_ms": 59.92100143432617,
    "wait_cost": 0.020999908447265625
}
