{
    "child_model_execute_cost_by_ms": [
        69.86599731445313
    ],
    "child_model_run_time": [
        [
            13706945,
            13776811
        ]
    ],
    "execute_cost": 69.86599731445313,
    "finish_time": 13776815,
    "limit_cost_by_ms": 18.69533348083496,
    "model_name": "resnet50",
    "recv_time": 13706847,
    "tag": "281",
    "total_cost_by_ms": 69.96800231933594,
    "wait_cost": 0.1020050048828125
}
