{
    "child_model_execute_cost_by_ms": [
        10.630999565124512
    ],
    "child_model_run_time": [
        [
            14024669,
            14035300
        ]
    ],
    "execute_cost": 10.630999565124512,
    "finish_time": 14035305,
    "limit_cost_by_ms": 9.017000198364258,
    "model_name": "googlenet",
    "recv_time": 14024594,
    "tag": "295",
    "total_cost_by_ms": 10.711000442504883,
    "wait_cost": 0.0800008773803711
}
