{
    "child_model_execute_cost_by_ms": [
        45.417999267578125
    ],
    "child_model_run_time": [
        [
            14661082,
            14706500
        ]
    ],
    "execute_cost": 45.417999267578125,
    "finish_time": 14706505,
    "limit_cost_by_ms": 46.74566650390625,
    "model_name": "vgg19",
    "recv_time": 14660980,
    "tag": "325",
    "total_cost_by_ms": 45.525001525878906,
    "wait_cost": 0.10700225830078125
}
