{
    "child_model_execute_cost_by_ms": [
        70.84100341796875
    ],
    "child_model_run_time": [
        [
            15354083,
            15424924
        ]
    ],
    "execute_cost": 70.84100341796875,
    "finish_time": 15424928,
    "limit_cost_by_ms": 17.987667083740234,
    "model_name": "resnet50",
    "recv_time": 15353967,
    "tag": "358",
    "total_cost_by_ms": 70.96099853515625,
    "wait_cost": 0.1199951171875
}
