{
    "child_model_execute_cost_by_ms": [
        9.710000038146973
    ],
    "child_model_run_time": [
        [
            15739675,
            15749385
        ]
    ],
    "execute_cost": 9.710000038146973,
    "finish_time": 15749390,
    "limit_cost_by_ms": 8.744667053222656,
    "model_name": "googlenet",
    "recv_time": 15739578,
    "tag": "375",
    "total_cost_by_ms": 9.812000274658203,
    "wait_cost": 0.10200023651123047
}
