{
    "child_model_execute_cost_by_ms": [
        8.289999961853027
    ],
    "child_model_run_time": [
        [
            17413677,
            17421967
        ]
    ],
    "execute_cost": 8.289999961853027,
    "finish_time": 17421971,
    "limit_cost_by_ms": 7.189666748046875,
    "model_name": "squeezenetv1",
    "recv_time": 17413499,
    "tag": "452",
    "total_cost_by_ms": 8.472000122070313,
    "wait_cost": 0.18200016021728516
}
