{
    "child_model_execute_cost_by_ms": [
        44.91699981689453
    ],
    "child_model_run_time": [
        [
            17945932,
            17990849
        ]
    ],
    "execute_cost": 44.91699981689453,
    "finish_time": 17990856,
    "limit_cost_by_ms": 46.74566650390625,
    "model_name": "vgg19",
    "recv_time": 17945827,
    "tag": "478",
    "total_cost_by_ms": 45.02899932861328,
    "wait_cost": 0.11199951171875
}
