{
    "child_model_execute_cost_by_ms": [
        45.67599868774414
    ],
    "child_model_run_time": [
        [
            18274362,
            18320038
        ]
    ],
    "execute_cost": 45.67599868774414,
    "finish_time": 18320041,
    "limit_cost_by_ms": 46.74566650390625,
    "model_name": "vgg19",
    "recv_time": 18274344,
    "tag": "493",
    "total_cost_by_ms": 45.696998596191406,
    "wait_cost": 0.020999908447265625
}
