{
    "child_model_execute_cost_by_ms": [
        9.949000358581543
    ],
    "child_model_run_time": [
        [
            18443113,
            18453062
        ]
    ],
    "execute_cost": 9.949000358581543,
    "finish_time": 18453068,
    "limit_cost_by_ms": 9.017000198364258,
    "model_name": "googlenet",
    "recv_time": 18443099,
    "tag": "499",
    "total_cost_by_ms": 9.968999862670898,
    "wait_cost": 0.01999950408935547
}
