{
    "child_model_execute_cost_by_ms": [
        46.52899932861328
    ],
    "child_model_run_time": [
        [
            18462038,
            18508567
        ]
    ],
    "execute_cost": 46.52899932861328,
    "finish_time": 18508571,
    "limit_cost_by_ms": 47.29899978637695,
    "model_name": "vgg19",
    "recv_time": 18462027,
    "tag": "501",
    "total_cost_by_ms": 46.54399871826172,
    "wait_cost": 0.0149993896484375
}
