{
    "child_model_execute_cost_by_ms": [
        53.10900115966797
    ],
    "child_model_run_time": [
        [
            18521064,
            18574173
        ]
    ],
    "execute_cost": 53.10900115966797,
    "finish_time": 18574175,
    "limit_cost_by_ms": 7.0993332862854,
    "model_name": "squeezenetv1",
    "recv_time": 18521050,
    "tag": "504",
    "total_cost_by_ms": 53.125,
    "wait_cost": 0.01599884033203125
}
