{
    "child_model_execute_cost_by_ms": [
        8.182000160217285
    ],
    "child_model_run_time": [
        [
            19347882,
            19356064
        ]
    ],
    "execute_cost": 8.182000160217285,
    "finish_time": 19356069,
    "limit_cost_by_ms": 7.189666748046875,
    "model_name": "squeezenetv1",
    "recv_time": 19347776,
    "tag": "540",
    "total_cost_by_ms": 8.293000221252441,
    "wait_cost": 0.11100006103515625
}
