{
    "child_model_execute_cost_by_ms": [
        8.182999610900879
    ],
    "child_model_run_time": [
        [
            19487608,
            19495791
        ]
    ],
    "execute_cost": 8.182999610900879,
    "finish_time": 19495795,
    "limit_cost_by_ms": 7.0993332862854,
    "model_name": "squeezenetv1",
    "recv_time": 19487505,
    "tag": "548",
    "total_cost_by_ms": 8.289999961853027,
    "wait_cost": 0.10700035095214844
}
