{
    "child_model_execute_cost_by_ms": [
        22.48699951171875
    ],
    "child_model_run_time": [
        [
            20716089,
            20738576
        ]
    ],
    "execute_cost": 22.48699951171875,
    "finish_time": 20738580,
    "limit_cost_by_ms": 17.987667083740234,
    "model_name": "resnet50",
    "recv_time": 20715925,
    "tag": "604",
    "total_cost_by_ms": 22.655000686645508,
    "wait_cost": 0.1680011749267578
}
