{
    "child_model_execute_cost_by_ms": [
        18.83300018310547
    ],
    "child_model_run_time": [
        [
            25523958,
            25542791
        ]
    ],
    "execute_cost": 18.83300018310547,
    "finish_time": 25542794,
    "limit_cost_by_ms": 17.987667083740234,
    "model_name": "resnet50",
    "recv_time": 25523841,
    "tag": "829",
    "total_cost_by_ms": 18.952999114990234,
    "wait_cost": 0.11999893188476563
}
