{
    "child_model_execute_cost_by_ms": [
        19.898000717163086
    ],
    "child_model_run_time": [
        [
            25651708,
            25671606
        ]
    ],
    "execute_cost": 19.898000717163086,
    "finish_time": 25671611,
    "limit_cost_by_ms": 18.69533348083496,
    "model_name": "resnet50",
    "recv_time": 25651603,
    "tag": "833",
    "total_cost_by_ms": 20.007999420166016,
    "wait_cost": 0.10999870300292969
}
