{
    "child_model_execute_cost_by_ms": [
        54.05099868774414
    ],
    "child_model_run_time": [
        [
            25878600,
            25932651
        ]
    ],
    "execute_cost": 54.05099868774414,
    "finish_time": 25932654,
    "limit_cost_by_ms": 9.017000198364258,
    "model_name": "googlenet",
    "recv_time": 25878399,
    "tag": "846",
    "total_cost_by_ms": 54.255001068115234,
    "wait_cost": 0.20400238037109375
}
