{
    "child_model_execute_cost_by_ms": [
        46.573001861572266
    ],
    "child_model_run_time": [
        [
            26465633,
            26512206
        ]
    ],
    "execute_cost": 46.573001861572266,
    "finish_time": 26512210,
    "limit_cost_by_ms": 46.74566650390625,
    "model_name": "vgg19",
    "recv_time": 26465616,
    "tag": "871",
    "total_cost_by_ms": 46.59400177001953,
    "wait_cost": 0.020999908447265625
}
