{
    "child_model_execute_cost_by_ms": [
        57.15599822998047
    ],
    "child_model_run_time": [
        [
            9587761,
            9644917
        ]
    ],
    "execute_cost": 57.15599822998047,
    "finish_time": 9644919,
    "limit_cost_by_ms": 46.74566650390625,
    "model_name": "vgg19",
    "recv_time": 9587743,
    "tag": "90",
    "total_cost_by_ms": 57.17599868774414,
    "wait_cost": 0.020000457763671875
}
