{
    "child_model_execute_cost_by_ms": [
        45.59000015258789
    ],
    "child_model_run_time": [
        [
            27066826,
            27112416
        ]
    ],
    "execute_cost": 45.59000015258789,
    "finish_time": 27112420,
    "limit_cost_by_ms": 46.74566650390625,
    "model_name": "vgg19",
    "recv_time": 27066723,
    "tag": "899",
    "total_cost_by_ms": 45.696998596191406,
    "wait_cost": 0.10699844360351563
}
