{
    "child_model_execute_cost_by_ms": [
        46.45600128173828
    ],
    "child_model_run_time": [
        [
            27535987,
            27582443
        ]
    ],
    "execute_cost": 46.45600128173828,
    "finish_time": 27582447,
    "limit_cost_by_ms": 47.29899978637695,
    "model_name": "vgg19",
    "recv_time": 27535894,
    "tag": "924",
    "total_cost_by_ms": 46.553001403808594,
    "wait_cost": 0.0970001220703125
}
