{
    "child_model_execute_cost_by_ms": [
        10.23900032043457
    ],
    "child_model_run_time": [
        [
            28093311,
            28103550
        ]
    ],
    "execute_cost": 10.23900032043457,
    "finish_time": 28103556,
    "limit_cost_by_ms": 8.744667053222656,
    "model_name": "googlenet",
    "recv_time": 28093206,
    "tag": "946",
    "total_cost_by_ms": 10.350000381469727,
    "wait_cost": 0.11100006103515625
}
