{
    "child_model_execute_cost_by_ms": [
        20.389999389648438
    ],
    "child_model_run_time": [
        [
            28442746,
            28463136
        ]
    ],
    "execute_cost": 20.389999389648438,
    "finish_time": 28463140,
    "limit_cost_by_ms": 7.0993332862854,
    "model_name": "squeezenetv1",
    "recv_time": 28442642,
    "tag": "963",
    "total_cost_by_ms": 20.49799919128418,
    "wait_cost": 0.10799980163574219
}
