{
    "child_model_execute_cost_by_ms": [
        9.8100004196167
    ],
    "child_model_run_time": [
        [
            28464627,
            28474437
        ]
    ],
    "execute_cost": 9.8100004196167,
    "finish_time": 28474442,
    "limit_cost_by_ms": 9.017000198364258,
    "model_name": "googlenet",
    "recv_time": 28464465,
    "tag": "967",
    "total_cost_by_ms": 9.97700023651123,
    "wait_cost": 0.16699981689453125
}
