{
    "child_model_execute_cost_by_ms": [
        44.90399932861328
    ],
    "child_model_run_time": [
        [
            28474924,
            28519828
        ]
    ],
    "execute_cost": 44.90399932861328,
    "finish_time": 28519830,
    "limit_cost_by_ms": 47.29899978637695,
    "model_name": "vgg19",
    "recv_time": 28474826,
    "tag": "968",
    "total_cost_by_ms": 45.00400161743164,
    "wait_cost": 0.10000228881835938
}
