{
    "child_model_execute_cost_by_ms": [
        19.18899917602539,
        18.121000289916992,
        20.389999389648438
    ],
    "child_model_run_time": [
        [
            12042158,
            12061347
        ],
        [
            12071312,
            12089433
        ],
        [
            12113274,
            12133664
        ]
    ],
    "execute_cost": 57.69999694824219,
    "finish_time": 12133669,
    "limit_cost_by_ms": 47.1793327331543,
    "model_name": "vgg19",
    "recv_time": 12041988,
    "tag": "179",
    "total_cost_by_ms": 91.68099975585938,
    "wait_cost": 33.98100280761719
}
