{
    "child_model_execute_cost_by_ms": [
        19.006000518798828,
        19.37299919128418,
        20.104000091552734
    ],
    "child_model_run_time": [
        [
            13978936,
            13997942
        ],
        [
            14021092,
            14040465
        ],
        [
            14059177,
            14079281
        ]
    ],
    "execute_cost": 58.48299789428711,
    "finish_time": 14079285,
    "limit_cost_by_ms": 47.1793327331543,
    "model_name": "vgg19",
    "recv_time": 13978769,
    "tag": "262",
    "total_cost_by_ms": 100.51599884033203,
    "wait_cost": 42.03300094604492
}
