{
    "child_model_execute_cost_by_ms": [
        19.23200035095215,
        18.868000030517578,
        20.534000396728516
    ],
    "child_model_run_time": [
        [
            30686625,
            30705857
        ],
        [
            30728196,
            30747064
        ],
        [
            30747114,
            30767648
        ]
    ],
    "execute_cost": 58.63399887084961,
    "finish_time": 30767657,
    "limit_cost_by_ms": 47.1793327331543,
    "model_name": "vgg19",
    "recv_time": 30686429,
    "tag": "978",
    "total_cost_by_ms": 81.22799682617188,
    "wait_cost": 22.593997955322266
}
