{
    "child_model_execute_cost_by_ms": [
        9.682000160217285
    ],
    "child_model_run_time": [
        [
            21820161,
            21829843
        ]
    ],
    "execute_cost": 9.682000160217285,
    "finish_time": 21829850,
    "limit_cost_by_ms": 9.04033374786377,
    "model_name": "googlenet",
    "recv_time": 21767744,
    "tag": "183",
    "total_cost_by_ms": 62.10599899291992,
    "wait_cost": 52.42399978637695
}
