{
    "child_model_execute_cost_by_ms": [
        45.42599868774414
    ],
    "child_model_run_time": [
        [
            22477807,
            22523233
        ]
    ],
    "execute_cost": 45.42599868774414,
    "finish_time": 22523236,
    "limit_cost_by_ms": 46.6619987487793,
    "model_name": "vgg19",
    "recv_time": 22475545,
    "tag": "217",
    "total_cost_by_ms": 47.691001892089844,
    "wait_cost": 2.265003204345703
}
