{
    "child_model_execute_cost_by_ms": [
        22.281999588012695
    ],
    "child_model_run_time": [
        [
            22752835,
            22775117
        ]
    ],
    "execute_cost": 22.281999588012695,
    "finish_time": 22775125,
    "limit_cost_by_ms": 18.780000686645508,
    "model_name": "resnet50",
    "recv_time": 22752780,
    "tag": "231",
    "total_cost_by_ms": 22.344999313354492,
    "wait_cost": 0.06299972534179688
}
