{
    "child_model_execute_cost_by_ms": [
        10.402999877929688
    ],
    "child_model_run_time": [
        [
            23380646,
            23391049
        ]
    ],
    "execute_cost": 10.402999877929688,
    "finish_time": 23391054,
    "limit_cost_by_ms": 9.04033374786377,
    "model_name": "googlenet",
    "recv_time": 23365675,
    "tag": "263",
    "total_cost_by_ms": 25.378999710083008,
    "wait_cost": 14.97599983215332
}
