{
    "child_model_execute_cost_by_ms": [
        19.98200035095215
    ],
    "child_model_run_time": [
        [
            23560289,
            23580271
        ]
    ],
    "execute_cost": 19.98200035095215,
    "finish_time": 23580279,
    "limit_cost_by_ms": 18.780000686645508,
    "model_name": "resnet50",
    "recv_time": 23551300,
    "tag": "272",
    "total_cost_by_ms": 28.979000091552734,
    "wait_cost": 8.996999740600586
}
