{
    "child_model_execute_cost_by_ms": [
        44.763999938964844
    ],
    "child_model_run_time": [
        [
            18979326,
            19024090
        ]
    ],
    "execute_cost": 44.763999938964844,
    "finish_time": 19024094,
    "limit_cost_by_ms": 46.6619987487793,
    "model_name": "vgg19",
    "recv_time": 18979271,
    "tag": "42",
    "total_cost_by_ms": 44.823001861572266,
    "wait_cost": 0.059001922607421875
}
