{
    "child_model_execute_cost_by_ms": [
        11.4350004196167
    ],
    "child_model_run_time": [
        [
            26793681,
            26805116
        ]
    ],
    "execute_cost": 11.4350004196167,
    "finish_time": 26805121,
    "limit_cost_by_ms": 6.978333473205566,
    "model_name": "gpt128v2",
    "recv_time": 26786150,
    "tag": "433",
    "total_cost_by_ms": 18.97100067138672,
    "wait_cost": 7.5360002517700195
}
