{
    "child_model_execute_cost_by_ms": [
        45.185001373291016
    ],
    "child_model_run_time": [
        [
            27004757,
            27049942
        ]
    ],
    "execute_cost": 45.185001373291016,
    "finish_time": 27049946,
    "limit_cost_by_ms": 46.6619987487793,
    "model_name": "vgg19",
    "recv_time": 27004700,
    "tag": "444",
    "total_cost_by_ms": 45.24599838256836,
    "wait_cost": 0.06099700927734375
}
