{
    "child_model_execute_cost_by_ms": [
        6.339000225067139
    ],
    "child_model_run_time": [
        [
            28321552,
            28327891
        ]
    ],
    "execute_cost": 6.339000225067139,
    "finish_time": 28327896,
    "limit_cost_by_ms": 6.039000034332275,
    "model_name": "yolov2",
    "recv_time": 28321504,
    "tag": "510",
    "total_cost_by_ms": 6.392000198364258,
    "wait_cost": 0.05299997329711914
}
