{
    "child_model_execute_cost_by_ms": [
        10.64900016784668
    ],
    "child_model_run_time": [
        [
            30124490,
            30135139
        ]
    ],
    "execute_cost": 10.64900016784668,
    "finish_time": 30135144,
    "limit_cost_by_ms": 9.04033374786377,
    "model_name": "googlenet",
    "recv_time": 30111782,
    "tag": "600",
    "total_cost_by_ms": 23.36199951171875,
    "wait_cost": 12.71299934387207
}
