{
    "child_model_execute_cost_by_ms": [
        12.845999717712402
    ],
    "child_model_run_time": [
        [
            30136380,
            30149226
        ]
    ],
    "execute_cost": 12.845999717712402,
    "finish_time": 30149235,
    "limit_cost_by_ms": 6.978333473205566,
    "model_name": "gpt128v2",
    "recv_time": 30136337,
    "tag": "601",
    "total_cost_by_ms": 12.89799976348877,
    "wait_cost": 0.05200004577636719
}
