{
    "child_model_execute_cost_by_ms": [
        20.422000885009766
    ],
    "child_model_run_time": [
        [
            31849808,
            31870230
        ]
    ],
    "execute_cost": 20.422000885009766,
    "finish_time": 31870237,
    "limit_cost_by_ms": 18.780000686645508,
    "model_name": "resnet50",
    "recv_time": 31842556,
    "tag": "685",
    "total_cost_by_ms": 27.680999755859375,
    "wait_cost": 7.258998870849609
}
