{
    "child_model_execute_cost_by_ms": [
        22.114999771118164
    ],
    "child_model_run_time": [
        [
            19623752,
            19645867
        ]
    ],
    "execute_cost": 22.114999771118164,
    "finish_time": 19645875,
    "limit_cost_by_ms": 18.780000686645508,
    "model_name": "resnet50",
    "recv_time": 19583823,
    "tag": "73",
    "total_cost_by_ms": 62.051998138427734,
    "wait_cost": 39.93699645996094
}
