{
    "child_model_execute_cost_by_ms": [
        14.085000038146973
    ],
    "child_model_run_time": [
        [
            34375228,
            34389313
        ]
    ],
    "execute_cost": 14.085000038146973,
    "finish_time": 34389325,
    "limit_cost_by_ms": 6.978333473205566,
    "model_name": "gpt128v2",
    "recv_time": 34358782,
    "tag": "810",
    "total_cost_by_ms": 30.542999267578125,
    "wait_cost": 16.45800018310547
}
