{
    "child_model_execute_cost_by_ms": [
        45.11800003051758
    ],
    "child_model_run_time": [
        [
            19876930,
            19922048
        ]
    ],
    "execute_cost": 45.11800003051758,
    "finish_time": 19922053,
    "limit_cost_by_ms": 46.6619987487793,
    "model_name": "vgg19",
    "recv_time": 19870193,
    "tag": "87",
    "total_cost_by_ms": 51.86000061035156,
    "wait_cost": 6.742000579833984
}
