{
    "child_model_execute_cost_by_ms": [
        11.092000007629395
    ],
    "child_model_run_time": [
        [
            36565831,
            36576923
        ]
    ],
    "execute_cost": 11.092000007629395,
    "finish_time": 36576927,
    "limit_cost_by_ms": 9.04033374786377,
    "model_name": "googlenet",
    "recv_time": 36560035,
    "tag": "917",
    "total_cost_by_ms": 16.892000198364258,
    "wait_cost": 5.800000190734863
}
