{
    "child_model_execute_cost_by_ms": [
        19.417999267578125
    ],
    "child_model_run_time": [
        [
            13058327,
            13077745
        ]
    ],
    "execute_cost": 19.417999267578125,
    "finish_time": 13077752,
    "limit_cost_by_ms": 19.099666595458984,
    "model_name": "resnet50",
    "recv_time": 13058295,
    "tag": "253",
    "total_cost_by_ms": 19.457000732421875,
    "wait_cost": 0.03900146484375
}
