{
    "child_model_execute_cost_by_ms": [
        8.472000122070313
    ],
    "child_model_run_time": [
        [
            12049909,
            12058381
        ]
    ],
    "execute_cost": 8.472000122070313,
    "finish_time": 12058384,
    "limit_cost_by_ms": 7.310333251953125,
    "model_name": "squeezenetv1",
    "recv_time": 12042752,
    "tag": "226",
    "total_cost_by_ms": 15.631999969482422,
    "wait_cost": 7.159999847412109
}
