{
    "child_model_execute_cost_by_ms": [
        44.97100067138672
    ],
    "child_model_run_time": [
        [
            8451742,
            8496713
        ]
    ],
    "execute_cost": 44.97100067138672,
    "finish_time": 8496724,
    "limit_cost_by_ms": 47.28166580200195,
    "model_name": "vgg19",
    "recv_time": 8447243,
    "tag": "30",
    "total_cost_by_ms": 49.48099899291992,
    "wait_cost": 4.509998321533203
}
