{
    "child_model_execute_cost_by_ms": [
        47.36199951171875
    ],
    "child_model_run_time": [
        [
            15761182,
            15808544
        ]
    ],
    "execute_cost": 47.36199951171875,
    "finish_time": 15808549,
    "limit_cost_by_ms": 47.375999450683594,
    "model_name": "vgg19",
    "recv_time": 15565612,
    "tag": "314",
    "total_cost_by_ms": 242.93699645996094,
    "wait_cost": 195.5749969482422
}
