{
    "child_model_execute_cost_by_ms": [
        14.553000450134277,
        8.973999977111816
    ],
    "child_model_run_time": [
        [
            17064867,
            17079420
        ],
        [
            17090044,
            17099018
        ]
    ],
    "execute_cost": 23.527000427246094,
    "finish_time": 17099026,
    "limit_cost_by_ms": 18.906665802001953,
    "model_name": "resnet50",
    "recv_time": 17015219,
    "tag": "372",
    "total_cost_by_ms": 83.80699920654297,
    "wait_cost": 60.279998779296875
}
