{
    "child_model_execute_cost_by_ms": [
        15.602999687194824,
        9.385000228881836
    ],
    "child_model_run_time": [
        [
            19280247,
            19295850
        ],
        [
            19295959,
            19305344
        ]
    ],
    "execute_cost": 24.987998962402344,
    "finish_time": 19305351,
    "limit_cost_by_ms": 18.906665802001953,
    "model_name": "resnet50",
    "recv_time": 19209237,
    "tag": "460",
    "total_cost_by_ms": 96.11399841308594,
    "wait_cost": 71.1259994506836
}
