{
    "child_model_execute_cost_by_ms": [
        50.367000579833984
    ],
    "child_model_run_time": [
        [
            24052332,
            24102699
        ]
    ],
    "execute_cost": 50.367000579833984,
    "finish_time": 24102707,
    "limit_cost_by_ms": 47.375999450683594,
    "model_name": "vgg19",
    "recv_time": 23577781,
    "tag": "636",
    "total_cost_by_ms": 524.926025390625,
    "wait_cost": 474.55902099609375
}
