{
    "child_model_execute_cost_by_ms": [
        49.4630012512207
    ],
    "child_model_run_time": [
        [
            27998019,
            28047482
        ]
    ],
    "execute_cost": 49.4630012512207,
    "finish_time": 28047494,
    "limit_cost_by_ms": 47.375999450683594,
    "model_name": "vgg19",
    "recv_time": 27172885,
    "tag": "785",
    "total_cost_by_ms": 874.6090087890625,
    "wait_cost": 825.14599609375
}
