{
    "child_model_execute_cost_by_ms": [
        8.446999549865723
    ],
    "child_model_run_time": [
        [
            13982267,
            13990714
        ]
    ],
    "execute_cost": 8.446999549865723,
    "finish_time": 13990720,
    "limit_cost_by_ms": 7.200333118438721,
    "model_name": "squeezenetv1",
    "recv_time": 13982070,
    "tag": "262",
    "total_cost_by_ms": 8.649999618530273,
    "wait_cost": 0.20300006866455078
}
