{
    "child_model_execute_cost_by_ms": [
        21.013999938964844
    ],
    "child_model_run_time": [
        [
            10555608,
            10576622
        ]
    ],
    "execute_cost": 21.013999938964844,
    "finish_time": 10576635,
    "limit_cost_by_ms": 19.00200080871582,
    "model_name": "resnet50",
    "recv_time": 10551380,
    "tag": "120",
    "total_cost_by_ms": 25.2549991607666,
    "wait_cost": 4.240999221801758
}
