{
    "child_model_execute_cost_by_ms": [
        44.573001861572266
    ],
    "child_model_run_time": [
        [
            10678817,
            10723390
        ]
    ],
    "execute_cost": 44.573001861572266,
    "finish_time": 10723394,
    "limit_cost_by_ms": 47.401668548583984,
    "model_name": "vgg19",
    "recv_time": 10678667,
    "tag": "133",
    "total_cost_by_ms": 44.72700119018555,
    "wait_cost": 0.15399932861328125
}
