{
    "child_model_execute_cost_by_ms": [
        8.369000434875488
    ],
    "child_model_run_time": [
        [
            11594701,
            11603070
        ]
    ],
    "execute_cost": 8.369000434875488,
    "finish_time": 11603077,
    "limit_cost_by_ms": 7.232666492462158,
    "model_name": "squeezenetv1",
    "recv_time": 11594561,
    "tag": "167",
    "total_cost_by_ms": 8.515999794006348,
    "wait_cost": 0.14699935913085938
}
