{
    "child_model_execute_cost_by_ms": [
        45.67499923706055
    ],
    "child_model_run_time": [
        [
            12063249,
            12108924
        ]
    ],
    "execute_cost": 45.67499923706055,
    "finish_time": 12108931,
    "limit_cost_by_ms": 47.401668548583984,
    "model_name": "vgg19",
    "recv_time": 12059151,
    "tag": "194",
    "total_cost_by_ms": 49.779998779296875,
    "wait_cost": 4.104999542236328
}
