{
    "child_model_execute_cost_by_ms": [
        43.737998962402344
    ],
    "child_model_run_time": [
        [
            8184657,
            8228395
        ]
    ],
    "execute_cost": 43.737998962402344,
    "finish_time": 8228401,
    "limit_cost_by_ms": 47.401668548583984,
    "model_name": "vgg19",
    "recv_time": 8184507,
    "tag": "23",
    "total_cost_by_ms": 43.89400100708008,
    "wait_cost": 0.15600204467773438
}
