{
    "child_model_execute_cost_by_ms": [
        8.678000450134277
    ],
    "child_model_run_time": [
        [
            16936924,
            16945602
        ]
    ],
    "execute_cost": 8.678000450134277,
    "finish_time": 16945616,
    "limit_cost_by_ms": 7.39300012588501,
    "model_name": "squeezenetv1",
    "recv_time": 16896638,
    "tag": "405",
    "total_cost_by_ms": 48.97800064086914,
    "wait_cost": 40.29999923706055
}
