{
    "child_model_execute_cost_by_ms": [
        46.92300033569336
    ],
    "child_model_run_time": [
        [
            18759256,
            18806179
        ]
    ],
    "execute_cost": 46.92300033569336,
    "finish_time": 18806183,
    "limit_cost_by_ms": 47.401668548583984,
    "model_name": "vgg19",
    "recv_time": 18753774,
    "tag": "486",
    "total_cost_by_ms": 52.409000396728516,
    "wait_cost": 5.486000061035156
}
