{
    "child_model_execute_cost_by_ms": [
        20.881000518798828
    ],
    "child_model_run_time": [
        [
            18787348,
            18808229
        ]
    ],
    "execute_cost": 20.881000518798828,
    "finish_time": 18808234,
    "limit_cost_by_ms": 19.00200080871582,
    "model_name": "resnet50",
    "recv_time": 18787237,
    "tag": "487",
    "total_cost_by_ms": 20.996999740600586,
    "wait_cost": 0.11599922180175781
}
