{
    "child_model_execute_cost_by_ms": [
        8.659000396728516
    ],
    "child_model_run_time": [
        [
            21570820,
            21579479
        ]
    ],
    "execute_cost": 8.659000396728516,
    "finish_time": 21579485,
    "limit_cost_by_ms": 7.232666492462158,
    "model_name": "squeezenetv1",
    "recv_time": 21524283,
    "tag": "607",
    "total_cost_by_ms": 55.20199966430664,
    "wait_cost": 46.542999267578125
}
