{
    "child_model_execute_cost_by_ms": [
        45.61199951171875
    ],
    "child_model_run_time": [
        [
            22735470,
            22781082
        ]
    ],
    "execute_cost": 45.61199951171875,
    "finish_time": 22781089,
    "limit_cost_by_ms": 47.401668548583984,
    "model_name": "vgg19",
    "recv_time": 22735376,
    "tag": "658",
    "total_cost_by_ms": 45.7130012512207,
    "wait_cost": 0.10100173950195313
}
