{
    "child_model_execute_cost_by_ms": [
        8.6850004196167
    ],
    "child_model_run_time": [
        [
            24037647,
            24046332
        ]
    ],
    "execute_cost": 8.6850004196167,
    "finish_time": 24046338,
    "limit_cost_by_ms": 7.39300012588501,
    "model_name": "squeezenetv1",
    "recv_time": 23985507,
    "tag": "713",
    "total_cost_by_ms": 60.83100128173828,
    "wait_cost": 52.145999908447266
}
