{
    "child_model_execute_cost_by_ms": [
        8.880999565124512
    ],
    "child_model_run_time": [
        [
            24402196,
            24411077
        ]
    ],
    "execute_cost": 8.880999565124512,
    "finish_time": 24411088,
    "limit_cost_by_ms": 7.39300012588501,
    "model_name": "squeezenetv1",
    "recv_time": 24377253,
    "tag": "729",
    "total_cost_by_ms": 33.834999084472656,
    "wait_cost": 24.953998565673828
}
