{
    "child_model_execute_cost_by_ms": [
        8.395999908447266
    ],
    "child_model_run_time": [
        [
            24841957,
            24850353
        ]
    ],
    "execute_cost": 8.395999908447266,
    "finish_time": 24850359,
    "limit_cost_by_ms": 7.39300012588501,
    "model_name": "squeezenetv1",
    "recv_time": 24841870,
    "tag": "748",
    "total_cost_by_ms": 8.48900032043457,
    "wait_cost": 0.09300041198730469
}
