{
    "child_model_execute_cost_by_ms": [
        20.072999954223633
    ],
    "child_model_run_time": [
        [
            26813514,
            26833587
        ]
    ],
    "execute_cost": 20.072999954223633,
    "finish_time": 26833591,
    "limit_cost_by_ms": 18.937334060668945,
    "model_name": "resnet50",
    "recv_time": 26809324,
    "tag": "833",
    "total_cost_by_ms": 24.267000198364258,
    "wait_cost": 4.194000244140625
}
