{
    "child_model_execute_cost_by_ms": [
        8.371000289916992
    ],
    "child_model_run_time": [
        [
            28195579,
            28203950
        ]
    ],
    "execute_cost": 8.371000289916992,
    "finish_time": 28203963,
    "limit_cost_by_ms": 7.232666492462158,
    "model_name": "squeezenetv1",
    "recv_time": 28195470,
    "tag": "896",
    "total_cost_by_ms": 8.493000030517578,
    "wait_cost": 0.12199974060058594
}
