{
    "child_model_execute_cost_by_ms": [
        8.376999855041504
    ],
    "child_model_run_time": [
        [
            28382021,
            28390398
        ]
    ],
    "execute_cost": 8.376999855041504,
    "finish_time": 28390404,
    "limit_cost_by_ms": 7.39300012588501,
    "model_name": "squeezenetv1",
    "recv_time": 28381925,
    "tag": "899",
    "total_cost_by_ms": 8.479000091552734,
    "wait_cost": 0.10200023651123047
}
