{
    "child_model_execute_cost_by_ms": [
        21.23200035095215
    ],
    "child_model_run_time": [
        [
            28596331,
            28617563
        ]
    ],
    "execute_cost": 21.23200035095215,
    "finish_time": 28617568,
    "limit_cost_by_ms": 18.937334060668945,
    "model_name": "resnet50",
    "recv_time": 28576327,
    "tag": "908",
    "total_cost_by_ms": 41.24100112915039,
    "wait_cost": 20.009000778198242
}
