{
    "child_model_execute_cost_by_ms": [
        21.540000915527344
    ],
    "child_model_run_time": [
        [
            30186361,
            30207901
        ]
    ],
    "execute_cost": 21.540000915527344,
    "finish_time": 30207911,
    "limit_cost_by_ms": 18.937334060668945,
    "model_name": "resnet50",
    "recv_time": 30164966,
    "tag": "976",
    "total_cost_by_ms": 42.94499969482422,
    "wait_cost": 21.404998779296875
}
