{
    "child_model_execute_cost_by_ms": [
        8.211999893188477
    ],
    "child_model_run_time": [
        [
            10827330,
            10835542
        ]
    ],
    "execute_cost": 8.211999893188477,
    "finish_time": 10835555,
    "limit_cost_by_ms": 7.329999923706055,
    "model_name": "squeezenetv1",
    "recv_time": 10811349,
    "tag": "132",
    "total_cost_by_ms": 24.20599937438965,
    "wait_cost": 15.993999481201172
}
