{
    "child_model_execute_cost_by_ms": [
        18.85300064086914,
        17.31800079345703,
        19.72100067138672
    ],
    "child_model_run_time": [
        [
            12586228,
            12605081
        ],
        [
            12605170,
            12622488
        ],
        [
            12646223,
            12665944
        ]
    ],
    "execute_cost": 55.89200210571289,
    "finish_time": 12665948,
    "limit_cost_by_ms": 47.042999267578125,
    "model_name": "vgg19",
    "recv_time": 12586061,
    "tag": "192",
    "total_cost_by_ms": 79.88700103759766,
    "wait_cost": 23.994998931884766
}
