{
    "child_model_execute_cost_by_ms": [
        9.621000289916992
    ],
    "child_model_run_time": [
        [
            8109720,
            8119341
        ]
    ],
    "execute_cost": 9.621000289916992,
    "finish_time": 8119352,
    "limit_cost_by_ms": 8.690999984741211,
    "model_name": "googlenet",
    "recv_time": 8091123,
    "tag": "22",
    "total_cost_by_ms": 28.229000091552734,
    "wait_cost": 18.607999801635742
}
