{
    "child_model_execute_cost_by_ms": [
        9.934000015258789
    ],
    "child_model_run_time": [
        [
            13184934,
            13194868
        ]
    ],
    "execute_cost": 9.934000015258789,
    "finish_time": 13194874,
    "limit_cost_by_ms": 8.690999984741211,
    "model_name": "googlenet",
    "recv_time": 13175731,
    "tag": "226",
    "total_cost_by_ms": 19.14299964904785,
    "wait_cost": 9.208999633789063
}
