{
    "child_model_execute_cost_by_ms": [
        8.086999893188477
    ],
    "child_model_run_time": [
        [
            13896599,
            13904686
        ]
    ],
    "execute_cost": 8.086999893188477,
    "finish_time": 13904693,
    "limit_cost_by_ms": 7.329999923706055,
    "model_name": "squeezenetv1",
    "recv_time": 13890607,
    "tag": "255",
    "total_cost_by_ms": 14.086000442504883,
    "wait_cost": 5.999000549316406
}
