{
    "child_model_execute_cost_by_ms": [
        18.832000732421875,
        17.493999481201172,
        20.349000930786133
    ],
    "child_model_run_time": [
        [
            14003031,
            14021863
        ],
        [
            14021952,
            14039446
        ],
        [
            14039532,
            14059881
        ]
    ],
    "execute_cost": 56.67500305175781,
    "finish_time": 14059886,
    "limit_cost_by_ms": 47.150001525878906,
    "model_name": "vgg19",
    "recv_time": 14002861,
    "tag": "260",
    "total_cost_by_ms": 57.025001525878906,
    "wait_cost": 0.34999847412109375
}
