{
    "child_model_execute_cost_by_ms": [
        18.11199951171875,
        17.292999267578125,
        20.43400001525879
    ],
    "child_model_run_time": [
        [
            20577631,
            20595743
        ],
        [
            20595834,
            20613127
        ],
        [
            20613160,
            20633594
        ]
    ],
    "execute_cost": 55.83899688720703,
    "finish_time": 20633600,
    "limit_cost_by_ms": 47.150001525878906,
    "model_name": "vgg19",
    "recv_time": 20577500,
    "tag": "525",
    "total_cost_by_ms": 56.099998474121094,
    "wait_cost": 0.2610015869140625
}
