{
    "child_model_execute_cost_by_ms": [
        9.553000450134277
    ],
    "child_model_run_time": [
        [
            9184562,
            9194115
        ]
    ],
    "execute_cost": 9.553000450134277,
    "finish_time": 9194124,
    "limit_cost_by_ms": 8.690999984741211,
    "model_name": "googlenet",
    "recv_time": 9184466,
    "tag": "65",
    "total_cost_by_ms": 9.657999992370605,
    "wait_cost": 0.10499954223632813
}
