{
    "child_model_execute_cost_by_ms": [
        18.14699935913086,
        17.7450008392334,
        20.06999969482422
    ],
    "child_model_run_time": [
        [
            23821055,
            23839202
        ],
        [
            23849592,
            23867337
        ],
        [
            23867425,
            23887495
        ]
    ],
    "execute_cost": 55.961997985839844,
    "finish_time": 23887500,
    "limit_cost_by_ms": 47.150001525878906,
    "model_name": "vgg19",
    "recv_time": 23817355,
    "tag": "654",
    "total_cost_by_ms": 70.1449966430664,
    "wait_cost": 14.182998657226563
}
