{
    "child_model_execute_cost_by_ms": [
        10.24899959564209
    ],
    "child_model_run_time": [
        [
            24917783,
            24928032
        ]
    ],
    "execute_cost": 10.24899959564209,
    "finish_time": 24928042,
    "limit_cost_by_ms": 8.690999984741211,
    "model_name": "googlenet",
    "recv_time": 24908687,
    "tag": "698",
    "total_cost_by_ms": 19.354999542236328,
    "wait_cost": 9.105999946594238
}
