{
    "child_model_execute_cost_by_ms": [
        15.295999526977539,
        9.359000205993652
    ],
    "child_model_run_time": [
        [
            26388410,
            26403706
        ],
        [
            26403803,
            26413162
        ]
    ],
    "execute_cost": 24.654998779296875,
    "finish_time": 26413169,
    "limit_cost_by_ms": 18.86566734313965,
    "model_name": "resnet50",
    "recv_time": 26388250,
    "tag": "756",
    "total_cost_by_ms": 24.91900062561035,
    "wait_cost": 0.26400184631347656
}
