{
    "child_model_execute_cost_by_ms": [
        19.329999923706055,
        17.59600067138672,
        20.465999603271484
    ],
    "child_model_run_time": [
        [
            28896603,
            28915933
        ],
        [
            28916023,
            28933619
        ],
        [
            28933703,
            28954169
        ]
    ],
    "execute_cost": 57.39200210571289,
    "finish_time": 28954175,
    "limit_cost_by_ms": 47.150001525878906,
    "model_name": "vgg19",
    "recv_time": 28888671,
    "tag": "858",
    "total_cost_by_ms": 65.50399780273438,
    "wait_cost": 8.111995697021484
}
