{
    "child_model_execute_cost_by_ms": [
        15.49899959564209,
        9.567000389099121
    ],
    "child_model_run_time": [
        [
            29692557,
            29708056
        ],
        [
            29708155,
            29717722
        ]
    ],
    "execute_cost": 25.06599998474121,
    "finish_time": 29717730,
    "limit_cost_by_ms": 18.999332427978516,
    "model_name": "resnet50",
    "recv_time": 29682087,
    "tag": "876",
    "total_cost_by_ms": 35.643001556396484,
    "wait_cost": 10.577001571655273
}
