{
    "child_model_execute_cost_by_ms": [
        14.53600025177002,
        9.364999771118164
    ],
    "child_model_run_time": [
        [
            29638853,
            29653389
        ],
        [
            29661936,
            29671301
        ]
    ],
    "execute_cost": 23.9010009765625,
    "finish_time": 29671306,
    "limit_cost_by_ms": 18.86566734313965,
    "model_name": "resnet50",
    "recv_time": 29622635,
    "tag": "887",
    "total_cost_by_ms": 48.67100143432617,
    "wait_cost": 24.770000457763672
}
