{
    "child_model_execute_cost_by_ms": [
        18.409000396728516,
        17.349000930786133,
        21.149999618530273
    ],
    "child_model_run_time": [
        [
            30277541,
            30295950
        ],
        [
            30296050,
            30313399
        ],
        [
            30354777,
            30375927
        ]
    ],
    "execute_cost": 56.90800476074219,
    "finish_time": 30375931,
    "limit_cost_by_ms": 47.150001525878906,
    "model_name": "vgg19",
    "recv_time": 30277380,
    "tag": "914",
    "total_cost_by_ms": 98.5510025024414,
    "wait_cost": 41.64299774169922
}
