{
    "child_model_execute_cost_by_ms": [
        9.89900016784668
    ],
    "child_model_run_time": [
        [
            32139093,
            32148992
        ]
    ],
    "execute_cost": 9.89900016784668,
    "finish_time": 32148998,
    "limit_cost_by_ms": 8.690999984741211,
    "model_name": "googlenet",
    "recv_time": 32138991,
    "tag": "989",
    "total_cost_by_ms": 10.006999969482422,
    "wait_cost": 0.10799980163574219
}
