{
    "child_model_execute_cost_by_ms": [
        7.888000011444092
    ],
    "child_model_run_time": [
        [
            12385147,
            12393035
        ]
    ],
    "execute_cost": 7.888000011444092,
    "finish_time": 12393038,
    "limit_cost_by_ms": 7.35966682434082,
    "model_name": "squeezenetv1",
    "recv_time": 12385057,
    "tag": "198",
    "total_cost_by_ms": 7.980999946594238,
    "wait_cost": 0.09299993515014648
}
