{
    "child_model_execute_cost_by_ms": [
        8.914999961853027
    ],
    "child_model_run_time": [
        [
            25574186,
            25583101
        ]
    ],
    "execute_cost": 8.914999961853027,
    "finish_time": 25583115,
    "limit_cost_by_ms": 7.35966682434082,
    "model_name": "squeezenetv1",
    "recv_time": 25565665,
    "tag": "765",
    "total_cost_by_ms": 17.450000762939453,
    "wait_cost": 8.535000801086426
}
