{
    "child_model_execute_cost_by_ms": [
        8.972000122070313
    ],
    "child_model_run_time": [
        [
            26201572,
            26210544
        ]
    ],
    "execute_cost": 8.972000122070313,
    "finish_time": 26210556,
    "limit_cost_by_ms": 7.35966682434082,
    "model_name": "squeezenetv1",
    "recv_time": 26180727,
    "tag": "791",
    "total_cost_by_ms": 29.82900047302246,
    "wait_cost": 20.85700035095215
}
