{
    "child_model_execute_cost_by_ms": [
        8.79699993133545
    ],
    "child_model_run_time": [
        [
            26639405,
            26648202
        ]
    ],
    "execute_cost": 8.79699993133545,
    "finish_time": 26648214,
    "limit_cost_by_ms": 7.35966682434082,
    "model_name": "squeezenetv1",
    "recv_time": 26591540,
    "tag": "806",
    "total_cost_by_ms": 56.67399978637695,
    "wait_cost": 47.87699890136719
}
