{
    "child_model_execute_cost_by_ms": [
        20.593000411987305
    ],
    "child_model_run_time": [
        [
            27282167,
            27302760
        ]
    ],
    "execute_cost": 20.593000411987305,
    "finish_time": 27302766,
    "limit_cost_by_ms": 18.89266586303711,
    "model_name": "resnet50",
    "recv_time": 27227292,
    "tag": "834",
    "total_cost_by_ms": 75.4739990234375,
    "wait_cost": 54.88099670410156
}
