{
    "child_model_execute_cost_by_ms": [
        10.003999710083008
    ],
    "child_model_run_time": [
        [
            19534803,
            19544807
        ]
    ],
    "execute_cost": 10.003999710083008,
    "finish_time": 19544814,
    "limit_cost_by_ms": 8.727666854858398,
    "model_name": "googlenet",
    "recv_time": 19534792,
    "tag": "547",
    "total_cost_by_ms": 10.022000312805176,
    "wait_cost": 0.01800060272216797
}
