{
    "child_model_execute_cost_by_ms": [
        9.883999824523926
    ],
    "child_model_run_time": [
        [
            19789282,
            19799166
        ]
    ],
    "execute_cost": 9.883999824523926,
    "finish_time": 19799173,
    "limit_cost_by_ms": 8.727666854858398,
    "model_name": "googlenet",
    "recv_time": 19789270,
    "tag": "559",
    "total_cost_by_ms": 9.902999877929688,
    "wait_cost": 0.01900005340576172
}
