{
    "child_model_execute_cost_by_ms": [
        7.546000003814697
    ],
    "child_model_run_time": [
        [
            24132904,
            24140450
        ]
    ],
    "execute_cost": 7.546000003814697,
    "finish_time": 24140457,
    "limit_cost_by_ms": 7.000333309173584,
    "model_name": "squeezenetv1",
    "recv_time": 24132745,
    "tag": "760",
    "total_cost_by_ms": 7.711999893188477,
    "wait_cost": 0.1659998893737793
}
