{
    "child_model_execute_cost_by_ms": [
        17.76099967956543,
        17.35099983215332,
        20.784000396728516
    ],
    "child_model_run_time": [
        [
            12457915,
            12475676
        ],
        [
            12475713,
            12493064
        ],
        [
            12502882,
            12523666
        ]
    ],
    "execute_cost": 55.895999908447266,
    "finish_time": 12523671,
    "limit_cost_by_ms": 47.36199951171875,
    "model_name": "vgg19",
    "recv_time": 11573184,
    "tag": "158",
    "total_cost_by_ms": 950.4869995117188,
    "wait_cost": 894.5910034179688
}
