{
    "child_model_execute_cost_by_ms": [
        10.71500015258789
    ],
    "child_model_run_time": [
        [
            16213982,
            16224697
        ]
    ],
    "execute_cost": 10.71500015258789,
    "finish_time": 16224710,
    "limit_cost_by_ms": 9.113666534423828,
    "model_name": "googlenet",
    "recv_time": 16174605,
    "tag": "384",
    "total_cost_by_ms": 50.10499954223633,
    "wait_cost": 39.38999938964844
}
