{
    "child_model_execute_cost_by_ms": [
        10.298999786376953
    ],
    "child_model_run_time": [
        [
            9844606,
            9854905
        ]
    ],
    "execute_cost": 10.298999786376953,
    "finish_time": 9854919,
    "limit_cost_by_ms": 9.113666534423828,
    "model_name": "googlenet",
    "recv_time": 9828854,
    "tag": "90",
    "total_cost_by_ms": 26.065000534057617,
    "wait_cost": 15.766000747680664
}
