{
    "child_model_execute_cost_by_ms": [
        20.61199951171875
    ],
    "child_model_run_time": [
        [
            11714386,
            11734998
        ]
    ],
    "execute_cost": 20.61199951171875,
    "finish_time": 11735004,
    "limit_cost_by_ms": 18.71266746520996,
    "model_name": "resnet50",
    "recv_time": 11714273,
    "tag": "145",
    "total_cost_by_ms": 20.731000900268555,
    "wait_cost": 0.11900138854980469
}
