{
    "child_model_execute_cost_by_ms": [
        46.00299835205078
    ],
    "child_model_run_time": [
        [
            29580412,
            29626415
        ]
    ],
    "execute_cost": 46.00299835205078,
    "finish_time": 29626423,
    "limit_cost_by_ms": 8.812666893005371,
    "model_name": "googlenet",
    "recv_time": 29580367,
    "tag": "944",
    "total_cost_by_ms": 46.055999755859375,
    "wait_cost": 0.05300140380859375
}
