{
    "child_model_execute_cost_by_ms": [
        10.581000328063965
    ],
    "child_model_run_time": [
        [
            25401840,
            25412421
        ]
    ],
    "execute_cost": 10.581000328063965,
    "finish_time": 25412427,
    "limit_cost_by_ms": 9.04033374786377,
    "model_name": "googlenet",
    "recv_time": 25391338,
    "tag": "655",
    "total_cost_by_ms": 21.089000701904297,
    "wait_cost": 10.508000373840332
}
