{
    "child_model_execute_cost_by_ms": [
        14.093000411987305,
        8.954000473022461
    ],
    "child_model_run_time": [
        [
            27724870,
            27738963
        ],
        [
            27746798,
            27755752
        ]
    ],
    "execute_cost": 23.047000885009766,
    "finish_time": 27755757,
    "limit_cost_by_ms": 18.982666015625,
    "model_name": "resnet50",
    "recv_time": 27724788,
    "tag": "742",
    "total_cost_by_ms": 30.9689998626709,
    "wait_cost": 7.921998977661133
}
