{
    "child_model_execute_cost_by_ms": [
        46.53900146484375
    ],
    "child_model_run_time": [
        [
            14992256,
            15038795
        ]
    ],
    "execute_cost": 46.53900146484375,
    "finish_time": 15038802,
    "limit_cost_by_ms": 47.54399871826172,
    "model_name": "vgg19",
    "recv_time": 14503982,
    "tag": "289",
    "total_cost_by_ms": 534.8200073242188,
    "wait_cost": 488.281005859375
}
