{
    "child_model_execute_cost_by_ms": [
        8.930999755859375
    ],
    "child_model_run_time": [
        [
            18995333,
            19004264
        ]
    ],
    "execute_cost": 8.930999755859375,
    "finish_time": 19004276,
    "limit_cost_by_ms": 7.420333385467529,
    "model_name": "squeezenetv1",
    "recv_time": 18970922,
    "tag": "458",
    "total_cost_by_ms": 33.354000091552734,
    "wait_cost": 24.42300033569336
}
