{
    "child_model_execute_cost_by_ms": [
        49.47700119018555
    ],
    "child_model_run_time": [
        [
            21806756,
            21856233
        ]
    ],
    "execute_cost": 49.47700119018555,
    "finish_time": 21856237,
    "limit_cost_by_ms": 47.54399871826172,
    "model_name": "vgg19",
    "recv_time": 20676302,
    "tag": "544",
    "total_cost_by_ms": 1179.93505859375,
    "wait_cost": 1130.4580078125
}
