{
    "child_model_execute_cost_by_ms": [
        20.844999313354492
    ],
    "child_model_run_time": [
        [
            22020822,
            22041667
        ]
    ],
    "execute_cost": 20.844999313354492,
    "finish_time": 22041676,
    "limit_cost_by_ms": 19.030332565307617,
    "model_name": "resnet50",
    "recv_time": 21999795,
    "tag": "584",
    "total_cost_by_ms": 41.88100051879883,
    "wait_cost": 21.036001205444336
}
