{
    "child_model_execute_cost_by_ms": [
        51.637001037597656
    ],
    "child_model_run_time": [
        [
            23440314,
            23491951
        ]
    ],
    "execute_cost": 51.637001037597656,
    "finish_time": 23491957,
    "limit_cost_by_ms": 47.54399871826172,
    "model_name": "vgg19",
    "recv_time": 22114445,
    "tag": "602",
    "total_cost_by_ms": 1377.511962890625,
    "wait_cost": 1325.875
}
