{
    "child_model_execute_cost_by_ms": [
        51.7400016784668
    ],
    "child_model_run_time": [
        [
            23555178,
            23606918
        ]
    ],
    "execute_cost": 51.7400016784668,
    "finish_time": 23606924,
    "limit_cost_by_ms": 47.54399871826172,
    "model_name": "vgg19",
    "recv_time": 22180473,
    "tag": "605",
    "total_cost_by_ms": 1426.4510498046875,
    "wait_cost": 1374.7110595703125
}
