{
    "child_model_execute_cost_by_ms": [
        48.987998962402344
    ],
    "child_model_run_time": [
        [
            32143532,
            32192520
        ]
    ],
    "execute_cost": 48.987998962402344,
    "finish_time": 32192528,
    "limit_cost_by_ms": 47.31266784667969,
    "model_name": "vgg19",
    "recv_time": 30768067,
    "tag": "951",
    "total_cost_by_ms": 1424.4610595703125,
    "wait_cost": 1375.4730224609375
}
