{
    "child_model_execute_cost_by_ms": [
        10.711000442504883
    ],
    "child_model_run_time": [
        [
            29388131,
            29398842
        ]
    ],
    "execute_cost": 10.711000442504883,
    "finish_time": 29398847,
    "limit_cost_by_ms": 8.68066692352295,
    "model_name": "googlenet",
    "recv_time": 29387924,
    "tag": "928",
    "total_cost_by_ms": 10.92300033569336,
    "wait_cost": 0.21199989318847656
}
