{
    "child_model_execute_cost_by_ms": [
        10.54800033569336
    ],
    "child_model_run_time": [
        [
            29978146,
            29988694
        ]
    ],
    "execute_cost": 10.54800033569336,
    "finish_time": 29988700,
    "limit_cost_by_ms": 8.68066692352295,
    "model_name": "googlenet",
    "recv_time": 29957277,
    "tag": "954",
    "total_cost_by_ms": 31.42300033569336,
    "wait_cost": 20.875
}
