{
    "child_model_execute_cost_by_ms": [
        81.28600311279297
    ],
    "child_model_run_time": [
        [
            18947082,
            19028368
        ]
    ],
    "execute_cost": 81.28600311279297,
    "finish_time": 19028371,
    "limit_cost_by_ms": 8.619999885559082,
    "model_name": "googlenet",
    "recv_time": 18946992,
    "tag": "19",
    "total_cost_by_ms": 81.37899780273438,
    "wait_cost": 0.09299468994140625
}
