{
    "child_model_execute_cost_by_ms": [
        44.35900115966797
    ],
    "child_model_run_time": [
        [
            22870609,
            22914968
        ]
    ],
    "execute_cost": 44.35900115966797,
    "finish_time": 22914973,
    "limit_cost_by_ms": 5.873000144958496,
    "model_name": "yolov2",
    "recv_time": 22870571,
    "tag": "194",
    "total_cost_by_ms": 44.402000427246094,
    "wait_cost": 0.042999267578125
}
