{
    "child_model_execute_cost_by_ms": [
        45.04499816894531
    ],
    "child_model_run_time": [
        [
            19054053,
            19099098
        ]
    ],
    "execute_cost": 45.04499816894531,
    "finish_time": 19099100,
    "limit_cost_by_ms": 44.631778717041016,
    "model_name": "vgg19",
    "recv_time": 19053897,
    "tag": "22",
    "total_cost_by_ms": 45.202999114990234,
    "wait_cost": 0.15800094604492188
}
