{
    "child_model_execute_cost_by_ms": [
        69.49299621582031
    ],
    "child_model_run_time": [
        [
            25941251,
            26010744
        ]
    ],
    "execute_cost": 69.49299621582031,
    "finish_time": 26010748,
    "limit_cost_by_ms": 17.795333862304688,
    "model_name": "resnet50",
    "recv_time": 25941198,
    "tag": "334",
    "total_cost_by_ms": 69.55000305175781,
    "wait_cost": 0.0570068359375
}
