{
    "child_model_execute_cost_by_ms": [
        46.486000061035156
    ],
    "child_model_run_time": [
        [
            27855623,
            27902109
        ]
    ],
    "execute_cost": 46.486000061035156,
    "finish_time": 27902111,
    "limit_cost_by_ms": 44.631778717041016,
    "model_name": "vgg19",
    "recv_time": 27855609,
    "tag": "419",
    "total_cost_by_ms": 46.50199890136719,
    "wait_cost": 0.01599884033203125
}
