{
    "child_model_execute_cost_by_ms": [
        51.39500045776367
    ],
    "child_model_run_time": [
        [
            29918952,
            29970347
        ]
    ],
    "execute_cost": 51.39500045776367,
    "finish_time": 29970351,
    "limit_cost_by_ms": 5.873000144958496,
    "model_name": "yolov2",
    "recv_time": 29918901,
    "tag": "516",
    "total_cost_by_ms": 51.45000076293945,
    "wait_cost": 0.05500030517578125
}
