{
    "child_model_execute_cost_by_ms": [
        55.111000061035156
    ],
    "child_model_run_time": [
        [
            30231596,
            30286707
        ]
    ],
    "execute_cost": 55.111000061035156,
    "finish_time": 30286711,
    "limit_cost_by_ms": 5.873000144958496,
    "model_name": "yolov2",
    "recv_time": 30231498,
    "tag": "531",
    "total_cost_by_ms": 55.2130012512207,
    "wait_cost": 0.10200119018554688
}
