{
    "child_model_execute_cost_by_ms": [
        18.51099967956543
    ],
    "child_model_run_time": [
        [
            19740460,
            19758971
        ]
    ],
    "execute_cost": 18.51099967956543,
    "finish_time": 19758976,
    "limit_cost_by_ms": 7.020333290100098,
    "model_name": "gpt128v2",
    "recv_time": 19740446,
    "tag": "55",
    "total_cost_by_ms": 18.530000686645508,
    "wait_cost": 0.019001007080078125
}
