{
    "child_model_execute_cost_by_ms": [
        18.38599967956543
    ],
    "child_model_run_time": [
        [
            30592105,
            30610491
        ]
    ],
    "execute_cost": 18.38599967956543,
    "finish_time": 30610496,
    "limit_cost_by_ms": 8.619999885559082,
    "model_name": "googlenet",
    "recv_time": 30592051,
    "tag": "547",
    "total_cost_by_ms": 18.44499969482422,
    "wait_cost": 0.05900001525878906
}
