{
    "child_model_execute_cost_by_ms": [
        31.180999755859375
    ],
    "child_model_run_time": [
        [
            30822633,
            30853814
        ]
    ],
    "execute_cost": 31.180999755859375,
    "finish_time": 30853817,
    "limit_cost_by_ms": 17.795333862304688,
    "model_name": "resnet50",
    "recv_time": 30822577,
    "tag": "559",
    "total_cost_by_ms": 31.239999771118164,
    "wait_cost": 0.05900001525878906
}
