{
    "child_model_execute_cost_by_ms": [
        21.562000274658203
    ],
    "child_model_run_time": [
        [
            31157478,
            31179040
        ]
    ],
    "execute_cost": 21.562000274658203,
    "finish_time": 31179044,
    "limit_cost_by_ms": 8.619999885559082,
    "model_name": "googlenet",
    "recv_time": 31157428,
    "tag": "575",
    "total_cost_by_ms": 21.615999221801758,
    "wait_cost": 0.05399894714355469
}
