{
    "child_model_execute_cost_by_ms": [
        51.99399948120117
    ],
    "child_model_run_time": [
        [
            19868606,
            19920600
        ]
    ],
    "execute_cost": 51.99399948120117,
    "finish_time": 19920602,
    "limit_cost_by_ms": 44.631778717041016,
    "model_name": "vgg19",
    "recv_time": 19868561,
    "tag": "61",
    "total_cost_by_ms": 52.04100036621094,
    "wait_cost": 0.047000885009765625
}
