{
    "child_model_execute_cost_by_ms": [
        46.70600128173828
    ],
    "child_model_run_time": [
        [
            32855730,
            32902436
        ]
    ],
    "execute_cost": 46.70600128173828,
    "finish_time": 32902437,
    "limit_cost_by_ms": 44.631778717041016,
    "model_name": "vgg19",
    "recv_time": 32855665,
    "tag": "652",
    "total_cost_by_ms": 46.77199935913086,
    "wait_cost": 0.06599807739257813
}
