{
    "child_model_execute_cost_by_ms": [
        34.12799835205078
    ],
    "child_model_run_time": [
        [
            32922926,
            32957054
        ]
    ],
    "execute_cost": 34.12799835205078,
    "finish_time": 32957058,
    "limit_cost_by_ms": 5.873000144958496,
    "model_name": "yolov2",
    "recv_time": 32922877,
    "tag": "656",
    "total_cost_by_ms": 34.180999755859375,
    "wait_cost": 0.05300140380859375
}
