{
    "child_model_execute_cost_by_ms": [
        51.696998596191406
    ],
    "child_model_run_time": [
        [
            20321977,
            20373674
        ]
    ],
    "execute_cost": 51.696998596191406,
    "finish_time": 20373676,
    "limit_cost_by_ms": 44.631778717041016,
    "model_name": "vgg19",
    "recv_time": 20321924,
    "tag": "81",
    "total_cost_by_ms": 51.75199890136719,
    "wait_cost": 0.05500030517578125
}
