{
    "child_model_execute_cost_by_ms": [
        45.02000045776367
    ],
    "child_model_run_time": [
        [
            11171657,
            11216677
        ]
    ],
    "execute_cost": 45.02000045776367,
    "finish_time": 11216680,
    "limit_cost_by_ms": 47.28666687011719,
    "model_name": "vgg19",
    "recv_time": 11171640,
    "tag": "141",
    "total_cost_by_ms": 45.040000915527344,
    "wait_cost": 0.020000457763671875
}
