{
    "child_model_execute_cost_by_ms": [
        59.36199951171875
    ],
    "child_model_run_time": [
        [
            18784712,
            18844074
        ]
    ],
    "execute_cost": 59.36199951171875,
    "finish_time": 18844079,
    "limit_cost_by_ms": 18.958999633789063,
    "model_name": "resnet50",
    "recv_time": 18784698,
    "tag": "461",
    "total_cost_by_ms": 59.38100051879883,
    "wait_cost": 0.019001007080078125
}
