{
    "child_model_execute_cost_by_ms": [
        46.902000427246094
    ],
    "child_model_run_time": [
        [
            20700147,
            20747049
        ]
    ],
    "execute_cost": 46.902000427246094,
    "finish_time": 20747054,
    "limit_cost_by_ms": 47.19300079345703,
    "model_name": "vgg19",
    "recv_time": 20690253,
    "tag": "649",
    "total_cost_by_ms": 56.80099868774414,
    "wait_cost": 9.898998260498047
}
