{
    "child_model_execute_cost_by_ms": [
        10.395000457763672
    ],
    "child_model_run_time": [
        [
            17062391,
            17072786
        ]
    ],
    "execute_cost": 10.395000457763672,
    "finish_time": 17072798,
    "limit_cost_by_ms": 8.737333297729492,
    "model_name": "googlenet",
    "recv_time": 17051681,
    "tag": "371",
    "total_cost_by_ms": 21.117000579833984,
    "wait_cost": 10.722000122070313
}
