{
    "child_model_execute_cost_by_ms": [
        8.192000389099121
    ],
    "child_model_run_time": [
        [
            27076002,
            27084194
        ]
    ],
    "execute_cost": 8.192000389099121,
    "finish_time": 27084203,
    "limit_cost_by_ms": 7.274333477020264,
    "model_name": "squeezenetv1",
    "recv_time": 27073505,
    "tag": "775",
    "total_cost_by_ms": 10.697999954223633,
    "wait_cost": 2.5059995651245117
}
