{
    "child_model_execute_cost_by_ms": [
        10.576000213623047
    ],
    "child_model_run_time": [
        [
            30736993,
            30747569
        ]
    ],
    "execute_cost": 10.576000213623047,
    "finish_time": 30747582,
    "limit_cost_by_ms": 9.208000183105469,
    "model_name": "googlenet",
    "recv_time": 30726629,
    "tag": "953",
    "total_cost_by_ms": 20.952999114990234,
    "wait_cost": 10.376998901367188
}
