{
    "child_model_execute_cost_by_ms": [
        12.272000312805176
    ],
    "child_model_run_time": [
        [
            21728979,
            21741251
        ]
    ],
    "execute_cost": 12.272000312805176,
    "finish_time": 21741261,
    "limit_cost_by_ms": 8.563666343688965,
    "model_name": "googlenet",
    "recv_time": 21696132,
    "tag": "145",
    "total_cost_by_ms": 45.12900161743164,
    "wait_cost": 32.85700225830078
}
