{
    "child_model_execute_cost_by_ms": [
        18.679000854492188,
        17.44499969482422,
        19.790000915527344
    ],
    "child_model_run_time": [
        [
            22956341,
            22975020
        ],
        [
            23000447,
            23017892
        ],
        [
            23052913,
            23072703
        ]
    ],
    "execute_cost": 55.91400146484375,
    "finish_time": 23072710,
    "limit_cost_by_ms": 44.711334228515625,
    "model_name": "vgg19",
    "recv_time": 22623963,
    "tag": "185",
    "total_cost_by_ms": 448.74700927734375,
    "wait_cost": 392.8330078125
}
