{
    "child_model_execute_cost_by_ms": [
        17.54400062561035,
        17.53499984741211,
        21.825000762939453
    ],
    "child_model_run_time": [
        [
            27655074,
            27672618
        ],
        [
            27697230,
            27714765
        ],
        [
            27733717,
            27755542
        ]
    ],
    "execute_cost": 56.90400314331055,
    "finish_time": 27755548,
    "limit_cost_by_ms": 44.711334228515625,
    "model_name": "vgg19",
    "recv_time": 27329986,
    "tag": "389",
    "total_cost_by_ms": 425.56201171875,
    "wait_cost": 368.65802001953125
}
