{
    "child_model_execute_cost_by_ms": [
        18.000999450683594,
        17.225000381469727,
        19.756999969482422
    ],
    "child_model_run_time": [
        [
            29568991,
            29586992
        ],
        [
            29613405,
            29630630
        ],
        [
            29630712,
            29650469
        ]
    ],
    "execute_cost": 54.98299789428711,
    "finish_time": 29650472,
    "limit_cost_by_ms": 44.711334228515625,
    "model_name": "vgg19",
    "recv_time": 29375194,
    "tag": "479",
    "total_cost_by_ms": 275.27801513671875,
    "wait_cost": 220.29501342773438
}
