{
    "child_model_execute_cost_by_ms": [
        12.369000434875488
    ],
    "child_model_run_time": [
        [
            30372594,
            30384963
        ]
    ],
    "execute_cost": 12.369000434875488,
    "finish_time": 30384971,
    "limit_cost_by_ms": 6.99566650390625,
    "model_name": "gpt128v2",
    "recv_time": 30369441,
    "tag": "522",
    "total_cost_by_ms": 15.529999732971191,
    "wait_cost": 3.160999298095703
}
