{
    "child_model_execute_cost_by_ms": [
        16.36400032043457
    ],
    "child_model_run_time": [
        [
            32608753,
            32625117
        ]
    ],
    "execute_cost": 16.36400032043457,
    "finish_time": 32625129,
    "limit_cost_by_ms": 6.99566650390625,
    "model_name": "gpt128v2",
    "recv_time": 32603231,
    "tag": "619",
    "total_cost_by_ms": 21.898000717163086,
    "wait_cost": 5.534000396728516
}
