{
    "child_model_execute_cost_by_ms": [
        12.130000114440918
    ],
    "child_model_run_time": [
        [
            33360045,
            33372175
        ]
    ],
    "execute_cost": 12.130000114440918,
    "finish_time": 33372187,
    "limit_cost_by_ms": 8.563666343688965,
    "model_name": "googlenet",
    "recv_time": 33342531,
    "tag": "651",
    "total_cost_by_ms": 29.6560001373291,
    "wait_cost": 17.5260009765625
}
