{
    "child_model_execute_cost_by_ms": [
        12.057000160217285
    ],
    "child_model_run_time": [
        [
            35981452,
            35993509
        ]
    ],
    "execute_cost": 12.057000160217285,
    "finish_time": 35993517,
    "limit_cost_by_ms": 8.563666343688965,
    "model_name": "googlenet",
    "recv_time": 35946792,
    "tag": "767",
    "total_cost_by_ms": 46.724998474121094,
    "wait_cost": 34.667999267578125
}
