{
    "child_model_execute_cost_by_ms": [
        12.105999946594238
    ],
    "child_model_run_time": [
        [
            36079630,
            36091736
        ]
    ],
    "execute_cost": 12.105999946594238,
    "finish_time": 36091748,
    "limit_cost_by_ms": 8.563666343688965,
    "model_name": "googlenet",
    "recv_time": 36057270,
    "tag": "772",
    "total_cost_by_ms": 34.47800064086914,
    "wait_cost": 22.37200164794922
}
