{
    "child_model_execute_cost_by_ms": [
        10.0
    ],
    "child_model_run_time": [
        [
            36679741,
            36689741
        ]
    ],
    "execute_cost": 10.0,
    "finish_time": 36689751,
    "limit_cost_by_ms": 8.563666343688965,
    "model_name": "googlenet",
    "recv_time": 36666541,
    "tag": "799",
    "total_cost_by_ms": 23.209999084472656,
    "wait_cost": 13.209999084472656
}
