{
    "child_model_execute_cost_by_ms": [
        13.322999954223633
    ],
    "child_model_run_time": [
        [
            20364233,
            20377556
        ]
    ],
    "execute_cost": 13.322999954223633,
    "finish_time": 20377564,
    "limit_cost_by_ms": 6.99566650390625,
    "model_name": "gpt128v2",
    "recv_time": 20350287,
    "tag": "85",
    "total_cost_by_ms": 27.277000427246094,
    "wait_cost": 13.954000473022461
}
