{
    "child_model_execute_cost_by_ms": [
        60.071998596191406
    ],
    "child_model_run_time": [
        [
            16914390,
            16974462
        ]
    ],
    "execute_cost": 60.071998596191406,
    "finish_time": 16974466,
    "limit_cost_by_ms": 47.481666564941406,
    "model_name": "vgg19",
    "recv_time": 16914244,
    "tag": "364",
    "total_cost_by_ms": 60.22200012207031,
    "wait_cost": 0.15000152587890625
}
