{
    "child_model_execute_cost_by_ms": [
        8.553000450134277
    ],
    "child_model_run_time": [
        [
            21489451,
            21498004
        ]
    ],
    "execute_cost": 8.553000450134277,
    "finish_time": 21498009,
    "limit_cost_by_ms": 7.518666744232178,
    "model_name": "squeezenetv1",
    "recv_time": 21489298,
    "tag": "540",
    "total_cost_by_ms": 8.711000442504883,
    "wait_cost": 0.15799999237060547
}
