{
    "child_model_execute_cost_by_ms": [
        58.683998107910156
    ],
    "child_model_run_time": [
        [
            31524691,
            31583375
        ]
    ],
    "execute_cost": 58.683998107910156,
    "finish_time": 31583379,
    "limit_cost_by_ms": 19.114999771118164,
    "model_name": "resnet50",
    "recv_time": 31524675,
    "tag": "921",
    "total_cost_by_ms": 58.70399856567383,
    "wait_cost": 0.020000457763671875
}
