{
    "child_model_execute_cost_by_ms": [
        8.20199966430664
    ],
    "child_model_run_time": [
        [
            16441033,
            16449235
        ]
    ],
    "execute_cost": 8.20199966430664,
    "finish_time": 16449246,
    "limit_cost_by_ms": 7.145666599273682,
    "model_name": "squeezenetv1",
    "recv_time": 16441022,
    "tag": "436",
    "total_cost_by_ms": 8.223999977111816,
    "wait_cost": 0.02200031280517578
}
