{
    "child_model_execute_cost_by_ms": [
        9.89900016784668
    ],
    "child_model_run_time": [
        [
            19034724,
            19044623
        ]
    ],
    "execute_cost": 9.89900016784668,
    "finish_time": 19044630,
    "limit_cost_by_ms": 8.75,
    "model_name": "googlenet",
    "recv_time": 19034709,
    "tag": "566",
    "total_cost_by_ms": 9.920999526977539,
    "wait_cost": 0.021999359130859375
}
