{
    "child_model_execute_cost_by_ms": [
        8.092000007629395
    ],
    "child_model_run_time": [
        [
            23170125,
            23178217
        ]
    ],
    "execute_cost": 8.092000007629395,
    "finish_time": 23178223,
    "limit_cost_by_ms": 7.145666599273682,
    "model_name": "squeezenetv1",
    "recv_time": 23169957,
    "tag": "775",
    "total_cost_by_ms": 8.265999794006348,
    "wait_cost": 0.17399978637695313
}
