{
    "child_model_execute_cost_by_ms": [
        8.470999717712402
    ],
    "child_model_run_time": [
        [
            26524822,
            26533293
        ]
    ],
    "execute_cost": 8.470999717712402,
    "finish_time": 26533297,
    "limit_cost_by_ms": 7.145666599273682,
    "model_name": "squeezenetv1",
    "recv_time": 26516666,
    "tag": "945",
    "total_cost_by_ms": 16.631000518798828,
    "wait_cost": 8.160000801086426
}
