{
    "child_model_execute_cost_by_ms": [
        46.72999954223633
    ],
    "child_model_run_time": [
        [
            27167889,
            27214619
        ]
    ],
    "execute_cost": 46.72999954223633,
    "finish_time": 27214623,
    "limit_cost_by_ms": 47.15800094604492,
    "model_name": "vgg19",
    "recv_time": 27145906,
    "tag": "979",
    "total_cost_by_ms": 68.71700286865234,
    "wait_cost": 21.987003326416016
}
