{
    "child_model_execute_cost_by_ms": [
        9.937000274658203
    ],
    "child_model_run_time": [
        [
            10851735,
            10861672
        ]
    ],
    "execute_cost": 9.937000274658203,
    "finish_time": 10861679,
    "limit_cost_by_ms": 8.788000106811523,
    "model_name": "googlenet",
    "recv_time": 10847817,
    "tag": "146",
    "total_cost_by_ms": 13.862000465393066,
    "wait_cost": 3.9250001907348633
}
