{
    "child_model_execute_cost_by_ms": [
        8.343000411987305
    ],
    "child_model_run_time": [
        [
            27920753,
            27929096
        ]
    ],
    "execute_cost": 8.343000411987305,
    "finish_time": 27929107,
    "limit_cost_by_ms": 7.206333160400391,
    "model_name": "squeezenetv1",
    "recv_time": 27920646,
    "tag": "959",
    "total_cost_by_ms": 8.461000442504883,
    "wait_cost": 0.11800003051757813
}
