{
    "child_model_execute_cost_by_ms": [
        19.0049991607666,
        17.67099952697754,
        20.18400001525879
    ],
    "child_model_run_time": [
        [
            11897129,
            11916134
        ],
        [
            11916230,
            11933901
        ],
        [
            11933944,
            11954128
        ]
    ],
    "execute_cost": 56.86000061035156,
    "finish_time": 11954132,
    "limit_cost_by_ms": 47.44900131225586,
    "model_name": "vgg19",
    "recv_time": 11896972,
    "tag": "161",
    "total_cost_by_ms": 57.15999984741211,
    "wait_cost": 0.2999992370605469
}
