{
    "child_model_execute_cost_by_ms": [
        9.944999694824219
    ],
    "child_model_run_time": [
        [
            12212570,
            12222515
        ]
    ],
    "execute_cost": 9.944999694824219,
    "finish_time": 12222525,
    "limit_cost_by_ms": 9.224666595458984,
    "model_name": "googlenet",
    "recv_time": 12208921,
    "tag": "172",
    "total_cost_by_ms": 13.604000091552734,
    "wait_cost": 3.6590003967285156
}
