{
    "child_model_execute_cost_by_ms": [
        14.779000282287598,
        8.746000289916992
    ],
    "child_model_run_time": [
        [
            16971531,
            16986310
        ],
        [
            16986404,
            16995150
        ]
    ],
    "execute_cost": 23.525001525878906,
    "finish_time": 16995156,
    "limit_cost_by_ms": 18.97533416748047,
    "model_name": "resnet50",
    "recv_time": 16971366,
    "tag": "346",
    "total_cost_by_ms": 23.790000915527344,
    "wait_cost": 0.2649993896484375
}
