{
    "child_model_execute_cost_by_ms": [
        8.315999984741211
    ],
    "child_model_run_time": [
        [
            18845232,
            18853548
        ]
    ],
    "execute_cost": 8.315999984741211,
    "finish_time": 18853562,
    "limit_cost_by_ms": 7.62066650390625,
    "model_name": "squeezenetv1",
    "recv_time": 18833553,
    "tag": "415",
    "total_cost_by_ms": 20.009000778198242,
    "wait_cost": 11.693000793457031
}
