{
    "child_model_execute_cost_by_ms": [
        18.719999313354492,
        17.257999420166016,
        21.165000915527344
    ],
    "child_model_run_time": [
        [
            24496110,
            24514830
        ],
        [
            24514872,
            24532130
        ],
        [
            24532165,
            24553330
        ]
    ],
    "execute_cost": 57.14299774169922,
    "finish_time": 24553336,
    "limit_cost_by_ms": 47.44900131225586,
    "model_name": "vgg19",
    "recv_time": 24496067,
    "tag": "618",
    "total_cost_by_ms": 57.26900100708008,
    "wait_cost": 0.12600326538085938
}
