{
    "child_model_execute_cost_by_ms": [
        19.891000747680664,
        18.31800079345703,
        21.180999755859375
    ],
    "child_model_run_time": [
        [
            27325849,
            27345740
        ],
        [
            27345831,
            27364149
        ],
        [
            27364167,
            27385348
        ]
    ],
    "execute_cost": 59.38999938964844,
    "finish_time": 27385355,
    "limit_cost_by_ms": 47.44900131225586,
    "model_name": "vgg19",
    "recv_time": 27325732,
    "tag": "720",
    "total_cost_by_ms": 59.62300109863281,
    "wait_cost": 0.233001708984375
}
