{
    "child_model_execute_cost_by_ms": [
        9.776000022888184
    ],
    "child_model_run_time": [
        [
            29783287,
            29793063
        ]
    ],
    "execute_cost": 9.776000022888184,
    "finish_time": 29793072,
    "limit_cost_by_ms": 9.224666595458984,
    "model_name": "googlenet",
    "recv_time": 29770300,
    "tag": "807",
    "total_cost_by_ms": 22.77199935913086,
    "wait_cost": 12.995999336242676
}
