{
    "child_model_execute_cost_by_ms": [
        18.687000274658203,
        17.31999969482422,
        20.606000900268555
    ],
    "child_model_run_time": [
        [
            31128638,
            31147325
        ],
        [
            31147368,
            31164688
        ],
        [
            31164735,
            31185341
        ]
    ],
    "execute_cost": 56.612998962402344,
    "finish_time": 31185348,
    "limit_cost_by_ms": 47.44900131225586,
    "model_name": "vgg19",
    "recv_time": 31128528,
    "tag": "855",
    "total_cost_by_ms": 56.81999969482422,
    "wait_cost": 0.207000732421875
}
