{
    "child_model_execute_cost_by_ms": [
        18.733999252319336,
        21.0310001373291,
        23.273000717163086
    ],
    "child_model_run_time": [
        [
            31298583,
            31317317
        ],
        [
            31351421,
            31372452
        ],
        [
            31372501,
            31395774
        ]
    ],
    "execute_cost": 63.038002014160156,
    "finish_time": 31395781,
    "limit_cost_by_ms": 47.44900131225586,
    "model_name": "vgg19",
    "recv_time": 31298474,
    "tag": "861",
    "total_cost_by_ms": 97.30699920654297,
    "wait_cost": 34.26899719238281
}
