{
    "child_model_execute_cost_by_ms": [
        17.833999633789063,
        16.3439998626709,
        19.6560001373291
    ],
    "child_model_run_time": [
        [
            10420618,
            10438452
        ],
        [
            10438494,
            10454838
        ],
        [
            10454923,
            10474579
        ]
    ],
    "execute_cost": 53.83399963378906,
    "finish_time": 10474584,
    "limit_cost_by_ms": 47.24766540527344,
    "model_name": "vgg19",
    "recv_time": 10420457,
    "tag": "94",
    "total_cost_by_ms": 54.12699890136719,
    "wait_cost": 0.292999267578125
}
