{
    "child_model_execute_cost_by_ms": [
        8.152999877929688
    ],
    "child_model_run_time": [
        [
            34291760,
            34299913
        ]
    ],
    "execute_cost": 8.152999877929688,
    "finish_time": 34299924,
    "limit_cost_by_ms": 7.216333389282227,
    "model_name": "squeezenetv1",
    "recv_time": 34287539,
    "tag": "965",
    "total_cost_by_ms": 12.385000228881836,
    "wait_cost": 4.232000350952148
}
