{
    "child_model_execute_cost_by_ms": [
        19.652000427246094
    ],
    "child_model_run_time": [
        [
            10733362,
            10753014
        ]
    ],
    "execute_cost": 19.652000427246094,
    "finish_time": 10753017,
    "limit_cost_by_ms": 19.086666107177734,
    "model_name": "resnet50",
    "recv_time": 10733266,
    "tag": "129",
    "total_cost_by_ms": 19.750999450683594,
    "wait_cost": 0.0989990234375
}
