{
    "child_model_execute_cost_by_ms": [
        14.005999565124512
    ],
    "child_model_run_time": [
        [
            22760860,
            22774866
        ]
    ],
    "execute_cost": 14.005999565124512,
    "finish_time": 22774870,
    "limit_cost_by_ms": 7.25933313369751,
    "model_name": "squeezenetv1",
    "recv_time": 22760758,
    "tag": "689",
    "total_cost_by_ms": 14.112000465393066,
    "wait_cost": 0.10600090026855469
}
