{
    "child_model_execute_cost_by_ms": [
        8.147000312805176
    ],
    "child_model_run_time": [
        [
            23533887,
            23542034
        ]
    ],
    "execute_cost": 8.147000312805176,
    "finish_time": 23542039,
    "limit_cost_by_ms": 7.25933313369751,
    "model_name": "squeezenetv1",
    "recv_time": 23533721,
    "tag": "724",
    "total_cost_by_ms": 8.317999839782715,
    "wait_cost": 0.17099952697753906
}
