{
    "child_model_execute_cost_by_ms": [
        9.864999771118164
    ],
    "child_model_run_time": [
        [
            27030607,
            27040472
        ]
    ],
    "execute_cost": 9.864999771118164,
    "finish_time": 27040475,
    "limit_cost_by_ms": 8.833666801452637,
    "model_name": "googlenet",
    "recv_time": 27030593,
    "tag": "889",
    "total_cost_by_ms": 9.881999969482422,
    "wait_cost": 0.017000198364257813
}
