{
    "child_model_execute_cost_by_ms": [
        19.836999893188477
    ],
    "child_model_run_time": [
        [
            12084701,
            12104538
        ]
    ],
    "execute_cost": 19.836999893188477,
    "finish_time": 12104544,
    "limit_cost_by_ms": 18.45833396911621,
    "model_name": "resnet50",
    "recv_time": 12084542,
    "tag": "209",
    "total_cost_by_ms": 20.00200080871582,
    "wait_cost": 0.16500091552734375
}
