{
    "child_model_execute_cost_by_ms": [
        10.640999794006348
    ],
    "child_model_run_time": [
        [
            13504072,
            13514713
        ]
    ],
    "execute_cost": 10.640999794006348,
    "finish_time": 13514726,
    "limit_cost_by_ms": 8.510000228881836,
    "model_name": "googlenet",
    "recv_time": 13497859,
    "tag": "281",
    "total_cost_by_ms": 16.867000579833984,
    "wait_cost": 6.226000785827637
}
