{
    "child_model_execute_cost_by_ms": [
        10.50100040435791
    ],
    "child_model_run_time": [
        [
            14040214,
            14050715
        ]
    ],
    "execute_cost": 10.50100040435791,
    "finish_time": 14050719,
    "limit_cost_by_ms": 8.510000228881836,
    "model_name": "googlenet",
    "recv_time": 14007055,
    "tag": "306",
    "total_cost_by_ms": 43.66400146484375,
    "wait_cost": 33.163002014160156
}
