{
    "child_model_execute_cost_by_ms": [
        10.739999771118164
    ],
    "child_model_run_time": [
        [
            14185350,
            14196090
        ]
    ],
    "execute_cost": 10.739999771118164,
    "finish_time": 14196101,
    "limit_cost_by_ms": 8.533333778381348,
    "model_name": "googlenet",
    "recv_time": 14167349,
    "tag": "310",
    "total_cost_by_ms": 28.75200080871582,
    "wait_cost": 18.012001037597656
}
