{
    "child_model_execute_cost_by_ms": [
        7.875
    ],
    "child_model_run_time": [
        [
            14631879,
            14639754
        ]
    ],
    "execute_cost": 7.875,
    "finish_time": 14639759,
    "limit_cost_by_ms": 7.072999954223633,
    "model_name": "squeezenetv1",
    "recv_time": 14631804,
    "tag": "335",
    "total_cost_by_ms": 7.954999923706055,
    "wait_cost": 0.07999992370605469
}
