{
    "child_model_execute_cost_by_ms": [
        8.083999633789063
    ],
    "child_model_run_time": [
        [
            15807722,
            15815806
        ]
    ],
    "execute_cost": 8.083999633789063,
    "finish_time": 15815812,
    "limit_cost_by_ms": 7.056666851043701,
    "model_name": "squeezenetv1",
    "recv_time": 15807612,
    "tag": "386",
    "total_cost_by_ms": 8.199999809265137,
    "wait_cost": 0.11600017547607422
}
