{
    "child_model_execute_cost_by_ms": [
        45.236000061035156
    ],
    "child_model_run_time": [
        [
            16978950,
            17024186
        ]
    ],
    "execute_cost": 45.236000061035156,
    "finish_time": 17024195,
    "limit_cost_by_ms": 47.32866668701172,
    "model_name": "vgg19",
    "recv_time": 16978936,
    "tag": "416",
    "total_cost_by_ms": 45.25899887084961,
    "wait_cost": 0.022998809814453125
}
