{
    "child_model_execute_cost_by_ms": [
        43.707000732421875
    ],
    "child_model_run_time": [
        [
            17432429,
            17476136
        ]
    ],
    "execute_cost": 43.707000732421875,
    "finish_time": 17476142,
    "limit_cost_by_ms": 45.68266677856445,
    "model_name": "vgg19",
    "recv_time": 17432257,
    "tag": "469",
    "total_cost_by_ms": 43.8849983215332,
    "wait_cost": 0.17799758911132813
}
