{
    "child_model_execute_cost_by_ms": [
        44.641998291015625
    ],
    "child_model_run_time": [
        [
            18116894,
            18161536
        ]
    ],
    "execute_cost": 44.641998291015625,
    "finish_time": 18161541,
    "limit_cost_by_ms": 46.05766677856445,
    "model_name": "vgg19",
    "recv_time": 18116789,
    "tag": "497",
    "total_cost_by_ms": 44.75199890136719,
    "wait_cost": 0.1100006103515625
}
