{
    "child_model_execute_cost_by_ms": [
        20.33300018310547
    ],
    "child_model_run_time": [
        [
            18157430,
            18177763
        ]
    ],
    "execute_cost": 20.33300018310547,
    "finish_time": 18177771,
    "limit_cost_by_ms": 18.505666732788086,
    "model_name": "resnet50",
    "recv_time": 18125705,
    "tag": "503",
    "total_cost_by_ms": 52.066001892089844,
    "wait_cost": 31.733001708984375
}
