{
    "child_model_execute_cost_by_ms": [
        8.032999992370605
    ],
    "child_model_run_time": [
        [
            18188080,
            18196113
        ]
    ],
    "execute_cost": 8.032999992370605,
    "finish_time": 18196118,
    "limit_cost_by_ms": 7.072999954223633,
    "model_name": "squeezenetv1",
    "recv_time": 18187957,
    "tag": "505",
    "total_cost_by_ms": 8.16100025177002,
    "wait_cost": 0.12800025939941406
}
