{
    "child_model_execute_cost_by_ms": [
        20.72100067138672
    ],
    "child_model_run_time": [
        [
            18763021,
            18783742
        ]
    ],
    "execute_cost": 20.72100067138672,
    "finish_time": 18783749,
    "limit_cost_by_ms": 18.45833396911621,
    "model_name": "resnet50",
    "recv_time": 18732051,
    "tag": "527",
    "total_cost_by_ms": 51.698001861572266,
    "wait_cost": 30.977001190185547
}
