{
    "child_model_execute_cost_by_ms": [
        9.871999740600586
    ],
    "child_model_run_time": [
        [
            8757131,
            8767003
        ]
    ],
    "execute_cost": 9.871999740600586,
    "finish_time": 8767008,
    "limit_cost_by_ms": 8.510000228881836,
    "model_name": "googlenet",
    "recv_time": 8719165,
    "tag": "54",
    "total_cost_by_ms": 47.84299850463867,
    "wait_cost": 37.97100067138672
}
