{
    "child_model_execute_cost_by_ms": [
        8.822999954223633
    ],
    "child_model_run_time": [
        [
            19939139,
            19947962
        ]
    ],
    "execute_cost": 8.822999954223633,
    "finish_time": 19947976,
    "limit_cost_by_ms": 7.056666851043701,
    "model_name": "squeezenetv1",
    "recv_time": 19931357,
    "tag": "584",
    "total_cost_by_ms": 16.618999481201172,
    "wait_cost": 7.795999526977539
}
