{
    "child_model_execute_cost_by_ms": [
        8.904000282287598
    ],
    "child_model_run_time": [
        [
            20467509,
            20476413
        ]
    ],
    "execute_cost": 8.904000282287598,
    "finish_time": 20476426,
    "limit_cost_by_ms": 7.056666851043701,
    "model_name": "squeezenetv1",
    "recv_time": 20444934,
    "tag": "608",
    "total_cost_by_ms": 31.492000579833984,
    "wait_cost": 22.588001251220703
}
