{
    "child_model_execute_cost_by_ms": [
        9.520000457763672
    ],
    "child_model_run_time": [
        [
            20666197,
            20675717
        ]
    ],
    "execute_cost": 9.520000457763672,
    "finish_time": 20675723,
    "limit_cost_by_ms": 8.533333778381348,
    "model_name": "googlenet",
    "recv_time": 20646649,
    "tag": "618",
    "total_cost_by_ms": 29.073999404907227,
    "wait_cost": 19.553998947143555
}
