{
    "child_model_execute_cost_by_ms": [
        19.906999588012695
    ],
    "child_model_run_time": [
        [
            22663374,
            22683281
        ]
    ],
    "execute_cost": 19.906999588012695,
    "finish_time": 22683288,
    "limit_cost_by_ms": 18.505666732788086,
    "model_name": "resnet50",
    "recv_time": 22622044,
    "tag": "716",
    "total_cost_by_ms": 61.24399948120117,
    "wait_cost": 41.336997985839844
}
