{
    "child_model_execute_cost_by_ms": [
        8.946000099182129
    ],
    "child_model_run_time": [
        [
            23222229,
            23231175
        ]
    ],
    "execute_cost": 8.946000099182129,
    "finish_time": 23231186,
    "limit_cost_by_ms": 7.056666851043701,
    "model_name": "squeezenetv1",
    "recv_time": 23180586,
    "tag": "739",
    "total_cost_by_ms": 50.599998474121094,
    "wait_cost": 41.65399932861328
}
