{
    "child_model_execute_cost_by_ms": [
        45.25699996948242
    ],
    "child_model_run_time": [
        [
            24537042,
            24582299
        ]
    ],
    "execute_cost": 45.25699996948242,
    "finish_time": 24582304,
    "limit_cost_by_ms": 46.05766677856445,
    "model_name": "vgg19",
    "recv_time": 24509909,
    "tag": "801",
    "total_cost_by_ms": 72.3949966430664,
    "wait_cost": 27.137996673583984
}
