{
    "child_model_execute_cost_by_ms": [
        8.706000328063965
    ],
    "child_model_run_time": [
        [
            24582534,
            24591240
        ]
    ],
    "execute_cost": 8.706000328063965,
    "finish_time": 24591249,
    "limit_cost_by_ms": 7.056666851043701,
    "model_name": "squeezenetv1",
    "recv_time": 24570935,
    "tag": "803",
    "total_cost_by_ms": 20.31399917602539,
    "wait_cost": 11.607998847961426
}
