{
    "child_model_execute_cost_by_ms": [
        8.817000389099121
    ],
    "child_model_run_time": [
        [
            24571520,
            24580337
        ]
    ],
    "execute_cost": 8.817000389099121,
    "finish_time": 24580345,
    "limit_cost_by_ms": 7.072999954223633,
    "model_name": "squeezenetv1",
    "recv_time": 24556336,
    "tag": "807",
    "total_cost_by_ms": 24.009000778198242,
    "wait_cost": 15.192000389099121
}
