{
    "child_model_execute_cost_by_ms": [
        46.72800064086914
    ],
    "child_model_run_time": [
        [
            26280123,
            26326851
        ]
    ],
    "execute_cost": 46.72800064086914,
    "finish_time": 26326856,
    "limit_cost_by_ms": 47.32866668701172,
    "model_name": "vgg19",
    "recv_time": 26271597,
    "tag": "843",
    "total_cost_by_ms": 55.25899887084961,
    "wait_cost": 8.530998229980469
}
