{
    "child_model_execute_cost_by_ms": [
        8.829999923706055
    ],
    "child_model_run_time": [
        [
            25419236,
            25428066
        ]
    ],
    "execute_cost": 8.829999923706055,
    "finish_time": 25428076,
    "limit_cost_by_ms": 7.072999954223633,
    "model_name": "squeezenetv1",
    "recv_time": 25376871,
    "tag": "847",
    "total_cost_by_ms": 51.20500183105469,
    "wait_cost": 42.375
}
