{
    "child_model_execute_cost_by_ms": [
        10.824999809265137
    ],
    "child_model_run_time": [
        [
            26278196,
            26289021
        ]
    ],
    "execute_cost": 10.824999809265137,
    "finish_time": 26289034,
    "limit_cost_by_ms": 8.510000228881836,
    "model_name": "googlenet",
    "recv_time": 26250190,
    "tag": "888",
    "total_cost_by_ms": 38.84400177001953,
    "wait_cost": 28.019001007080078
}
