{
    "child_model_execute_cost_by_ms": [
        8.493000030517578
    ],
    "child_model_run_time": [
        [
            26309971,
            26318464
        ]
    ],
    "execute_cost": 8.493000030517578,
    "finish_time": 26318469,
    "limit_cost_by_ms": 7.072999954223633,
    "model_name": "squeezenetv1",
    "recv_time": 26295216,
    "tag": "890",
    "total_cost_by_ms": 23.253000259399414,
    "wait_cost": 14.760000228881836
}
