{
    "child_model_execute_cost_by_ms": [
        8.805999755859375
    ],
    "child_model_run_time": [
        [
            27489116,
            27497922
        ]
    ],
    "execute_cost": 8.805999755859375,
    "finish_time": 27497933,
    "limit_cost_by_ms": 7.072999954223633,
    "model_name": "squeezenetv1",
    "recv_time": 27483002,
    "tag": "946",
    "total_cost_by_ms": 14.930999755859375,
    "wait_cost": 6.125
}
