{
    "child_model_execute_cost_by_ms": [
        8.468999862670898
    ],
    "child_model_run_time": [
        [
            9711389,
            9719858
        ]
    ],
    "execute_cost": 8.468999862670898,
    "finish_time": 9719864,
    "limit_cost_by_ms": 7.072999954223633,
    "model_name": "squeezenetv1",
    "recv_time": 9711317,
    "tag": "100",
    "total_cost_by_ms": 8.54699993133545,
    "wait_cost": 0.07800006866455078
}
