{
    "child_model_execute_cost_by_ms": [
        18.753000259399414,
        16.8799991607666,
        20.03499984741211
    ],
    "child_model_run_time": [
        [
            13178466,
            13197219
        ],
        [
            13197308,
            13214188
        ],
        [
            13247316,
            13267351
        ]
    ],
    "execute_cost": 55.667999267578125,
    "finish_time": 13267357,
    "limit_cost_by_ms": 46.5543327331543,
    "model_name": "vgg19",
    "recv_time": 13178456,
    "tag": "232",
    "total_cost_by_ms": 88.9010009765625,
    "wait_cost": 33.233001708984375
}
