{
    "child_model_execute_cost_by_ms": [
        14.899999618530273,
        8.564000129699707
    ],
    "child_model_run_time": [
        [
            16160540,
            16175440
        ],
        [
            16175477,
            16184041
        ]
    ],
    "execute_cost": 23.464000701904297,
    "finish_time": 16184049,
    "limit_cost_by_ms": 18.9863338470459,
    "model_name": "resnet50",
    "recv_time": 16152203,
    "tag": "361",
    "total_cost_by_ms": 31.84600067138672,
    "wait_cost": 8.381999969482422
}
