{
    "child_model_execute_cost_by_ms": [
        18.427000045776367,
        16.881000518798828,
        20.006999969482422
    ],
    "child_model_run_time": [
        [
            26639273,
            26657700
        ],
        [
            26657811,
            26674692
        ],
        [
            26684705,
            26704712
        ]
    ],
    "execute_cost": 55.314998626708984,
    "finish_time": 26704716,
    "limit_cost_by_ms": 46.5543327331543,
    "model_name": "vgg19",
    "recv_time": 26639067,
    "tag": "813",
    "total_cost_by_ms": 65.64900207519531,
    "wait_cost": 10.334003448486328
}
