{
    "child_model_execute_cost_by_ms": [
        9.668999671936035
    ],
    "child_model_run_time": [
        [
            28433282,
            28442951
        ]
    ],
    "execute_cost": 9.668999671936035,
    "finish_time": 28442957,
    "limit_cost_by_ms": 8.588000297546387,
    "model_name": "googlenet",
    "recv_time": 28433117,
    "tag": "890",
    "total_cost_by_ms": 9.84000015258789,
    "wait_cost": 0.17100048065185547
}
