{
    "child_model_execute_cost_by_ms": [
        8.89799976348877
    ],
    "child_model_run_time": [
        [
            14248177,
            14257075
        ]
    ],
    "execute_cost": 8.89799976348877,
    "finish_time": 14257087,
    "limit_cost_by_ms": 7.216333389282227,
    "model_name": "squeezenetv1",
    "recv_time": 14211139,
    "tag": "353",
    "total_cost_by_ms": 45.948001861572266,
    "wait_cost": 37.05000305175781
}
