{
    "child_model_execute_cost_by_ms": [
        46.439998626708984
    ],
    "child_model_run_time": [
        [
            15224081,
            15270521
        ]
    ],
    "execute_cost": 46.439998626708984,
    "finish_time": 15270526,
    "limit_cost_by_ms": 47.310001373291016,
    "model_name": "vgg19",
    "recv_time": 15204938,
    "tag": "408",
    "total_cost_by_ms": 65.58799743652344,
    "wait_cost": 19.147998809814453
}
