{
    "child_model_execute_cost_by_ms": [
        8.98900032043457
    ],
    "child_model_run_time": [
        [
            8905284,
            8914273
        ]
    ],
    "execute_cost": 8.98900032043457,
    "finish_time": 8914284,
    "limit_cost_by_ms": 7.216333389282227,
    "model_name": "squeezenetv1",
    "recv_time": 8886760,
    "tag": "58",
    "total_cost_by_ms": 27.52400016784668,
    "wait_cost": 18.53499984741211
}
