{
    "child_model_execute_cost_by_ms": [
        9.901000022888184
    ],
    "child_model_run_time": [
        [
            22167802,
            22177703
        ]
    ],
    "execute_cost": 9.901000022888184,
    "finish_time": 22177709,
    "limit_cost_by_ms": 8.774333000183105,
    "model_name": "googlenet",
    "recv_time": 22167645,
    "tag": "783",
    "total_cost_by_ms": 10.064000129699707,
    "wait_cost": 0.16300010681152344
}
