{
    "child_model_execute_cost_by_ms": [
        6.693999767303467
    ],
    "child_model_run_time": [
        [
            21173141,
            21179835
        ]
    ],
    "execute_cost": 6.693999767303467,
    "finish_time": 21179846,
    "limit_cost_by_ms": 6.047666549682617,
    "model_name": "yolov2",
    "recv_time": 21162750,
    "tag": "154",
    "total_cost_by_ms": 17.09600067138672,
    "wait_cost": 10.402000427246094
}
