{
    "child_model_execute_cost_by_ms": [
        13.736000061035156
    ],
    "child_model_run_time": [
        [
            22782393,
            22796129
        ]
    ],
    "execute_cost": 13.736000061035156,
    "finish_time": 22796138,
    "limit_cost_by_ms": 7.078666687011719,
    "model_name": "gpt128v2",
    "recv_time": 22782381,
    "tag": "234",
    "total_cost_by_ms": 13.756999969482422,
    "wait_cost": 0.020999908447265625
}
