{
    "child_model_execute_cost_by_ms": [
        12.960000038146973
    ],
    "child_model_run_time": [
        [
            24538846,
            24551806
        ]
    ],
    "execute_cost": 12.960000038146973,
    "finish_time": 24551817,
    "limit_cost_by_ms": 9.244333267211914,
    "model_name": "googlenet",
    "recv_time": 24499548,
    "tag": "322",
    "total_cost_by_ms": 52.26900100708008,
    "wait_cost": 39.30900192260742
}
