{
    "child_model_execute_cost_by_ms": [
        48.297000885009766
    ],
    "child_model_run_time": [
        [
            26484910,
            26533207
        ]
    ],
    "execute_cost": 48.297000885009766,
    "finish_time": 26533212,
    "limit_cost_by_ms": 46.625667572021484,
    "model_name": "vgg19",
    "recv_time": 26484842,
    "tag": "419",
    "total_cost_by_ms": 48.369998931884766,
    "wait_cost": 0.072998046875
}
