{
    "child_model_execute_cost_by_ms": [
        6.604000091552734
    ],
    "child_model_run_time": [
        [
            27208962,
            27215566
        ]
    ],
    "execute_cost": 6.604000091552734,
    "finish_time": 27215576,
    "limit_cost_by_ms": 6.047666549682617,
    "model_name": "yolov2",
    "recv_time": 27201321,
    "tag": "456",
    "total_cost_by_ms": 14.255000114440918,
    "wait_cost": 7.651000022888184
}
