{
    "child_model_execute_cost_by_ms": [
        46.012001037597656
    ],
    "child_model_run_time": [
        [
            27914482,
            27960494
        ]
    ],
    "execute_cost": 46.012001037597656,
    "finish_time": 27960500,
    "limit_cost_by_ms": 46.625667572021484,
    "model_name": "vgg19",
    "recv_time": 27914424,
    "tag": "491",
    "total_cost_by_ms": 46.07600021362305,
    "wait_cost": 0.06399917602539063
}
