{
    "child_model_execute_cost_by_ms": [
        13.343000411987305
    ],
    "child_model_run_time": [
        [
            28314022,
            28327365
        ]
    ],
    "execute_cost": 13.343000411987305,
    "finish_time": 28327375,
    "limit_cost_by_ms": 7.078666687011719,
    "model_name": "gpt128v2",
    "recv_time": 28313967,
    "tag": "511",
    "total_cost_by_ms": 13.407999992370605,
    "wait_cost": 0.06499958038330078
}
