{
    "child_model_execute_cost_by_ms": [
        11.107999801635742
    ],
    "child_model_run_time": [
        [
            29373552,
            29384660
        ]
    ],
    "execute_cost": 11.107999801635742,
    "finish_time": 29384665,
    "limit_cost_by_ms": 9.244333267211914,
    "model_name": "googlenet",
    "recv_time": 29371898,
    "tag": "563",
    "total_cost_by_ms": 12.767000198364258,
    "wait_cost": 1.6590003967285156
}
