{
    "child_model_execute_cost_by_ms": [
        7.046000003814697
    ],
    "child_model_run_time": [
        [
            30316358,
            30323404
        ]
    ],
    "execute_cost": 7.046000003814697,
    "finish_time": 30323411,
    "limit_cost_by_ms": 6.047666549682617,
    "model_name": "yolov2",
    "recv_time": 30304117,
    "tag": "611",
    "total_cost_by_ms": 19.29400062561035,
    "wait_cost": 12.248001098632813
}
