{
    "child_model_execute_cost_by_ms": [
        7.479000091552734
    ],
    "child_model_run_time": [
        [
            32475065,
            32482544
        ]
    ],
    "execute_cost": 7.479000091552734,
    "finish_time": 32482556,
    "limit_cost_by_ms": 6.047666549682617,
    "model_name": "yolov2",
    "recv_time": 32474978,
    "tag": "719",
    "total_cost_by_ms": 7.578000068664551,
    "wait_cost": 0.0989999771118164
}
