{
    "child_model_execute_cost_by_ms": [
        19.22100067138672
    ],
    "child_model_run_time": [
        [
            32813434,
            32832655
        ]
    ],
    "execute_cost": 19.22100067138672,
    "finish_time": 32832664,
    "limit_cost_by_ms": 18.711334228515625,
    "model_name": "resnet50",
    "recv_time": 32813390,
    "tag": "735",
    "total_cost_by_ms": 19.27400016784668,
    "wait_cost": 0.05299949645996094
}
