{
    "child_model_execute_cost_by_ms": [
        46.194000244140625
    ],
    "child_model_run_time": [
        [
            35653655,
            35699849
        ]
    ],
    "execute_cost": 46.194000244140625,
    "finish_time": 35699855,
    "limit_cost_by_ms": 46.625667572021484,
    "model_name": "vgg19",
    "recv_time": 35653602,
    "tag": "877",
    "total_cost_by_ms": 46.25299835205078,
    "wait_cost": 0.05899810791015625
}
