{
    "child_model_execute_cost_by_ms": [
        7.495999813079834
    ],
    "child_model_run_time": [
        [
            37508233,
            37515729
        ]
    ],
    "execute_cost": 7.495999813079834,
    "finish_time": 37515740,
    "limit_cost_by_ms": 6.047666549682617,
    "model_name": "yolov2",
    "recv_time": 37473724,
    "tag": "967",
    "total_cost_by_ms": 42.01599884033203,
    "wait_cost": 34.52000045776367
}
