{
    "child_model_execute_cost_by_ms": [
        7.840000152587891
    ],
    "child_model_run_time": [
        [
            11563220,
            11571060
        ]
    ],
    "execute_cost": 7.840000152587891,
    "finish_time": 11571066,
    "limit_cost_by_ms": 7.375,
    "model_name": "squeezenetv1",
    "recv_time": 11563108,
    "tag": "142",
    "total_cost_by_ms": 7.958000183105469,
    "wait_cost": 0.11800003051757813
}
