{
    "child_model_execute_cost_by_ms": [
        17.256000518798828,
        16.42099952697754,
        19.770999908447266
    ],
    "child_model_run_time": [
        [
            11744834,
            11762090
        ],
        [
            11762175,
            11778596
        ],
        [
            11778612,
            11798383
        ]
    ],
    "execute_cost": 53.448001861572266,
    "finish_time": 11798388,
    "limit_cost_by_ms": 47.20466613769531,
    "model_name": "vgg19",
    "recv_time": 11744770,
    "tag": "150",
    "total_cost_by_ms": 53.61800003051758,
    "wait_cost": 0.1699981689453125
}
