{
    "child_model_execute_cost_by_ms": [
        18.78700065612793,
        17.150999069213867,
        20.03700065612793
    ],
    "child_model_run_time": [
        [
            31796233,
            31815020
        ],
        [
            31815110,
            31832261
        ],
        [
            31832276,
            31852313
        ]
    ],
    "execute_cost": 55.974998474121094,
    "finish_time": 31852320,
    "limit_cost_by_ms": 47.20466613769531,
    "model_name": "vgg19",
    "recv_time": 31777386,
    "tag": "892",
    "total_cost_by_ms": 74.93399810791016,
    "wait_cost": 18.958999633789063
}
