{
    "child_model_execute_cost_by_ms": [
        10.029999732971191
    ],
    "child_model_run_time": [
        [
            21609976,
            21620006
        ]
    ],
    "execute_cost": 10.029999732971191,
    "finish_time": 21620014,
    "limit_cost_by_ms": 7.005666732788086,
    "model_name": "gpt128v2",
    "recv_time": 21593272,
    "tag": "152",
    "total_cost_by_ms": 26.742000579833984,
    "wait_cost": 16.71200180053711
}
