{
    "child_model_execute_cost_by_ms": [
        19.972999572753906
    ],
    "child_model_run_time": [
        [
            24610230,
            24630203
        ]
    ],
    "execute_cost": 19.972999572753906,
    "finish_time": 24630211,
    "limit_cost_by_ms": 17.724166870117188,
    "model_name": "resnet50",
    "recv_time": 24602179,
    "tag": "301",
    "total_cost_by_ms": 28.031999588012695,
    "wait_cost": 8.059000015258789
}
