{
    "child_model_execute_cost_by_ms": [
        21.016000747680664
    ],
    "child_model_run_time": [
        [
            25311739,
            25332755
        ]
    ],
    "execute_cost": 21.016000747680664,
    "finish_time": 25332763,
    "limit_cost_by_ms": 17.724166870117188,
    "model_name": "resnet50",
    "recv_time": 25268661,
    "tag": "335",
    "total_cost_by_ms": 64.10199737548828,
    "wait_cost": 43.08599853515625
}
