{
    "child_model_execute_cost_by_ms": [
        13.284000396728516
    ],
    "child_model_run_time": [
        [
            27752843,
            27766127
        ]
    ],
    "execute_cost": 13.284000396728516,
    "finish_time": 27766136,
    "limit_cost_by_ms": 7.005666732788086,
    "model_name": "gpt128v2",
    "recv_time": 27706978,
    "tag": "457",
    "total_cost_by_ms": 59.15800094604492,
    "wait_cost": 45.874000549316406
}
