{
    "child_model_execute_cost_by_ms": [
        13.42300033569336
    ],
    "child_model_run_time": [
        [
            31107439,
            31120862
        ]
    ],
    "execute_cost": 13.42300033569336,
    "finish_time": 31120873,
    "limit_cost_by_ms": 7.005666732788086,
    "model_name": "gpt128v2",
    "recv_time": 31100145,
    "tag": "624",
    "total_cost_by_ms": 20.72800064086914,
    "wait_cost": 7.305000305175781
}
