{
    "child_model_execute_cost_by_ms": [
        47.18299865722656
    ],
    "child_model_run_time": [
        [
            19888114,
            19935297
        ]
    ],
    "execute_cost": 47.18299865722656,
    "finish_time": 19935301,
    "limit_cost_by_ms": 44.60077667236328,
    "model_name": "vgg19",
    "recv_time": 19875192,
    "tag": "66",
    "total_cost_by_ms": 60.10900115966797,
    "wait_cost": 12.926002502441406
}
