{
    "child_model_execute_cost_by_ms": [
        20.62299919128418
    ],
    "child_model_run_time": [
        [
            19954526,
            19975149
        ]
    ],
    "execute_cost": 20.62299919128418,
    "finish_time": 19975152,
    "limit_cost_by_ms": 17.724166870117188,
    "model_name": "resnet50",
    "recv_time": 19913143,
    "tag": "69",
    "total_cost_by_ms": 62.00899887084961,
    "wait_cost": 41.38600158691406
}
