{
    "child_model_execute_cost_by_ms": [
        44.849998474121094
    ],
    "child_model_run_time": [
        [
            33465306,
            33510156
        ]
    ],
    "execute_cost": 44.849998474121094,
    "finish_time": 33510160,
    "limit_cost_by_ms": 44.60077667236328,
    "model_name": "vgg19",
    "recv_time": 33465207,
    "tag": "741",
    "total_cost_by_ms": 44.952999114990234,
    "wait_cost": 0.10300064086914063
}
