{
    "child_model_execute_cost_by_ms": [
        13.24899959564209
    ],
    "child_model_run_time": [
        [
            33946633,
            33959882
        ]
    ],
    "execute_cost": 13.24899959564209,
    "finish_time": 33959890,
    "limit_cost_by_ms": 7.005666732788086,
    "model_name": "gpt128v2",
    "recv_time": 33914484,
    "tag": "764",
    "total_cost_by_ms": 45.40599822998047,
    "wait_cost": 32.15699768066406
}
