{
    "child_model_execute_cost_by_ms": [
        21.003999710083008
    ],
    "child_model_run_time": [
        [
            36024883,
            36045887
        ]
    ],
    "execute_cost": 21.003999710083008,
    "finish_time": 36045890,
    "limit_cost_by_ms": 17.724166870117188,
    "model_name": "resnet50",
    "recv_time": 35980909,
    "tag": "866",
    "total_cost_by_ms": 64.98100280761719,
    "wait_cost": 43.97700500488281
}
