{
    "child_model_execute_cost_by_ms": [
        13.763999938964844
    ],
    "child_model_run_time": [
        [
            36064387,
            36078151
        ]
    ],
    "execute_cost": 13.763999938964844,
    "finish_time": 36078164,
    "limit_cost_by_ms": 7.005666732788086,
    "model_name": "gpt128v2",
    "recv_time": 36026241,
    "tag": "869",
    "total_cost_by_ms": 51.92300033569336,
    "wait_cost": 38.159000396728516
}
