{
    "child_model_execute_cost_by_ms": [
        10.975000381469727
    ],
    "child_model_run_time": [
        [
            36423340,
            36434315
        ]
    ],
    "execute_cost": 10.975000381469727,
    "finish_time": 36434326,
    "limit_cost_by_ms": 8.670666694641113,
    "model_name": "googlenet",
    "recv_time": 36395643,
    "tag": "886",
    "total_cost_by_ms": 38.68299865722656,
    "wait_cost": 27.707998275756836
}
