{
    "child_model_execute_cost_by_ms": [
        7.218999862670898
    ],
    "child_model_run_time": [
        [
            36955099,
            36962318
        ]
    ],
    "execute_cost": 7.218999862670898,
    "finish_time": 36962323,
    "limit_cost_by_ms": 5.808333396911621,
    "model_name": "yolov2",
    "recv_time": 36952335,
    "tag": "913",
    "total_cost_by_ms": 9.98799991607666,
    "wait_cost": 2.7690000534057617
}
