{
    "child_model_execute_cost_by_ms": [
        19.554000854492188
    ],
    "child_model_run_time": [
        [
            38077453,
            38097007
        ]
    ],
    "execute_cost": 19.554000854492188,
    "finish_time": 38097010,
    "limit_cost_by_ms": 17.724166870117188,
    "model_name": "resnet50",
    "recv_time": 38077393,
    "tag": "970",
    "total_cost_by_ms": 19.617000579833984,
    "wait_cost": 0.06299972534179688
}
