{
    "child_model_execute_cost_by_ms": [
        8.685999870300293
    ],
    "child_model_run_time": [
        [
            18813817,
            18822503
        ]
    ],
    "execute_cost": 8.685999870300293,
    "finish_time": 18822512,
    "limit_cost_by_ms": 7.302666664123535,
    "model_name": "squeezenetv1",
    "recv_time": 18785661,
    "tag": "528",
    "total_cost_by_ms": 36.85100173950195,
    "wait_cost": 28.165000915527344
}
