{
    "child_model_execute_cost_by_ms": [
        20.327999114990234
    ],
    "child_model_run_time": [
        [
            20790280,
            20810608
        ]
    ],
    "execute_cost": 20.327999114990234,
    "finish_time": 20810614,
    "limit_cost_by_ms": 18.82466697692871,
    "model_name": "resnet50",
    "recv_time": 20790176,
    "tag": "624",
    "total_cost_by_ms": 20.437999725341797,
    "wait_cost": 0.1100006103515625
}
