{
    "child_model_execute_cost_by_ms": [
        8.022000312805176
    ],
    "child_model_run_time": [
        [
            12117690,
            12125712
        ]
    ],
    "execute_cost": 8.022000312805176,
    "finish_time": 12125719,
    "limit_cost_by_ms": 7.256666660308838,
    "model_name": "squeezenetv1",
    "recv_time": 12117677,
    "tag": "163",
    "total_cost_by_ms": 8.041999816894531,
    "wait_cost": 0.01999950408935547
}
