{
    "child_model_execute_cost_by_ms": [
        18.54800033569336,
        16.707000732421875,
        19.485000610351563
    ],
    "child_model_run_time": [
        [
            12551869,
            12570417
        ],
        [
            12570509,
            12587216
        ],
        [
            12587233,
            12606718
        ]
    ],
    "execute_cost": 54.7400016784668,
    "finish_time": 12606723,
    "limit_cost_by_ms": 47.152000427246094,
    "model_name": "vgg19",
    "recv_time": 12551745,
    "tag": "180",
    "total_cost_by_ms": 54.97800064086914,
    "wait_cost": 0.23799896240234375
}
