{
    "child_model_execute_cost_by_ms": [
        8.001999855041504
    ],
    "child_model_run_time": [
        [
            15690508,
            15698510
        ]
    ],
    "execute_cost": 8.001999855041504,
    "finish_time": 15698517,
    "limit_cost_by_ms": 7.256666660308838,
    "model_name": "squeezenetv1",
    "recv_time": 15690410,
    "tag": "294",
    "total_cost_by_ms": 8.107000350952148,
    "wait_cost": 0.10500049591064453
}
