{
    "child_model_execute_cost_by_ms": [
        18.834999084472656,
        16.8700008392334,
        19.673999786376953
    ],
    "child_model_run_time": [
        [
            16529027,
            16547862
        ],
        [
            16547904,
            16564774
        ],
        [
            16564803,
            16584477
        ]
    ],
    "execute_cost": 55.37900161743164,
    "finish_time": 16584482,
    "limit_cost_by_ms": 47.152000427246094,
    "model_name": "vgg19",
    "recv_time": 16528924,
    "tag": "325",
    "total_cost_by_ms": 55.55799865722656,
    "wait_cost": 0.17899703979492188
}
