{
    "child_model_execute_cost_by_ms": [
        19.020999908447266,
        17.55699920654297,
        20.339000701904297
    ],
    "child_model_run_time": [
        [
            17189799,
            17208820
        ],
        [
            17208925,
            17226482
        ],
        [
            17226562,
            17246901
        ]
    ],
    "execute_cost": 56.91699981689453,
    "finish_time": 17246908,
    "limit_cost_by_ms": 47.152000427246094,
    "model_name": "vgg19",
    "recv_time": 17189643,
    "tag": "349",
    "total_cost_by_ms": 57.26499938964844,
    "wait_cost": 0.34799957275390625
}
