{
    "child_model_execute_cost_by_ms": [
        9.932000160217285
    ],
    "child_model_run_time": [
        [
            31684746,
            31694678
        ]
    ],
    "execute_cost": 9.932000160217285,
    "finish_time": 31694692,
    "limit_cost_by_ms": 9.201333045959473,
    "model_name": "googlenet",
    "recv_time": 31681040,
    "tag": "874",
    "total_cost_by_ms": 13.652000427246094,
    "wait_cost": 3.7200002670288086
}
