{
    "child_model_execute_cost_by_ms": [
        8.119000434875488
    ],
    "child_model_run_time": [
        [
            32240280,
            32248399
        ]
    ],
    "execute_cost": 8.119000434875488,
    "finish_time": 32248405,
    "limit_cost_by_ms": 7.256666660308838,
    "model_name": "squeezenetv1",
    "recv_time": 32240211,
    "tag": "893",
    "total_cost_by_ms": 8.194000244140625,
    "wait_cost": 0.07499980926513672
}
