{
    "child_model_execute_cost_by_ms": [
        19.02899932861328,
        18.420000076293945,
        20.5
    ],
    "child_model_run_time": [
        [
            15256262,
            15275291
        ],
        [
            15293429,
            15311849
        ],
        [
            15311880,
            15332380
        ]
    ],
    "execute_cost": 57.948997497558594,
    "finish_time": 15332385,
    "limit_cost_by_ms": 47.40800094604492,
    "model_name": "vgg19",
    "recv_time": 15245366,
    "tag": "259",
    "total_cost_by_ms": 87.01899719238281,
    "wait_cost": 29.06999969482422
}
