{
    "child_model_execute_cost_by_ms": [
        19.10700035095215,
        19.854999542236328,
        22.05500030517578
    ],
    "child_model_run_time": [
        [
            33942191,
            33961298
        ],
        [
            33985974,
            34005829
        ],
        [
            34005921,
            34027976
        ]
    ],
    "execute_cost": 61.016998291015625,
    "finish_time": 34027981,
    "limit_cost_by_ms": 47.40800094604492,
    "model_name": "vgg19",
    "recv_time": 33939738,
    "tag": "891",
    "total_cost_by_ms": 88.24299621582031,
    "wait_cost": 27.225997924804688
}
