{
    "child_model_execute_cost_by_ms": [
        20.670000076293945
    ],
    "child_model_run_time": [
        [
            12325776,
            12346446
        ]
    ],
    "execute_cost": 20.670000076293945,
    "finish_time": 12346455,
    "limit_cost_by_ms": 18.972333908081055,
    "model_name": "resnet50",
    "recv_time": 12092968,
    "tag": "181",
    "total_cost_by_ms": 253.48699951171875,
    "wait_cost": 232.81700134277344
}
