{
    "child_model_execute_cost_by_ms": [
        10.805999755859375
    ],
    "child_model_run_time": [
        [
            23259943,
            23270749
        ]
    ],
    "execute_cost": 10.805999755859375,
    "finish_time": 23270762,
    "limit_cost_by_ms": 8.815333366394043,
    "model_name": "googlenet",
    "recv_time": 22814763,
    "tag": "623",
    "total_cost_by_ms": 455.9989929199219,
    "wait_cost": 445.1929931640625
}
