{
    "child_model_execute_cost_by_ms": [
        8.460000038146973
    ],
    "child_model_run_time": [
        [
            31084496,
            31092956
        ]
    ],
    "execute_cost": 8.460000038146973,
    "finish_time": 31092966,
    "limit_cost_by_ms": 7.387666702270508,
    "model_name": "squeezenetv1",
    "recv_time": 30220236,
    "tag": "934",
    "total_cost_by_ms": 872.72998046875,
    "wait_cost": 864.2699584960938
}
