{
    "child_model_execute_cost_by_ms": [
        21.14299964904785
    ],
    "child_model_run_time": [
        [
            31832779,
            31853922
        ]
    ],
    "execute_cost": 21.14299964904785,
    "finish_time": 31853929,
    "limit_cost_by_ms": 18.972333908081055,
    "model_name": "resnet50",
    "recv_time": 30913236,
    "tag": "964",
    "total_cost_by_ms": 940.6929931640625,
    "wait_cost": 919.5499877929688
}
