{
    "child_model_execute_cost_by_ms": [
        20.51099967956543
    ],
    "child_model_run_time": [
        [
            10259018,
            10279529
        ]
    ],
    "execute_cost": 20.51099967956543,
    "finish_time": 10279538,
    "limit_cost_by_ms": 18.972333908081055,
    "model_name": "resnet50",
    "recv_time": 10096728,
    "tag": "98",
    "total_cost_by_ms": 182.80999755859375,
    "wait_cost": 162.2989959716797
}
