{
    "child_model_execute_cost_by_ms": [
        7.867000102996826
    ],
    "child_model_run_time": [
        [
            13417203,
            13425070
        ]
    ],
    "execute_cost": 7.867000102996826,
    "finish_time": 13425077,
    "limit_cost_by_ms": 7.276000022888184,
    "model_name": "squeezenetv1",
    "recv_time": 13417188,
    "tag": "216",
    "total_cost_by_ms": 7.888999938964844,
    "wait_cost": 0.021999835968017578
}
