{
    "child_model_execute_cost_by_ms": [
        32.284000396728516
    ],
    "child_model_run_time": [
        [
            28269732,
            28302016
        ]
    ],
    "execute_cost": 32.284000396728516,
    "finish_time": 28302023,
    "limit_cost_by_ms": 8.857333183288574,
    "model_name": "googlenet",
    "recv_time": 28269721,
    "tag": "858",
    "total_cost_by_ms": 32.301998138427734,
    "wait_cost": 0.01799774169921875
}
