{
    "child_model_execute_cost_by_ms": [
        38.9900016784668
    ],
    "child_model_run_time": [
        [
            28625852,
            28664842
        ]
    ],
    "execute_cost": 38.9900016784668,
    "finish_time": 28664848,
    "limit_cost_by_ms": 7.276000022888184,
    "model_name": "squeezenetv1",
    "recv_time": 28625837,
    "tag": "875",
    "total_cost_by_ms": 39.01100158691406,
    "wait_cost": 0.020999908447265625
}
