{
    "child_model_execute_cost_by_ms": [
        12.656000137329102
    ],
    "child_model_run_time": [
        [
            20706092,
            20718748
        ]
    ],
    "execute_cost": 12.656000137329102,
    "finish_time": 20718759,
    "limit_cost_by_ms": 7.089666843414307,
    "model_name": "gpt128v2",
    "recv_time": 20706037,
    "tag": "115",
    "total_cost_by_ms": 12.722000122070313,
    "wait_cost": 0.06599998474121094
}
