{
    "child_model_execute_cost_by_ms": [
        6.826000213623047
    ],
    "child_model_run_time": [
        [
            18507399,
            18514225
        ]
    ],
    "execute_cost": 6.826000213623047,
    "finish_time": 18514234,
    "limit_cost_by_ms": 6.071000099182129,
    "model_name": "yolov2",
    "recv_time": 18507344,
    "tag": "21",
    "total_cost_by_ms": 6.889999866485596,
    "wait_cost": 0.06399965286254883
}
