{
    "child_model_execute_cost_by_ms": [
        6.283999919891357
    ],
    "child_model_run_time": [
        [
            23976982,
            23983266
        ]
    ],
    "execute_cost": 6.283999919891357,
    "finish_time": 23983276,
    "limit_cost_by_ms": 6.071000099182129,
    "model_name": "yolov2",
    "recv_time": 23969548,
    "tag": "256",
    "total_cost_by_ms": 13.727999687194824,
    "wait_cost": 7.443999767303467
}
