{
    "child_model_execute_cost_by_ms": [
        18.545000076293945,
        17.861000061035156,
        21.415000915527344
    ],
    "child_model_run_time": [
        [
            34739224,
            34757769
        ],
        [
            34757805,
            34775666
        ],
        [
            34785701,
            34807116
        ]
    ],
    "execute_cost": 57.82099914550781,
    "finish_time": 34807121,
    "limit_cost_by_ms": 46.62633514404297,
    "model_name": "vgg19",
    "recv_time": 34665422,
    "tag": "703",
    "total_cost_by_ms": 141.69900512695313,
    "wait_cost": 83.87800598144531
}
