{
    "child_model_execute_cost_by_ms": [
        8.065999984741211
    ],
    "child_model_run_time": [
        [
            10038166,
            10046232
        ]
    ],
    "execute_cost": 8.065999984741211,
    "finish_time": 10046238,
    "limit_cost_by_ms": 7.177666664123535,
    "model_name": "squeezenetv1",
    "recv_time": 10029124,
    "tag": "103",
    "total_cost_by_ms": 17.11400032043457,
    "wait_cost": 9.04800033569336
}
