{
    "child_model_execute_cost_by_ms": [
        18.351999282836914,
        16.75,
        19.30500030517578
    ],
    "child_model_run_time": [
        [
            10631321,
            10649673
        ],
        [
            10649759,
            10666509
        ],
        [
            10666592,
            10685897
        ]
    ],
    "execute_cost": 54.40699768066406,
    "finish_time": 10685901,
    "limit_cost_by_ms": 46.65666580200195,
    "model_name": "vgg19",
    "recv_time": 10631159,
    "tag": "128",
    "total_cost_by_ms": 54.742000579833984,
    "wait_cost": 0.3350028991699219
}
