{
    "child_model_execute_cost_by_ms": [
        19.242000579833984,
        17.0049991607666,
        19.42099952697754
    ],
    "child_model_run_time": [
        [
            10923350,
            10942592
        ],
        [
            10942678,
            10959683
        ],
        [
            10959765,
            10979186
        ]
    ],
    "execute_cost": 55.667999267578125,
    "finish_time": 10979191,
    "limit_cost_by_ms": 46.65666580200195,
    "model_name": "vgg19",
    "recv_time": 10923185,
    "tag": "140",
    "total_cost_by_ms": 56.00600051879883,
    "wait_cost": 0.3380012512207031
}
