{
    "child_model_execute_cost_by_ms": [
        9.710000038146973
    ],
    "child_model_run_time": [
        [
            11684180,
            11693890
        ]
    ],
    "execute_cost": 9.710000038146973,
    "finish_time": 11693896,
    "limit_cost_by_ms": 8.757333755493164,
    "model_name": "googlenet",
    "recv_time": 11684054,
    "tag": "166",
    "total_cost_by_ms": 9.842000007629395,
    "wait_cost": 0.13199996948242188
}
