{
    "child_model_execute_cost_by_ms": [
        9.628000259399414
    ],
    "child_model_run_time": [
        [
            11889236,
            11898864
        ]
    ],
    "execute_cost": 9.628000259399414,
    "finish_time": 11898873,
    "limit_cost_by_ms": 8.757333755493164,
    "model_name": "googlenet",
    "recv_time": 11889204,
    "tag": "175",
    "total_cost_by_ms": 9.668999671936035,
    "wait_cost": 0.040999412536621094
}
