{
    "child_model_execute_cost_by_ms": [
        14.034000396728516,
        8.432999610900879
    ],
    "child_model_run_time": [
        [
            12837220,
            12851254
        ],
        [
            12851341,
            12859774
        ]
    ],
    "execute_cost": 22.466999053955078,
    "finish_time": 12859779,
    "limit_cost_by_ms": 18.881000518798828,
    "model_name": "resnet50",
    "recv_time": 12837208,
    "tag": "213",
    "total_cost_by_ms": 22.570999145507813,
    "wait_cost": 0.10400009155273438
}
