{
    "child_model_execute_cost_by_ms": [
        7.927999973297119
    ],
    "child_model_run_time": [
        [
            13067440,
            13075368
        ]
    ],
    "execute_cost": 7.927999973297119,
    "finish_time": 13075375,
    "limit_cost_by_ms": 7.177666664123535,
    "model_name": "squeezenetv1",
    "recv_time": 13067274,
    "tag": "226",
    "total_cost_by_ms": 8.10099983215332,
    "wait_cost": 0.17299985885620117
}
