{
    "child_model_execute_cost_by_ms": [
        15.013999938964844,
        9.095000267028809
    ],
    "child_model_run_time": [
        [
            13422760,
            13437774
        ],
        [
            13437871,
            13446966
        ]
    ],
    "execute_cost": 24.10900115966797,
    "finish_time": 13446976,
    "limit_cost_by_ms": 18.87066650390625,
    "model_name": "resnet50",
    "recv_time": 13409389,
    "tag": "241",
    "total_cost_by_ms": 37.58700180053711,
    "wait_cost": 13.47800064086914
}
