{
    "child_model_execute_cost_by_ms": [
        7.672999858856201
    ],
    "child_model_run_time": [
        [
            13488972,
            13496645
        ]
    ],
    "execute_cost": 7.672999858856201,
    "finish_time": 13496652,
    "limit_cost_by_ms": 7.176666736602783,
    "model_name": "squeezenetv1",
    "recv_time": 13488845,
    "tag": "242",
    "total_cost_by_ms": 7.807000160217285,
    "wait_cost": 0.13400030136108398
}
