{
    "child_model_execute_cost_by_ms": [
        17.691999435424805,
        17.725000381469727,
        19.746999740600586
    ],
    "child_model_run_time": [
        [
            8313668,
            8331360
        ],
        [
            8364309,
            8382034
        ],
        [
            8382081,
            8401828
        ]
    ],
    "execute_cost": 55.16400146484375,
    "finish_time": 8401835,
    "limit_cost_by_ms": 46.81233215332031,
    "model_name": "vgg19",
    "recv_time": 8313623,
    "tag": "29",
    "total_cost_by_ms": 88.21199798583984,
    "wait_cost": 33.047996520996094
}
