{
    "child_model_execute_cost_by_ms": [
        8.04800033569336
    ],
    "child_model_run_time": [
        [
            16244517,
            16252565
        ]
    ],
    "execute_cost": 8.04800033569336,
    "finish_time": 16252572,
    "limit_cost_by_ms": 7.1623334884643555,
    "model_name": "squeezenetv1",
    "recv_time": 16244352,
    "tag": "352",
    "total_cost_by_ms": 8.220000267028809,
    "wait_cost": 0.17199993133544922
}
