{
    "child_model_execute_cost_by_ms": [
        7.9029998779296875
    ],
    "child_model_run_time": [
        [
            17058015,
            17065918
        ]
    ],
    "execute_cost": 7.9029998779296875,
    "finish_time": 17065930,
    "limit_cost_by_ms": 7.177666664123535,
    "model_name": "squeezenetv1",
    "recv_time": 17041304,
    "tag": "389",
    "total_cost_by_ms": 24.625999450683594,
    "wait_cost": 16.722999572753906
}
