{
    "child_model_execute_cost_by_ms": [
        9.503000259399414
    ],
    "child_model_run_time": [
        [
            17127846,
            17137349
        ]
    ],
    "execute_cost": 9.503000259399414,
    "finish_time": 17137356,
    "limit_cost_by_ms": 8.550999641418457,
    "model_name": "googlenet",
    "recv_time": 17127705,
    "tag": "391",
    "total_cost_by_ms": 9.651000022888184,
    "wait_cost": 0.14799976348876953
}
