{
    "child_model_execute_cost_by_ms": [
        9.842000007629395
    ],
    "child_model_run_time": [
        [
            18030060,
            18039902
        ]
    ],
    "execute_cost": 9.842000007629395,
    "finish_time": 18039911,
    "limit_cost_by_ms": 8.757333755493164,
    "model_name": "googlenet",
    "recv_time": 18029904,
    "tag": "423",
    "total_cost_by_ms": 10.006999969482422,
    "wait_cost": 0.16499996185302734
}
