{
    "child_model_execute_cost_by_ms": [
        18.57200050354004,
        18.961000442504883,
        19.952999114990234
    ],
    "child_model_run_time": [
        [
            18372168,
            18390740
        ],
        [
            18414032,
            18432993
        ],
        [
            18433031,
            18452984
        ]
    ],
    "execute_cost": 57.486000061035156,
    "finish_time": 18452989,
    "limit_cost_by_ms": 46.70166778564453,
    "model_name": "vgg19",
    "recv_time": 18372051,
    "tag": "445",
    "total_cost_by_ms": 80.93800354003906,
    "wait_cost": 23.452003479003906
}
