{
    "child_model_execute_cost_by_ms": [
        15.09000015258789,
        8.878000259399414
    ],
    "child_model_run_time": [
        [
            19689199,
            19704289
        ],
        [
            19704335,
            19713213
        ]
    ],
    "execute_cost": 23.968000411987305,
    "finish_time": 19713223,
    "limit_cost_by_ms": 18.668333053588867,
    "model_name": "resnet50",
    "recv_time": 19673878,
    "tag": "498",
    "total_cost_by_ms": 39.345001220703125,
    "wait_cost": 15.37700080871582
}
