{
    "child_model_execute_cost_by_ms": [
        7.949999809265137
    ],
    "child_model_run_time": [
        [
            19921268,
            19929218
        ]
    ],
    "execute_cost": 7.949999809265137,
    "finish_time": 19929232,
    "limit_cost_by_ms": 7.177666664123535,
    "model_name": "squeezenetv1",
    "recv_time": 19901860,
    "tag": "505",
    "total_cost_by_ms": 27.371999740600586,
    "wait_cost": 19.422000885009766
}
