{
    "child_model_execute_cost_by_ms": [
        18.56999969482422,
        16.8799991607666,
        19.468000411987305
    ],
    "child_model_run_time": [
        [
            23705774,
            23724344
        ],
        [
            23724427,
            23741307
        ],
        [
            23741346,
            23760814
        ]
    ],
    "execute_cost": 54.917999267578125,
    "finish_time": 23760818,
    "limit_cost_by_ms": 46.70166778564453,
    "model_name": "vgg19",
    "recv_time": 23705668,
    "tag": "662",
    "total_cost_by_ms": 55.150001525878906,
    "wait_cost": 0.23200225830078125
}
