{
    "child_model_execute_cost_by_ms": [
        8.189000129699707
    ],
    "child_model_run_time": [
        [
            23984586,
            23992775
        ]
    ],
    "execute_cost": 8.189000129699707,
    "finish_time": 23992781,
    "limit_cost_by_ms": 7.1623334884643555,
    "model_name": "squeezenetv1",
    "recv_time": 23975424,
    "tag": "665",
    "total_cost_by_ms": 17.35700035095215,
    "wait_cost": 9.168000221252441
}
