{
    "child_model_execute_cost_by_ms": [
        8.538999557495117
    ],
    "child_model_run_time": [
        [
            9286926,
            9295465
        ]
    ],
    "execute_cost": 8.538999557495117,
    "finish_time": 9295472,
    "limit_cost_by_ms": 7.1623334884643555,
    "model_name": "squeezenetv1",
    "recv_time": 9277702,
    "tag": "68",
    "total_cost_by_ms": 17.770000457763672,
    "wait_cost": 9.231000900268555
}
