{
    "child_model_execute_cost_by_ms": [
        8.017000198364258
    ],
    "child_model_run_time": [
        [
            25837830,
            25845847
        ]
    ],
    "execute_cost": 8.017000198364258,
    "finish_time": 25845854,
    "limit_cost_by_ms": 7.177666664123535,
    "model_name": "squeezenetv1",
    "recv_time": 25837726,
    "tag": "748",
    "total_cost_by_ms": 8.128000259399414,
    "wait_cost": 0.11100006103515625
}
