{
    "child_model_execute_cost_by_ms": [
        17.332000732421875,
        16.968000411987305,
        20.312999725341797
    ],
    "child_model_run_time": [
        [
            26413896,
            26431228
        ],
        [
            26431309,
            26448277
        ],
        [
            26448361,
            26468674
        ]
    ],
    "execute_cost": 54.61300277709961,
    "finish_time": 26468678,
    "limit_cost_by_ms": 46.84299850463867,
    "model_name": "vgg19",
    "recv_time": 26401206,
    "tag": "758",
    "total_cost_by_ms": 67.47200012207031,
    "wait_cost": 12.858997344970703
}
