{
    "child_model_execute_cost_by_ms": [
        18.610000610351563,
        17.295000076293945,
        20.173999786376953
    ],
    "child_model_run_time": [
        [
            26457001,
            26475611
        ],
        [
            26475697,
            26492992
        ],
        [
            26493009,
            26513183
        ]
    ],
    "execute_cost": 56.07899856567383,
    "finish_time": 26513189,
    "limit_cost_by_ms": 46.65666580200195,
    "model_name": "vgg19",
    "recv_time": 26445300,
    "tag": "774",
    "total_cost_by_ms": 67.88899993896484,
    "wait_cost": 11.810001373291016
}
