{
    "child_model_execute_cost_by_ms": [
        10.468000411987305
    ],
    "child_model_run_time": [
        [
            27614963,
            27625431
        ]
    ],
    "execute_cost": 10.468000411987305,
    "finish_time": 27625439,
    "limit_cost_by_ms": 8.757333755493164,
    "model_name": "googlenet",
    "recv_time": 27606586,
    "tag": "811",
    "total_cost_by_ms": 18.85300064086914,
    "wait_cost": 8.385000228881836
}
