{
    "child_model_execute_cost_by_ms": [
        18.259000778198242,
        17.091999053955078,
        20.216999053955078
    ],
    "child_model_run_time": [
        [
            28815719,
            28833978
        ],
        [
            28843741,
            28860833
        ],
        [
            28860919,
            28881136
        ]
    ],
    "execute_cost": 55.567996978759766,
    "finish_time": 28881142,
    "limit_cost_by_ms": 46.70166778564453,
    "model_name": "vgg19",
    "recv_time": 28815554,
    "tag": "870",
    "total_cost_by_ms": 65.58799743652344,
    "wait_cost": 10.020000457763672
}
