{
    "child_model_execute_cost_by_ms": [
        8.04800033569336
    ],
    "child_model_run_time": [
        [
            30064452,
            30072500
        ]
    ],
    "execute_cost": 8.04800033569336,
    "finish_time": 30072510,
    "limit_cost_by_ms": 7.177666664123535,
    "model_name": "squeezenetv1",
    "recv_time": 30064324,
    "tag": "922",
    "total_cost_by_ms": 8.185999870300293,
    "wait_cost": 0.1379995346069336
}
