{
    "child_model_execute_cost_by_ms": [
        13.734999656677246,
        8.260000228881836
    ],
    "child_model_run_time": [
        [
            30518370,
            30532105
        ],
        [
            30532190,
            30540450
        ]
    ],
    "execute_cost": 21.994998931884766,
    "finish_time": 30540455,
    "limit_cost_by_ms": 18.881000518798828,
    "model_name": "resnet50",
    "recv_time": 30518208,
    "tag": "929",
    "total_cost_by_ms": 22.246999740600586,
    "wait_cost": 0.2520008087158203
}
