{
    "child_model_execute_cost_by_ms": [
        18.507999420166016,
        16.7549991607666,
        19.775999069213867
    ],
    "child_model_run_time": [
        [
            31078106,
            31096614
        ],
        [
            31096703,
            31113458
        ],
        [
            31113499,
            31133275
        ]
    ],
    "execute_cost": 55.03900146484375,
    "finish_time": 31133278,
    "limit_cost_by_ms": 46.70166778564453,
    "model_name": "vgg19",
    "recv_time": 31077940,
    "tag": "964",
    "total_cost_by_ms": 55.3380012512207,
    "wait_cost": 0.2989997863769531
}
