{
    "child_model_execute_cost_by_ms": [
        8.33899974822998
    ],
    "child_model_run_time": [
        [
            10614244,
            10622583
        ]
    ],
    "execute_cost": 8.33899974822998,
    "finish_time": 10622594,
    "limit_cost_by_ms": 7.181666851043701,
    "model_name": "squeezenetv1",
    "recv_time": 10614086,
    "tag": "119",
    "total_cost_by_ms": 8.508000373840332,
    "wait_cost": 0.16900062561035156
}
