{
    "child_model_execute_cost_by_ms": [
        9.918999671936035
    ],
    "child_model_run_time": [
        [
            21520188,
            21530107
        ]
    ],
    "execute_cost": 9.918999671936035,
    "finish_time": 21530111,
    "limit_cost_by_ms": 8.803999900817871,
    "model_name": "googlenet",
    "recv_time": 21515890,
    "tag": "601",
    "total_cost_by_ms": 14.220999717712402,
    "wait_cost": 4.302000045776367
}
