{
    "child_model_execute_cost_by_ms": [
        45.27299880981445
    ],
    "child_model_run_time": [
        [
            25413960,
            25459233
        ]
    ],
    "execute_cost": 45.27299880981445,
    "finish_time": 25459240,
    "limit_cost_by_ms": 47.34299850463867,
    "model_name": "vgg19",
    "recv_time": 25413829,
    "tag": "773",
    "total_cost_by_ms": 45.4109992980957,
    "wait_cost": 0.13800048828125
}
