{
    "child_model_execute_cost_by_ms": [
        8.847999572753906
    ],
    "child_model_run_time": [
        [
            26924073,
            26932921
        ]
    ],
    "execute_cost": 8.847999572753906,
    "finish_time": 26932927,
    "limit_cost_by_ms": 7.181666851043701,
    "model_name": "squeezenetv1",
    "recv_time": 26902411,
    "tag": "838",
    "total_cost_by_ms": 30.516000747680664,
    "wait_cost": 21.668001174926758
}
