{
    "child_model_execute_cost_by_ms": [
        10.329000473022461
    ],
    "child_model_run_time": [
        [
            10888939,
            10899268
        ]
    ],
    "execute_cost": 10.329000473022461,
    "finish_time": 10899277,
    "limit_cost_by_ms": 8.950333595275879,
    "model_name": "googlenet",
    "recv_time": 10870726,
    "tag": "121",
    "total_cost_by_ms": 28.551000595092773,
    "wait_cost": 18.222000122070313
}
