{
    "child_model_execute_cost_by_ms": [
        8.592000007629395
    ],
    "child_model_run_time": [
        [
            21642854,
            21651446
        ]
    ],
    "execute_cost": 8.592000007629395,
    "finish_time": 21651458,
    "limit_cost_by_ms": 7.428333282470703,
    "model_name": "squeezenetv1",
    "recv_time": 21635739,
    "tag": "548",
    "total_cost_by_ms": 15.718999862670898,
    "wait_cost": 7.126999855041504
}
