{
    "child_model_execute_cost_by_ms": [
        19.035999298095703,
        19.4060001373291,
        21.52899932861328
    ],
    "child_model_run_time": [
        [
            22097581,
            22116617
        ],
        [
            22148898,
            22168304
        ],
        [
            22178686,
            22200215
        ]
    ],
    "execute_cost": 59.97100067138672,
    "finish_time": 22200223,
    "limit_cost_by_ms": 47.44166564941406,
    "model_name": "vgg19",
    "recv_time": 22097433,
    "tag": "566",
    "total_cost_by_ms": 102.79000091552734,
    "wait_cost": 42.819000244140625
}
