{
    "child_model_execute_cost_by_ms": [
        14.468000411987305,
        8.996999740600586
    ],
    "child_model_run_time": [
        [
            23564734,
            23579202
        ],
        [
            23579290,
            23588287
        ]
    ],
    "execute_cost": 23.46500015258789,
    "finish_time": 23588293,
    "limit_cost_by_ms": 18.94499969482422,
    "model_name": "resnet50",
    "recv_time": 23562157,
    "tag": "626",
    "total_cost_by_ms": 26.13599967956543,
    "wait_cost": 2.670999526977539
}
