{
    "child_model_execute_cost_by_ms": [
        18.44499969482422,
        17.768999099731445,
        21.3799991607666
    ],
    "child_model_run_time": [
        [
            29226087,
            29244532
        ],
        [
            29288271,
            29306040
        ],
        [
            29306126,
            29327506
        ]
    ],
    "execute_cost": 57.593994140625,
    "finish_time": 29327514,
    "limit_cost_by_ms": 47.44166564941406,
    "model_name": "vgg19",
    "recv_time": 29062571,
    "tag": "842",
    "total_cost_by_ms": 264.9429931640625,
    "wait_cost": 207.3489990234375
}
