{
    "child_model_execute_cost_by_ms": [
        44.29499816894531
    ],
    "child_model_run_time": [
        [
            14214345,
            14258640
        ]
    ],
    "execute_cost": 44.29499816894531,
    "finish_time": 14258647,
    "limit_cost_by_ms": 46.900333404541016,
    "model_name": "vgg19",
    "recv_time": 14214335,
    "tag": "292",
    "total_cost_by_ms": 44.3120002746582,
    "wait_cost": 0.017002105712890625
}
