{
    "child_model_execute_cost_by_ms": [
        8.196999549865723
    ],
    "child_model_run_time": [
        [
            19280072,
            19288269
        ]
    ],
    "execute_cost": 8.196999549865723,
    "finish_time": 19288274,
    "limit_cost_by_ms": 7.25933313369751,
    "model_name": "squeezenetv1",
    "recv_time": 19279912,
    "tag": "528",
    "total_cost_by_ms": 8.362000465393066,
    "wait_cost": 0.16500091552734375
}
