{
    "child_model_execute_cost_by_ms": [
        103.197998046875
    ],
    "child_model_run_time": [
        [
            7952618,
            8055816
        ]
    ],
    "execute_cost": 103.197998046875,
    "finish_time": 8055844,
    "limit_cost_by_ms": 8.833666801452637,
    "model_name": "googlenet",
    "recv_time": 7952595,
    "tag": "6",
    "total_cost_by_ms": 103.2490005493164,
    "wait_cost": 0.05100250244140625
}
