{
    "child_model_execute_cost_by_ms": [
        8.62600040435791
    ],
    "child_model_run_time": [
        [
            10620664,
            10629290
        ]
    ],
    "execute_cost": 8.62600040435791,
    "finish_time": 10629300,
    "limit_cost_by_ms": 7.353000164031982,
    "model_name": "squeezenetv1",
    "recv_time": 10620498,
    "tag": "122",
    "total_cost_by_ms": 8.802000045776367,
    "wait_cost": 0.17599964141845703
}
