{
    "child_model_execute_cost_by_ms": [
        10.314000129699707
    ],
    "child_model_run_time": [
        [
            12275270,
            12285584
        ]
    ],
    "execute_cost": 10.314000129699707,
    "finish_time": 12285591,
    "limit_cost_by_ms": 9.022666931152344,
    "model_name": "googlenet",
    "recv_time": 12254726,
    "tag": "194",
    "total_cost_by_ms": 30.864999771118164,
    "wait_cost": 20.55099868774414
}
