{
    "child_model_execute_cost_by_ms": [
        10.012999534606934
    ],
    "child_model_run_time": [
        [
            17056512,
            17066525
        ]
    ],
    "execute_cost": 10.012999534606934,
    "finish_time": 17066531,
    "limit_cost_by_ms": 9.022666931152344,
    "model_name": "googlenet",
    "recv_time": 17056404,
    "tag": "400",
    "total_cost_by_ms": 10.126999855041504,
    "wait_cost": 0.11400032043457031
}
