{
    "child_model_execute_cost_by_ms": [
        8.458000183105469
    ],
    "child_model_run_time": [
        [
            20265871,
            20274329
        ]
    ],
    "execute_cost": 8.458000183105469,
    "finish_time": 20274342,
    "limit_cost_by_ms": 7.380333423614502,
    "model_name": "squeezenetv1",
    "recv_time": 20264625,
    "tag": "527",
    "total_cost_by_ms": 9.717000007629395,
    "wait_cost": 1.2589998245239258
}
