{
    "child_model_execute_cost_by_ms": [
        15.263999938964844,
        8.965999603271484
    ],
    "child_model_run_time": [
        [
            23322892,
            23338156
        ],
        [
            23338265,
            23347231
        ]
    ],
    "execute_cost": 24.229999542236328,
    "finish_time": 23347238,
    "limit_cost_by_ms": 18.8836669921875,
    "model_name": "resnet50",
    "recv_time": 23296292,
    "tag": "655",
    "total_cost_by_ms": 50.94599914550781,
    "wait_cost": 26.715999603271484
}
