{
    "child_model_execute_cost_by_ms": [
        11.869000434875488
    ],
    "child_model_run_time": [
        [
            20699474,
            20711343
        ]
    ],
    "execute_cost": 11.869000434875488,
    "finish_time": 20711354,
    "limit_cost_by_ms": 8.993332862854004,
    "model_name": "googlenet",
    "recv_time": 20699405,
    "tag": "110",
    "total_cost_by_ms": 11.949000358581543,
    "wait_cost": 0.07999992370605469
}
