{
    "child_model_execute_cost_by_ms": [
        13.807999610900879,
        13.112000465393066
    ],
    "child_model_run_time": [
        [
            22877929,
            22891737
        ],
        [
            22891774,
            22904886
        ]
    ],
    "execute_cost": 26.920000076293945,
    "finish_time": 22904891,
    "limit_cost_by_ms": 18.58766746520996,
    "model_name": "resnet50",
    "recv_time": 22877813,
    "tag": "201",
    "total_cost_by_ms": 27.077999114990234,
    "wait_cost": 0.15799903869628906
}
