{
    "child_model_execute_cost_by_ms": [
        12.46399974822998
    ],
    "child_model_run_time": [
        [
            27535650,
            27548114
        ]
    ],
    "execute_cost": 12.46399974822998,
    "finish_time": 27548126,
    "limit_cost_by_ms": 7.11133337020874,
    "model_name": "gpt128v2",
    "recv_time": 27520571,
    "tag": "402",
    "total_cost_by_ms": 27.55500030517578,
    "wait_cost": 15.0910005569458
}
