{
    "child_model_execute_cost_by_ms": [
        22.02199935913086,
        18.41699981689453,
        20.030000686645508
    ],
    "child_model_run_time": [
        [
            29491287,
            29513309
        ],
        [
            29513347,
            29531764
        ],
        [
            29542014,
            29562044
        ]
    ],
    "execute_cost": 60.46900177001953,
    "finish_time": 29562049,
    "limit_cost_by_ms": 46.40966796875,
    "model_name": "vgg19",
    "recv_time": 29480556,
    "tag": "487",
    "total_cost_by_ms": 81.49299621582031,
    "wait_cost": 21.02399444580078
}
