{
    "child_model_execute_cost_by_ms": [
        10.586999893188477
    ],
    "child_model_run_time": [
        [
            30258237,
            30268824
        ]
    ],
    "execute_cost": 10.586999893188477,
    "finish_time": 30268834,
    "limit_cost_by_ms": 8.993332862854004,
    "model_name": "googlenet",
    "recv_time": 30253494,
    "tag": "519",
    "total_cost_by_ms": 15.34000015258789,
    "wait_cost": 4.753000259399414
}
