{
    "child_model_execute_cost_by_ms": [
        7.020999908447266
    ],
    "child_model_run_time": [
        [
            30268917,
            30275938
        ]
    ],
    "execute_cost": 7.020999908447266,
    "finish_time": 30275948,
    "limit_cost_by_ms": 5.984333515167236,
    "model_name": "yolov2",
    "recv_time": 30258548,
    "tag": "520",
    "total_cost_by_ms": 17.399999618530273,
    "wait_cost": 10.378999710083008
}
