{
    "child_model_execute_cost_by_ms": [
        10.291999816894531
    ],
    "child_model_run_time": [
        [
            39222630,
            39232922
        ]
    ],
    "execute_cost": 10.291999816894531,
    "finish_time": 39232931,
    "limit_cost_by_ms": 8.993332862854004,
    "model_name": "googlenet",
    "recv_time": 39188815,
    "tag": "893",
    "total_cost_by_ms": 44.11600112915039,
    "wait_cost": 33.82400131225586
}
