{
    "child_model_execute_cost_by_ms": [
        12.33899974822998
    ],
    "child_model_run_time": [
        [
            41132949,
            41145288
        ]
    ],
    "execute_cost": 12.33899974822998,
    "finish_time": 41145297,
    "limit_cost_by_ms": 8.993332862854004,
    "model_name": "googlenet",
    "recv_time": 41111897,
    "tag": "974",
    "total_cost_by_ms": 33.400001525878906,
    "wait_cost": 21.06100082397461
}
