{
    "child_model_execute_cost_by_ms": [
        13.331000328063965
    ],
    "child_model_run_time": [
        [
            41477910,
            41491241
        ]
    ],
    "execute_cost": 13.331000328063965,
    "finish_time": 41491251,
    "limit_cost_by_ms": 7.11133337020874,
    "model_name": "gpt128v2",
    "recv_time": 41464648,
    "tag": "987",
    "total_cost_by_ms": 26.60300064086914,
    "wait_cost": 13.272000312805176
}
