{
    "child_model_execute_cost_by_ms": [
        6.690000057220459
    ],
    "child_model_run_time": [
        [
            18859047,
            18865737
        ]
    ],
    "execute_cost": 6.690000057220459,
    "finish_time": 18865747,
    "limit_cost_by_ms": 5.664000034332275,
    "model_name": "yolov2",
    "recv_time": 18818550,
    "tag": "19",
    "total_cost_by_ms": 47.196998596191406,
    "wait_cost": 40.50699996948242
}
