{
    "child_model_execute_cost_by_ms": [
        20.14699935913086
    ],
    "child_model_run_time": [
        [
            22320752,
            22340899
        ]
    ],
    "execute_cost": 20.14699935913086,
    "finish_time": 22340906,
    "limit_cost_by_ms": 17.596166610717773,
    "model_name": "resnet50",
    "recv_time": 22320739,
    "tag": "195",
    "total_cost_by_ms": 20.16699981689453,
    "wait_cost": 0.020000457763671875
}
