{
    "child_model_execute_cost_by_ms": [
        21.309999465942383
    ],
    "child_model_run_time": [
        [
            27456307,
            27477617
        ]
    ],
    "execute_cost": 21.309999465942383,
    "finish_time": 27477624,
    "limit_cost_by_ms": 17.596166610717773,
    "model_name": "resnet50",
    "recv_time": 27410147,
    "tag": "455",
    "total_cost_by_ms": 67.47699737548828,
    "wait_cost": 46.16699981689453
}
