{
    "child_model_execute_cost_by_ms": [
        13.508000373840332
    ],
    "child_model_run_time": [
        [
            28700548,
            28714056
        ]
    ],
    "execute_cost": 13.508000373840332,
    "finish_time": 28714066,
    "limit_cost_by_ms": 6.983666896820068,
    "model_name": "gpt128v2",
    "recv_time": 28688452,
    "tag": "520",
    "total_cost_by_ms": 25.61400032043457,
    "wait_cost": 12.105999946594238
}
