{
    "child_model_execute_cost_by_ms": [
        7.085999965667725
    ],
    "child_model_run_time": [
        [
            28760721,
            28767807
        ]
    ],
    "execute_cost": 7.085999965667725,
    "finish_time": 28767812,
    "limit_cost_by_ms": 5.664000034332275,
    "model_name": "yolov2",
    "recv_time": 28739129,
    "tag": "521",
    "total_cost_by_ms": 28.683000564575195,
    "wait_cost": 21.597000122070313
}
