{
    "child_model_execute_cost_by_ms": [
        7.071000099182129
    ],
    "child_model_run_time": [
        [
            28959079,
            28966150
        ]
    ],
    "execute_cost": 7.071000099182129,
    "finish_time": 28966155,
    "limit_cost_by_ms": 5.664000034332275,
    "model_name": "yolov2",
    "recv_time": 28944111,
    "tag": "531",
    "total_cost_by_ms": 22.04400062561035,
    "wait_cost": 14.973000526428223
}
