{
    "child_model_execute_cost_by_ms": [
        20.874000549316406
    ],
    "child_model_run_time": [
        [
            30367468,
            30388342
        ]
    ],
    "execute_cost": 20.874000549316406,
    "finish_time": 30388349,
    "limit_cost_by_ms": 17.596166610717773,
    "model_name": "resnet50",
    "recv_time": 30325405,
    "tag": "603",
    "total_cost_by_ms": 62.944000244140625,
    "wait_cost": 42.06999969482422
}
