{
    "child_model_execute_cost_by_ms": [
        13.295000076293945
    ],
    "child_model_run_time": [
        [
            30997021,
            31010316
        ]
    ],
    "execute_cost": 13.295000076293945,
    "finish_time": 31010326,
    "limit_cost_by_ms": 6.983666896820068,
    "model_name": "gpt128v2",
    "recv_time": 30992880,
    "tag": "635",
    "total_cost_by_ms": 17.445999145507813,
    "wait_cost": 4.150999069213867
}
