{
    "child_model_execute_cost_by_ms": [
        44.13399887084961
    ],
    "child_model_run_time": [
        [
            31321748,
            31365882
        ]
    ],
    "execute_cost": 44.13399887084961,
    "finish_time": 31365886,
    "limit_cost_by_ms": 43.1694450378418,
    "model_name": "vgg19",
    "recv_time": 31321700,
    "tag": "652",
    "total_cost_by_ms": 44.18600082397461,
    "wait_cost": 0.052001953125
}
