{
    "child_model_execute_cost_by_ms": [
        13.833000183105469
    ],
    "child_model_run_time": [
        [
            35017043,
            35030876
        ]
    ],
    "execute_cost": 13.833000183105469,
    "finish_time": 35030888,
    "limit_cost_by_ms": 6.983666896820068,
    "model_name": "gpt128v2",
    "recv_time": 34983727,
    "tag": "837",
    "total_cost_by_ms": 47.1609992980957,
    "wait_cost": 33.327999114990234
}
