{
    "child_model_execute_cost_by_ms": [
        44.375999450683594
    ],
    "child_model_run_time": [
        [
            18671037,
            18715413
        ]
    ],
    "execute_cost": 44.375999450683594,
    "finish_time": 18715415,
    "limit_cost_by_ms": 43.1694450378418,
    "model_name": "vgg19",
    "recv_time": 18611582,
    "tag": "7",
    "total_cost_by_ms": 103.83300018310547,
    "wait_cost": 59.457000732421875
}
