{
    "child_model_execute_cost_by_ms": [
        10.918999671936035
    ],
    "child_model_run_time": [
        [
            18918026,
            18928945
        ]
    ],
    "execute_cost": 10.918999671936035,
    "finish_time": 18928956,
    "limit_cost_by_ms": 8.64466667175293,
    "model_name": "googlenet",
    "recv_time": 18914167,
    "tag": "463",
    "total_cost_by_ms": 14.788999557495117,
    "wait_cost": 3.869999885559082
}
