{
    "child_model_execute_cost_by_ms": [
        43.95500183105469
    ],
    "child_model_run_time": [
        [
            21024043,
            21067998
        ]
    ],
    "execute_cost": 43.95500183105469,
    "finish_time": 21068005,
    "limit_cost_by_ms": 47.13133239746094,
    "model_name": "vgg19",
    "recv_time": 21023986,
    "tag": "552",
    "total_cost_by_ms": 44.01900100708008,
    "wait_cost": 0.06399917602539063
}
