{
    "child_model_execute_cost_by_ms": [
        8.404000282287598
    ],
    "child_model_run_time": [
        [
            25631922,
            25640326
        ]
    ],
    "execute_cost": 8.404000282287598,
    "finish_time": 25640331,
    "limit_cost_by_ms": 7.158666610717773,
    "model_name": "squeezenetv1",
    "recv_time": 25622125,
    "tag": "743",
    "total_cost_by_ms": 18.20599937438965,
    "wait_cost": 9.80199909210205
}
