{
    "child_model_execute_cost_by_ms": [
        8.081000328063965
    ],
    "child_model_run_time": [
        [
            31334962,
            31343043
        ]
    ],
    "execute_cost": 8.081000328063965,
    "finish_time": 31343049,
    "limit_cost_by_ms": 7.158666610717773,
    "model_name": "squeezenetv1",
    "recv_time": 31320269,
    "tag": "980",
    "total_cost_by_ms": 22.780000686645508,
    "wait_cost": 14.699000358581543
}
