{
    "child_model_execute_cost_by_ms": [
        10.90999984741211
    ],
    "child_model_run_time": [
        [
            9822976,
            9833886
        ]
    ],
    "execute_cost": 10.90999984741211,
    "finish_time": 9833893,
    "limit_cost_by_ms": 8.65666675567627,
    "model_name": "googlenet",
    "recv_time": 9814416,
    "tag": "114",
    "total_cost_by_ms": 19.476999282836914,
    "wait_cost": 8.566999435424805
}
