{
    "child_model_execute_cost_by_ms": [
        44.11800003051758
    ],
    "child_model_run_time": [
        [
            10806738,
            10850856
        ]
    ],
    "execute_cost": 44.11800003051758,
    "finish_time": 10850862,
    "limit_cost_by_ms": 47.19300079345703,
    "model_name": "vgg19",
    "recv_time": 10806638,
    "tag": "168",
    "total_cost_by_ms": 44.2239990234375,
    "wait_cost": 0.10599899291992188
}
