{
    "child_model_execute_cost_by_ms": [
        11.836999893188477
    ],
    "child_model_run_time": [
        [
            7646258,
            7658095
        ]
    ],
    "execute_cost": 11.836999893188477,
    "finish_time": 7658102,
    "limit_cost_by_ms": 8.65666675567627,
    "model_name": "googlenet",
    "recv_time": 7638146,
    "tag": "3",
    "total_cost_by_ms": 19.95599937438965,
    "wait_cost": 8.118999481201172
}
