{
    "child_model_execute_cost_by_ms": [
        8.41100025177002
    ],
    "child_model_run_time": [
        [
            11479480,
            11487891
        ]
    ],
    "execute_cost": 8.41100025177002,
    "finish_time": 11487898,
    "limit_cost_by_ms": 7.194333553314209,
    "model_name": "squeezenetv1",
    "recv_time": 11478186,
    "tag": "203",
    "total_cost_by_ms": 9.711999893188477,
    "wait_cost": 1.300999641418457
}
