{
    "child_model_execute_cost_by_ms": [
        18.9950008392334
    ],
    "child_model_run_time": [
        [
            13334198,
            13353193
        ]
    ],
    "execute_cost": 18.9950008392334,
    "finish_time": 13353200,
    "limit_cost_by_ms": 18.895999908447266,
    "model_name": "resnet50",
    "recv_time": 13334097,
    "tag": "299",
    "total_cost_by_ms": 19.10300064086914,
    "wait_cost": 0.10799980163574219
}
