{
    "child_model_execute_cost_by_ms": [
        8.232999801635742
    ],
    "child_model_run_time": [
        [
            8344439,
            8352672
        ]
    ],
    "execute_cost": 8.232999801635742,
    "finish_time": 8352679,
    "limit_cost_by_ms": 7.194333553314209,
    "model_name": "squeezenetv1",
    "recv_time": 8344321,
    "tag": "36",
    "total_cost_by_ms": 8.357999801635742,
    "wait_cost": 0.125
}
