{
    "child_model_execute_cost_by_ms": [
        18.999000549316406
    ],
    "child_model_run_time": [
        [
            14319935,
            14338934
        ]
    ],
    "execute_cost": 18.999000549316406,
    "finish_time": 14338942,
    "limit_cost_by_ms": 18.895999908447266,
    "model_name": "resnet50",
    "recv_time": 14319808,
    "tag": "351",
    "total_cost_by_ms": 19.134000778198242,
    "wait_cost": 0.13500022888183594
}
