{
    "child_model_execute_cost_by_ms": [
        10.77400016784668
    ],
    "child_model_run_time": [
        [
            15087095,
            15097869
        ]
    ],
    "execute_cost": 10.77400016784668,
    "finish_time": 15097877,
    "limit_cost_by_ms": 8.65666675567627,
    "model_name": "googlenet",
    "recv_time": 15086978,
    "tag": "391",
    "total_cost_by_ms": 10.89900016784668,
    "wait_cost": 0.125
}
