{
    "child_model_execute_cost_by_ms": [
        20.652000427246094
    ],
    "child_model_run_time": [
        [
            17169007,
            17189659
        ]
    ],
    "execute_cost": 20.652000427246094,
    "finish_time": 17189665,
    "limit_cost_by_ms": 18.895999908447266,
    "model_name": "resnet50",
    "recv_time": 17132941,
    "tag": "499",
    "total_cost_by_ms": 56.7239990234375,
    "wait_cost": 36.071998596191406
}
