{
    "child_model_execute_cost_by_ms": [
        8.144000053405762
    ],
    "child_model_run_time": [
        [
            18106160,
            18114304
        ]
    ],
    "execute_cost": 8.144000053405762,
    "finish_time": 18114309,
    "limit_cost_by_ms": 7.194333553314209,
    "model_name": "squeezenetv1",
    "recv_time": 18106036,
    "tag": "549",
    "total_cost_by_ms": 8.27299976348877,
    "wait_cost": 0.1289997100830078
}
