{
    "child_model_execute_cost_by_ms": [
        8.342000007629395
    ],
    "child_model_run_time": [
        [
            8714260,
            8722602
        ]
    ],
    "execute_cost": 8.342000007629395,
    "finish_time": 8722610,
    "limit_cost_by_ms": 7.194333553314209,
    "model_name": "squeezenetv1",
    "recv_time": 8707314,
    "tag": "56",
    "total_cost_by_ms": 15.295999526977539,
    "wait_cost": 6.9539995193481445
}
