{
    "child_model_execute_cost_by_ms": [
        8.220000267028809
    ],
    "child_model_run_time": [
        [
            19262323,
            19270543
        ]
    ],
    "execute_cost": 8.220000267028809,
    "finish_time": 19270551,
    "limit_cost_by_ms": 7.194333553314209,
    "model_name": "squeezenetv1",
    "recv_time": 19262309,
    "tag": "610",
    "total_cost_by_ms": 8.241999626159668,
    "wait_cost": 0.021999359130859375
}
