{
    "child_model_execute_cost_by_ms": [
        8.692999839782715
    ],
    "child_model_run_time": [
        [
            19573821,
            19582514
        ]
    ],
    "execute_cost": 8.692999839782715,
    "finish_time": 19582521,
    "limit_cost_by_ms": 7.194333553314209,
    "model_name": "squeezenetv1",
    "recv_time": 19573653,
    "tag": "626",
    "total_cost_by_ms": 8.868000030517578,
    "wait_cost": 0.17500019073486328
}
