{
    "child_model_execute_cost_by_ms": [
        8.126999855041504
    ],
    "child_model_run_time": [
        [
            19843801,
            19851928
        ]
    ],
    "execute_cost": 8.126999855041504,
    "finish_time": 19851935,
    "limit_cost_by_ms": 7.194333553314209,
    "model_name": "squeezenetv1",
    "recv_time": 19843690,
    "tag": "641",
    "total_cost_by_ms": 8.244999885559082,
    "wait_cost": 0.11800003051757813
}
