{
    "child_model_execute_cost_by_ms": [
        8.467000007629395
    ],
    "child_model_run_time": [
        [
            22425438,
            22433905
        ]
    ],
    "execute_cost": 8.467000007629395,
    "finish_time": 22433910,
    "limit_cost_by_ms": 7.194333553314209,
    "model_name": "squeezenetv1",
    "recv_time": 22425284,
    "tag": "777",
    "total_cost_by_ms": 8.62600040435791,
    "wait_cost": 0.15900039672851563
}
