{
    "child_model_execute_cost_by_ms": [
        45.12799835205078
    ],
    "child_model_run_time": [
        [
            24578934,
            24624062
        ]
    ],
    "execute_cost": 45.12799835205078,
    "finish_time": 24624066,
    "limit_cost_by_ms": 47.19300079345703,
    "model_name": "vgg19",
    "recv_time": 24578814,
    "tag": "890",
    "total_cost_by_ms": 45.25199890136719,
    "wait_cost": 0.12400054931640625
}
