{
    "child_model_execute_cost_by_ms": [
        44.387001037597656
    ],
    "child_model_run_time": [
        [
            25712909,
            25757296
        ]
    ],
    "execute_cost": 44.387001037597656,
    "finish_time": 25757301,
    "limit_cost_by_ms": 47.19300079345703,
    "model_name": "vgg19",
    "recv_time": 25712734,
    "tag": "950",
    "total_cost_by_ms": 44.56700134277344,
    "wait_cost": 0.18000030517578125
}
