{
    "child_model_execute_cost_by_ms": [
        23.048999786376953
    ],
    "child_model_run_time": [
        [
            12698181,
            12721230
        ]
    ],
    "execute_cost": 23.048999786376953,
    "finish_time": 12721235,
    "limit_cost_by_ms": 7.335333347320557,
    "model_name": "squeezenetv1",
    "recv_time": 12698163,
    "tag": "220",
    "total_cost_by_ms": 23.07200050354004,
    "wait_cost": 0.023000717163085938
}
