{
    "child_model_execute_cost_by_ms": [
        23.091999053955078
    ],
    "child_model_run_time": [
        [
            15727819,
            15750911
        ]
    ],
    "execute_cost": 23.091999053955078,
    "finish_time": 15750918,
    "limit_cost_by_ms": 7.335333347320557,
    "model_name": "squeezenetv1",
    "recv_time": 15727812,
    "tag": "376",
    "total_cost_by_ms": 23.106000900268555,
    "wait_cost": 0.014001846313476563
}
