{
    "child_model_execute_cost_by_ms": [
        20.062999725341797
    ],
    "child_model_run_time": [
        [
            16820634,
            16840697
        ]
    ],
    "execute_cost": 20.062999725341797,
    "finish_time": 16840704,
    "limit_cost_by_ms": 8.704333305358887,
    "model_name": "googlenet",
    "recv_time": 16820625,
    "tag": "430",
    "total_cost_by_ms": 20.07900047302246,
    "wait_cost": 0.016000747680664063
}
