{
    "child_model_execute_cost_by_ms": [
        35.21099853515625
    ],
    "child_model_run_time": [
        [
            23497806,
            23533017
        ]
    ],
    "execute_cost": 35.21099853515625,
    "finish_time": 23533024,
    "limit_cost_by_ms": 8.704333305358887,
    "model_name": "googlenet",
    "recv_time": 23497798,
    "tag": "771",
    "total_cost_by_ms": 35.22600173950195,
    "wait_cost": 0.015003204345703125
}
