{
    "child_model_execute_cost_by_ms": [
        7.129000186920166
    ],
    "child_model_run_time": [
        [
            18364381,
            18371510
        ]
    ],
    "execute_cost": 7.129000186920166,
    "finish_time": 18371517,
    "limit_cost_by_ms": 5.99233341217041,
    "model_name": "yolov2",
    "recv_time": 18300122,
    "tag": "13",
    "total_cost_by_ms": 71.3949966430664,
    "wait_cost": 64.26599884033203
}
