{
    "child_model_execute_cost_by_ms": [
        20.59000015258789
    ],
    "child_model_run_time": [
        [
            21135721,
            21156311
        ]
    ],
    "execute_cost": 20.59000015258789,
    "finish_time": 21156319,
    "limit_cost_by_ms": 18.862667083740234,
    "model_name": "resnet50",
    "recv_time": 21093368,
    "tag": "152",
    "total_cost_by_ms": 62.95100021362305,
    "wait_cost": 42.361000061035156
}
