{
    "child_model_execute_cost_by_ms": [
        19.356000900268555
    ],
    "child_model_run_time": [
        [
            21997118,
            22016474
        ]
    ],
    "execute_cost": 19.356000900268555,
    "finish_time": 22016478,
    "limit_cost_by_ms": 18.862667083740234,
    "model_name": "resnet50",
    "recv_time": 21997057,
    "tag": "196",
    "total_cost_by_ms": 19.42099952697754,
    "wait_cost": 0.06499862670898438
}
