{
    "child_model_execute_cost_by_ms": [
        21.072999954223633
    ],
    "child_model_run_time": [
        [
            26470015,
            26491088
        ]
    ],
    "execute_cost": 21.072999954223633,
    "finish_time": 26491095,
    "limit_cost_by_ms": 18.862667083740234,
    "model_name": "resnet50",
    "recv_time": 26437184,
    "tag": "420",
    "total_cost_by_ms": 53.9109992980957,
    "wait_cost": 32.83799743652344
}
