{
    "child_model_execute_cost_by_ms": [
        10.96500015258789
    ],
    "child_model_run_time": [
        [
            32581643,
            32592608
        ]
    ],
    "execute_cost": 10.96500015258789,
    "finish_time": 32592619,
    "limit_cost_by_ms": 8.730999946594238,
    "model_name": "googlenet",
    "recv_time": 32548233,
    "tag": "727",
    "total_cost_by_ms": 44.38600158691406,
    "wait_cost": 33.42100143432617
}
