{
    "child_model_execute_cost_by_ms": [
        13.371999740600586
    ],
    "child_model_run_time": [
        [
            36723221,
            36736593
        ]
    ],
    "execute_cost": 13.371999740600586,
    "finish_time": 36736598,
    "limit_cost_by_ms": 6.98033332824707,
    "model_name": "gpt128v2",
    "recv_time": 36698174,
    "tag": "933",
    "total_cost_by_ms": 38.42399978637695,
    "wait_cost": 25.052000045776367
}
