{
    "child_model_execute_cost_by_ms": [
        47.71799850463867
    ],
    "child_model_run_time": [
        [
            9208328,
            9256046
        ]
    ],
    "execute_cost": 47.71799850463867,
    "finish_time": 9256056,
    "limit_cost_by_ms": 46.02433395385742,
    "model_name": "vgg19",
    "recv_time": 9208216,
    "tag": "65",
    "total_cost_by_ms": 47.84000015258789,
    "wait_cost": 0.12200164794921875
}
