{
    "child_model_execute_cost_by_ms": [
        10.699000358581543
    ],
    "child_model_run_time": [
        [
            24389902,
            24400601
        ]
    ],
    "execute_cost": 10.699000358581543,
    "finish_time": 24400614,
    "limit_cost_by_ms": 8.67300033569336,
    "model_name": "googlenet",
    "recv_time": 24342736,
    "tag": "743",
    "total_cost_by_ms": 57.87799835205078,
    "wait_cost": 47.17899703979492
}
