{
    "child_model_execute_cost_by_ms": [
        8.835000038146973
    ],
    "child_model_run_time": [
        [
            25022092,
            25030927
        ]
    ],
    "execute_cost": 8.835000038146973,
    "finish_time": 25030933,
    "limit_cost_by_ms": 7.084333419799805,
    "model_name": "squeezenetv1",
    "recv_time": 24983874,
    "tag": "772",
    "total_cost_by_ms": 47.058998107910156,
    "wait_cost": 38.2239990234375
}
