{
    "child_model_execute_cost_by_ms": [
        10.385000228881836
    ],
    "child_model_run_time": [
        [
            12851818,
            12862203
        ]
    ],
    "execute_cost": 10.385000228881836,
    "finish_time": 12862209,
    "limit_cost_by_ms": 8.717000007629395,
    "model_name": "googlenet",
    "recv_time": 12851704,
    "tag": "210",
    "total_cost_by_ms": 10.505000114440918,
    "wait_cost": 0.11999988555908203
}
