kind, gpt128v2, yolov2, googlenet, resnet50, vgg19, total
DLIR, 0.9751042363228661, 0.9729736844290787, 0.9058415030553588, 0.5843002220891054, 0.42980501715760344, 0.8825336344141036
OYST, 1.057930551806364, 0.9647427485003006, 0.9599470301929551, 0.6036394337867548, 0.42079312973986255, 0.9142892147963281
ClockWork, 2.2768051441253205, 2.736258336841783, 1.821713160843358, 0.711396849952097, 0.17625567186490312, 2.1307079905489354
PREMA, 1.7958475586669889, 1.9608011268799028, 1.7498833435507257, 0.8980760313997214, 0.2346140819939811, 1.7126180246903466
MPS, 4.191836787331145, 3.0574617075704262, 2.5023570020022152, 1.019596983966788, 0.174161203064327, 3.1163727318987573
