kind, gpt128v2, yolov2, googlenet, resnet50, vgg19, total
DLIR, 1.5058515201226075, 1.0517975235922643, 1.081457538272638, 1.3826266774184535, 1.1733862422335029, 1.0517975235922643
OYST, 1.150897623172682, 1.0512834482358613, 1.0397072281007416, 1.3242036289228436, 1.1642812070366333, 1.0397072281007416
ClockWork, 1.351920869090425, 1.0330726259483431, 1.0270182097873646, 1.0, 1.0, 1.0
PREMA, 1.2016106289817552, 1.0531772837892293, 1.0595809959984643, 1.0, 1.0, 1.0
MPS, 1.6758394601497344, 1.0537418544311088, 1.0652264744697728, 1.0, 1.0, 1.0
