kind, gpt128v2, yolov2, googlenet, resnet50, vgg19, total
DLIR, 2.8900587617288105, 2.3385279436577067, 2.0618503476277845, 2.040728074374747, 1.8389545867291759, 2.2336741854932187
OYST, 2.8873320162049265, 2.336873872916746, 2.053870211647635, 2.050898039168836, 1.8100323437222632, 2.2274917042842426
ClockWork, 3.7260471817557703, 3.7748603135411978, 2.6470705242112653, 1.458673774906238, 1.0871804007442463, 2.53918674553769
PREMA, 3.3066632675992826, 3.1049219771616925, 2.63309717048634, 1.5708150532805396, 1.1092822978656587, 2.34521574474368
MPS, 5.931538306587394, 3.9998342038136525, 3.471461196232558, 1.7992278211652226, 1.1038747555452035, 3.2599509056316482
