kind, gpt128v2, yolov2, googlenet, resnet50, vgg19, total
DLIR, 5.000523137093972, 4.568708487191283, 4.616001770896908, 4.16805269401514, 2.658534745645777, 5.000523137093972
OYST, 5.753490685063059, 4.408646110214424, 4.848416987931876, 4.032494818773472, 2.674523346732863, 5.753490685063059
ClockWork, 13.26204143725941, 12.192904870907528, 8.27922470505863, 3.7104294807686746, 2.204113548121253, 13.26204143725941
PREMA, 9.180276376916124, 9.237052102536115, 7.9163270997580275, 4.752416373841546, 2.300349055974206, 9.237052102536115
MPS, 18.1422174593084, 13.9013889907857, 10.821383665226865, 5.089204575652705, 1.8090261175796807, 18.1422174593084
