{
    "child_model_execute_cost_by_ms": [
        70.66200256347656
    ],
    "child_model_run_time": [
        [
            10542269,
            10612931
        ]
    ],
    "execute_cost": 70.66200256347656,
    "finish_time": 10612932,
    "limit_cost_by_ms": 18.981332778930664,
    "model_name": "resnet50",
    "recv_time": 10542084,
    "tag": "132",
    "total_cost_by_ms": 70.8479995727539,
    "wait_cost": 0.18599700927734375
}
