{
    "child_model_execute_cost_by_ms": [
        9.762999534606934
    ],
    "child_model_run_time": [
        [
            22392359,
            22402122
        ]
    ],
    "execute_cost": 9.762999534606934,
    "finish_time": 22402128,
    "limit_cost_by_ms": 8.829667091369629,
    "model_name": "googlenet",
    "recv_time": 22392273,
    "tag": "724",
    "total_cost_by_ms": 9.854999542236328,
    "wait_cost": 0.09200000762939453
}
