{
    "child_model_execute_cost_by_ms": [
        8.187999725341797
    ],
    "child_model_run_time": [
        [
            10323443,
            10331631
        ]
    ],
    "execute_cost": 8.187999725341797,
    "finish_time": 10331637,
    "limit_cost_by_ms": 7.427333354949951,
    "model_name": "squeezenetv1",
    "recv_time": 10323321,
    "tag": "102",
    "total_cost_by_ms": 8.315999984741211,
    "wait_cost": 0.12800025939941406
}
