{
    "child_model_execute_cost_by_ms": [
        8.083000183105469
    ],
    "child_model_run_time": [
        [
            11205259,
            11213342
        ]
    ],
    "execute_cost": 8.083000183105469,
    "finish_time": 11213354,
    "limit_cost_by_ms": 7.427333354949951,
    "model_name": "squeezenetv1",
    "recv_time": 11198242,
    "tag": "137",
    "total_cost_by_ms": 15.112000465393066,
    "wait_cost": 7.029000282287598
}
