{
    "child_model_execute_cost_by_ms": [
        9.196999549865723
    ],
    "child_model_run_time": [
        [
            14800391,
            14809588
        ]
    ],
    "execute_cost": 9.196999549865723,
    "finish_time": 14809591,
    "limit_cost_by_ms": 9.119667053222656,
    "model_name": "googlenet",
    "recv_time": 14800385,
    "tag": "265",
    "total_cost_by_ms": 9.206000328063965,
    "wait_cost": 0.009000778198242188
}
