{
    "child_model_execute_cost_by_ms": [
        8.623000144958496
    ],
    "child_model_run_time": [
        [
            14794825,
            14803448
        ]
    ],
    "execute_cost": 8.623000144958496,
    "finish_time": 14803460,
    "limit_cost_by_ms": 7.427333354949951,
    "model_name": "squeezenetv1",
    "recv_time": 14777952,
    "tag": "270",
    "total_cost_by_ms": 25.507999420166016,
    "wait_cost": 16.884998321533203
}
