{
    "child_model_execute_cost_by_ms": [
        18.73900032043457,
        17.052000045776367,
        19.600000381469727
    ],
    "child_model_run_time": [
        [
            8817782,
            8836521
        ],
        [
            8869275,
            8886327
        ],
        [
            8886362,
            8905962
        ]
    ],
    "execute_cost": 55.39099884033203,
    "finish_time": 8905966,
    "limit_cost_by_ms": 47.31133270263672,
    "model_name": "vgg19",
    "recv_time": 8817757,
    "tag": "45",
    "total_cost_by_ms": 88.20899963378906,
    "wait_cost": 32.81800079345703
}
