{
    "child_model_execute_cost_by_ms": [
        9.840999603271484
    ],
    "child_model_run_time": [
        [
            20541265,
            20551106
        ]
    ],
    "execute_cost": 9.840999603271484,
    "finish_time": 20551120,
    "limit_cost_by_ms": 9.020333290100098,
    "model_name": "googlenet",
    "recv_time": 20541130,
    "tag": "485",
    "total_cost_by_ms": 9.989999771118164,
    "wait_cost": 0.1490001678466797
}
