{
    "child_model_execute_cost_by_ms": [
        15.482999801635742,
        9.34000015258789
    ],
    "child_model_run_time": [
        [
            22476022,
            22491505
        ],
        [
            22500244,
            22509584
        ]
    ],
    "execute_cost": 24.822999954223633,
    "finish_time": 22509590,
    "limit_cost_by_ms": 18.854999542236328,
    "model_name": "resnet50",
    "recv_time": 22471745,
    "tag": "552",
    "total_cost_by_ms": 37.845001220703125,
    "wait_cost": 13.022001266479492
}
