{
    "child_model_execute_cost_by_ms": [
        18.222000122070313,
        17.586000442504883,
        21.222999572753906
    ],
    "child_model_run_time": [
        [
            22605925,
            22624147
        ],
        [
            22624229,
            22641815
        ],
        [
            22641903,
            22663126
        ]
    ],
    "execute_cost": 57.03099822998047,
    "finish_time": 22663132,
    "limit_cost_by_ms": 47.31133270263672,
    "model_name": "vgg19",
    "recv_time": 22599234,
    "tag": "561",
    "total_cost_by_ms": 63.89799880981445,
    "wait_cost": 6.867000579833984
}
