{
    "child_model_execute_cost_by_ms": [
        19.457000732421875,
        17.86400032043457,
        21.02400016784668
    ],
    "child_model_run_time": [
        [
            24442525,
            24461982
        ],
        [
            24462027,
            24479891
        ],
        [
            24479929,
            24500953
        ]
    ],
    "execute_cost": 58.345001220703125,
    "finish_time": 24500960,
    "limit_cost_by_ms": 47.31133270263672,
    "model_name": "vgg19",
    "recv_time": 24435080,
    "tag": "630",
    "total_cost_by_ms": 65.87999725341797,
    "wait_cost": 7.534996032714844
}
