{
    "child_model_execute_cost_by_ms": [
        9.746999740600586
    ],
    "child_model_run_time": [
        [
            7855413,
            7865160
        ]
    ],
    "execute_cost": 9.746999740600586,
    "finish_time": 7865172,
    "limit_cost_by_ms": 9.020333290100098,
    "model_name": "googlenet",
    "recv_time": 7840664,
    "tag": "10",
    "total_cost_by_ms": 24.507999420166016,
    "wait_cost": 14.76099967956543
}
