{
    "child_model_execute_cost_by_ms": [
        10.00100040435791
    ],
    "child_model_run_time": [
        [
            28097971,
            28107972
        ]
    ],
    "execute_cost": 10.00100040435791,
    "finish_time": 28107977,
    "limit_cost_by_ms": 9.119667053222656,
    "model_name": "googlenet",
    "recv_time": 28072035,
    "tag": "761",
    "total_cost_by_ms": 35.94200134277344,
    "wait_cost": 25.941001892089844
}
