{
    "child_model_execute_cost_by_ms": [
        15.409000396728516,
        9.602999687194824
    ],
    "child_model_run_time": [
        [
            30023379,
            30038788
        ],
        [
            30049065,
            30058668
        ]
    ],
    "execute_cost": 25.012001037597656,
    "finish_time": 30058679,
    "limit_cost_by_ms": 18.911666870117188,
    "model_name": "resnet50",
    "recv_time": 30023302,
    "tag": "832",
    "total_cost_by_ms": 35.37699890136719,
    "wait_cost": 10.364997863769531
}
