{
    "child_model_execute_cost_by_ms": [
        18.704999923706055,
        17.299999237060547,
        20.219999313354492
    ],
    "child_model_run_time": [
        [
            11024310,
            11043015
        ],
        [
            11043050,
            11060350
        ],
        [
            11060378,
            11080598
        ]
    ],
    "execute_cost": 56.224998474121094,
    "finish_time": 11080605,
    "limit_cost_by_ms": 47.306331634521484,
    "model_name": "vgg19",
    "recv_time": 10971626,
    "tag": "153",
    "total_cost_by_ms": 108.97899627685547,
    "wait_cost": 52.753997802734375
}
