{
    "child_model_execute_cost_by_ms": [
        8.434000015258789
    ],
    "child_model_run_time": [
        [
            11680066,
            11688500
        ]
    ],
    "execute_cost": 8.434000015258789,
    "finish_time": 11688511,
    "limit_cost_by_ms": 7.328666687011719,
    "model_name": "squeezenetv1",
    "recv_time": 11678770,
    "tag": "182",
    "total_cost_by_ms": 9.741000175476074,
    "wait_cost": 1.3070001602172852
}
