{
    "child_model_execute_cost_by_ms": [
        15.258000373840332,
        9.093999862670898
    ],
    "child_model_run_time": [
        [
            12969465,
            12984723
        ],
        [
            12984763,
            12993857
        ]
    ],
    "execute_cost": 24.352001190185547,
    "finish_time": 12993863,
    "limit_cost_by_ms": 19.115999221801758,
    "model_name": "resnet50",
    "recv_time": 12934969,
    "tag": "238",
    "total_cost_by_ms": 58.89400100708008,
    "wait_cost": 34.54199981689453
}
