{
    "child_model_execute_cost_by_ms": [
        10.053999900817871
    ],
    "child_model_run_time": [
        [
            13409723,
            13419777
        ]
    ],
    "execute_cost": 10.053999900817871,
    "finish_time": 13419788,
    "limit_cost_by_ms": 9.059333801269531,
    "model_name": "googlenet",
    "recv_time": 13397585,
    "tag": "258",
    "total_cost_by_ms": 22.202999114990234,
    "wait_cost": 12.148999214172363
}
