{
    "child_model_execute_cost_by_ms": [
        9.16100025177002
    ],
    "child_model_run_time": [
        [
            14019584,
            14028745
        ]
    ],
    "execute_cost": 9.16100025177002,
    "finish_time": 14028753,
    "limit_cost_by_ms": 8.755332946777344,
    "model_name": "googlenet",
    "recv_time": 14012408,
    "tag": "268",
    "total_cost_by_ms": 16.344999313354492,
    "wait_cost": 7.183999061584473
}
