{
    "child_model_execute_cost_by_ms": [
        8.751999855041504
    ],
    "child_model_run_time": [
        [
            19710322,
            19719074
        ]
    ],
    "execute_cost": 8.751999855041504,
    "finish_time": 19719085,
    "limit_cost_by_ms": 7.239999771118164,
    "model_name": "squeezenetv1",
    "recv_time": 19695029,
    "tag": "511",
    "total_cost_by_ms": 24.055999755859375,
    "wait_cost": 15.303999900817871
}
