{
    "child_model_execute_cost_by_ms": [
        10.555000305175781
    ],
    "child_model_run_time": [
        [
            20360723,
            20371278
        ]
    ],
    "execute_cost": 10.555000305175781,
    "finish_time": 20371294,
    "limit_cost_by_ms": 8.755332946777344,
    "model_name": "googlenet",
    "recv_time": 20352787,
    "tag": "539",
    "total_cost_by_ms": 18.506999969482422,
    "wait_cost": 7.951999664306641
}
