{
    "child_model_execute_cost_by_ms": [
        9.197999954223633
    ],
    "child_model_run_time": [
        [
            9334383,
            9343581
        ]
    ],
    "execute_cost": 9.197999954223633,
    "finish_time": 9343588,
    "limit_cost_by_ms": 8.755332946777344,
    "model_name": "googlenet",
    "recv_time": 9318871,
    "tag": "62",
    "total_cost_by_ms": 24.716999053955078,
    "wait_cost": 15.518999099731445
}
