{
    "child_model_execute_cost_by_ms": [
        8.0
    ],
    "child_model_run_time": [
        [
            9273129,
            9281129
        ]
    ],
    "execute_cost": 8.0,
    "finish_time": 9281135,
    "limit_cost_by_ms": 7.328666687011719,
    "model_name": "squeezenetv1",
    "recv_time": 9264522,
    "tag": "76",
    "total_cost_by_ms": 16.613000869750977,
    "wait_cost": 8.613000869750977
}
