{
    "child_model_execute_cost_by_ms": [
        7.6620001792907715
    ],
    "child_model_run_time": [
        [
            26566008,
            26573670
        ]
    ],
    "execute_cost": 7.6620001792907715,
    "finish_time": 26573676,
    "limit_cost_by_ms": 7.328666687011719,
    "model_name": "squeezenetv1",
    "recv_time": 26555338,
    "tag": "815",
    "total_cost_by_ms": 18.33799934387207,
    "wait_cost": 10.67599868774414
}
