{
    "child_model_execute_cost_by_ms": [
        15.781000137329102,
        10.109000205993652
    ],
    "child_model_run_time": [
        [
            26920976,
            26936757
        ],
        [
            26944791,
            26954900
        ]
    ],
    "execute_cost": 25.889999389648438,
    "finish_time": 26954911,
    "limit_cost_by_ms": 19.115999221801758,
    "model_name": "resnet50",
    "recv_time": 26918875,
    "tag": "830",
    "total_cost_by_ms": 36.0359992980957,
    "wait_cost": 10.145999908447266
}
