{
    "child_model_execute_cost_by_ms": [
        10.831999778747559
    ],
    "child_model_run_time": [
        [
            28611852,
            28622684
        ]
    ],
    "execute_cost": 10.831999778747559,
    "finish_time": 28622693,
    "limit_cost_by_ms": 9.059333801269531,
    "model_name": "googlenet",
    "recv_time": 28585970,
    "tag": "897",
    "total_cost_by_ms": 36.722999572753906,
    "wait_cost": 25.89099884033203
}
