{
    "child_model_execute_cost_by_ms": [
        18.51799964904785,
        18.385000228881836,
        22.0
    ],
    "child_model_run_time": [
        [
            30067190,
            30085708
        ],
        [
            30085721,
            30104106
        ],
        [
            30104118,
            30126118
        ]
    ],
    "execute_cost": 58.90299987792969,
    "finish_time": 30126124,
    "limit_cost_by_ms": 47.306331634521484,
    "model_name": "vgg19",
    "recv_time": 30037079,
    "tag": "957",
    "total_cost_by_ms": 89.04499816894531,
    "wait_cost": 30.141998291015625
}
