{
    "child_model_execute_cost_by_ms": [
        10.718999862670898
    ],
    "child_model_run_time": [
        [
            31021775,
            31032494
        ]
    ],
    "execute_cost": 10.718999862670898,
    "finish_time": 31032503,
    "limit_cost_by_ms": 9.059333801269531,
    "model_name": "googlenet",
    "recv_time": 31010380,
    "tag": "997",
    "total_cost_by_ms": 22.12299919128418,
    "wait_cost": 11.403999328613281
}
