{
    "child_model_execute_cost_by_ms": [
        21.062000274658203,
        20.148000717163086,
        24.179000854492188
    ],
    "child_model_run_time": [
        [
            7844168,
            7865230
        ],
        [
            7865269,
            7885417
        ],
        [
            7885451,
            7909630
        ]
    ],
    "execute_cost": 65.38899993896484,
    "finish_time": 7909635,
    "limit_cost_by_ms": 47.035667419433594,
    "model_name": "vgg19",
    "recv_time": 7834871,
    "tag": "4",
    "total_cost_by_ms": 74.76399993896484,
    "wait_cost": 9.375
}
