{
    "child_model_execute_cost_by_ms": [
        14.951000213623047,
        8.529999732971191
    ],
    "child_model_run_time": [
        [
            19739442,
            19754393
        ],
        [
            19754489,
            19763019
        ]
    ],
    "execute_cost": 23.480998992919922,
    "finish_time": 19763025,
    "limit_cost_by_ms": 18.928667068481445,
    "model_name": "resnet50",
    "recv_time": 19739300,
    "tag": "522",
    "total_cost_by_ms": 23.725000381469727,
    "wait_cost": 0.2440013885498047
}
