{
    "child_model_execute_cost_by_ms": [
        14.793000221252441,
        8.47700023651123
    ],
    "child_model_run_time": [
        [
            26231181,
            26245974
        ],
        [
            26246069,
            26254546
        ]
    ],
    "execute_cost": 23.270000457763672,
    "finish_time": 26254551,
    "limit_cost_by_ms": 18.928667068481445,
    "model_name": "resnet50",
    "recv_time": 26231007,
    "tag": "805",
    "total_cost_by_ms": 23.54400062561035,
    "wait_cost": 0.2740001678466797
}
