{
    "child_model_execute_cost_by_ms": [
        9.659000396728516
    ],
    "child_model_run_time": [
        [
            29756715,
            29766374
        ]
    ],
    "execute_cost": 9.659000396728516,
    "finish_time": 29766387,
    "limit_cost_by_ms": 8.680333137512207,
    "model_name": "googlenet",
    "recv_time": 29743066,
    "tag": "959",
    "total_cost_by_ms": 23.320999145507813,
    "wait_cost": 13.661998748779297
}
