{
    "child_model_execute_cost_by_ms": [
        9.76099967956543
    ],
    "child_model_run_time": [
        [
            11655940,
            11665701
        ]
    ],
    "execute_cost": 9.76099967956543,
    "finish_time": 11665711,
    "limit_cost_by_ms": 8.737333297729492,
    "model_name": "googlenet",
    "recv_time": 11655926,
    "tag": "183",
    "total_cost_by_ms": 9.78499984741211,
    "wait_cost": 0.024000167846679688
}
