{
    "child_model_execute_cost_by_ms": [
        9.920000076293945
    ],
    "child_model_run_time": [
        [
            9185788,
            9195708
        ]
    ],
    "execute_cost": 9.920000076293945,
    "finish_time": 9195716,
    "limit_cost_by_ms": 8.737333297729492,
    "model_name": "googlenet",
    "recv_time": 9185718,
    "tag": "65",
    "total_cost_by_ms": 9.998000144958496,
    "wait_cost": 0.07800006866455078
}
