{
    "child_model_execute_cost_by_ms": [
        19.091999053955078,
        17.163999557495117,
        19.746999740600586
    ],
    "child_model_run_time": [
        [
            24404536,
            24423628
        ],
        [
            24423677,
            24440841
        ],
        [
            24440862,
            24460609
        ]
    ],
    "execute_cost": 56.00299835205078,
    "finish_time": 24460616,
    "limit_cost_by_ms": 47.12200164794922,
    "model_name": "vgg19",
    "recv_time": 24404422,
    "tag": "791",
    "total_cost_by_ms": 56.194000244140625,
    "wait_cost": 0.19100189208984375
}
