{
    "child_model_execute_cost_by_ms": [
        8.20300006866455
    ],
    "child_model_run_time": [
        [
            26695780,
            26703983
        ]
    ],
    "execute_cost": 8.20300006866455,
    "finish_time": 26703995,
    "limit_cost_by_ms": 7.215666770935059,
    "model_name": "squeezenetv1",
    "recv_time": 26688480,
    "tag": "900",
    "total_cost_by_ms": 15.515000343322754,
    "wait_cost": 7.312000274658203
}
