{
    "child_model_execute_cost_by_ms": [
        56.08700180053711
    ],
    "child_model_run_time": [
        [
            14392766,
            14448853
        ]
    ],
    "execute_cost": 56.08700180053711,
    "finish_time": 14448859,
    "limit_cost_by_ms": 47.266666412353516,
    "model_name": "vgg19",
    "recv_time": 14392729,
    "tag": "216",
    "total_cost_by_ms": 56.130001068115234,
    "wait_cost": 0.042999267578125
}
