{
    "child_model_execute_cost_by_ms": [
        42.50600051879883
    ],
    "child_model_run_time": [
        [
            19125874,
            19168380
        ]
    ],
    "execute_cost": 42.50600051879883,
    "finish_time": 19168385,
    "limit_cost_by_ms": 19.060333251953125,
    "model_name": "resnet50",
    "recv_time": 19125792,
    "tag": "396",
    "total_cost_by_ms": 42.59299850463867,
    "wait_cost": 0.08699798583984375
}
