{
    "child_model_execute_cost_by_ms": [
        17.59000015258789
    ],
    "child_model_run_time": [
        [
            24599654,
            24617244
        ]
    ],
    "execute_cost": 17.59000015258789,
    "finish_time": 24617252,
    "limit_cost_by_ms": 8.999666213989258,
    "model_name": "googlenet",
    "recv_time": 24599623,
    "tag": "601",
    "total_cost_by_ms": 17.628999710083008,
    "wait_cost": 0.03899955749511719
}
