{
    "child_model_execute_cost_by_ms": [
        189.6479949951172
    ],
    "child_model_run_time": [
        [
            29770183,
            29959831
        ]
    ],
    "execute_cost": 189.6479949951172,
    "finish_time": 29959832,
    "limit_cost_by_ms": 7.293000221252441,
    "model_name": "squeezenetv1",
    "recv_time": 29770170,
    "tag": "783",
    "total_cost_by_ms": 189.66200256347656,
    "wait_cost": 0.014007568359375
}
