{
    "child_model_execute_cost_by_ms": [
        98.31900024414063
    ],
    "child_model_run_time": [
        [
            10867590,
            10965909
        ]
    ],
    "execute_cost": 98.31900024414063,
    "finish_time": 10965915,
    "limit_cost_by_ms": 19.060333251953125,
    "model_name": "resnet50",
    "recv_time": 10867576,
    "tag": "91",
    "total_cost_by_ms": 98.33899688720703,
    "wait_cost": 0.01999664306640625
}
