{
    "child_model_execute_cost_by_ms": [
        47.637001037597656
    ],
    "child_model_run_time": [
        [
            34417016,
            34464653
        ]
    ],
    "execute_cost": 47.637001037597656,
    "finish_time": 34464658,
    "limit_cost_by_ms": 19.060333251953125,
    "model_name": "resnet50",
    "recv_time": 34407415,
    "tag": "948",
    "total_cost_by_ms": 57.24300003051758,
    "wait_cost": 9.605998992919922
}
