{
    "child_model_execute_cost_by_ms": [
        18.429000854492188,
        18.878000259399414,
        20.288000106811523
    ],
    "child_model_run_time": [
        [
            18692228,
            18710657
        ],
        [
            18754371,
            18773249
        ],
        [
            18773339,
            18793627
        ]
    ],
    "execute_cost": 57.595001220703125,
    "finish_time": 18793633,
    "limit_cost_by_ms": 47.35599899291992,
    "model_name": "vgg19",
    "recv_time": 15723921,
    "tag": "327",
    "total_cost_by_ms": 3069.7119140625,
    "wait_cost": 3012.116943359375
}
