{
    "child_model_execute_cost_by_ms": [
        10.944000244140625
    ],
    "child_model_run_time": [
        [
            24814749,
            24825693
        ]
    ],
    "execute_cost": 10.944000244140625,
    "finish_time": 24825704,
    "limit_cost_by_ms": 8.971333503723145,
    "model_name": "googlenet",
    "recv_time": 24803219,
    "tag": "707",
    "total_cost_by_ms": 22.485000610351563,
    "wait_cost": 11.541000366210938
}
