{
    "child_model_execute_cost_by_ms": [
        15.366999626159668,
        9.050999641418457
    ],
    "child_model_run_time": [
        [
            26404592,
            26419959
        ],
        [
            26420052,
            26429103
        ]
    ],
    "execute_cost": 24.417999267578125,
    "finish_time": 26429112,
    "limit_cost_by_ms": 18.836000442504883,
    "model_name": "resnet50",
    "recv_time": 26382227,
    "tag": "772",
    "total_cost_by_ms": 46.8849983215332,
    "wait_cost": 22.466999053955078
}
