{
    "child_model_execute_cost_by_ms": [
        18.32900047302246,
        18.891000747680664,
        20.21299934387207
    ],
    "child_model_run_time": [
        [
            9912303,
            9930632
        ],
        [
            9964707,
            9983598
        ],
        [
            9983687,
            10003900
        ]
    ],
    "execute_cost": 57.43299865722656,
    "finish_time": 10003904,
    "limit_cost_by_ms": 47.35599899291992,
    "model_name": "vgg19",
    "recv_time": 9236161,
    "tag": "58",
    "total_cost_by_ms": 767.7429809570313,
    "wait_cost": 710.3099975585938
}
