{
    "child_model_execute_cost_by_ms": [
        18.274999618530273,
        17.899999618530273,
        22.011999130249023
    ],
    "child_model_run_time": [
        [
            36301826,
            36320101
        ],
        [
            36320118,
            36338018
        ],
        [
            36338034,
            36360046
        ]
    ],
    "execute_cost": 58.18699645996094,
    "finish_time": 36360054,
    "limit_cost_by_ms": 47.35599899291992,
    "model_name": "vgg19",
    "recv_time": 30987706,
    "tag": "960",
    "total_cost_by_ms": 5372.34814453125,
    "wait_cost": 5314.1611328125
}
