{
    "child_model_execute_cost_by_ms": [
        45.862998962402344
    ],
    "child_model_run_time": [
        [
            10820081,
            10865944
        ]
    ],
    "execute_cost": 45.862998962402344,
    "finish_time": 10865950,
    "limit_cost_by_ms": 46.75133514404297,
    "model_name": "vgg19",
    "recv_time": 10820066,
    "tag": "133",
    "total_cost_by_ms": 45.88399887084961,
    "wait_cost": 0.020999908447265625
}
