{
    "child_model_execute_cost_by_ms": [
        20.67099952697754
    ],
    "child_model_run_time": [
        [
            15993775,
            16014446
        ]
    ],
    "execute_cost": 20.67099952697754,
    "finish_time": 16014452,
    "limit_cost_by_ms": 18.92733383178711,
    "model_name": "resnet50",
    "recv_time": 15993680,
    "tag": "398",
    "total_cost_by_ms": 20.77199935913086,
    "wait_cost": 0.10099983215332031
}
