{
    "child_model_execute_cost_by_ms": [
        47.42599868774414
    ],
    "child_model_run_time": [
        [
            16981532,
            17028958
        ]
    ],
    "execute_cost": 47.42599868774414,
    "finish_time": 17028965,
    "limit_cost_by_ms": 46.75133514404297,
    "model_name": "vgg19",
    "recv_time": 16981522,
    "tag": "449",
    "total_cost_by_ms": 47.44300079345703,
    "wait_cost": 0.017002105712890625
}
