{
    "child_model_execute_cost_by_ms": [
        10.031000137329102
    ],
    "child_model_run_time": [
        [
            10493239,
            10503270
        ]
    ],
    "execute_cost": 10.031000137329102,
    "finish_time": 10503283,
    "limit_cost_by_ms": 8.65566635131836,
    "model_name": "googlenet",
    "recv_time": 10493225,
    "tag": "122",
    "total_cost_by_ms": 10.057999610900879,
    "wait_cost": 0.026999473571777344
}
