{
    "child_model_execute_cost_by_ms": [
        8.065999984741211
    ],
    "child_model_run_time": [
        [
            11556355,
            11564421
        ]
    ],
    "execute_cost": 8.065999984741211,
    "finish_time": 11564427,
    "limit_cost_by_ms": 7.172666549682617,
    "model_name": "squeezenetv1",
    "recv_time": 11556216,
    "tag": "167",
    "total_cost_by_ms": 8.211000442504883,
    "wait_cost": 0.14500045776367188
}
