{
    "child_model_execute_cost_by_ms": [
        9.831999778747559
    ],
    "child_model_run_time": [
        [
            12966651,
            12976483
        ]
    ],
    "execute_cost": 9.831999778747559,
    "finish_time": 12976489,
    "limit_cost_by_ms": 8.65566635131836,
    "model_name": "googlenet",
    "recv_time": 12966454,
    "tag": "227",
    "total_cost_by_ms": 10.03499984741211,
    "wait_cost": 0.20300006866455078
}
