{
    "child_model_execute_cost_by_ms": [
        10.637999534606934
    ],
    "child_model_run_time": [
        [
            13437120,
            13447758
        ]
    ],
    "execute_cost": 10.637999534606934,
    "finish_time": 13447765,
    "limit_cost_by_ms": 8.65566635131836,
    "model_name": "googlenet",
    "recv_time": 13433804,
    "tag": "247",
    "total_cost_by_ms": 13.961000442504883,
    "wait_cost": 3.323000907897949
}
