{
    "child_model_execute_cost_by_ms": [
        44.380001068115234
    ],
    "child_model_run_time": [
        [
            14792025,
            14836405
        ]
    ],
    "execute_cost": 44.380001068115234,
    "finish_time": 14836412,
    "limit_cost_by_ms": 47.13066482543945,
    "model_name": "vgg19",
    "recv_time": 14791935,
    "tag": "306",
    "total_cost_by_ms": 44.47700119018555,
    "wait_cost": 0.0970001220703125
}
