{
    "child_model_execute_cost_by_ms": [
        19.56399917602539
    ],
    "child_model_run_time": [
        [
            15267619,
            15287183
        ]
    ],
    "execute_cost": 19.56399917602539,
    "finish_time": 15287188,
    "limit_cost_by_ms": 18.92766761779785,
    "model_name": "resnet50",
    "recv_time": 15267523,
    "tag": "326",
    "total_cost_by_ms": 19.665000915527344,
    "wait_cost": 0.10100173950195313
}
