{
    "child_model_execute_cost_by_ms": [
        8.324000358581543
    ],
    "child_model_run_time": [
        [
            20454101,
            20462425
        ]
    ],
    "execute_cost": 8.324000358581543,
    "finish_time": 20462431,
    "limit_cost_by_ms": 7.172666549682617,
    "model_name": "squeezenetv1",
    "recv_time": 20453979,
    "tag": "548",
    "total_cost_by_ms": 8.45199966430664,
    "wait_cost": 0.12799930572509766
}
