{
    "child_model_execute_cost_by_ms": [
        46.768001556396484
    ],
    "child_model_run_time": [
        [
            23822033,
            23868801
        ]
    ],
    "execute_cost": 46.768001556396484,
    "finish_time": 23868806,
    "limit_cost_by_ms": 47.13066482543945,
    "model_name": "vgg19",
    "recv_time": 23786081,
    "tag": "691",
    "total_cost_by_ms": 82.7249984741211,
    "wait_cost": 35.95699691772461
}
