{
    "child_model_execute_cost_by_ms": [
        10.847000122070313
    ],
    "child_model_run_time": [
        [
            23914883,
            23925730
        ]
    ],
    "execute_cost": 10.847000122070313,
    "finish_time": 23925737,
    "limit_cost_by_ms": 8.65566635131836,
    "model_name": "googlenet",
    "recv_time": 23914714,
    "tag": "695",
    "total_cost_by_ms": 11.02299976348877,
    "wait_cost": 0.17599964141845703
}
