{
    "child_model_execute_cost_by_ms": [
        45.99599838256836
    ],
    "child_model_run_time": [
        [
            30100478,
            30146474
        ]
    ],
    "execute_cost": 45.99599838256836,
    "finish_time": 30146478,
    "limit_cost_by_ms": 47.13066482543945,
    "model_name": "vgg19",
    "recv_time": 30100343,
    "tag": "960",
    "total_cost_by_ms": 46.1349983215332,
    "wait_cost": 0.13899993896484375
}
