{
    "child_model_execute_cost_by_ms": [
        19.236000061035156
    ],
    "child_model_run_time": [
        [
            14444478,
            14463714
        ]
    ],
    "execute_cost": 19.236000061035156,
    "finish_time": 14463724,
    "limit_cost_by_ms": 18.652000427246094,
    "model_name": "resnet50",
    "recv_time": 14444392,
    "tag": "334",
    "total_cost_by_ms": 19.332000732421875,
    "wait_cost": 0.09600067138671875
}
