{
    "child_model_execute_cost_by_ms": [
        20.534000396728516
    ],
    "child_model_run_time": [
        [
            22147105,
            22167639
        ]
    ],
    "execute_cost": 20.534000396728516,
    "finish_time": 22167645,
    "limit_cost_by_ms": 18.652000427246094,
    "model_name": "resnet50",
    "recv_time": 22140477,
    "tag": "718",
    "total_cost_by_ms": 27.167999267578125,
    "wait_cost": 6.633998870849609
}
