{
    "child_model_execute_cost_by_ms": [
        15.067999839782715,
        8.991000175476074
    ],
    "child_model_run_time": [
        [
            17479678,
            17494746
        ],
        [
            17494787,
            17503778
        ]
    ],
    "execute_cost": 24.05900001525879,
    "finish_time": 17503784,
    "limit_cost_by_ms": 18.854000091552734,
    "model_name": "resnet50",
    "recv_time": 17479573,
    "tag": "337",
    "total_cost_by_ms": 24.211000442504883,
    "wait_cost": 0.15200042724609375
}
