{
    "child_model_execute_cost_by_ms": [
        7.614999771118164
    ],
    "child_model_run_time": [
        [
            22602865,
            22610480
        ]
    ],
    "execute_cost": 7.614999771118164,
    "finish_time": 22610492,
    "limit_cost_by_ms": 7.1623334884643555,
    "model_name": "squeezenetv1",
    "recv_time": 22592784,
    "tag": "516",
    "total_cost_by_ms": 17.70800018310547,
    "wait_cost": 10.093000411987305
}
