{
    "child_model_execute_cost_by_ms": [
        11.032999992370605
    ],
    "child_model_run_time": [
        [
            18074974,
            18086007
        ]
    ],
    "execute_cost": 11.032999992370605,
    "finish_time": 18086015,
    "limit_cost_by_ms": 8.919666290283203,
    "model_name": "googlenet",
    "recv_time": 18074810,
    "tag": "505",
    "total_cost_by_ms": 11.204999923706055,
    "wait_cost": 0.17199993133544922
}
