{
    "child_model_execute_cost_by_ms": [
        8.347000122070313
    ],
    "child_model_run_time": [
        [
            21711985,
            21720332
        ]
    ],
    "execute_cost": 8.347000122070313,
    "finish_time": 21720339,
    "limit_cost_by_ms": 7.255666732788086,
    "model_name": "squeezenetv1",
    "recv_time": 21707304,
    "tag": "597",
    "total_cost_by_ms": 13.03499984741211,
    "wait_cost": 4.687999725341797
}
