{
    "child_model_execute_cost_by_ms": [
        10.659000396728516
    ],
    "child_model_run_time": [
        [
            11187089,
            11197748
        ]
    ],
    "execute_cost": 10.659000396728516,
    "finish_time": 11197757,
    "limit_cost_by_ms": 8.804666519165039,
    "model_name": "googlenet",
    "recv_time": 11181471,
    "tag": "187",
    "total_cost_by_ms": 16.285999298095703,
    "wait_cost": 5.6269989013671875
}
