{
    "child_model_execute_cost_by_ms": [
        19.378999710083008
    ],
    "child_model_run_time": [
        [
            12367137,
            12386516
        ]
    ],
    "execute_cost": 19.378999710083008,
    "finish_time": 12386524,
    "limit_cost_by_ms": 18.887666702270508,
    "model_name": "resnet50",
    "recv_time": 12366976,
    "tag": "253",
    "total_cost_by_ms": 19.54800033569336,
    "wait_cost": 0.16900062561035156
}
