{
    "child_model_execute_cost_by_ms": [
        10.751999855041504
    ],
    "child_model_run_time": [
        [
            19811439,
            19822191
        ]
    ],
    "execute_cost": 10.751999855041504,
    "finish_time": 19822199,
    "limit_cost_by_ms": 8.804666519165039,
    "model_name": "googlenet",
    "recv_time": 19791199,
    "tag": "660",
    "total_cost_by_ms": 31.0,
    "wait_cost": 20.248001098632813
}
