{
    "child_model_execute_cost_by_ms": [
        20.687000274658203
    ],
    "child_model_run_time": [
        [
            22243486,
            22264173
        ]
    ],
    "execute_cost": 20.687000274658203,
    "finish_time": 22264183,
    "limit_cost_by_ms": 18.887666702270508,
    "model_name": "resnet50",
    "recv_time": 22196954,
    "tag": "792",
    "total_cost_by_ms": 67.22899627685547,
    "wait_cost": 46.541996002197266
}
