{
    "child_model_execute_cost_by_ms": [
        10.762999534606934
    ],
    "child_model_run_time": [
        [
            22940456,
            22951219
        ]
    ],
    "execute_cost": 10.762999534606934,
    "finish_time": 22951230,
    "limit_cost_by_ms": 8.804666519165039,
    "model_name": "googlenet",
    "recv_time": 22920451,
    "tag": "829",
    "total_cost_by_ms": 30.77899932861328,
    "wait_cost": 20.01599884033203
}
