{
    "child_model_execute_cost_by_ms": [
        8.126999855041504
    ],
    "child_model_run_time": [
        [
            23350533,
            23358660
        ]
    ],
    "execute_cost": 8.126999855041504,
    "finish_time": 23358666,
    "limit_cost_by_ms": 7.418666839599609,
    "model_name": "squeezenetv1",
    "recv_time": 23350372,
    "tag": "852",
    "total_cost_by_ms": 8.293999671936035,
    "wait_cost": 0.16699981689453125
}
