{
    "child_model_execute_cost_by_ms": [
        47.834999084472656
    ],
    "child_model_run_time": [
        [
            11104091,
            11151926
        ]
    ],
    "execute_cost": 47.834999084472656,
    "finish_time": 11151933,
    "limit_cost_by_ms": 47.89400100708008,
    "model_name": "vgg19",
    "recv_time": 10883034,
    "tag": "143",
    "total_cost_by_ms": 268.89898681640625,
    "wait_cost": 221.06399536132813
}
