{
    "child_model_execute_cost_by_ms": [
        10.48900032043457
    ],
    "child_model_run_time": [
        [
            11949333,
            11959822
        ]
    ],
    "execute_cost": 10.48900032043457,
    "finish_time": 11959834,
    "limit_cost_by_ms": 8.965666770935059,
    "model_name": "googlenet",
    "recv_time": 11669764,
    "tag": "175",
    "total_cost_by_ms": 290.07000732421875,
    "wait_cost": 279.58099365234375
}
