{
    "child_model_execute_cost_by_ms": [
        20.305999755859375
    ],
    "child_model_run_time": [
        [
            14699155,
            14719461
        ]
    ],
    "execute_cost": 20.305999755859375,
    "finish_time": 14719469,
    "limit_cost_by_ms": 18.965999603271484,
    "model_name": "resnet50",
    "recv_time": 14369036,
    "tag": "285",
    "total_cost_by_ms": 350.4330139160156,
    "wait_cost": 330.12701416015625
}
