{
    "child_model_execute_cost_by_ms": [
        10.663999557495117
    ],
    "child_model_run_time": [
        [
            8720586,
            8731250
        ]
    ],
    "execute_cost": 10.663999557495117,
    "finish_time": 8731261,
    "limit_cost_by_ms": 8.965666770935059,
    "model_name": "googlenet",
    "recv_time": 8643979,
    "tag": "46",
    "total_cost_by_ms": 87.28199768066406,
    "wait_cost": 76.61799621582031
}
