{
    "child_model_execute_cost_by_ms": [
        50.58399963378906
    ],
    "child_model_run_time": [
        [
            21139268,
            21189852
        ]
    ],
    "execute_cost": 50.58399963378906,
    "finish_time": 21189857,
    "limit_cost_by_ms": 47.89400100708008,
    "model_name": "vgg19",
    "recv_time": 20391790,
    "tag": "534",
    "total_cost_by_ms": 798.0670166015625,
    "wait_cost": 747.4830322265625
}
