{
    "child_model_execute_cost_by_ms": [
        10.439000129699707
    ],
    "child_model_run_time": [
        [
            9229015,
            9239454
        ]
    ],
    "execute_cost": 10.439000129699707,
    "finish_time": 9239466,
    "limit_cost_by_ms": 8.965666770935059,
    "model_name": "googlenet",
    "recv_time": 9131631,
    "tag": "67",
    "total_cost_by_ms": 107.83499908447266,
    "wait_cost": 97.39599609375
}
