{
    "child_model_execute_cost_by_ms": [
        49.78499984741211
    ],
    "child_model_run_time": [
        [
            25619958,
            25669743
        ]
    ],
    "execute_cost": 49.78499984741211,
    "finish_time": 25669748,
    "limit_cost_by_ms": 47.89400100708008,
    "model_name": "vgg19",
    "recv_time": 24419840,
    "tag": "705",
    "total_cost_by_ms": 1249.907958984375,
    "wait_cost": 1200.1229248046875
}
