{
    "child_model_execute_cost_by_ms": [
        8.26099967956543
    ],
    "child_model_run_time": [
        [
            28090118,
            28098379
        ]
    ],
    "execute_cost": 8.26099967956543,
    "finish_time": 28098384,
    "limit_cost_by_ms": 7.387666702270508,
    "model_name": "squeezenetv1",
    "recv_time": 27278388,
    "tag": "815",
    "total_cost_by_ms": 819.9959716796875,
    "wait_cost": 811.7349853515625
}
