{
    "child_model_execute_cost_by_ms": [
        9.085000038146973
    ],
    "child_model_run_time": [
        [
            31299554,
            31308639
        ]
    ],
    "execute_cost": 9.085000038146973,
    "finish_time": 31308650,
    "limit_cost_by_ms": 7.367666721343994,
    "model_name": "squeezenetv1",
    "recv_time": 29597098,
    "tag": "919",
    "total_cost_by_ms": 1711.552001953125,
    "wait_cost": 1702.467041015625
}
