{
    "child_model_execute_cost_by_ms": [
        51.290000915527344
    ],
    "child_model_run_time": [
        [
            31656575,
            31707865
        ]
    ],
    "execute_cost": 51.290000915527344,
    "finish_time": 31707871,
    "limit_cost_by_ms": 47.89400100708008,
    "model_name": "vgg19",
    "recv_time": 29955862,
    "tag": "933",
    "total_cost_by_ms": 1752.009033203125,
    "wait_cost": 1700.718994140625
}
