{
    "child_model_execute_cost_by_ms": [
        20.716999053955078
    ],
    "child_model_run_time": [
        [
            32229275,
            32249992
        ]
    ],
    "execute_cost": 20.716999053955078,
    "finish_time": 32250001,
    "limit_cost_by_ms": 18.972333908081055,
    "model_name": "resnet50",
    "recv_time": 31284388,
    "tag": "979",
    "total_cost_by_ms": 965.6129760742188,
    "wait_cost": 944.89599609375
}
