{
    "child_model_execute_cost_by_ms": [
        10.133999824523926
    ],
    "child_model_run_time": [
        [
            11573341,
            11583475
        ]
    ],
    "execute_cost": 10.133999824523926,
    "finish_time": 11583481,
    "limit_cost_by_ms": 8.855999946594238,
    "model_name": "googlenet",
    "recv_time": 11573331,
    "tag": "159",
    "total_cost_by_ms": 10.149999618530273,
    "wait_cost": 0.015999794006347656
}
