{
    "child_model_execute_cost_by_ms": [
        19.777999877929688
    ],
    "child_model_run_time": [
        [
            12005311,
            12025089
        ]
    ],
    "execute_cost": 19.777999877929688,
    "finish_time": 12025097,
    "limit_cost_by_ms": 18.79800033569336,
    "model_name": "resnet50",
    "recv_time": 11956393,
    "tag": "189",
    "total_cost_by_ms": 68.7040023803711,
    "wait_cost": 48.926002502441406
}
