{
    "child_model_execute_cost_by_ms": [
        8.383999824523926
    ],
    "child_model_run_time": [
        [
            15578747,
            15587131
        ]
    ],
    "execute_cost": 8.383999824523926,
    "finish_time": 15587139,
    "limit_cost_by_ms": 7.208666801452637,
    "model_name": "squeezenetv1",
    "recv_time": 15578640,
    "tag": "345",
    "total_cost_by_ms": 8.49899959564209,
    "wait_cost": 0.11499977111816406
}
