{
    "child_model_execute_cost_by_ms": [
        8.369000434875488
    ],
    "child_model_run_time": [
        [
            19119917,
            19128286
        ]
    ],
    "execute_cost": 8.369000434875488,
    "finish_time": 19128295,
    "limit_cost_by_ms": 7.208666801452637,
    "model_name": "squeezenetv1",
    "recv_time": 19119903,
    "tag": "499",
    "total_cost_by_ms": 8.392000198364258,
    "wait_cost": 0.02299976348876953
}
