{
    "child_model_execute_cost_by_ms": [
        19.618999481201172
    ],
    "child_model_run_time": [
        [
            23268187,
            23287806
        ]
    ],
    "execute_cost": 19.618999481201172,
    "finish_time": 23287813,
    "limit_cost_by_ms": 18.79800033569336,
    "model_name": "resnet50",
    "recv_time": 23268181,
    "tag": "678",
    "total_cost_by_ms": 19.631999969482422,
    "wait_cost": 0.01300048828125
}
