{
    "child_model_execute_cost_by_ms": [
        10.37600040435791
    ],
    "child_model_run_time": [
        [
            24604506,
            24614882
        ]
    ],
    "execute_cost": 10.37600040435791,
    "finish_time": 24614889,
    "limit_cost_by_ms": 8.855999946594238,
    "model_name": "googlenet",
    "recv_time": 24604389,
    "tag": "718",
    "total_cost_by_ms": 10.5,
    "wait_cost": 0.12399959564208984
}
