{
    "child_model_execute_cost_by_ms": [
        10.416000366210938
    ],
    "child_model_run_time": [
        [
            24772986,
            24783402
        ]
    ],
    "execute_cost": 10.416000366210938,
    "finish_time": 24783408,
    "limit_cost_by_ms": 8.668000221252441,
    "model_name": "googlenet",
    "recv_time": 24772887,
    "tag": "743",
    "total_cost_by_ms": 10.520999908447266,
    "wait_cost": 0.10499954223632813
}
