{
    "child_model_execute_cost_by_ms": [
        46.316001892089844
    ],
    "child_model_run_time": [
        [
            25296052,
            25342368
        ]
    ],
    "execute_cost": 46.316001892089844,
    "finish_time": 25342373,
    "limit_cost_by_ms": 46.63566589355469,
    "model_name": "vgg19",
    "recv_time": 25284364,
    "tag": "766",
    "total_cost_by_ms": 58.00899887084961,
    "wait_cost": 11.692996978759766
}
