{
    "child_model_execute_cost_by_ms": [
        44.55500030517578
    ],
    "child_model_run_time": [
        [
            26428954,
            26473509
        ]
    ],
    "execute_cost": 44.55500030517578,
    "finish_time": 26473515,
    "limit_cost_by_ms": 46.63566589355469,
    "model_name": "vgg19",
    "recv_time": 26419847,
    "tag": "815",
    "total_cost_by_ms": 53.667999267578125,
    "wait_cost": 9.112998962402344
}
