{
    "child_model_execute_cost_by_ms": [
        10.821999549865723
    ],
    "child_model_run_time": [
        [
            27700892,
            27711714
        ]
    ],
    "execute_cost": 10.821999549865723,
    "finish_time": 27711721,
    "limit_cost_by_ms": 8.668000221252441,
    "model_name": "googlenet",
    "recv_time": 27689849,
    "tag": "869",
    "total_cost_by_ms": 21.871999740600586,
    "wait_cost": 11.050000190734863
}
