{
    "child_model_execute_cost_by_ms": [
        55.487998962402344
    ],
    "child_model_run_time": [
        [
            15428216,
            15483704
        ]
    ],
    "execute_cost": 55.487998962402344,
    "finish_time": 15483715,
    "limit_cost_by_ms": 19.060333251953125,
    "model_name": "resnet50",
    "recv_time": 15428205,
    "tag": "257",
    "total_cost_by_ms": 55.5099983215332,
    "wait_cost": 0.021999359130859375
}
