{
    "child_model_execute_cost_by_ms": [
        54.79399871826172
    ],
    "child_model_run_time": [
        [
            17520237,
            17575031
        ]
    ],
    "execute_cost": 54.79399871826172,
    "finish_time": 17575037,
    "limit_cost_by_ms": 47.266666412353516,
    "model_name": "vgg19",
    "recv_time": 17520226,
    "tag": "334",
    "total_cost_by_ms": 54.81100082397461,
    "wait_cost": 0.017002105712890625
}
