{
    "child_model_execute_cost_by_ms": [
        83.88400268554688
    ],
    "child_model_run_time": [
        [
            31427278,
            31511162
        ]
    ],
    "execute_cost": 83.88400268554688,
    "finish_time": 31511169,
    "limit_cost_by_ms": 47.266666412353516,
    "model_name": "vgg19",
    "recv_time": 31427253,
    "tag": "838",
    "total_cost_by_ms": 83.91600036621094,
    "wait_cost": 0.0319976806640625
}
