{
    "child_model_execute_cost_by_ms": [
        138.7310028076172
    ],
    "child_model_run_time": [
        [
            10656429,
            10795160
        ]
    ],
    "execute_cost": 138.7310028076172,
    "finish_time": 10795165,
    "limit_cost_by_ms": 19.060333251953125,
    "model_name": "resnet50",
    "recv_time": 10656422,
    "tag": "85",
    "total_cost_by_ms": 138.7429962158203,
    "wait_cost": 0.011993408203125
}
