{
    "child_model_execute_cost_by_ms": [
        19.16699981689453
    ],
    "child_model_run_time": [
        [
            11197730,
            11216897
        ]
    ],
    "execute_cost": 19.16699981689453,
    "finish_time": 11216904,
    "limit_cost_by_ms": 19.327333450317383,
    "model_name": "resnet50",
    "recv_time": 11197642,
    "tag": "139",
    "total_cost_by_ms": 19.261999130249023,
    "wait_cost": 0.09499931335449219
}
