{
    "child_model_execute_cost_by_ms": [
        20.667999267578125
    ],
    "child_model_run_time": [
        [
            11822868,
            11843536
        ]
    ],
    "execute_cost": 20.667999267578125,
    "finish_time": 11843543,
    "limit_cost_by_ms": 19.327333450317383,
    "model_name": "resnet50",
    "recv_time": 11810631,
    "tag": "165",
    "total_cost_by_ms": 32.9119987487793,
    "wait_cost": 12.243999481201172
}
