{
    "child_model_execute_cost_by_ms": [
        47.345001220703125
    ],
    "child_model_run_time": [
        [
            14299996,
            14347341
        ]
    ],
    "execute_cost": 47.345001220703125,
    "finish_time": 14347347,
    "limit_cost_by_ms": 49.93633270263672,
    "model_name": "vgg19",
    "recv_time": 14270163,
    "tag": "266",
    "total_cost_by_ms": 77.18399810791016,
    "wait_cost": 29.83899688720703
}
