{
    "child_model_execute_cost_by_ms": [
        44.540000915527344
    ],
    "child_model_run_time": [
        [
            14988297,
            15032837
        ]
    ],
    "execute_cost": 44.540000915527344,
    "finish_time": 15032842,
    "limit_cost_by_ms": 47.39833450317383,
    "model_name": "vgg19",
    "recv_time": 14988134,
    "tag": "290",
    "total_cost_by_ms": 44.70800018310547,
    "wait_cost": 0.167999267578125
}
