{
    "child_model_execute_cost_by_ms": [
        45.641998291015625
    ],
    "child_model_run_time": [
        [
            17701850,
            17747492
        ]
    ],
    "execute_cost": 45.641998291015625,
    "finish_time": 17747498,
    "limit_cost_by_ms": 47.39833450317383,
    "model_name": "vgg19",
    "recv_time": 17693528,
    "tag": "402",
    "total_cost_by_ms": 53.970001220703125,
    "wait_cost": 8.3280029296875
}
