{
    "child_model_execute_cost_by_ms": [
        19.513999938964844
    ],
    "child_model_run_time": [
        [
            18555621,
            18575135
        ]
    ],
    "execute_cost": 19.513999938964844,
    "finish_time": 18575139,
    "limit_cost_by_ms": 18.945999145507813,
    "model_name": "resnet50",
    "recv_time": 18555459,
    "tag": "436",
    "total_cost_by_ms": 19.68000030517578,
    "wait_cost": 0.1660003662109375
}
