{
    "child_model_execute_cost_by_ms": [
        20.21500015258789
    ],
    "child_model_run_time": [
        [
            18870071,
            18890286
        ]
    ],
    "execute_cost": 20.21500015258789,
    "finish_time": 18890292,
    "limit_cost_by_ms": 18.945999145507813,
    "model_name": "resnet50",
    "recv_time": 18863678,
    "tag": "449",
    "total_cost_by_ms": 26.61400032043457,
    "wait_cost": 6.39900016784668
}
