{
    "child_model_execute_cost_by_ms": [
        19.465999603271484
    ],
    "child_model_run_time": [
        [
            20891271,
            20910737
        ]
    ],
    "execute_cost": 19.465999603271484,
    "finish_time": 20910743,
    "limit_cost_by_ms": 18.945999145507813,
    "model_name": "resnet50",
    "recv_time": 20891115,
    "tag": "531",
    "total_cost_by_ms": 19.628000259399414,
    "wait_cost": 0.1620006561279297
}
