{
    "child_model_execute_cost_by_ms": [
        45.70600128173828
    ],
    "child_model_run_time": [
        [
            22115639,
            22161345
        ]
    ],
    "execute_cost": 45.70600128173828,
    "finish_time": 22161351,
    "limit_cost_by_ms": 49.93633270263672,
    "model_name": "vgg19",
    "recv_time": 22113817,
    "tag": "584",
    "total_cost_by_ms": 47.534000396728516,
    "wait_cost": 1.8279991149902344
}
