{
    "child_model_execute_cost_by_ms": [
        20.33099937438965
    ],
    "child_model_run_time": [
        [
            25419614,
            25439945
        ]
    ],
    "execute_cost": 20.33099937438965,
    "finish_time": 25439957,
    "limit_cost_by_ms": 18.945999145507813,
    "model_name": "resnet50",
    "recv_time": 25419476,
    "tag": "713",
    "total_cost_by_ms": 20.481000900268555,
    "wait_cost": 0.15000152587890625
}
