{
    "child_model_execute_cost_by_ms": [
        20.554000854492188
    ],
    "child_model_run_time": [
        [
            27336179,
            27356733
        ]
    ],
    "execute_cost": 20.554000854492188,
    "finish_time": 27356743,
    "limit_cost_by_ms": 19.327333450317383,
    "model_name": "resnet50",
    "recv_time": 27329212,
    "tag": "796",
    "total_cost_by_ms": 27.5310001373291,
    "wait_cost": 6.976999282836914
}
