{
    "child_model_execute_cost_by_ms": [
        8.263999938964844
    ],
    "child_model_run_time": [
        [
            29672495,
            29680759
        ]
    ],
    "execute_cost": 8.263999938964844,
    "finish_time": 29680767,
    "limit_cost_by_ms": 7.3466668128967285,
    "model_name": "squeezenetv1",
    "recv_time": 29641611,
    "tag": "888",
    "total_cost_by_ms": 39.15599822998047,
    "wait_cost": 30.891998291015625
}
