{
    "child_model_execute_cost_by_ms": [
        10.383999824523926
    ],
    "child_model_run_time": [
        [
            29854787,
            29865171
        ]
    ],
    "execute_cost": 10.383999824523926,
    "finish_time": 29865179,
    "limit_cost_by_ms": 9.435999870300293,
    "model_name": "googlenet",
    "recv_time": 29854676,
    "tag": "896",
    "total_cost_by_ms": 10.503000259399414,
    "wait_cost": 0.11900043487548828
}
