{
    "child_model_execute_cost_by_ms": [
        21.084999084472656
    ],
    "child_model_run_time": [
        [
            31165176,
            31186261
        ]
    ],
    "execute_cost": 21.084999084472656,
    "finish_time": 31186268,
    "limit_cost_by_ms": 18.945999145507813,
    "model_name": "resnet50",
    "recv_time": 31125395,
    "tag": "943",
    "total_cost_by_ms": 60.87300109863281,
    "wait_cost": 39.788002014160156
}
