{
    "child_model_execute_cost_by_ms": [
        31.0310001373291
    ],
    "child_model_run_time": [
        [
            11155302,
            11186333
        ]
    ],
    "execute_cost": 31.0310001373291,
    "finish_time": 11186338,
    "limit_cost_by_ms": 8.704333305358887,
    "model_name": "googlenet",
    "recv_time": 11155266,
    "tag": "144",
    "total_cost_by_ms": 31.07200050354004,
    "wait_cost": 0.0410003662109375
}
