{
    "child_model_execute_cost_by_ms": [
        22.003999710083008
    ],
    "child_model_run_time": [
        [
            18620560,
            18642564
        ]
    ],
    "execute_cost": 22.003999710083008,
    "finish_time": 18642570,
    "limit_cost_by_ms": 7.335333347320557,
    "model_name": "squeezenetv1",
    "recv_time": 18620513,
    "tag": "523",
    "total_cost_by_ms": 22.05699920654297,
    "wait_cost": 0.05299949645996094
}
