{
    "child_model_execute_cost_by_ms": [
        8.545000076293945
    ],
    "child_model_run_time": [
        [
            11075013,
            11083558
        ]
    ],
    "execute_cost": 8.545000076293945,
    "finish_time": 11083569,
    "limit_cost_by_ms": 7.203666687011719,
    "model_name": "squeezenetv1",
    "recv_time": 11073116,
    "tag": "116",
    "total_cost_by_ms": 10.45300006866455,
    "wait_cost": 1.9079999923706055
}
