{
    "child_model_execute_cost_by_ms": [
        19.222000122070313,
        18.715999603271484,
        19.90999984741211
    ],
    "child_model_run_time": [
        [
            8959738,
            8978960
        ],
        [
            9003359,
            9022075
        ],
        [
            9022165,
            9042075
        ]
    ],
    "execute_cost": 57.847999572753906,
    "finish_time": 9042081,
    "limit_cost_by_ms": 47.01166534423828,
    "model_name": "vgg19",
    "recv_time": 8959572,
    "tag": "43",
    "total_cost_by_ms": 82.50900268554688,
    "wait_cost": 24.66100311279297
}
