{
    "child_model_execute_cost_by_ms": [
        9.902000427246094
    ],
    "child_model_run_time": [
        [
            20577583,
            20587485
        ]
    ],
    "execute_cost": 9.902000427246094,
    "finish_time": 20587496,
    "limit_cost_by_ms": 8.881999969482422,
    "model_name": "googlenet",
    "recv_time": 20568841,
    "tag": "447",
    "total_cost_by_ms": 18.655000686645508,
    "wait_cost": 8.753000259399414
}
