{
    "child_model_execute_cost_by_ms": [
        15.03600025177002,
        9.166000366210938
    ],
    "child_model_run_time": [
        [
            28130058,
            28145094
        ],
        [
            28145187,
            28154353
        ]
    ],
    "execute_cost": 24.20199966430664,
    "finish_time": 28154361,
    "limit_cost_by_ms": 18.889667510986328,
    "model_name": "resnet50",
    "recv_time": 28119557,
    "tag": "710",
    "total_cost_by_ms": 34.80400085449219,
    "wait_cost": 10.602001190185547
}
