{
    "child_model_execute_cost_by_ms": [
        9.932000160217285
    ],
    "child_model_run_time": [
        [
            10301758,
            10311690
        ]
    ],
    "execute_cost": 9.932000160217285,
    "finish_time": 10311703,
    "limit_cost_by_ms": 8.881999969482422,
    "model_name": "googlenet",
    "recv_time": 10295477,
    "tag": "89",
    "total_cost_by_ms": 16.22599983215332,
    "wait_cost": 6.293999671936035
}
