{
    "child_model_execute_cost_by_ms": [
        10.618000030517578
    ],
    "child_model_run_time": [
        [
            21224864,
            21235482
        ]
    ],
    "execute_cost": 10.618000030517578,
    "finish_time": 21235489,
    "limit_cost_by_ms": 8.824333190917969,
    "model_name": "googlenet",
    "recv_time": 21209239,
    "tag": "728",
    "total_cost_by_ms": 26.25,
    "wait_cost": 15.631999969482422
}
