{
    "child_model_execute_cost_by_ms": [
        8.784000396728516
    ],
    "child_model_run_time": [
        [
            26027826,
            26036610
        ]
    ],
    "execute_cost": 8.784000396728516,
    "finish_time": 26036623,
    "limit_cost_by_ms": 7.290999889373779,
    "model_name": "squeezenetv1",
    "recv_time": 25998615,
    "tag": "986",
    "total_cost_by_ms": 38.007999420166016,
    "wait_cost": 29.2239990234375
}
