{
    "child_model_execute_cost_by_ms": [
        12.88599967956543
    ],
    "child_model_run_time": [
        [
            20702882,
            20715768
        ]
    ],
    "execute_cost": 12.88599967956543,
    "finish_time": 20715777,
    "limit_cost_by_ms": 7.055666446685791,
    "model_name": "gpt128v2",
    "recv_time": 20696318,
    "tag": "107",
    "total_cost_by_ms": 19.458999633789063,
    "wait_cost": 6.572999954223633
}
