{
    "child_model_execute_cost_by_ms": [
        13.477999687194824
    ],
    "child_model_run_time": [
        [
            21962286,
            21975764
        ]
    ],
    "execute_cost": 13.477999687194824,
    "finish_time": 21975774,
    "limit_cost_by_ms": 7.055666446685791,
    "model_name": "gpt128v2",
    "recv_time": 21950781,
    "tag": "163",
    "total_cost_by_ms": 24.993000030517578,
    "wait_cost": 11.515000343322754
}
