{
    "child_model_execute_cost_by_ms": [
        11.807999610900879
    ],
    "child_model_run_time": [
        [
            26537813,
            26549621
        ]
    ],
    "execute_cost": 11.807999610900879,
    "finish_time": 26549631,
    "limit_cost_by_ms": 8.479666709899902,
    "model_name": "googlenet",
    "recv_time": 26527373,
    "tag": "362",
    "total_cost_by_ms": 22.257999420166016,
    "wait_cost": 10.449999809265137
}
