{
    "child_model_execute_cost_by_ms": [
        9.77400016784668
    ],
    "child_model_run_time": [
        [
            29105299,
            29115073
        ]
    ],
    "execute_cost": 9.77400016784668,
    "finish_time": 29115083,
    "limit_cost_by_ms": 8.479666709899902,
    "model_name": "googlenet",
    "recv_time": 29097991,
    "tag": "473",
    "total_cost_by_ms": 17.091999053955078,
    "wait_cost": 7.317998886108398
}
