{
    "child_model_execute_cost_by_ms": [
        14.015000343322754,
        13.239999771118164
    ],
    "child_model_run_time": [
        [
            34710239,
            34724254
        ],
        [
            34731213,
            34744453
        ]
    ],
    "execute_cost": 27.255001068115234,
    "finish_time": 34744459,
    "limit_cost_by_ms": 17.739334106445313,
    "model_name": "resnet50",
    "recv_time": 34703827,
    "tag": "716",
    "total_cost_by_ms": 40.63199996948242,
    "wait_cost": 13.376998901367188
}
