{
    "child_model_execute_cost_by_ms": [
        19.007999420166016,
        17.253999710083008,
        19.250999450683594
    ],
    "child_model_run_time": [
        [
            35802364,
            35821372
        ],
        [
            35821397,
            35838651
        ],
        [
            35898827,
            35918078
        ]
    ],
    "execute_cost": 55.51300048828125,
    "finish_time": 35918085,
    "limit_cost_by_ms": 42.855777740478516,
    "model_name": "vgg19",
    "recv_time": 35577224,
    "tag": "756",
    "total_cost_by_ms": 340.8609924316406,
    "wait_cost": 285.3479919433594
}
