{
    "child_model_execute_cost_by_ms": [
        6.5329999923706055
    ],
    "child_model_run_time": [
        [
            38027689,
            38034222
        ]
    ],
    "execute_cost": 6.5329999923706055,
    "finish_time": 38034232,
    "limit_cost_by_ms": 5.683666706085205,
    "model_name": "yolov2",
    "recv_time": 38011977,
    "tag": "863",
    "total_cost_by_ms": 22.2549991607666,
    "wait_cost": 15.721999168395996
}
