{
    "child_model_execute_cost_by_ms": [
        21.24799919128418,
        17.070999145507813,
        19.277000427246094
    ],
    "child_model_run_time": [
        [
            38858665,
            38879913
        ],
        [
            38879951,
            38897022
        ],
        [
            38897043,
            38916320
        ]
    ],
    "execute_cost": 57.59600067138672,
    "finish_time": 38916325,
    "limit_cost_by_ms": 42.855777740478516,
    "model_name": "vgg19",
    "recv_time": 38641229,
    "tag": "890",
    "total_cost_by_ms": 275.09600830078125,
    "wait_cost": 217.5
}
