{
    "child_model_execute_cost_by_ms": [
        44.112998962402344
    ],
    "child_model_run_time": [
        [
            10206190,
            10250303
        ]
    ],
    "execute_cost": 44.112998962402344,
    "finish_time": 10250310,
    "limit_cost_by_ms": 45.51533508300781,
    "model_name": "vgg19",
    "recv_time": 10206177,
    "tag": "111",
    "total_cost_by_ms": 44.132999420166016,
    "wait_cost": 0.020000457763671875
}
