{
    "child_model_execute_cost_by_ms": [
        27.094999313354492
    ],
    "child_model_run_time": [
        [
            12076575,
            12103670
        ]
    ],
    "execute_cost": 27.094999313354492,
    "finish_time": 12103677,
    "limit_cost_by_ms": 7.354666709899902,
    "model_name": "squeezenetv1",
    "recv_time": 12076568,
    "tag": "202",
    "total_cost_by_ms": 27.108999252319336,
    "wait_cost": 0.01399993896484375
}
