{
    "child_model_execute_cost_by_ms": [
        44.2760009765625
    ],
    "child_model_run_time": [
        [
            22318152,
            22362428
        ]
    ],
    "execute_cost": 44.2760009765625,
    "finish_time": 22362433,
    "limit_cost_by_ms": 45.51533508300781,
    "model_name": "vgg19",
    "recv_time": 22318050,
    "tag": "696",
    "total_cost_by_ms": 44.382999420166016,
    "wait_cost": 0.10699844360351563
}
