{
    "child_model_execute_cost_by_ms": [
        9.734999656677246
    ],
    "child_model_run_time": [
        [
            10816542,
            10826277
        ]
    ],
    "execute_cost": 9.734999656677246,
    "finish_time": 10826284,
    "limit_cost_by_ms": 9.04033374786377,
    "model_name": "googlenet",
    "recv_time": 10816400,
    "tag": "110",
    "total_cost_by_ms": 9.883999824523926,
    "wait_cost": 0.1490001678466797
}
