{
    "child_model_execute_cost_by_ms": [
        15.25100040435791,
        9.07800006866455
    ],
    "child_model_run_time": [
        [
            12760722,
            12775973
        ],
        [
            12784361,
            12793439
        ]
    ],
    "execute_cost": 24.32900047302246,
    "finish_time": 12793444,
    "limit_cost_by_ms": 18.982666015625,
    "model_name": "resnet50",
    "recv_time": 12760654,
    "tag": "183",
    "total_cost_by_ms": 32.790000915527344,
    "wait_cost": 8.461000442504883
}
