{
    "child_model_execute_cost_by_ms": [
        9.965999603271484
    ],
    "child_model_run_time": [
        [
            23666145,
            23676111
        ]
    ],
    "execute_cost": 9.965999603271484,
    "finish_time": 23676123,
    "limit_cost_by_ms": 9.04033374786377,
    "model_name": "googlenet",
    "recv_time": 23657758,
    "tag": "591",
    "total_cost_by_ms": 18.364999771118164,
    "wait_cost": 8.39900016784668
}
