{
    "child_model_execute_cost_by_ms": [
        10.248000144958496
    ],
    "child_model_run_time": [
        [
            30641869,
            30652117
        ]
    ],
    "execute_cost": 10.248000144958496,
    "finish_time": 30652130,
    "limit_cost_by_ms": 9.04033374786377,
    "model_name": "googlenet",
    "recv_time": 30627212,
    "tag": "852",
    "total_cost_by_ms": 24.917999267578125,
    "wait_cost": 14.669999122619629
}
