{
    "child_model_execute_cost_by_ms": [
        15.555000305175781,
        9.289999961853027
    ],
    "child_model_run_time": [
        [
            10273746,
            10289301
        ],
        [
            10289396,
            10298686
        ]
    ],
    "execute_cost": 24.845001220703125,
    "finish_time": 10298690,
    "limit_cost_by_ms": 18.982666015625,
    "model_name": "resnet50",
    "recv_time": 10249080,
    "tag": "88",
    "total_cost_by_ms": 49.61000061035156,
    "wait_cost": 24.764999389648438
}
