{
    "child_model_execute_cost_by_ms": [
        9.795000076293945
    ],
    "child_model_run_time": [
        [
            31781404,
            31791199
        ]
    ],
    "execute_cost": 9.795000076293945,
    "finish_time": 31791211,
    "limit_cost_by_ms": 9.04033374786377,
    "model_name": "googlenet",
    "recv_time": 31762160,
    "tag": "894",
    "total_cost_by_ms": 29.051000595092773,
    "wait_cost": 19.256000518798828
}
