{
    "child_model_execute_cost_by_ms": [
        9.628000259399414
    ],
    "child_model_run_time": [
        [
            33208088,
            33217716
        ]
    ],
    "execute_cost": 9.628000259399414,
    "finish_time": 33217723,
    "limit_cost_by_ms": 9.04033374786377,
    "model_name": "googlenet",
    "recv_time": 33207911,
    "tag": "947",
    "total_cost_by_ms": 9.812000274658203,
    "wait_cost": 0.18400001525878906
}
