{
    "child_model_execute_cost_by_ms": [
        13.583000183105469
    ],
    "child_model_run_time": [
        [
            22725901,
            22739484
        ]
    ],
    "execute_cost": 13.583000183105469,
    "finish_time": 22739497,
    "limit_cost_by_ms": 7.00933313369751,
    "model_name": "gpt128v2",
    "recv_time": 22718662,
    "tag": "194",
    "total_cost_by_ms": 20.834999084472656,
    "wait_cost": 7.2519989013671875
}
