{
    "child_model_execute_cost_by_ms": [
        18.851999282836914,
        18.448999404907227,
        22.19099998474121
    ],
    "child_model_run_time": [
        [
            23085634,
            23104486
        ],
        [
            23104570,
            23123019
        ],
        [
            23136398,
            23158589
        ]
    ],
    "execute_cost": 59.49199676513672,
    "finish_time": 23158591,
    "limit_cost_by_ms": 46.47666549682617,
    "model_name": "vgg19",
    "recv_time": 23080664,
    "tag": "209",
    "total_cost_by_ms": 77.927001953125,
    "wait_cost": 18.43500518798828
}
