{
    "child_model_execute_cost_by_ms": [
        18.386999130249023,
        16.886999130249023,
        20.176000595092773
    ],
    "child_model_run_time": [
        [
            23203995,
            23222382
        ],
        [
            23222417,
            23239304
        ],
        [
            23239335,
            23259511
        ]
    ],
    "execute_cost": 55.44999694824219,
    "finish_time": 23259514,
    "limit_cost_by_ms": 46.47666549682617,
    "model_name": "vgg19",
    "recv_time": 23203984,
    "tag": "214",
    "total_cost_by_ms": 55.529998779296875,
    "wait_cost": 0.0800018310546875
}
