{
    "child_model_execute_cost_by_ms": [
        18.940000534057617,
        18.538999557495117,
        19.469999313354492
    ],
    "child_model_run_time": [
        [
            27089175,
            27108115
        ],
        [
            27141737,
            27160276
        ],
        [
            27160307,
            27179777
        ]
    ],
    "execute_cost": 56.948997497558594,
    "finish_time": 27179779,
    "limit_cost_by_ms": 46.47666549682617,
    "model_name": "vgg19",
    "recv_time": 27089127,
    "tag": "380",
    "total_cost_by_ms": 90.6520004272461,
    "wait_cost": 33.7030029296875
}
