{
    "child_model_execute_cost_by_ms": [
        15.192000389099121,
        13.847000122070313
    ],
    "child_model_run_time": [
        [
            28970128,
            28985320
        ],
        [
            28985407,
            28999254
        ]
    ],
    "execute_cost": 29.03900146484375,
    "finish_time": 28999256,
    "limit_cost_by_ms": 18.920665740966797,
    "model_name": "resnet50",
    "recv_time": 28970072,
    "tag": "460",
    "total_cost_by_ms": 29.18400001525879,
    "wait_cost": 0.14499855041503906
}
