{
    "child_model_execute_cost_by_ms": [
        6.900000095367432
    ],
    "child_model_run_time": [
        [
            32258664,
            32265564
        ]
    ],
    "execute_cost": 6.900000095367432,
    "finish_time": 32265569,
    "limit_cost_by_ms": 6.015666484832764,
    "model_name": "yolov2",
    "recv_time": 32256674,
    "tag": "599",
    "total_cost_by_ms": 8.895000457763672,
    "wait_cost": 1.9950003623962402
}
