{
    "child_model_execute_cost_by_ms": [
        10.03499984741211
    ],
    "child_model_run_time": [
        [
            19622134,
            19632169
        ]
    ],
    "execute_cost": 10.03499984741211,
    "finish_time": 19632180,
    "limit_cost_by_ms": 9.135000228881836,
    "model_name": "googlenet",
    "recv_time": 19622025,
    "tag": "61",
    "total_cost_by_ms": 10.154999732971191,
    "wait_cost": 0.11999988555908203
}
