{
    "child_model_execute_cost_by_ms": [
        13.027999877929688
    ],
    "child_model_run_time": [
        [
            32553592,
            32566620
        ]
    ],
    "execute_cost": 13.027999877929688,
    "finish_time": 32566632,
    "limit_cost_by_ms": 7.00933313369751,
    "model_name": "gpt128v2",
    "recv_time": 32553532,
    "tag": "612",
    "total_cost_by_ms": 13.100000381469727,
    "wait_cost": 0.07200050354003906
}
