{
    "child_model_execute_cost_by_ms": [
        14.755000114440918,
        14.779999732971191
    ],
    "child_model_run_time": [
        [
            33584714,
            33599469
        ],
        [
            33599507,
            33614287
        ]
    ],
    "execute_cost": 29.53499984741211,
    "finish_time": 33614293,
    "limit_cost_by_ms": 18.920665740966797,
    "model_name": "resnet50",
    "recv_time": 33578672,
    "tag": "656",
    "total_cost_by_ms": 35.62099838256836,
    "wait_cost": 6.08599853515625
}
