{
    "child_model_execute_cost_by_ms": [
        19.39699935913086,
        22.093000411987305,
        20.211000442504883
    ],
    "child_model_run_time": [
        [
            33908313,
            33927710
        ],
        [
            33972021,
            33994114
        ],
        [
            34004117,
            34024328
        ]
    ],
    "execute_cost": 61.70099639892578,
    "finish_time": 34024334,
    "limit_cost_by_ms": 46.47666549682617,
    "model_name": "vgg19",
    "recv_time": 33908256,
    "tag": "670",
    "total_cost_by_ms": 116.0780029296875,
    "wait_cost": 54.37700653076172
}
