{
    "child_model_execute_cost_by_ms": [
        20.434999465942383,
        20.423999786376953,
        19.51099967956543
    ],
    "child_model_run_time": [
        [
            34547238,
            34567673
        ],
        [
            34580732,
            34601156
        ],
        [
            34601192,
            34620703
        ]
    ],
    "execute_cost": 60.37000274658203,
    "finish_time": 34620705,
    "limit_cost_by_ms": 46.47666549682617,
    "model_name": "vgg19",
    "recv_time": 34522832,
    "tag": "696",
    "total_cost_by_ms": 97.87300109863281,
    "wait_cost": 37.50299835205078
}
