{
    "child_model_execute_cost_by_ms": [
        18.860000610351563,
        18.885000228881836,
        22.63599967956543
    ],
    "child_model_run_time": [
        [
            35972958,
            35991818
        ],
        [
            35991842,
            36010727
        ],
        [
            36024030,
            36046666
        ]
    ],
    "execute_cost": 60.381004333496094,
    "finish_time": 36046670,
    "limit_cost_by_ms": 46.47666549682617,
    "model_name": "vgg19",
    "recv_time": 35962702,
    "tag": "755",
    "total_cost_by_ms": 83.96800231933594,
    "wait_cost": 23.586997985839844
}
