{
    "child_model_execute_cost_by_ms": [
        13.059000015258789
    ],
    "child_model_run_time": [
        [
            38536799,
            38549858
        ]
    ],
    "execute_cost": 13.059000015258789,
    "finish_time": 38549864,
    "limit_cost_by_ms": 7.00933313369751,
    "model_name": "gpt128v2",
    "recv_time": 38536745,
    "tag": "863",
    "total_cost_by_ms": 13.119000434875488,
    "wait_cost": 0.06000041961669922
}
