{
    "child_model_execute_cost_by_ms": [
        9.880000114440918
    ],
    "child_model_run_time": [
        [
            39319985,
            39329865
        ]
    ],
    "execute_cost": 9.880000114440918,
    "finish_time": 39329876,
    "limit_cost_by_ms": 9.135000228881836,
    "model_name": "googlenet",
    "recv_time": 39307107,
    "tag": "897",
    "total_cost_by_ms": 22.768999099731445,
    "wait_cost": 12.888998985290527
}
