{
    "child_model_execute_cost_by_ms": [
        10.178999900817871
    ],
    "child_model_run_time": [
        [
            40197490,
            40207669
        ]
    ],
    "execute_cost": 10.178999900817871,
    "finish_time": 40207674,
    "limit_cost_by_ms": 9.135000228881836,
    "model_name": "googlenet",
    "recv_time": 40197429,
    "tag": "932",
    "total_cost_by_ms": 10.244999885559082,
    "wait_cost": 0.06599998474121094
}
