{
    "child_model_execute_cost_by_ms": [
        20.381000518798828,
        20.92300033569336,
        19.5310001373291
    ],
    "child_model_run_time": [
        [
            22591103,
            22611484
        ],
        [
            22624749,
            22645672
        ],
        [
            22645708,
            22665239
        ]
    ],
    "execute_cost": 60.834999084472656,
    "finish_time": 22665242,
    "limit_cost_by_ms": 46.652000427246094,
    "model_name": "vgg19",
    "recv_time": 22591089,
    "tag": "189",
    "total_cost_by_ms": 74.15299987792969,
    "wait_cost": 13.318000793457031
}
