{
    "child_model_execute_cost_by_ms": [
        6.627999782562256
    ],
    "child_model_run_time": [
        [
            23880626,
            23887254
        ]
    ],
    "execute_cost": 6.627999782562256,
    "finish_time": 23887264,
    "limit_cost_by_ms": 5.996666431427002,
    "model_name": "yolov2",
    "recv_time": 23876115,
    "tag": "243",
    "total_cost_by_ms": 11.14900016784668,
    "wait_cost": 4.521000385284424
}
