{
    "child_model_execute_cost_by_ms": [
        6.461999893188477
    ],
    "child_model_run_time": [
        [
            25888603,
            25895065
        ]
    ],
    "execute_cost": 6.461999893188477,
    "finish_time": 25895069,
    "limit_cost_by_ms": 5.996666431427002,
    "model_name": "yolov2",
    "recv_time": 25877320,
    "tag": "327",
    "total_cost_by_ms": 17.749000549316406,
    "wait_cost": 11.28700065612793
}
