{
    "child_model_execute_cost_by_ms": [
        6.281000137329102
    ],
    "child_model_run_time": [
        [
            27028955,
            27035236
        ]
    ],
    "execute_cost": 6.281000137329102,
    "finish_time": 27035245,
    "limit_cost_by_ms": 5.996666431427002,
    "model_name": "yolov2",
    "recv_time": 27024794,
    "tag": "377",
    "total_cost_by_ms": 10.451000213623047,
    "wait_cost": 4.170000076293945
}
