{
    "child_model_execute_cost_by_ms": [
        13.833000183105469
    ],
    "child_model_run_time": [
        [
            27098941,
            27112774
        ]
    ],
    "execute_cost": 13.833000183105469,
    "finish_time": 27112778,
    "limit_cost_by_ms": 7.071666717529297,
    "model_name": "gpt128v2",
    "recv_time": 27098886,
    "tag": "379",
    "total_cost_by_ms": 13.892000198364258,
    "wait_cost": 0.05900001525878906
}
