{
    "child_model_execute_cost_by_ms": [
        18.645999908447266,
        18.05299949645996,
        19.97800064086914
    ],
    "child_model_run_time": [
        [
            27984269,
            28002915
        ],
        [
            28002946,
            28020999
        ],
        [
            28021031,
            28041009
        ]
    ],
    "execute_cost": 56.676998138427734,
    "finish_time": 28041012,
    "limit_cost_by_ms": 46.652000427246094,
    "model_name": "vgg19",
    "recv_time": 27951680,
    "tag": "416",
    "total_cost_by_ms": 89.33200073242188,
    "wait_cost": 32.65500259399414
}
