{
    "child_model_execute_cost_by_ms": [
        10.14900016784668
    ],
    "child_model_run_time": [
        [
            28655946,
            28666095
        ]
    ],
    "execute_cost": 10.14900016784668,
    "finish_time": 28666100,
    "limit_cost_by_ms": 8.89133358001709,
    "model_name": "googlenet",
    "recv_time": 28655890,
    "tag": "444",
    "total_cost_by_ms": 10.210000038146973,
    "wait_cost": 0.06099987030029297
}
