{
    "child_model_execute_cost_by_ms": [
        14.866999626159668,
        13.956000328063965
    ],
    "child_model_run_time": [
        [
            19436279,
            19451146
        ],
        [
            19461318,
            19475274
        ]
    ],
    "execute_cost": 28.822999954223633,
    "finish_time": 19475285,
    "limit_cost_by_ms": 19.18633270263672,
    "model_name": "resnet50",
    "recv_time": 19436222,
    "tag": "56",
    "total_cost_by_ms": 39.0629997253418,
    "wait_cost": 10.239999771118164
}
