{
    "child_model_execute_cost_by_ms": [
        10.369000434875488
    ],
    "child_model_run_time": [
        [
            32570276,
            32580645
        ]
    ],
    "execute_cost": 10.369000434875488,
    "finish_time": 32580650,
    "limit_cost_by_ms": 8.89133358001709,
    "model_name": "googlenet",
    "recv_time": 32556043,
    "tag": "609",
    "total_cost_by_ms": 24.60700035095215,
    "wait_cost": 14.23799991607666
}
