{
    "child_model_execute_cost_by_ms": [
        10.23799991607666
    ],
    "child_model_run_time": [
        [
            36221846,
            36232084
        ]
    ],
    "execute_cost": 10.23799991607666,
    "finish_time": 36232089,
    "limit_cost_by_ms": 8.89133358001709,
    "model_name": "googlenet",
    "recv_time": 36205534,
    "tag": "762",
    "total_cost_by_ms": 26.55500030517578,
    "wait_cost": 16.317001342773438
}
