{
    "child_model_execute_cost_by_ms": [
        9.942000389099121
    ],
    "child_model_run_time": [
        [
            36679625,
            36689567
        ]
    ],
    "execute_cost": 9.942000389099121,
    "finish_time": 36689577,
    "limit_cost_by_ms": 8.89133358001709,
    "model_name": "googlenet",
    "recv_time": 36667471,
    "tag": "782",
    "total_cost_by_ms": 22.106000900268555,
    "wait_cost": 12.164000511169434
}
