{
    "child_model_execute_cost_by_ms": [
        7.228000164031982
    ],
    "child_model_run_time": [
        [
            40926864,
            40934092
        ]
    ],
    "execute_cost": 7.228000164031982,
    "finish_time": 40934103,
    "limit_cost_by_ms": 5.996666431427002,
    "model_name": "yolov2",
    "recv_time": 40919236,
    "tag": "960",
    "total_cost_by_ms": 14.866999626159668,
    "wait_cost": 7.6389994621276855
}
