{
    "child_model_execute_cost_by_ms": [
        19.6200008392334,
        17.75,
        19.655000686645508
    ],
    "child_model_run_time": [
        [
            41083576,
            41103196
        ],
        [
            41103234,
            41120984
        ],
        [
            41121018,
            41140673
        ]
    ],
    "execute_cost": 57.025001525878906,
    "finish_time": 41140675,
    "limit_cost_by_ms": 46.652000427246094,
    "model_name": "vgg19",
    "recv_time": 41034214,
    "tag": "967",
    "total_cost_by_ms": 106.46099853515625,
    "wait_cost": 49.435997009277344
}
