{
    "child_model_execute_cost_by_ms": [
        46.33300018310547
    ],
    "child_model_run_time": [
        [
            18865305,
            18911638
        ]
    ],
    "execute_cost": 46.33300018310547,
    "finish_time": 18911643,
    "limit_cost_by_ms": 47.10900115966797,
    "model_name": "vgg19",
    "recv_time": 18847162,
    "tag": "560",
    "total_cost_by_ms": 64.48100280761719,
    "wait_cost": 18.14800262451172
}
