{
    "child_model_execute_cost_by_ms": [
        19.195999145507813
    ],
    "child_model_run_time": [
        [
            24865134,
            24884330
        ]
    ],
    "execute_cost": 19.195999145507813,
    "finish_time": 24884336,
    "limit_cost_by_ms": 18.80933380126953,
    "model_name": "resnet50",
    "recv_time": 24865036,
    "tag": "863",
    "total_cost_by_ms": 19.299999237060547,
    "wait_cost": 0.10400009155273438
}
