{
    "child_model_execute_cost_by_ms": [
        45.00699996948242
    ],
    "child_model_run_time": [
        [
            25931653,
            25976660
        ]
    ],
    "execute_cost": 45.00699996948242,
    "finish_time": 25976664,
    "limit_cost_by_ms": 47.10900115966797,
    "model_name": "vgg19",
    "recv_time": 25927431,
    "tag": "918",
    "total_cost_by_ms": 49.233001708984375,
    "wait_cost": 4.226001739501953
}
