{
    "child_model_execute_cost_by_ms": [
        47.185001373291016
    ],
    "child_model_run_time": [
        [
            11334549,
            11381734
        ]
    ],
    "execute_cost": 47.185001373291016,
    "finish_time": 11381739,
    "limit_cost_by_ms": 47.63066482543945,
    "model_name": "vgg19",
    "recv_time": 11282041,
    "tag": "147",
    "total_cost_by_ms": 99.697998046875,
    "wait_cost": 52.512996673583984
}
