{
    "child_model_execute_cost_by_ms": [
        10.61299991607666
    ],
    "child_model_run_time": [
        [
            11605032,
            11615645
        ]
    ],
    "execute_cost": 10.61299991607666,
    "finish_time": 11615652,
    "limit_cost_by_ms": 8.987667083740234,
    "model_name": "googlenet",
    "recv_time": 11603367,
    "tag": "167",
    "total_cost_by_ms": 12.28499984741211,
    "wait_cost": 1.6719999313354492
}
