{
    "child_model_execute_cost_by_ms": [
        19.655000686645508
    ],
    "child_model_run_time": [
        [
            11759992,
            11779647
        ]
    ],
    "execute_cost": 19.655000686645508,
    "finish_time": 11779652,
    "limit_cost_by_ms": 18.96466636657715,
    "model_name": "resnet50",
    "recv_time": 11740324,
    "tag": "174",
    "total_cost_by_ms": 39.327999114990234,
    "wait_cost": 19.672998428344727
}
