{
    "child_model_execute_cost_by_ms": [
        46.066001892089844
    ],
    "child_model_run_time": [
        [
            12750868,
            12796934
        ]
    ],
    "execute_cost": 46.066001892089844,
    "finish_time": 12796937,
    "limit_cost_by_ms": 47.63066482543945,
    "model_name": "vgg19",
    "recv_time": 12733071,
    "tag": "207",
    "total_cost_by_ms": 63.86600112915039,
    "wait_cost": 17.799999237060547
}
