{
    "child_model_execute_cost_by_ms": [
        8.237000465393066
    ],
    "child_model_run_time": [
        [
            14331129,
            14339366
        ]
    ],
    "execute_cost": 8.237000465393066,
    "finish_time": 14339372,
    "limit_cost_by_ms": 7.425666809082031,
    "model_name": "squeezenetv1",
    "recv_time": 14293838,
    "tag": "272",
    "total_cost_by_ms": 45.534000396728516,
    "wait_cost": 37.297000885009766
}
