{
    "child_model_execute_cost_by_ms": [
        22.305999755859375
    ],
    "child_model_run_time": [
        [
            19103293,
            19125599
        ]
    ],
    "execute_cost": 22.305999755859375,
    "finish_time": 19125609,
    "limit_cost_by_ms": 18.96466636657715,
    "model_name": "resnet50",
    "recv_time": 19077469,
    "tag": "474",
    "total_cost_by_ms": 48.13999938964844,
    "wait_cost": 25.833999633789063
}
