{
    "child_model_execute_cost_by_ms": [
        20.141000747680664
    ],
    "child_model_run_time": [
        [
            8792926,
            8813067
        ]
    ],
    "execute_cost": 20.141000747680664,
    "finish_time": 8813074,
    "limit_cost_by_ms": 18.96466636657715,
    "model_name": "resnet50",
    "recv_time": 8776819,
    "tag": "50",
    "total_cost_by_ms": 36.255001068115234,
    "wait_cost": 16.11400032043457
}
