{
    "child_model_execute_cost_by_ms": [
        10.515000343322754
    ],
    "child_model_run_time": [
        [
            19638449,
            19648964
        ]
    ],
    "execute_cost": 10.515000343322754,
    "finish_time": 19648970,
    "limit_cost_by_ms": 8.987667083740234,
    "model_name": "googlenet",
    "recv_time": 19591167,
    "tag": "495",
    "total_cost_by_ms": 57.803001403808594,
    "wait_cost": 47.288002014160156
}
