{
    "child_model_execute_cost_by_ms": [
        10.498000144958496
    ],
    "child_model_run_time": [
        [
            22839582,
            22850080
        ]
    ],
    "execute_cost": 10.498000144958496,
    "finish_time": 22850086,
    "limit_cost_by_ms": 8.987667083740234,
    "model_name": "googlenet",
    "recv_time": 22771320,
    "tag": "624",
    "total_cost_by_ms": 78.76599884033203,
    "wait_cost": 68.26799774169922
}
