{
    "child_model_execute_cost_by_ms": [
        8.920999526977539
    ],
    "child_model_run_time": [
        [
            23776835,
            23785756
        ]
    ],
    "execute_cost": 8.920999526977539,
    "finish_time": 23785765,
    "limit_cost_by_ms": 7.425666809082031,
    "model_name": "squeezenetv1",
    "recv_time": 23625581,
    "tag": "656",
    "total_cost_by_ms": 160.1840057373047,
    "wait_cost": 151.26300048828125
}
