{
    "child_model_execute_cost_by_ms": [
        11.206999778747559
    ],
    "child_model_run_time": [
        [
            24522424,
            24533631
        ]
    ],
    "execute_cost": 11.206999778747559,
    "finish_time": 24533640,
    "limit_cost_by_ms": 8.987667083740234,
    "model_name": "googlenet",
    "recv_time": 24290910,
    "tag": "690",
    "total_cost_by_ms": 242.72999572753906,
    "wait_cost": 231.5229949951172
}
