{
    "child_model_execute_cost_by_ms": [
        51.04499816894531
    ],
    "child_model_run_time": [
        [
            28372136,
            28423181
        ]
    ],
    "execute_cost": 51.04499816894531,
    "finish_time": 28423191,
    "limit_cost_by_ms": 47.63066482543945,
    "model_name": "vgg19",
    "recv_time": 28183793,
    "tag": "840",
    "total_cost_by_ms": 239.3979949951172,
    "wait_cost": 188.35299682617188
}
