{
    "child_model_execute_cost_by_ms": [
        10.793999671936035
    ],
    "child_model_run_time": [
        [
            28704717,
            28715511
        ]
    ],
    "execute_cost": 10.793999671936035,
    "finish_time": 28715517,
    "limit_cost_by_ms": 8.987667083740234,
    "model_name": "googlenet",
    "recv_time": 28431853,
    "tag": "855",
    "total_cost_by_ms": 283.66400146484375,
    "wait_cost": 272.8699951171875
}
