{
    "child_model_execute_cost_by_ms": [
        50.14099884033203
    ],
    "child_model_run_time": [
        [
            29444902,
            29495043
        ]
    ],
    "execute_cost": 50.14099884033203,
    "finish_time": 29495049,
    "limit_cost_by_ms": 47.58133316040039,
    "model_name": "vgg19",
    "recv_time": 29180915,
    "tag": "885",
    "total_cost_by_ms": 314.1340026855469,
    "wait_cost": 263.9930114746094
}
