{
    "child_model_execute_cost_by_ms": [
        49.928001403808594
    ],
    "child_model_run_time": [
        [
            29688272,
            29738200
        ]
    ],
    "execute_cost": 49.928001403808594,
    "finish_time": 29738206,
    "limit_cost_by_ms": 47.58133316040039,
    "model_name": "vgg19",
    "recv_time": 29442000,
    "tag": "895",
    "total_cost_by_ms": 296.20599365234375,
    "wait_cost": 246.27798461914063
}
