{
    "child_model_execute_cost_by_ms": [
        21.093000411987305
    ],
    "child_model_run_time": [
        [
            30464658,
            30485751
        ]
    ],
    "execute_cost": 21.093000411987305,
    "finish_time": 30485757,
    "limit_cost_by_ms": 18.96466636657715,
    "model_name": "resnet50",
    "recv_time": 30176696,
    "tag": "925",
    "total_cost_by_ms": 309.0610046386719,
    "wait_cost": 287.968017578125
}
