{
    "child_model_execute_cost_by_ms": [
        9.218999862670898
    ],
    "child_model_run_time": [
        [
            30940158,
            30949377
        ]
    ],
    "execute_cost": 9.218999862670898,
    "finish_time": 30949386,
    "limit_cost_by_ms": 7.26533317565918,
    "model_name": "squeezenetv1",
    "recv_time": 30633460,
    "tag": "943",
    "total_cost_by_ms": 315.9259948730469,
    "wait_cost": 306.7070007324219
}
