{
    "child_model_execute_cost_by_ms": [
        10.182000160217285
    ],
    "child_model_run_time": [
        [
            23454575,
            23464757
        ]
    ],
    "execute_cost": 10.182000160217285,
    "finish_time": 23464769,
    "limit_cost_by_ms": 8.612000465393066,
    "model_name": "googlenet",
    "recv_time": 23444527,
    "tag": "223",
    "total_cost_by_ms": 20.242000579833984,
    "wait_cost": 10.0600004196167
}
