{
    "child_model_execute_cost_by_ms": [
        6.580999851226807
    ],
    "child_model_run_time": [
        [
            19138026,
            19144607
        ]
    ],
    "execute_cost": 6.580999851226807,
    "finish_time": 19144618,
    "limit_cost_by_ms": 5.824666500091553,
    "model_name": "yolov2",
    "recv_time": 19122540,
    "tag": "26",
    "total_cost_by_ms": 22.077999114990234,
    "wait_cost": 15.496999740600586
}
