{
    "child_model_execute_cost_by_ms": [
        12.687000274658203
    ],
    "child_model_run_time": [
        [
            27214223,
            27226910
        ]
    ],
    "execute_cost": 12.687000274658203,
    "finish_time": 27226922,
    "limit_cost_by_ms": 8.612000465393066,
    "model_name": "googlenet",
    "recv_time": 27185536,
    "tag": "393",
    "total_cost_by_ms": 41.38600158691406,
    "wait_cost": 28.69900131225586
}
