{
    "child_model_execute_cost_by_ms": [
        14.956999778747559,
        14.640999794006348
    ],
    "child_model_run_time": [
        [
            29015489,
            29030446
        ],
        [
            29030484,
            29045125
        ]
    ],
    "execute_cost": 29.597999572753906,
    "finish_time": 29045131,
    "limit_cost_by_ms": 17.760000228881836,
    "model_name": "resnet50",
    "recv_time": 29002456,
    "tag": "476",
    "total_cost_by_ms": 42.67499923706055,
    "wait_cost": 13.07699966430664
}
