{
    "child_model_execute_cost_by_ms": [
        17.43899917602539,
        14.241999626159668
    ],
    "child_model_run_time": [
        [
            30646910,
            30664349
        ],
        [
            30674738,
            30688980
        ]
    ],
    "execute_cost": 31.680999755859375,
    "finish_time": 30688990,
    "limit_cost_by_ms": 17.760000228881836,
    "model_name": "resnet50",
    "recv_time": 30635404,
    "tag": "548",
    "total_cost_by_ms": 53.58599853515625,
    "wait_cost": 21.904998779296875
}
