{
    "child_model_execute_cost_by_ms": [
        10.258000373840332
    ],
    "child_model_run_time": [
        [
            32911274,
            32921532
        ]
    ],
    "execute_cost": 10.258000373840332,
    "finish_time": 32921542,
    "limit_cost_by_ms": 8.612000465393066,
    "model_name": "googlenet",
    "recv_time": 32908563,
    "tag": "651",
    "total_cost_by_ms": 12.979000091552734,
    "wait_cost": 2.7209997177124023
}
