{
    "child_model_execute_cost_by_ms": [
        6.541999816894531
    ],
    "child_model_run_time": [
        [
            34581841,
            34588383
        ]
    ],
    "execute_cost": 6.541999816894531,
    "finish_time": 34588392,
    "limit_cost_by_ms": 5.824666500091553,
    "model_name": "yolov2",
    "recv_time": 34575978,
    "tag": "727",
    "total_cost_by_ms": 12.413999557495117,
    "wait_cost": 5.871999740600586
}
