{
    "child_model_execute_cost_by_ms": [
        16.972999572753906,
        13.593000411987305
    ],
    "child_model_run_time": [
        [
            34602291,
            34619264
        ],
        [
            34619292,
            34632885
        ]
    ],
    "execute_cost": 30.56599998474121,
    "finish_time": 34632891,
    "limit_cost_by_ms": 17.760000228881836,
    "model_name": "resnet50",
    "recv_time": 34567743,
    "tag": "726",
    "total_cost_by_ms": 65.14800262451172,
    "wait_cost": 34.582000732421875
}
