{
    "child_model_execute_cost_by_ms": [
        6.61899995803833
    ],
    "child_model_run_time": [
        [
            36044386,
            36051005
        ]
    ],
    "execute_cost": 6.61899995803833,
    "finish_time": 36051016,
    "limit_cost_by_ms": 5.824666500091553,
    "model_name": "yolov2",
    "recv_time": 36030209,
    "tag": "795",
    "total_cost_by_ms": 20.80699920654297,
    "wait_cost": 14.187999725341797
}
