{
    "child_model_execute_cost_by_ms": [
        13.197999954223633
    ],
    "child_model_run_time": [
        [
            36641024,
            36654222
        ]
    ],
    "execute_cost": 13.197999954223633,
    "finish_time": 36654231,
    "limit_cost_by_ms": 7.041999816894531,
    "model_name": "gpt128v2",
    "recv_time": 36634724,
    "tag": "821",
    "total_cost_by_ms": 19.506999969482422,
    "wait_cost": 6.309000015258789
}
