{
    "child_model_execute_cost_by_ms": [
        20.729999542236328,
        20.844999313354492,
        23.466999053955078
    ],
    "child_model_run_time": [
        [
            18643625,
            18664355
        ],
        [
            18664393,
            18685238
        ],
        [
            18755536,
            18779003
        ]
    ],
    "execute_cost": 65.0419921875,
    "finish_time": 18779011,
    "limit_cost_by_ms": 44.20711135864258,
    "model_name": "vgg19",
    "recv_time": 18581532,
    "tag": "4",
    "total_cost_by_ms": 197.47900390625,
    "wait_cost": 132.43701171875
}
