{
    "child_model_execute_cost_by_ms": [
        10.194000244140625
    ],
    "child_model_run_time": [
        [
            38934642,
            38944836
        ]
    ],
    "execute_cost": 10.194000244140625,
    "finish_time": 38944846,
    "limit_cost_by_ms": 8.612000465393066,
    "model_name": "googlenet",
    "recv_time": 38919575,
    "tag": "927",
    "total_cost_by_ms": 25.270999908447266,
    "wait_cost": 15.07699966430664
}
