{
    "child_model_execute_cost_by_ms": [
        14.074999809265137
    ],
    "child_model_run_time": [
        [
            39897176,
            39911251
        ]
    ],
    "execute_cost": 14.074999809265137,
    "finish_time": 39911263,
    "limit_cost_by_ms": 7.041999816894531,
    "model_name": "gpt128v2",
    "recv_time": 39896086,
    "tag": "970",
    "total_cost_by_ms": 15.177000045776367,
    "wait_cost": 1.1020002365112305
}
