{
    "child_model_execute_cost_by_ms": [
        6.751999855041504
    ],
    "child_model_run_time": [
        [
            40344680,
            40351432
        ]
    ],
    "execute_cost": 6.751999855041504,
    "finish_time": 40351443,
    "limit_cost_by_ms": 5.824666500091553,
    "model_name": "yolov2",
    "recv_time": 40338456,
    "tag": "989",
    "total_cost_by_ms": 12.987000465393066,
    "wait_cost": 6.2350006103515625
}
