{
    "child_model_execute_cost_by_ms": [
        47.98899841308594
    ],
    "child_model_run_time": [
        [
            19821242,
            19869231
        ]
    ],
    "execute_cost": 47.98899841308594,
    "finish_time": 19869238,
    "limit_cost_by_ms": 47.426998138427734,
    "model_name": "vgg19",
    "recv_time": 19782162,
    "tag": "518",
    "total_cost_by_ms": 87.07599639892578,
    "wait_cost": 39.086997985839844
}
