{
    "child_model_execute_cost_by_ms": [
        21.05699920654297
    ],
    "child_model_run_time": [
        [
            23280543,
            23301600
        ]
    ],
    "execute_cost": 21.05699920654297,
    "finish_time": 23301607,
    "limit_cost_by_ms": 18.89266586303711,
    "model_name": "resnet50",
    "recv_time": 23245162,
    "tag": "664",
    "total_cost_by_ms": 56.44499969482422,
    "wait_cost": 35.38800048828125
}
