{
    "child_model_execute_cost_by_ms": [
        49.5260009765625
    ],
    "child_model_run_time": [
        [
            28855978,
            28905504
        ]
    ],
    "execute_cost": 49.5260009765625,
    "finish_time": 28905508,
    "limit_cost_by_ms": 47.426998138427734,
    "model_name": "vgg19",
    "recv_time": 28624671,
    "tag": "891",
    "total_cost_by_ms": 280.8370056152344,
    "wait_cost": 231.31100463867188
}
