{
    "child_model_execute_cost_by_ms": [
        20.183000564575195
    ],
    "child_model_run_time": [
        [
            7970103,
            7990286
        ]
    ],
    "execute_cost": 20.183000564575195,
    "finish_time": 7990297,
    "limit_cost_by_ms": 19.080333709716797,
    "model_name": "resnet50",
    "recv_time": 7906555,
    "tag": "13",
    "total_cost_by_ms": 83.74199676513672,
    "wait_cost": 63.558998107910156
}
