{
    "child_model_execute_cost_by_ms": [
        15.491000175476074,
        9.454000473022461
    ],
    "child_model_run_time": [
        [
            11060551,
            11076042
        ],
        [
            11076122,
            11085576
        ]
    ],
    "execute_cost": 24.94499969482422,
    "finish_time": 11085584,
    "limit_cost_by_ms": 19.080333709716797,
    "model_name": "resnet50",
    "recv_time": 11035416,
    "tag": "147",
    "total_cost_by_ms": 50.167999267578125,
    "wait_cost": 25.222999572753906
}
