{
    "child_model_execute_cost_by_ms": [
        8.151000022888184
    ],
    "child_model_run_time": [
        [
            11990041,
            11998192
        ]
    ],
    "execute_cost": 8.151000022888184,
    "finish_time": 11998204,
    "limit_cost_by_ms": 7.374000072479248,
    "model_name": "squeezenetv1",
    "recv_time": 11983115,
    "tag": "186",
    "total_cost_by_ms": 15.08899974822998,
    "wait_cost": 6.937999725341797
}
