{
    "child_model_execute_cost_by_ms": [
        10.60200023651123
    ],
    "child_model_run_time": [
        [
            13431190,
            13441792
        ]
    ],
    "execute_cost": 10.60200023651123,
    "finish_time": 13441800,
    "limit_cost_by_ms": 9.814666748046875,
    "model_name": "googlenet",
    "recv_time": 13415849,
    "tag": "227",
    "total_cost_by_ms": 25.951000213623047,
    "wait_cost": 15.348999977111816
}
