{
    "child_model_execute_cost_by_ms": [
        18.93600082397461,
        17.854000091552734,
        20.966999053955078
    ],
    "child_model_run_time": [
        [
            17883783,
            17902719
        ],
        [
            17902825,
            17920679
        ],
        [
            17920696,
            17941663
        ]
    ],
    "execute_cost": 57.75699996948242,
    "finish_time": 17941669,
    "limit_cost_by_ms": 47.5186653137207,
    "model_name": "vgg19",
    "recv_time": 16249493,
    "tag": "362",
    "total_cost_by_ms": 1692.176025390625,
    "wait_cost": 1634.4190673828125
}
