{
    "child_model_execute_cost_by_ms": [
        17.892000198364258,
        17.618000030517578,
        21.05299949645996
    ],
    "child_model_run_time": [
        [
            18539482,
            18557374
        ],
        [
            18557388,
            18575006
        ],
        [
            18575089,
            18596142
        ]
    ],
    "execute_cost": 56.56300354003906,
    "finish_time": 18596149,
    "limit_cost_by_ms": 47.5186653137207,
    "model_name": "vgg19",
    "recv_time": 16776380,
    "tag": "386",
    "total_cost_by_ms": 1819.76904296875,
    "wait_cost": 1763.2060546875
}
