{
    "child_model_execute_cost_by_ms": [
        10.092000007629395
    ],
    "child_model_run_time": [
        [
            20463295,
            20473387
        ]
    ],
    "execute_cost": 10.092000007629395,
    "finish_time": 20473394,
    "limit_cost_by_ms": 9.166666984558105,
    "model_name": "googlenet",
    "recv_time": 20460845,
    "tag": "537",
    "total_cost_by_ms": 12.548999786376953,
    "wait_cost": 2.4569997787475586
}
