{
    "child_model_execute_cost_by_ms": [
        9.920000076293945
    ],
    "child_model_run_time": [
        [
            22629705,
            22639625
        ]
    ],
    "execute_cost": 9.920000076293945,
    "finish_time": 22639632,
    "limit_cost_by_ms": 9.166666984558105,
    "model_name": "googlenet",
    "recv_time": 22626961,
    "tag": "627",
    "total_cost_by_ms": 12.670999526977539,
    "wait_cost": 2.7509994506835938
}
