{
    "child_model_execute_cost_by_ms": [
        18.9950008392334,
        20.56800079345703,
        22.249000549316406
    ],
    "child_model_run_time": [
        [
            27061303,
            27080298
        ],
        [
            27125475,
            27146043
        ],
        [
            27154465,
            27176714
        ]
    ],
    "execute_cost": 61.81200408935547,
    "finish_time": 27176721,
    "limit_cost_by_ms": 47.5186653137207,
    "model_name": "vgg19",
    "recv_time": 23513701,
    "tag": "668",
    "total_cost_by_ms": 3663.02001953125,
    "wait_cost": 3601.2080078125
}
