{
    "child_model_execute_cost_by_ms": [
        9.871000289916992
    ],
    "child_model_run_time": [
        [
            27342088,
            27351959
        ]
    ],
    "execute_cost": 9.871000289916992,
    "finish_time": 27351966,
    "limit_cost_by_ms": 9.166666984558105,
    "model_name": "googlenet",
    "recv_time": 27337307,
    "tag": "830",
    "total_cost_by_ms": 14.659000396728516,
    "wait_cost": 4.788000106811523
}
