{
    "child_model_execute_cost_by_ms": [
        17.900999069213867,
        17.3439998626709,
        20.82200050354004
    ],
    "child_model_run_time": [
        [
            32348310,
            32366211
        ],
        [
            32366226,
            32383570
        ],
        [
            32383605,
            32404427
        ]
    ],
    "execute_cost": 56.06700134277344,
    "finish_time": 32404433,
    "limit_cost_by_ms": 47.5186653137207,
    "model_name": "vgg19",
    "recv_time": 27924936,
    "tag": "854",
    "total_cost_by_ms": 4479.4970703125,
    "wait_cost": 4423.43017578125
}
