{
    "child_model_execute_cost_by_ms": [
        20.93400001525879
    ],
    "child_model_run_time": [
        [
            19015014,
            19035948
        ]
    ],
    "execute_cost": 20.93400001525879,
    "finish_time": 19035955,
    "limit_cost_by_ms": 18.96733283996582,
    "model_name": "resnet50",
    "recv_time": 18973117,
    "tag": "565",
    "total_cost_by_ms": 62.8380012512207,
    "wait_cost": 41.90399932861328
}
