{
    "child_model_execute_cost_by_ms": [
        19.32900047302246
    ],
    "child_model_run_time": [
        [
            19046692,
            19066021
        ]
    ],
    "execute_cost": 19.32900047302246,
    "finish_time": 19066027,
    "limit_cost_by_ms": 18.96733283996582,
    "model_name": "resnet50",
    "recv_time": 19036518,
    "tag": "567",
    "total_cost_by_ms": 29.509000778198242,
    "wait_cost": 10.180000305175781
}
