{
    "child_model_execute_cost_by_ms": [
        11.008999824523926
    ],
    "child_model_run_time": [
        [
            24268391,
            24279400
        ]
    ],
    "execute_cost": 11.008999824523926,
    "finish_time": 24279408,
    "limit_cost_by_ms": 8.795000076293945,
    "model_name": "googlenet",
    "recv_time": 24227552,
    "tag": "829",
    "total_cost_by_ms": 51.85599899291992,
    "wait_cost": 40.84700012207031
}
