{
    "child_model_execute_cost_by_ms": [
        7.7179999351501465
    ],
    "child_model_run_time": [
        [
            15596622,
            15604340
        ]
    ],
    "execute_cost": 7.7179999351501465,
    "finish_time": 15604343,
    "limit_cost_by_ms": 7.25933313369751,
    "model_name": "squeezenetv1",
    "recv_time": 15596470,
    "tag": "357",
    "total_cost_by_ms": 7.873000144958496,
    "wait_cost": 0.1550002098083496
}
