{
    "child_model_execute_cost_by_ms": [
        49.57400131225586
    ],
    "child_model_run_time": [
        [
            23725886,
            23775460
        ]
    ],
    "execute_cost": 49.57400131225586,
    "finish_time": 23775463,
    "limit_cost_by_ms": 46.900333404541016,
    "model_name": "vgg19",
    "recv_time": 23725727,
    "tag": "734",
    "total_cost_by_ms": 49.736000061035156,
    "wait_cost": 0.16199874877929688
}
