{
    "child_model_execute_cost_by_ms": [
        20.222999572753906
    ],
    "child_model_run_time": [
        [
            25478007,
            25498230
        ]
    ],
    "execute_cost": 20.222999572753906,
    "finish_time": 25498235,
    "limit_cost_by_ms": 19.086666107177734,
    "model_name": "resnet50",
    "recv_time": 25477878,
    "tag": "815",
    "total_cost_by_ms": 20.35700035095215,
    "wait_cost": 0.1340007781982422
}
