{
    "child_model_execute_cost_by_ms": [
        19.259000778198242
    ],
    "child_model_run_time": [
        [
            11256825,
            11276084
        ]
    ],
    "execute_cost": 19.259000778198242,
    "finish_time": 11276091,
    "limit_cost_by_ms": 19.033666610717773,
    "model_name": "resnet50",
    "recv_time": 11256676,
    "tag": "187",
    "total_cost_by_ms": 19.415000915527344,
    "wait_cost": 0.15600013732910156
}
