{
    "child_model_execute_cost_by_ms": [
        9.821999549865723
    ],
    "child_model_run_time": [
        [
            13625137,
            13634959
        ]
    ],
    "execute_cost": 9.821999549865723,
    "finish_time": 13634966,
    "limit_cost_by_ms": 8.722000122070313,
    "model_name": "googlenet",
    "recv_time": 13625044,
    "tag": "312",
    "total_cost_by_ms": 9.92199993133545,
    "wait_cost": 0.10000038146972656
}
