{
    "child_model_execute_cost_by_ms": [
        18.993999481201172
    ],
    "child_model_run_time": [
        [
            14613836,
            14632830
        ]
    ],
    "execute_cost": 18.993999481201172,
    "finish_time": 14632837,
    "limit_cost_by_ms": 19.033666610717773,
    "model_name": "resnet50",
    "recv_time": 14613709,
    "tag": "364",
    "total_cost_by_ms": 19.128000259399414,
    "wait_cost": 0.1340007781982422
}
