{
    "child_model_execute_cost_by_ms": [
        18.91699981689453
    ],
    "child_model_run_time": [
        [
            17942012,
            17960929
        ]
    ],
    "execute_cost": 18.91699981689453,
    "finish_time": 17960934,
    "limit_cost_by_ms": 19.033666610717773,
    "model_name": "resnet50",
    "recv_time": 17941878,
    "tag": "538",
    "total_cost_by_ms": 19.055999755859375,
    "wait_cost": 0.13899993896484375
}
