{
    "child_model_execute_cost_by_ms": [
        10.180999755859375
    ],
    "child_model_run_time": [
        [
            18505080,
            18515261
        ]
    ],
    "execute_cost": 10.180999755859375,
    "finish_time": 18515268,
    "limit_cost_by_ms": 8.722000122070313,
    "model_name": "googlenet",
    "recv_time": 18504976,
    "tag": "566",
    "total_cost_by_ms": 10.291999816894531,
    "wait_cost": 0.11100006103515625
}
