{
    "child_model_execute_cost_by_ms": [
        19.110000610351563
    ],
    "child_model_run_time": [
        [
            19778538,
            19797648
        ]
    ],
    "execute_cost": 19.110000610351563,
    "finish_time": 19797654,
    "limit_cost_by_ms": 19.033666610717773,
    "model_name": "resnet50",
    "recv_time": 19770535,
    "tag": "634",
    "total_cost_by_ms": 27.118999481201172,
    "wait_cost": 8.00899887084961
}
