{
    "child_model_execute_cost_by_ms": [
        8.121999740600586
    ],
    "child_model_run_time": [
        [
            21144485,
            21152607
        ]
    ],
    "execute_cost": 8.121999740600586,
    "finish_time": 21152614,
    "limit_cost_by_ms": 7.177999973297119,
    "model_name": "squeezenetv1",
    "recv_time": 21144311,
    "tag": "705",
    "total_cost_by_ms": 8.303000450134277,
    "wait_cost": 0.1810007095336914
}
