{
    "child_model_execute_cost_by_ms": [
        10.17300033569336
    ],
    "child_model_run_time": [
        [
            24524583,
            24534756
        ]
    ],
    "execute_cost": 10.17300033569336,
    "finish_time": 24534762,
    "limit_cost_by_ms": 8.722000122070313,
    "model_name": "googlenet",
    "recv_time": 24520554,
    "tag": "881",
    "total_cost_by_ms": 14.208000183105469,
    "wait_cost": 4.034999847412109
}
