{
    "child_model_execute_cost_by_ms": [
        13.77299976348877,
        8.218000411987305
    ],
    "child_model_run_time": [
        [
            13335836,
            13349609
        ],
        [
            13349693,
            13357911
        ]
    ],
    "execute_cost": 21.99100112915039,
    "finish_time": 13357918,
    "limit_cost_by_ms": 18.915666580200195,
    "model_name": "resnet50",
    "recv_time": 13329196,
    "tag": "215",
    "total_cost_by_ms": 28.722000122070313,
    "wait_cost": 6.730998992919922
}
