{
    "child_model_execute_cost_by_ms": [
        7.265999794006348
    ],
    "child_model_run_time": [
        [
            13966755,
            13974021
        ]
    ],
    "execute_cost": 7.265999794006348,
    "finish_time": 13974025,
    "limit_cost_by_ms": 6.96999979019165,
    "model_name": "squeezenetv1",
    "recv_time": 13966632,
    "tag": "237",
    "total_cost_by_ms": 7.39300012588501,
    "wait_cost": 0.1270003318786621
}
