{
    "child_model_execute_cost_by_ms": [
        9.697999954223633
    ],
    "child_model_run_time": [
        [
            15736713,
            15746411
        ]
    ],
    "execute_cost": 9.697999954223633,
    "finish_time": 15746424,
    "limit_cost_by_ms": 8.919666290283203,
    "model_name": "googlenet",
    "recv_time": 15732752,
    "tag": "305",
    "total_cost_by_ms": 13.67199993133545,
    "wait_cost": 3.9739999771118164
}
