{
    "child_model_execute_cost_by_ms": [
        8.395000457763672
    ],
    "child_model_run_time": [
        [
            16733301,
            16741696
        ]
    ],
    "execute_cost": 8.395000457763672,
    "finish_time": 16741705,
    "limit_cost_by_ms": 7.210666656494141,
    "model_name": "squeezenetv1",
    "recv_time": 16733137,
    "tag": "323",
    "total_cost_by_ms": 8.567999839782715,
    "wait_cost": 0.17299938201904297
}
