{
    "child_model_execute_cost_by_ms": [
        7.533999919891357
    ],
    "child_model_run_time": [
        [
            17293199,
            17300733
        ]
    ],
    "execute_cost": 7.533999919891357,
    "finish_time": 17300738,
    "limit_cost_by_ms": 6.96999979019165,
    "model_name": "squeezenetv1",
    "recv_time": 17293145,
    "tag": "363",
    "total_cost_by_ms": 7.5929999351501465,
    "wait_cost": 0.05900001525878906
}
