{
    "child_model_execute_cost_by_ms": [
        8.041999816894531
    ],
    "child_model_run_time": [
        [
            9159313,
            9167355
        ]
    ],
    "execute_cost": 8.041999816894531,
    "finish_time": 9167364,
    "limit_cost_by_ms": 6.96999979019165,
    "model_name": "squeezenetv1",
    "recv_time": 9159157,
    "tag": "57",
    "total_cost_by_ms": 8.206999778747559,
    "wait_cost": 0.16499996185302734
}
