{
    "child_model_execute_cost_by_ms": [
        10.595000267028809
    ],
    "child_model_run_time": [
        [
            23646260,
            23656855
        ]
    ],
    "execute_cost": 10.595000267028809,
    "finish_time": 23656861,
    "limit_cost_by_ms": 8.919666290283203,
    "model_name": "googlenet",
    "recv_time": 23631598,
    "tag": "594",
    "total_cost_by_ms": 25.26300048828125,
    "wait_cost": 14.668000221252441
}
