{
    "child_model_execute_cost_by_ms": [
        19.472000122070313,
        18.06800079345703,
        20.523000717163086
    ],
    "child_model_run_time": [
        [
            23756468,
            23775940
        ],
        [
            23783677,
            23801745
        ],
        [
            23801780,
            23822303
        ]
    ],
    "execute_cost": 58.06300354003906,
    "finish_time": 23822309,
    "limit_cost_by_ms": 47.25199890136719,
    "model_name": "vgg19",
    "recv_time": 23756449,
    "tag": "599",
    "total_cost_by_ms": 65.86000061035156,
    "wait_cost": 7.7969970703125
}
