{
    "child_model_execute_cost_by_ms": [
        8.300000190734863
    ],
    "child_model_run_time": [
        [
            26535309,
            26543609
        ]
    ],
    "execute_cost": 8.300000190734863,
    "finish_time": 26543620,
    "limit_cost_by_ms": 7.210666656494141,
    "model_name": "squeezenetv1",
    "recv_time": 26527083,
    "tag": "678",
    "total_cost_by_ms": 16.53700065612793,
    "wait_cost": 8.237000465393066
}
