{
    "child_model_execute_cost_by_ms": [
        9.960000038146973
    ],
    "child_model_run_time": [
        [
            27060382,
            27070342
        ]
    ],
    "execute_cost": 9.960000038146973,
    "finish_time": 27070347,
    "limit_cost_by_ms": 8.919666290283203,
    "model_name": "googlenet",
    "recv_time": 27049613,
    "tag": "718",
    "total_cost_by_ms": 20.733999252319336,
    "wait_cost": 10.773999214172363
}
