{
    "child_model_execute_cost_by_ms": [
        17.996000289916992,
        16.749000549316406,
        19.599000930786133
    ],
    "child_model_run_time": [
        [
            9910624,
            9928620
        ],
        [
            9928711,
            9945460
        ],
        [
            9945519,
            9965118
        ]
    ],
    "execute_cost": 54.34400177001953,
    "finish_time": 9965123,
    "limit_cost_by_ms": 47.14699935913086,
    "model_name": "vgg19",
    "recv_time": 9910533,
    "tag": "73",
    "total_cost_by_ms": 54.59000015258789,
    "wait_cost": 0.24599838256835938
}
