{
    "child_model_execute_cost_by_ms": [
        15.04699993133545,
        8.791999816894531
    ],
    "child_model_run_time": [
        [
            27765151,
            27780198
        ],
        [
            27780293,
            27789085
        ]
    ],
    "execute_cost": 23.839000701904297,
    "finish_time": 27789092,
    "limit_cost_by_ms": 18.915666580200195,
    "model_name": "resnet50",
    "recv_time": 27765029,
    "tag": "745",
    "total_cost_by_ms": 24.062999725341797,
    "wait_cost": 0.2239990234375
}
