{
    "child_model_execute_cost_by_ms": [
        17.908000946044922,
        16.92799949645996,
        19.517000198364258
    ],
    "child_model_run_time": [
        [
            10072153,
            10090061
        ],
        [
            10090103,
            10107031
        ],
        [
            10107117,
            10126634
        ]
    ],
    "execute_cost": 54.352996826171875,
    "finish_time": 10126638,
    "limit_cost_by_ms": 47.14699935913086,
    "model_name": "vgg19",
    "recv_time": 10071998,
    "tag": "79",
    "total_cost_by_ms": 54.63999938964844,
    "wait_cost": 0.2870025634765625
}
