{
    "child_model_execute_cost_by_ms": [
        8.123000144958496
    ],
    "child_model_run_time": [
        [
            30585980,
            30594103
        ]
    ],
    "execute_cost": 8.123000144958496,
    "finish_time": 30594108,
    "limit_cost_by_ms": 6.96999979019165,
    "model_name": "squeezenetv1",
    "recv_time": 30585894,
    "tag": "847",
    "total_cost_by_ms": 8.21399974822998,
    "wait_cost": 0.09099960327148438
}
