{
    "child_model_execute_cost_by_ms": [
        17.054000854492188,
        16.02400016784668,
        19.910999298095703
    ],
    "child_model_run_time": [
        [
            9983884,
            10000938
        ],
        [
            10001027,
            10017051
        ],
        [
            10017066,
            10036977
        ]
    ],
    "execute_cost": 52.9890022277832,
    "finish_time": 10036981,
    "limit_cost_by_ms": 47.25199890136719,
    "model_name": "vgg19",
    "recv_time": 9983727,
    "tag": "88",
    "total_cost_by_ms": 53.25400161743164,
    "wait_cost": 0.2649993896484375
}
