{
    "child_model_execute_cost_by_ms": [
        8.420000076293945
    ],
    "child_model_run_time": [
        [
            31811586,
            31820006
        ]
    ],
    "execute_cost": 8.420000076293945,
    "finish_time": 31820012,
    "limit_cost_by_ms": 6.96999979019165,
    "model_name": "squeezenetv1",
    "recv_time": 31810197,
    "tag": "892",
    "total_cost_by_ms": 9.8149995803833,
    "wait_cost": 1.3949995040893555
}
