{
    "child_model_execute_cost_by_ms": [
        10.343000411987305
    ],
    "child_model_run_time": [
        [
            33160739,
            33171082
        ]
    ],
    "execute_cost": 10.343000411987305,
    "finish_time": 33171088,
    "limit_cost_by_ms": 8.919666290283203,
    "model_name": "googlenet",
    "recv_time": 33160636,
    "tag": "940",
    "total_cost_by_ms": 10.45199966430664,
    "wait_cost": 0.10899925231933594
}
