{
    "child_model_execute_cost_by_ms": [
        8.168000221252441
    ],
    "child_model_run_time": [
        [
            33260346,
            33268514
        ]
    ],
    "execute_cost": 8.168000221252441,
    "finish_time": 33268526,
    "limit_cost_by_ms": 6.96999979019165,
    "model_name": "squeezenetv1",
    "recv_time": 33260204,
    "tag": "944",
    "total_cost_by_ms": 8.321999549865723,
    "wait_cost": 0.15399932861328125
}
