{
    "child_model_execute_cost_by_ms": [
        18.98200035095215
    ],
    "child_model_run_time": [
        [
            14789959,
            14808941
        ]
    ],
    "execute_cost": 18.98200035095215,
    "finish_time": 14808947,
    "limit_cost_by_ms": 18.92133331298828,
    "model_name": "resnet50",
    "recv_time": 14789801,
    "tag": "357",
    "total_cost_by_ms": 19.145999908447266,
    "wait_cost": 0.1639995574951172
}
