{
    "child_model_execute_cost_by_ms": [
        8.776000022888184
    ],
    "child_model_run_time": [
        [
            15593948,
            15602724
        ]
    ],
    "execute_cost": 8.776000022888184,
    "finish_time": 15602735,
    "limit_cost_by_ms": 7.307000160217285,
    "model_name": "squeezenetv1",
    "recv_time": 15585443,
    "tag": "398",
    "total_cost_by_ms": 17.29199981689453,
    "wait_cost": 8.515999794006348
}
