{
    "child_model_execute_cost_by_ms": [
        62.611000061035156
    ],
    "child_model_run_time": [
        [
            21938061,
            22000672
        ]
    ],
    "execute_cost": 62.611000061035156,
    "finish_time": 22000675,
    "limit_cost_by_ms": 46.80799865722656,
    "model_name": "vgg19",
    "recv_time": 21937895,
    "tag": "640",
    "total_cost_by_ms": 62.779998779296875,
    "wait_cost": 0.16899871826171875
}
