{
    "child_model_execute_cost_by_ms": [
        10.131999969482422
    ],
    "child_model_run_time": [
        [
            15028677,
            15038809
        ]
    ],
    "execute_cost": 10.131999969482422,
    "finish_time": 15038822,
    "limit_cost_by_ms": 9.013667106628418,
    "model_name": "googlenet",
    "recv_time": 15028537,
    "tag": "308",
    "total_cost_by_ms": 10.28499984741211,
    "wait_cost": 0.1529998779296875
}
