{
    "child_model_execute_cost_by_ms": [
        8.87399959564209
    ],
    "child_model_run_time": [
        [
            17136603,
            17145477
        ]
    ],
    "execute_cost": 8.87399959564209,
    "finish_time": 17145489,
    "limit_cost_by_ms": 7.236000061035156,
    "model_name": "squeezenetv1",
    "recv_time": 17096222,
    "tag": "398",
    "total_cost_by_ms": 49.266998291015625,
    "wait_cost": 40.39299774169922
}
