{
    "child_model_execute_cost_by_ms": [
        8.506999969482422
    ],
    "child_model_run_time": [
        [
            9246532,
            9255039
        ]
    ],
    "execute_cost": 8.506999969482422,
    "finish_time": 9255044,
    "limit_cost_by_ms": 7.236000061035156,
    "model_name": "squeezenetv1",
    "recv_time": 9246415,
    "tag": "58",
    "total_cost_by_ms": 8.628999710083008,
    "wait_cost": 0.12199974060058594
}
