{
    "child_model_execute_cost_by_ms": [
        45.65800094604492
    ],
    "child_model_run_time": [
        [
            21397177,
            21442835
        ]
    ],
    "execute_cost": 45.65800094604492,
    "finish_time": 21442842,
    "limit_cost_by_ms": 47.301998138427734,
    "model_name": "vgg19",
    "recv_time": 21396574,
    "tag": "581",
    "total_cost_by_ms": 46.268001556396484,
    "wait_cost": 0.6100006103515625
}
