{
    "child_model_execute_cost_by_ms": [
        11.026000022888184
    ],
    "child_model_run_time": [
        [
            26028970,
            26039996
        ]
    ],
    "execute_cost": 11.026000022888184,
    "finish_time": 26040003,
    "limit_cost_by_ms": 9.013667106628418,
    "model_name": "googlenet",
    "recv_time": 26025908,
    "tag": "777",
    "total_cost_by_ms": 14.095000267028809,
    "wait_cost": 3.069000244140625
}
