{
    "child_model_execute_cost_by_ms": [
        8.51200008392334
    ],
    "child_model_run_time": [
        [
            30923503,
            30932015
        ]
    ],
    "execute_cost": 8.51200008392334,
    "finish_time": 30932020,
    "limit_cost_by_ms": 7.236000061035156,
    "model_name": "squeezenetv1",
    "recv_time": 30923341,
    "tag": "985",
    "total_cost_by_ms": 8.678999900817871,
    "wait_cost": 0.16699981689453125
}
