{
    "child_model_execute_cost_by_ms": [
        10.435999870300293
    ],
    "child_model_run_time": [
        [
            18358250,
            18368686
        ]
    ],
    "execute_cost": 10.435999870300293,
    "finish_time": 18368691,
    "limit_cost_by_ms": 8.408333778381348,
    "model_name": "googlenet",
    "recv_time": 18297898,
    "tag": "13",
    "total_cost_by_ms": 70.79299926757813,
    "wait_cost": 60.356998443603516
}
