{
    "child_model_execute_cost_by_ms": [
        7.192999839782715
    ],
    "child_model_run_time": [
        [
            23819651,
            23826844
        ]
    ],
    "execute_cost": 7.192999839782715,
    "finish_time": 23826849,
    "limit_cost_by_ms": 5.917333126068115,
    "model_name": "yolov2",
    "recv_time": 23773823,
    "tag": "288",
    "total_cost_by_ms": 53.0260009765625,
    "wait_cost": 45.83300018310547
}
