{
    "child_model_execute_cost_by_ms": [
        13.54699993133545
    ],
    "child_model_run_time": [
        [
            24519181,
            24532728
        ]
    ],
    "execute_cost": 13.54699993133545,
    "finish_time": 24532738,
    "limit_cost_by_ms": 7.360000133514404,
    "model_name": "gpt128v2",
    "recv_time": 24519129,
    "tag": "324",
    "total_cost_by_ms": 13.609000205993652,
    "wait_cost": 0.062000274658203125
}
