{
    "child_model_execute_cost_by_ms": [
        19.149999618530273
    ],
    "child_model_run_time": [
        [
            31238703,
            31257853
        ]
    ],
    "execute_cost": 19.149999618530273,
    "finish_time": 31257860,
    "limit_cost_by_ms": 18.761999130249023,
    "model_name": "resnet50",
    "recv_time": 31238641,
    "tag": "660",
    "total_cost_by_ms": 19.2189998626709,
    "wait_cost": 0.069000244140625
}
