{
    "child_model_execute_cost_by_ms": [
        44.06700134277344
    ],
    "child_model_run_time": [
        [
            32137540,
            32181607
        ]
    ],
    "execute_cost": 44.06700134277344,
    "finish_time": 32181613,
    "limit_cost_by_ms": 46.395668029785156,
    "model_name": "vgg19",
    "recv_time": 32137491,
    "tag": "705",
    "total_cost_by_ms": 44.12200164794922,
    "wait_cost": 0.05500030517578125
}
