{
    "child_model_execute_cost_by_ms": [
        7.051000118255615
    ],
    "child_model_run_time": [
        [
            33242425,
            33249476
        ]
    ],
    "execute_cost": 7.051000118255615,
    "finish_time": 33249481,
    "limit_cost_by_ms": 5.917333126068115,
    "model_name": "yolov2",
    "recv_time": 33234973,
    "tag": "759",
    "total_cost_by_ms": 14.508000373840332,
    "wait_cost": 7.457000255584717
}
