{
    "child_model_execute_cost_by_ms": [
        11.388999938964844
    ],
    "child_model_run_time": [
        [
            35811428,
            35822817
        ]
    ],
    "execute_cost": 11.388999938964844,
    "finish_time": 35822821,
    "limit_cost_by_ms": 8.408333778381348,
    "model_name": "googlenet",
    "recv_time": 35799751,
    "tag": "887",
    "total_cost_by_ms": 23.06999969482422,
    "wait_cost": 11.680999755859375
}
