{
    "child_model_execute_cost_by_ms": [
        21.030000686645508
    ],
    "child_model_run_time": [
        [
            36129043,
            36150073
        ]
    ],
    "execute_cost": 21.030000686645508,
    "finish_time": 36150084,
    "limit_cost_by_ms": 18.761999130249023,
    "model_name": "resnet50",
    "recv_time": 36128992,
    "tag": "903",
    "total_cost_by_ms": 21.091999053955078,
    "wait_cost": 0.06199836730957031
}
