{
    "child_model_execute_cost_by_ms": [
        9.689000129699707
    ],
    "child_model_run_time": [
        [
            36776260,
            36785949
        ]
    ],
    "execute_cost": 9.689000129699707,
    "finish_time": 36785958,
    "limit_cost_by_ms": 8.408333778381348,
    "model_name": "googlenet",
    "recv_time": 36757312,
    "tag": "936",
    "total_cost_by_ms": 28.645999908447266,
    "wait_cost": 18.957000732421875
}
