{
    "child_model_execute_cost_by_ms": [
        8.536999702453613
    ],
    "child_model_run_time": [
        [
            15185486,
            15194023
        ]
    ],
    "execute_cost": 8.536999702453613,
    "finish_time": 15194029,
    "limit_cost_by_ms": 7.211999893188477,
    "model_name": "squeezenetv1",
    "recv_time": 15168590,
    "tag": "301",
    "total_cost_by_ms": 25.43899917602539,
    "wait_cost": 16.902000427246094
}
