{
    "child_model_execute_cost_by_ms": [
        14.055000305175781,
        8.586000442504883
    ],
    "child_model_run_time": [
        [
            22392118,
            22406173
        ],
        [
            22406263,
            22414849
        ]
    ],
    "execute_cost": 22.641000747680664,
    "finish_time": 22414852,
    "limit_cost_by_ms": 18.998332977294922,
    "model_name": "resnet50",
    "recv_time": 22383197,
    "tag": "632",
    "total_cost_by_ms": 31.655000686645508,
    "wait_cost": 9.013999938964844
}
