{
    "child_model_execute_cost_by_ms": [
        18.53499984741211,
        19.065000534057617,
        22.014999389648438
    ],
    "child_model_run_time": [
        [
            26787894,
            26806429
        ],
        [
            26840026,
            26859091
        ],
        [
            26894106,
            26916121
        ]
    ],
    "execute_cost": 59.61499786376953,
    "finish_time": 26916127,
    "limit_cost_by_ms": 47.29933166503906,
    "model_name": "vgg19",
    "recv_time": 26733468,
    "tag": "818",
    "total_cost_by_ms": 182.65899658203125,
    "wait_cost": 123.04399871826172
}
