{
    "child_model_execute_cost_by_ms": [
        8.866999626159668
    ],
    "child_model_run_time": [
        [
            12837774,
            12846641
        ]
    ],
    "execute_cost": 8.866999626159668,
    "finish_time": 12846653,
    "limit_cost_by_ms": 7.294666767120361,
    "model_name": "squeezenetv1",
    "recv_time": 12835126,
    "tag": "222",
    "total_cost_by_ms": 11.527000427246094,
    "wait_cost": 2.660000801086426
}
