{
    "child_model_execute_cost_by_ms": [
        9.545999526977539
    ],
    "child_model_run_time": [
        [
            15025705,
            15035251
        ]
    ],
    "execute_cost": 9.545999526977539,
    "finish_time": 15035260,
    "limit_cost_by_ms": 8.690666198730469,
    "model_name": "googlenet",
    "recv_time": 15025585,
    "tag": "319",
    "total_cost_by_ms": 9.675000190734863,
    "wait_cost": 0.12900066375732422
}
