{
    "child_model_execute_cost_by_ms": [
        20.266000747680664
    ],
    "child_model_run_time": [
        [
            20887727,
            20907993
        ]
    ],
    "execute_cost": 20.266000747680664,
    "finish_time": 20907999,
    "limit_cost_by_ms": 18.18400001525879,
    "model_name": "resnet50",
    "recv_time": 20887598,
    "tag": "578",
    "total_cost_by_ms": 20.400999069213867,
    "wait_cost": 0.13499832153320313
}
