{
    "child_model_execute_cost_by_ms": [
        46.75600051879883
    ],
    "child_model_run_time": [
        [
            29099837,
            29146593
        ]
    ],
    "execute_cost": 46.75600051879883,
    "finish_time": 29146600,
    "limit_cost_by_ms": 47.01900100708008,
    "model_name": "vgg19",
    "recv_time": 29097313,
    "tag": "938",
    "total_cost_by_ms": 49.2869987487793,
    "wait_cost": 2.5309982299804688
}
