{
    "child_model_execute_cost_by_ms": [
        8.937999725341797
    ],
    "child_model_run_time": [
        [
            10821740,
            10830678
        ]
    ],
    "execute_cost": 8.937999725341797,
    "finish_time": 10830688,
    "limit_cost_by_ms": 7.302666664123535,
    "model_name": "squeezenetv1",
    "recv_time": 10821561,
    "tag": "142",
    "total_cost_by_ms": 9.126999855041504,
    "wait_cost": 0.18900012969970703
}
