{
    "child_model_execute_cost_by_ms": [
        19.969999313354492
    ],
    "child_model_run_time": [
        [
            18286057,
            18306027
        ]
    ],
    "execute_cost": 19.969999313354492,
    "finish_time": 18306034,
    "limit_cost_by_ms": 18.82466697692871,
    "model_name": "resnet50",
    "recv_time": 18285878,
    "tag": "502",
    "total_cost_by_ms": 20.1560001373291,
    "wait_cost": 0.18600082397460938
}
