{
    "child_model_execute_cost_by_ms": [
        8.279000282287598
    ],
    "child_model_run_time": [
        [
            27352026,
            27360305
        ]
    ],
    "execute_cost": 8.279000282287598,
    "finish_time": 27360310,
    "limit_cost_by_ms": 7.302666664123535,
    "model_name": "squeezenetv1",
    "recv_time": 27351860,
    "tag": "945",
    "total_cost_by_ms": 8.449999809265137,
    "wait_cost": 0.17099952697753906
}
