{
    "child_model_execute_cost_by_ms": [
        46.53799819946289
    ],
    "child_model_run_time": [
        [
            15655878,
            15702416
        ]
    ],
    "execute_cost": 46.53799819946289,
    "finish_time": 15702421,
    "limit_cost_by_ms": 47.301998138427734,
    "model_name": "vgg19",
    "recv_time": 15650866,
    "tag": "388",
    "total_cost_by_ms": 51.55500030517578,
    "wait_cost": 5.017002105712891
}
