{
    "child_model_execute_cost_by_ms": [
        46.874000549316406
    ],
    "child_model_run_time": [
        [
            18739661,
            18786535
        ]
    ],
    "execute_cost": 46.874000549316406,
    "finish_time": 18786540,
    "limit_cost_by_ms": 47.301998138427734,
    "model_name": "vgg19",
    "recv_time": 18739560,
    "tag": "540",
    "total_cost_by_ms": 46.97999954223633,
    "wait_cost": 0.10599899291992188
}
