{
    "child_model_execute_cost_by_ms": [
        45.09600067138672
    ],
    "child_model_run_time": [
        [
            8964105,
            9009201
        ]
    ],
    "execute_cost": 45.09600067138672,
    "finish_time": 9009207,
    "limit_cost_by_ms": 47.301998138427734,
    "model_name": "vgg19",
    "recv_time": 8963933,
    "tag": "58",
    "total_cost_by_ms": 45.27399826049805,
    "wait_cost": 0.17799758911132813
}
