{
    "child_model_execute_cost_by_ms": [
        9.944000244140625
    ],
    "child_model_run_time": [
        [
            9240227,
            9250171
        ]
    ],
    "execute_cost": 9.944000244140625,
    "finish_time": 9250178,
    "limit_cost_by_ms": 8.761666297912598,
    "model_name": "googlenet",
    "recv_time": 9240153,
    "tag": "71",
    "total_cost_by_ms": 10.024999618530273,
    "wait_cost": 0.08099937438964844
}
