{
    "child_model_execute_cost_by_ms": [
        8.149999618530273
    ],
    "child_model_run_time": [
        [
            24033869,
            24042019
        ]
    ],
    "execute_cost": 8.149999618530273,
    "finish_time": 24042027,
    "limit_cost_by_ms": 7.378666877746582,
    "model_name": "squeezenetv1",
    "recv_time": 24021938,
    "tag": "797",
    "total_cost_by_ms": 20.089000701904297,
    "wait_cost": 11.939001083374023
}
