{
    "child_model_execute_cost_by_ms": [
        8.072999954223633
    ],
    "child_model_run_time": [
        [
            26286416,
            26294489
        ]
    ],
    "execute_cost": 8.072999954223633,
    "finish_time": 26294496,
    "limit_cost_by_ms": 7.378666877746582,
    "model_name": "squeezenetv1",
    "recv_time": 26286401,
    "tag": "906",
    "total_cost_by_ms": 8.095000267028809,
    "wait_cost": 0.02200031280517578
}
