{
    "child_model_execute_cost_by_ms": [
        8.593000411987305
    ],
    "child_model_run_time": [
        [
            14362707,
            14371300
        ]
    ],
    "execute_cost": 8.593000411987305,
    "finish_time": 14371308,
    "limit_cost_by_ms": 7.239999771118164,
    "model_name": "squeezenetv1",
    "recv_time": 14355325,
    "tag": "281",
    "total_cost_by_ms": 15.982999801635742,
    "wait_cost": 7.3899993896484375
}
