{
    "child_model_execute_cost_by_ms": [
        44.76599884033203
    ],
    "child_model_run_time": [
        [
            8856457,
            8901223
        ]
    ],
    "execute_cost": 44.76599884033203,
    "finish_time": 8901230,
    "limit_cost_by_ms": 47.173667907714844,
    "model_name": "vgg19",
    "recv_time": 8856450,
    "tag": "29",
    "total_cost_by_ms": 44.779998779296875,
    "wait_cost": 0.01399993896484375
}
