{
    "child_model_execute_cost_by_ms": [
        43.99700164794922
    ],
    "child_model_run_time": [
        [
            9076957,
            9120954
        ]
    ],
    "execute_cost": 43.99700164794922,
    "finish_time": 9120961,
    "limit_cost_by_ms": 47.173667907714844,
    "model_name": "vgg19",
    "recv_time": 9076950,
    "tag": "38",
    "total_cost_by_ms": 44.01100158691406,
    "wait_cost": 0.01399993896484375
}
