{
    "child_model_execute_cost_by_ms": [
        19.783000946044922
    ],
    "child_model_run_time": [
        [
            28058710,
            28078493
        ]
    ],
    "execute_cost": 19.783000946044922,
    "finish_time": 28078498,
    "limit_cost_by_ms": 19.090333938598633,
    "model_name": "resnet50",
    "recv_time": 28058695,
    "tag": "826",
    "total_cost_by_ms": 19.80299949645996,
    "wait_cost": 0.019998550415039063
}
