{
    "child_model_execute_cost_by_ms": [
        38.33599853515625
    ],
    "child_model_run_time": [
        [
            31441636,
            31479972
        ]
    ],
    "execute_cost": 38.33599853515625,
    "finish_time": 31479979,
    "limit_cost_by_ms": 7.397333145141602,
    "model_name": "squeezenetv1",
    "recv_time": 31441623,
    "tag": "966",
    "total_cost_by_ms": 38.35599899291992,
    "wait_cost": 0.020000457763671875
}
