{
    "child_model_execute_cost_by_ms": [
        48.016998291015625
    ],
    "child_model_run_time": [
        [
            11679727,
            11727744
        ]
    ],
    "execute_cost": 48.016998291015625,
    "finish_time": 11727748,
    "limit_cost_by_ms": 46.89033508300781,
    "model_name": "vgg19",
    "recv_time": 11679621,
    "tag": "208",
    "total_cost_by_ms": 48.12699890136719,
    "wait_cost": 0.1100006103515625
}
