{
    "child_model_execute_cost_by_ms": [
        39.6150016784668
    ],
    "child_model_run_time": [
        [
            11799983,
            11839598
        ]
    ],
    "execute_cost": 39.6150016784668,
    "finish_time": 11839603,
    "limit_cost_by_ms": 7.13433313369751,
    "model_name": "squeezenetv1",
    "recv_time": 11799883,
    "tag": "214",
    "total_cost_by_ms": 39.720001220703125,
    "wait_cost": 0.10499954223632813
}
