{
    "child_model_execute_cost_by_ms": [
        81.58200073242188
    ],
    "child_model_run_time": [
        [
            7861697,
            7943279
        ]
    ],
    "execute_cost": 81.58200073242188,
    "finish_time": 7943283,
    "limit_cost_by_ms": 18.753999710083008,
    "model_name": "resnet50",
    "recv_time": 7861579,
    "tag": "4",
    "total_cost_by_ms": 81.7040023803711,
    "wait_cost": 0.12200164794921875
}
