{
    "child_model_execute_cost_by_ms": [
        45.165000915527344
    ],
    "child_model_run_time": [
        [
            18298675,
            18343840
        ]
    ],
    "execute_cost": 45.165000915527344,
    "finish_time": 18343845,
    "limit_cost_by_ms": 46.89033508300781,
    "model_name": "vgg19",
    "recv_time": 18298517,
    "tag": "566",
    "total_cost_by_ms": 45.327999114990234,
    "wait_cost": 0.16299819946289063
}
