{
    "child_model_execute_cost_by_ms": [
        23.13800048828125
    ],
    "child_model_run_time": [
        [
            8438416,
            8461554
        ]
    ],
    "execute_cost": 23.13800048828125,
    "finish_time": 8461560,
    "limit_cost_by_ms": 8.756333351135254,
    "model_name": "googlenet",
    "recv_time": 8438388,
    "tag": "3",
    "total_cost_by_ms": 23.172000885009766,
    "wait_cost": 0.034000396728515625
}
