{
    "child_model_execute_cost_by_ms": [
        44.71699905395508
    ],
    "child_model_run_time": [
        [
            17374581,
            17419298
        ]
    ],
    "execute_cost": 44.71699905395508,
    "finish_time": 17419305,
    "limit_cost_by_ms": 46.75,
    "model_name": "vgg19",
    "recv_time": 17374570,
    "tag": "445",
    "total_cost_by_ms": 44.73500061035156,
    "wait_cost": 0.018001556396484375
}
