{
    "child_model_execute_cost_by_ms": [
        11.347000122070313
    ],
    "child_model_run_time": [
        [
            18421360,
            18432707
        ]
    ],
    "execute_cost": 11.347000122070313,
    "finish_time": 18432712,
    "limit_cost_by_ms": 8.756333351135254,
    "model_name": "googlenet",
    "recv_time": 18421334,
    "tag": "495",
    "total_cost_by_ms": 11.378000259399414,
    "wait_cost": 0.031000137329101563
}
