{
    "child_model_execute_cost_by_ms": [
        8.152000427246094
    ],
    "child_model_run_time": [
        [
            15695181,
            15703333
        ]
    ],
    "execute_cost": 8.152000427246094,
    "finish_time": 15703341,
    "limit_cost_by_ms": 7.364999771118164,
    "model_name": "squeezenetv1",
    "recv_time": 15695169,
    "tag": "397",
    "total_cost_by_ms": 8.17199993133545,
    "wait_cost": 0.01999950408935547
}
