{
    "child_model_execute_cost_by_ms": [
        20.490999221801758
    ],
    "child_model_run_time": [
        [
            8881737,
            8902228
        ]
    ],
    "execute_cost": 20.490999221801758,
    "finish_time": 8902234,
    "limit_cost_by_ms": 18.979333877563477,
    "model_name": "resnet50",
    "recv_time": 8881569,
    "tag": "51",
    "total_cost_by_ms": 20.665000915527344,
    "wait_cost": 0.17400169372558594
}
