{
    "child_model_execute_cost_by_ms": [
        11.10099983215332
    ],
    "child_model_run_time": [
        [
            22002785,
            22013886
        ]
    ],
    "execute_cost": 11.10099983215332,
    "finish_time": 22013894,
    "limit_cost_by_ms": 9.152999877929688,
    "model_name": "googlenet",
    "recv_time": 21971393,
    "tag": "716",
    "total_cost_by_ms": 42.500999450683594,
    "wait_cost": 31.399999618530273
}
