{
    "child_model_execute_cost_by_ms": [
        8.77400016784668
    ],
    "child_model_run_time": [
        [
            22096127,
            22104901
        ]
    ],
    "execute_cost": 8.77400016784668,
    "finish_time": 22104908,
    "limit_cost_by_ms": 7.364999771118164,
    "model_name": "squeezenetv1",
    "recv_time": 22070427,
    "tag": "721",
    "total_cost_by_ms": 34.48099899291992,
    "wait_cost": 25.706998825073242
}
