{
    "child_model_execute_cost_by_ms": [
        18.834999084472656
    ],
    "child_model_run_time": [
        [
            26200038,
            26218873
        ]
    ],
    "execute_cost": 18.834999084472656,
    "finish_time": 26218877,
    "limit_cost_by_ms": 18.979333877563477,
    "model_name": "resnet50",
    "recv_time": 26191847,
    "tag": "931",
    "total_cost_by_ms": 27.030000686645508,
    "wait_cost": 8.195001602172852
}
