{
    "child_model_execute_cost_by_ms": [
        20.865999221801758
    ],
    "child_model_run_time": [
        [
            24227848,
            24248714
        ]
    ],
    "execute_cost": 20.865999221801758,
    "finish_time": 24248722,
    "limit_cost_by_ms": 18.898332595825195,
    "model_name": "resnet50",
    "recv_time": 24116643,
    "tag": "675",
    "total_cost_by_ms": 132.07899475097656,
    "wait_cost": 111.21299743652344
}
