{
    "child_model_execute_cost_by_ms": [
        15.069999694824219,
        9.340999603271484
    ],
    "child_model_run_time": [
        [
            14530458,
            14545528
        ],
        [
            14545571,
            14554912
        ]
    ],
    "execute_cost": 24.410999298095703,
    "finish_time": 14554921,
    "limit_cost_by_ms": 18.868000030517578,
    "model_name": "resnet50",
    "recv_time": 14515989,
    "tag": "295",
    "total_cost_by_ms": 38.93199920654297,
    "wait_cost": 14.520999908447266
}
