{
    "child_model_execute_cost_by_ms": [
        19.236000061035156,
        19.527000427246094,
        20.753999710083008
    ],
    "child_model_run_time": [
        [
            24455755,
            24474991
        ],
        [
            24494035,
            24513562
        ],
        [
            24513659,
            24534413
        ]
    ],
    "execute_cost": 59.516998291015625,
    "finish_time": 24534417,
    "limit_cost_by_ms": 47.207332611083984,
    "model_name": "vgg19",
    "recv_time": 24455646,
    "tag": "721",
    "total_cost_by_ms": 78.77100372314453,
    "wait_cost": 19.254005432128906
}
