{
    "child_model_execute_cost_by_ms": [
        10.062999725341797
    ],
    "child_model_run_time": [
        [
            24940109,
            24950172
        ]
    ],
    "execute_cost": 10.062999725341797,
    "finish_time": 24950178,
    "limit_cost_by_ms": 8.852666854858398,
    "model_name": "googlenet",
    "recv_time": 24940053,
    "tag": "741",
    "total_cost_by_ms": 10.125,
    "wait_cost": 0.062000274658203125
}
