{
    "child_model_execute_cost_by_ms": [
        7.860000133514404
    ],
    "child_model_run_time": [
        [
            25838337,
            25846197
        ]
    ],
    "execute_cost": 7.860000133514404,
    "finish_time": 25846207,
    "limit_cost_by_ms": 7.188000202178955,
    "model_name": "squeezenetv1",
    "recv_time": 25838169,
    "tag": "780",
    "total_cost_by_ms": 8.038000106811523,
    "wait_cost": 0.17799997329711914
}
