{
    "child_model_execute_cost_by_ms": [
        18.690000534057617,
        17.422000885009766,
        20.099000930786133
    ],
    "child_model_run_time": [
        [
            9917461,
            9936151
        ],
        [
            9936183,
            9953605
        ],
        [
            9953627,
            9973726
        ]
    ],
    "execute_cost": 56.21099853515625,
    "finish_time": 9973730,
    "limit_cost_by_ms": 47.207332611083984,
    "model_name": "vgg19",
    "recv_time": 9905831,
    "tag": "95",
    "total_cost_by_ms": 67.89900207519531,
    "wait_cost": 11.688003540039063
}
