{
    "child_model_execute_cost_by_ms": [
        15.817999839782715,
        9.59000015258789
    ],
    "child_model_run_time": [
        [
            29938135,
            29953953
        ],
        [
            29964609,
            29974199
        ]
    ],
    "execute_cost": 25.408000946044922,
    "finish_time": 29974204,
    "limit_cost_by_ms": 18.868000030517578,
    "model_name": "resnet50",
    "recv_time": 29920153,
    "tag": "958",
    "total_cost_by_ms": 54.05099868774414,
    "wait_cost": 28.64299774169922
}
