{
    "child_model_execute_cost_by_ms": [
        46.979000091552734
    ],
    "child_model_run_time": [
        [
            23245999,
            23292978
        ]
    ],
    "execute_cost": 46.979000091552734,
    "finish_time": 23292980,
    "limit_cost_by_ms": 46.48666763305664,
    "model_name": "vgg19",
    "recv_time": 23245984,
    "tag": "249",
    "total_cost_by_ms": 46.99599838256836,
    "wait_cost": 0.016998291015625
}
