{
    "child_model_execute_cost_by_ms": [
        46.599998474121094
    ],
    "child_model_run_time": [
        [
            27690138,
            27736738
        ]
    ],
    "execute_cost": 46.599998474121094,
    "finish_time": 27736742,
    "limit_cost_by_ms": 18.898332595825195,
    "model_name": "resnet50",
    "recv_time": 27690041,
    "tag": "456",
    "total_cost_by_ms": 46.70100021362305,
    "wait_cost": 0.10100173950195313
}
