{
    "child_model_execute_cost_by_ms": [
        52.86600112915039
    ],
    "child_model_run_time": [
        [
            18188059,
            18240925
        ]
    ],
    "execute_cost": 52.86600112915039,
    "finish_time": 18240928,
    "limit_cost_by_ms": 18.898332595825195,
    "model_name": "resnet50",
    "recv_time": 18187996,
    "tag": "7",
    "total_cost_by_ms": 52.93199920654297,
    "wait_cost": 0.06599807739257813
}
