{
    "child_model_execute_cost_by_ms": [
        31.715999603271484
    ],
    "child_model_run_time": [
        [
            32357082,
            32388798
        ]
    ],
    "execute_cost": 31.715999603271484,
    "finish_time": 32388801,
    "limit_cost_by_ms": 18.898332595825195,
    "model_name": "resnet50",
    "recv_time": 32357069,
    "tag": "681",
    "total_cost_by_ms": 31.73200035095215,
    "wait_cost": 0.016000747680664063
}
