{
    "child_model_execute_cost_by_ms": [
        21.969999313354492
    ],
    "child_model_run_time": [
        [
            36684081,
            36706051
        ]
    ],
    "execute_cost": 21.969999313354492,
    "finish_time": 36706053,
    "limit_cost_by_ms": 8.835332870483398,
    "model_name": "googlenet",
    "recv_time": 36684072,
    "tag": "892",
    "total_cost_by_ms": 21.981000900268555,
    "wait_cost": 0.0110015869140625
}
