{
    "child_model_execute_cost_by_ms": [
        58.4640007019043
    ],
    "child_model_run_time": [
        [
            37053516,
            37111980
        ]
    ],
    "execute_cost": 58.4640007019043,
    "finish_time": 37111983,
    "limit_cost_by_ms": 46.48666763305664,
    "model_name": "vgg19",
    "recv_time": 37053505,
    "tag": "909",
    "total_cost_by_ms": 58.47800064086914,
    "wait_cost": 0.01399993896484375
}
