{
    "child_model_execute_cost_by_ms": [
        20.400999069213867
    ],
    "child_model_run_time": [
        [
            37148869,
            37169270
        ]
    ],
    "execute_cost": 20.400999069213867,
    "finish_time": 37169273,
    "limit_cost_by_ms": 18.898332595825195,
    "model_name": "resnet50",
    "recv_time": 37148807,
    "tag": "913",
    "total_cost_by_ms": 20.465999603271484,
    "wait_cost": 0.06500053405761719
}
