{
    "child_model_execute_cost_by_ms": [
        7.646999835968018
    ],
    "child_model_run_time": [
        [
            37787945,
            37795592
        ]
    ],
    "execute_cost": 7.646999835968018,
    "finish_time": 37795595,
    "limit_cost_by_ms": 5.928999900817871,
    "model_name": "yolov2",
    "recv_time": 37787897,
    "tag": "943",
    "total_cost_by_ms": 7.697999954223633,
    "wait_cost": 0.051000118255615234
}
