{
    "child_model_execute_cost_by_ms": [
        50.46900177001953
    ],
    "child_model_run_time": [
        [
            16698459,
            16748928
        ]
    ],
    "execute_cost": 50.46900177001953,
    "finish_time": 16748933,
    "limit_cost_by_ms": 47.525665283203125,
    "model_name": "vgg19",
    "recv_time": 16698449,
    "tag": "347",
    "total_cost_by_ms": 50.48400115966797,
    "wait_cost": 0.0149993896484375
}
