{
    "child_model_execute_cost_by_ms": [
        47.33000183105469
    ],
    "child_model_run_time": [
        [
            25616487,
            25663817
        ]
    ],
    "execute_cost": 47.33000183105469,
    "finish_time": 25663820,
    "limit_cost_by_ms": 47.525665283203125,
    "model_name": "vgg19",
    "recv_time": 25616372,
    "tag": "700",
    "total_cost_by_ms": 47.448001861572266,
    "wait_cost": 0.11800003051757813
}
