{
    "child_model_execute_cost_by_ms": [
        19.084999084472656
    ],
    "child_model_run_time": [
        [
            10139341,
            10158426
        ]
    ],
    "execute_cost": 19.084999084472656,
    "finish_time": 10158432,
    "limit_cost_by_ms": 9.119333267211914,
    "model_name": "googlenet",
    "recv_time": 10139329,
    "tag": "83",
    "total_cost_by_ms": 19.10300064086914,
    "wait_cost": 0.018001556396484375
}
