{
    "child_model_execute_cost_by_ms": [
        58.297000885009766
    ],
    "child_model_run_time": [
        [
            13738269,
            13796566
        ]
    ],
    "execute_cost": 58.297000885009766,
    "finish_time": 13796571,
    "limit_cost_by_ms": 19.060333251953125,
    "model_name": "resnet50",
    "recv_time": 13738245,
    "tag": "191",
    "total_cost_by_ms": 58.32600021362305,
    "wait_cost": 0.02899932861328125
}
