{
    "child_model_execute_cost_by_ms": [
        18.85300064086914
    ],
    "child_model_run_time": [
        [
            22859417,
            22878270
        ]
    ],
    "execute_cost": 18.85300064086914,
    "finish_time": 22878277,
    "limit_cost_by_ms": 7.293000221252441,
    "model_name": "squeezenetv1",
    "recv_time": 22859406,
    "tag": "536",
    "total_cost_by_ms": 18.871000289916992,
    "wait_cost": 0.017999649047851563
}
