{
    "child_model_execute_cost_by_ms": [
        63.457000732421875
    ],
    "child_model_run_time": [
        [
            34100828,
            34164285
        ]
    ],
    "execute_cost": 63.457000732421875,
    "finish_time": 34164288,
    "limit_cost_by_ms": 47.266666412353516,
    "model_name": "vgg19",
    "recv_time": 34100816,
    "tag": "937",
    "total_cost_by_ms": 63.47200012207031,
    "wait_cost": 0.0149993896484375
}
