{
    "child_model_execute_cost_by_ms": [
        22.13599967956543
    ],
    "child_model_run_time": [
        [
            13754094,
            13776230
        ]
    ],
    "execute_cost": 22.13599967956543,
    "finish_time": 13776234,
    "limit_cost_by_ms": 8.946000099182129,
    "model_name": "googlenet",
    "recv_time": 13754084,
    "tag": "233",
    "total_cost_by_ms": 22.149999618530273,
    "wait_cost": 0.01399993896484375
}
