{
    "child_model_execute_cost_by_ms": [
        42.21900177001953
    ],
    "child_model_run_time": [
        [
            8978086,
            9020305
        ]
    ],
    "execute_cost": 42.21900177001953,
    "finish_time": 9020311,
    "limit_cost_by_ms": 8.946000099182129,
    "model_name": "googlenet",
    "recv_time": 8978073,
    "tag": "25",
    "total_cost_by_ms": 42.237998962402344,
    "wait_cost": 0.0189971923828125
}
