{
    "child_model_execute_cost_by_ms": [
        45.53900146484375
    ],
    "child_model_run_time": [
        [
            15326870,
            15372409
        ]
    ],
    "execute_cost": 45.53900146484375,
    "finish_time": 15372416,
    "limit_cost_by_ms": 47.31133270263672,
    "model_name": "vgg19",
    "recv_time": 15326861,
    "tag": "302",
    "total_cost_by_ms": 45.55500030517578,
    "wait_cost": 0.01599884033203125
}
