{
    "child_model_execute_cost_by_ms": [
        14.654999732971191
    ],
    "child_model_run_time": [
        [
            20032444,
            20047099
        ]
    ],
    "execute_cost": 14.654999732971191,
    "finish_time": 20047105,
    "limit_cost_by_ms": 7.382999897003174,
    "model_name": "squeezenetv1",
    "recv_time": 20032436,
    "tag": "508",
    "total_cost_by_ms": 14.668999671936035,
    "wait_cost": 0.01399993896484375
}
