{
    "child_model_execute_cost_by_ms": [
        29.062999725341797
    ],
    "child_model_run_time": [
        [
            28492088,
            28521151
        ]
    ],
    "execute_cost": 29.062999725341797,
    "finish_time": 28521156,
    "limit_cost_by_ms": 7.382999897003174,
    "model_name": "squeezenetv1",
    "recv_time": 28492078,
    "tag": "880",
    "total_cost_by_ms": 29.077999114990234,
    "wait_cost": 0.0149993896484375
}
