{
    "child_model_execute_cost_by_ms": [
        10.47599983215332
    ],
    "child_model_run_time": [
        [
            13667695,
            13678171
        ]
    ],
    "execute_cost": 10.47599983215332,
    "finish_time": 13678181,
    "limit_cost_by_ms": 8.904333114624023,
    "model_name": "googlenet",
    "recv_time": 13667580,
    "tag": "234",
    "total_cost_by_ms": 10.60099983215332,
    "wait_cost": 0.125
}
