{
    "child_model_execute_cost_by_ms": [
        8.3100004196167
    ],
    "child_model_run_time": [
        [
            13970618,
            13978928
        ]
    ],
    "execute_cost": 8.3100004196167,
    "finish_time": 13978935,
    "limit_cost_by_ms": 7.2756667137146,
    "model_name": "squeezenetv1",
    "recv_time": 13970458,
    "tag": "246",
    "total_cost_by_ms": 8.47700023651123,
    "wait_cost": 0.16699981689453125
}
