{
    "child_model_execute_cost_by_ms": [
        8.093000411987305
    ],
    "child_model_run_time": [
        [
            16523402,
            16531495
        ]
    ],
    "execute_cost": 8.093000411987305,
    "finish_time": 16531508,
    "limit_cost_by_ms": 7.2756667137146,
    "model_name": "squeezenetv1",
    "recv_time": 16512335,
    "tag": "350",
    "total_cost_by_ms": 19.17300033569336,
    "wait_cost": 11.079999923706055
}
