{
    "child_model_execute_cost_by_ms": [
        10.189000129699707
    ],
    "child_model_run_time": [
        [
            18077806,
            18087995
        ]
    ],
    "execute_cost": 10.189000129699707,
    "finish_time": 18088001,
    "limit_cost_by_ms": 8.904333114624023,
    "model_name": "googlenet",
    "recv_time": 18064876,
    "tag": "412",
    "total_cost_by_ms": 23.125,
    "wait_cost": 12.935999870300293
}
