{
    "child_model_execute_cost_by_ms": [
        18.4689998626709,
        16.909000396728516,
        19.667999267578125
    ],
    "child_model_run_time": [
        [
            10182363,
            10200832
        ],
        [
            10200925,
            10217834
        ],
        [
            10217848,
            10237516
        ]
    ],
    "execute_cost": 55.045997619628906,
    "finish_time": 10237522,
    "limit_cost_by_ms": 47.042999267578125,
    "model_name": "vgg19",
    "recv_time": 10168548,
    "tag": "95",
    "total_cost_by_ms": 68.9739990234375,
    "wait_cost": 13.928001403808594
}
