{
    "child_model_execute_cost_by_ms": [
        44.67900085449219
    ],
    "child_model_run_time": [
        [
            15716824,
            15761503
        ]
    ],
    "execute_cost": 44.67900085449219,
    "finish_time": 15761509,
    "limit_cost_by_ms": 46.79933166503906,
    "model_name": "vgg19",
    "recv_time": 15716667,
    "tag": "304",
    "total_cost_by_ms": 44.84199905395508,
    "wait_cost": 0.16299819946289063
}
