{
    "child_model_execute_cost_by_ms": [
        28.57900047302246
    ],
    "child_model_run_time": [
        [
            15858294,
            15886873
        ]
    ],
    "execute_cost": 28.57900047302246,
    "finish_time": 15886875,
    "limit_cost_by_ms": 19.028667449951172,
    "model_name": "resnet50",
    "recv_time": 15858276,
    "tag": "310",
    "total_cost_by_ms": 28.599000930786133,
    "wait_cost": 0.020000457763671875
}
