{
    "child_model_execute_cost_by_ms": [
        59.840999603271484
    ],
    "child_model_run_time": [
        [
            20111279,
            20171120
        ]
    ],
    "execute_cost": 59.840999603271484,
    "finish_time": 20171124,
    "limit_cost_by_ms": 19.028667449951172,
    "model_name": "resnet50",
    "recv_time": 20111264,
    "tag": "486",
    "total_cost_by_ms": 59.86000061035156,
    "wait_cost": 0.019001007080078125
}
