{
    "child_model_execute_cost_by_ms": [
        48.29399871826172
    ],
    "child_model_run_time": [
        [
            25108195,
            25156489
        ]
    ],
    "execute_cost": 48.29399871826172,
    "finish_time": 25156495,
    "limit_cost_by_ms": 46.79933166503906,
    "model_name": "vgg19",
    "recv_time": 25108184,
    "tag": "685",
    "total_cost_by_ms": 48.31100082397461,
    "wait_cost": 0.017002105712890625
}
