{
    "child_model_execute_cost_by_ms": [
        66.08499908447266
    ],
    "child_model_run_time": [
        [
            31966912,
            32032997
        ]
    ],
    "execute_cost": 66.08499908447266,
    "finish_time": 32033000,
    "limit_cost_by_ms": 8.817999839782715,
    "model_name": "googlenet",
    "recv_time": 31966900,
    "tag": "964",
    "total_cost_by_ms": 66.0999984741211,
    "wait_cost": 0.0149993896484375
}
