{
    "child_model_execute_cost_by_ms": [
        84.19999694824219
    ],
    "child_model_run_time": [
        [
            18076805,
            18161005
        ]
    ],
    "execute_cost": 84.19999694824219,
    "finish_time": 18161008,
    "limit_cost_by_ms": 8.939666748046875,
    "model_name": "googlenet",
    "recv_time": 18076793,
    "tag": "5",
    "total_cost_by_ms": 84.21499633789063,
    "wait_cost": 0.0149993896484375
}
