{
    "child_model_execute_cost_by_ms": [
        46.29999923706055
    ],
    "child_model_run_time": [
        [
            30878498,
            30924798
        ]
    ],
    "execute_cost": 46.29999923706055,
    "finish_time": 30924800,
    "limit_cost_by_ms": 46.61666488647461,
    "model_name": "vgg19",
    "recv_time": 30878475,
    "tag": "587",
    "total_cost_by_ms": 46.32500076293945,
    "wait_cost": 0.02500152587890625
}
