{
    "child_model_execute_cost_by_ms": [
        85.43800354003906
    ],
    "child_model_run_time": [
        [
            18182107,
            18267545
        ]
    ],
    "execute_cost": 85.43800354003906,
    "finish_time": 18267549,
    "limit_cost_by_ms": 46.61666488647461,
    "model_name": "vgg19",
    "recv_time": 18182089,
    "tag": "9",
    "total_cost_by_ms": 85.45999908447266,
    "wait_cost": 0.02199554443359375
}
