{
    "child_model_execute_cost_by_ms": [
        64.97000122070313
    ],
    "child_model_run_time": [
        [
            19598105,
            19663075
        ]
    ],
    "execute_cost": 64.97000122070313,
    "finish_time": 19663079,
    "limit_cost_by_ms": 18.733999252319336,
    "model_name": "resnet50",
    "recv_time": 19598093,
    "tag": "73",
    "total_cost_by_ms": 64.98600006103516,
    "wait_cost": 0.01599884033203125
}
