{
    "child_model_execute_cost_by_ms": [
        72.39099884033203
    ],
    "child_model_run_time": [
        [
            38261207,
            38333598
        ]
    ],
    "execute_cost": 72.39099884033203,
    "finish_time": 38333602,
    "limit_cost_by_ms": 6.985333442687988,
    "model_name": "gpt128v2",
    "recv_time": 38261165,
    "tag": "923",
    "total_cost_by_ms": 72.43699645996094,
    "wait_cost": 0.04599761962890625
}
