{
    "child_model_execute_cost_by_ms": [
        17.360000610351563,
        16.398000717163086,
        20.145999908447266
    ],
    "child_model_run_time": [
        [
            10304365,
            10321725
        ],
        [
            10321808,
            10338206
        ],
        [
            10338220,
            10358366
        ]
    ],
    "execute_cost": 53.90400314331055,
    "finish_time": 10358371,
    "limit_cost_by_ms": 46.83766555786133,
    "model_name": "vgg19",
    "recv_time": 10280669,
    "tag": "107",
    "total_cost_by_ms": 77.7020034790039,
    "wait_cost": 23.79800033569336
}
