{
    "child_model_execute_cost_by_ms": [
        14.831000328063965,
        8.253999710083008
    ],
    "child_model_run_time": [
        [
            13842954,
            13857785
        ],
        [
            13857891,
            13866145
        ]
    ],
    "execute_cost": 23.084999084472656,
    "finish_time": 13866151,
    "limit_cost_by_ms": 18.113000869750977,
    "model_name": "resnet50",
    "recv_time": 13842879,
    "tag": "282",
    "total_cost_by_ms": 23.27199935913086,
    "wait_cost": 0.18700027465820313
}
