{
    "child_model_execute_cost_by_ms": [
        9.513999938964844
    ],
    "child_model_run_time": [
        [
            13978088,
            13987602
        ]
    ],
    "execute_cost": 9.513999938964844,
    "finish_time": 13987614,
    "limit_cost_by_ms": 8.406000137329102,
    "model_name": "googlenet",
    "recv_time": 13973625,
    "tag": "288",
    "total_cost_by_ms": 13.98900032043457,
    "wait_cost": 4.475000381469727
}
