{
    "child_model_execute_cost_by_ms": [
        7.914999961853027
    ],
    "child_model_run_time": [
        [
            13987680,
            13995595
        ]
    ],
    "execute_cost": 7.914999961853027,
    "finish_time": 13995606,
    "limit_cost_by_ms": 6.961666584014893,
    "model_name": "squeezenetv1",
    "recv_time": 13985811,
    "tag": "289",
    "total_cost_by_ms": 9.795000076293945,
    "wait_cost": 1.880000114440918
}
