{
    "child_model_execute_cost_by_ms": [
        8.045000076293945
    ],
    "child_model_run_time": [
        [
            15781450,
            15789495
        ]
    ],
    "execute_cost": 8.045000076293945,
    "finish_time": 15789508,
    "limit_cost_by_ms": 7.255666732788086,
    "model_name": "squeezenetv1",
    "recv_time": 15779309,
    "tag": "342",
    "total_cost_by_ms": 10.199000358581543,
    "wait_cost": 2.1540002822875977
}
