{
    "child_model_execute_cost_by_ms": [
        7.581999778747559
    ],
    "child_model_run_time": [
        [
            20024093,
            20031675
        ]
    ],
    "execute_cost": 7.581999778747559,
    "finish_time": 20031684,
    "limit_cost_by_ms": 6.961666584014893,
    "model_name": "squeezenetv1",
    "recv_time": 20017961,
    "tag": "556",
    "total_cost_by_ms": 13.722999572753906,
    "wait_cost": 6.140999794006348
}
