{
    "child_model_execute_cost_by_ms": [
        14.90999984741211,
        8.982000350952148
    ],
    "child_model_run_time": [
        [
            24920356,
            24935266
        ],
        [
            24943665,
            24952647
        ]
    ],
    "execute_cost": 23.892000198364258,
    "finish_time": 24952655,
    "limit_cost_by_ms": 18.96066665649414,
    "model_name": "resnet50",
    "recv_time": 24920196,
    "tag": "733",
    "total_cost_by_ms": 32.45899963378906,
    "wait_cost": 8.566999435424805
}
