{
    "child_model_execute_cost_by_ms": [
        8.156000137329102
    ],
    "child_model_run_time": [
        [
            24204908,
            24213064
        ]
    ],
    "execute_cost": 8.156000137329102,
    "finish_time": 24213070,
    "limit_cost_by_ms": 6.961666584014893,
    "model_name": "squeezenetv1",
    "recv_time": 24204751,
    "tag": "742",
    "total_cost_by_ms": 8.319000244140625,
    "wait_cost": 0.16300010681152344
}
