{
    "child_model_execute_cost_by_ms": [
        8.071999549865723
    ],
    "child_model_run_time": [
        [
            26281880,
            26289952
        ]
    ],
    "execute_cost": 8.071999549865723,
    "finish_time": 26289963,
    "limit_cost_by_ms": 7.255666732788086,
    "model_name": "squeezenetv1",
    "recv_time": 26279678,
    "tag": "792",
    "total_cost_by_ms": 10.28499984741211,
    "wait_cost": 2.2130002975463867
}
