{
    "child_model_execute_cost_by_ms": [
        7.636000156402588
    ],
    "child_model_run_time": [
        [
            27053935,
            27061571
        ]
    ],
    "execute_cost": 7.636000156402588,
    "finish_time": 27061578,
    "limit_cost_by_ms": 6.961666584014893,
    "model_name": "squeezenetv1",
    "recv_time": 27053811,
    "tag": "867",
    "total_cost_by_ms": 7.767000198364258,
    "wait_cost": 0.13100004196166992
}
