{
    "child_model_execute_cost_by_ms": [
        9.793999671936035
    ],
    "child_model_run_time": [
        [
            9529520,
            9539314
        ]
    ],
    "execute_cost": 9.793999671936035,
    "finish_time": 9539321,
    "limit_cost_by_ms": 8.406000137329102,
    "model_name": "googlenet",
    "recv_time": 9526462,
    "tag": "89",
    "total_cost_by_ms": 12.859000205993652,
    "wait_cost": 3.065000534057617
}
