{
    "child_model_execute_cost_by_ms": [
        9.78499984741211
    ],
    "child_model_run_time": [
        [
            7752432,
            7762217
        ]
    ],
    "execute_cost": 9.78499984741211,
    "finish_time": 7762229,
    "limit_cost_by_ms": 8.406000137329102,
    "model_name": "googlenet",
    "recv_time": 7752241,
    "tag": "10",
    "total_cost_by_ms": 9.98799991607666,
    "wait_cost": 0.20300006866455078
}
