{
    "child_model_execute_cost_by_ms": [
        9.559000015258789
    ],
    "child_model_run_time": [
        [
            28246419,
            28255978
        ]
    ],
    "execute_cost": 9.559000015258789,
    "finish_time": 28255985,
    "limit_cost_by_ms": 8.406000137329102,
    "model_name": "googlenet",
    "recv_time": 28246402,
    "tag": "920",
    "total_cost_by_ms": 9.583000183105469,
    "wait_cost": 0.024000167846679688
}
