{
    "child_model_execute_cost_by_ms": [
        8.454999923706055
    ],
    "child_model_run_time": [
        [
            8551088,
            8559543
        ]
    ],
    "execute_cost": 8.454999923706055,
    "finish_time": 8559551,
    "limit_cost_by_ms": 7.191666603088379,
    "model_name": "squeezenetv1",
    "recv_time": 8534035,
    "tag": "38",
    "total_cost_by_ms": 25.516000747680664,
    "wait_cost": 17.06100082397461
}
