{
    "child_model_execute_cost_by_ms": [
        48.15599822998047
    ],
    "child_model_run_time": [
        [
            24157996,
            24206152
        ]
    ],
    "execute_cost": 48.15599822998047,
    "finish_time": 24206160,
    "limit_cost_by_ms": 46.34033203125,
    "model_name": "vgg19",
    "recv_time": 24157877,
    "tag": "819",
    "total_cost_by_ms": 48.28300094604492,
    "wait_cost": 0.12700271606445313
}
