{
    "child_model_execute_cost_by_ms": [
        44.70000076293945
    ],
    "child_model_run_time": [
        [
            27596956,
            27641656
        ]
    ],
    "execute_cost": 44.70000076293945,
    "finish_time": 27641663,
    "limit_cost_by_ms": 46.34033203125,
    "model_name": "vgg19",
    "recv_time": 27596838,
    "tag": "990",
    "total_cost_by_ms": 44.82500076293945,
    "wait_cost": 0.125
}
