{
    "child_model_execute_cost_by_ms": [
        7.949999809265137
    ],
    "child_model_run_time": [
        [
            11799018,
            11806968
        ]
    ],
    "execute_cost": 7.949999809265137,
    "finish_time": 11806974,
    "limit_cost_by_ms": 7.272333145141602,
    "model_name": "squeezenetv1",
    "recv_time": 11799008,
    "tag": "166",
    "total_cost_by_ms": 7.966000080108643,
    "wait_cost": 0.01600027084350586
}
