{
    "child_model_execute_cost_by_ms": [
        20.354000091552734
    ],
    "child_model_run_time": [
        [
            13536794,
            13557148
        ]
    ],
    "execute_cost": 20.354000091552734,
    "finish_time": 13557151,
    "limit_cost_by_ms": 19.064332962036133,
    "model_name": "resnet50",
    "recv_time": 13536706,
    "tag": "248",
    "total_cost_by_ms": 20.44499969482422,
    "wait_cost": 0.09099960327148438
}
