{
    "child_model_execute_cost_by_ms": [
        60.62900161743164
    ],
    "child_model_run_time": [
        [
            10119154,
            10179783
        ]
    ],
    "execute_cost": 60.62900161743164,
    "finish_time": 10179789,
    "limit_cost_by_ms": 46.923667907714844,
    "model_name": "vgg19",
    "recv_time": 10119077,
    "tag": "89",
    "total_cost_by_ms": 60.71200180053711,
    "wait_cost": 0.08300018310546875
}
