{
    "child_model_execute_cost_by_ms": [
        15.074999809265137,
        8.626999855041504
    ],
    "child_model_run_time": [
        [
            14510933,
            14526008
        ],
        [
            14526050,
            14534677
        ]
    ],
    "execute_cost": 23.70199966430664,
    "finish_time": 14534686,
    "limit_cost_by_ms": 18.854000091552734,
    "model_name": "resnet50",
    "recv_time": 14501498,
    "tag": "235",
    "total_cost_by_ms": 33.1879997253418,
    "wait_cost": 9.486000061035156
}
