{
    "child_model_execute_cost_by_ms": [
        18.841999053955078,
        17.676000595092773,
        19.893999099731445
    ],
    "child_model_run_time": [
        [
            27195000,
            27213842
        ],
        [
            27213932,
            27231608
        ],
        [
            27231696,
            27251590
        ]
    ],
    "execute_cost": 56.41199493408203,
    "finish_time": 27251594,
    "limit_cost_by_ms": 46.810333251953125,
    "model_name": "vgg19",
    "recv_time": 27169387,
    "tag": "676",
    "total_cost_by_ms": 82.20700073242188,
    "wait_cost": 25.795005798339844
}
