{
    "child_model_execute_cost_by_ms": [
        8.265999794006348
    ],
    "child_model_run_time": [
        [
            28348191,
            28356457
        ]
    ],
    "execute_cost": 8.265999794006348,
    "finish_time": 28356462,
    "limit_cost_by_ms": 7.1623334884643555,
    "model_name": "squeezenetv1",
    "recv_time": 28343585,
    "tag": "716",
    "total_cost_by_ms": 12.876999855041504,
    "wait_cost": 4.611000061035156
}
