{
    "child_model_execute_cost_by_ms": [
        15.390000343322754,
        9.48900032043457
    ],
    "child_model_run_time": [
        [
            31000779,
            31016169
        ],
        [
            31016222,
            31025711
        ]
    ],
    "execute_cost": 24.87900161743164,
    "finish_time": 31025720,
    "limit_cost_by_ms": 18.854000091552734,
    "model_name": "resnet50",
    "recv_time": 30982647,
    "tag": "809",
    "total_cost_by_ms": 43.073001861572266,
    "wait_cost": 18.194000244140625
}
