{
    "child_model_execute_cost_by_ms": [
        44.50199890136719
    ],
    "child_model_run_time": [
        [
            15016965,
            15061467
        ]
    ],
    "execute_cost": 44.50199890136719,
    "finish_time": 15061469,
    "limit_cost_by_ms": 47.255001068115234,
    "model_name": "vgg19",
    "recv_time": 15016842,
    "tag": "312",
    "total_cost_by_ms": 44.62699890136719,
    "wait_cost": 0.125
}
