{
    "child_model_execute_cost_by_ms": [
        44.0880012512207
    ],
    "child_model_run_time": [
        [
            16737558,
            16781646
        ]
    ],
    "execute_cost": 44.0880012512207,
    "finish_time": 16781649,
    "limit_cost_by_ms": 47.255001068115234,
    "model_name": "vgg19",
    "recv_time": 16737546,
    "tag": "389",
    "total_cost_by_ms": 44.10300064086914,
    "wait_cost": 0.0149993896484375
}
