{
    "child_model_execute_cost_by_ms": [
        40.57899856567383
    ],
    "child_model_run_time": [
        [
            19623220,
            19663799
        ]
    ],
    "execute_cost": 40.57899856567383,
    "finish_time": 19663801,
    "limit_cost_by_ms": 18.988666534423828,
    "model_name": "resnet50",
    "recv_time": 19623114,
    "tag": "515",
    "total_cost_by_ms": 40.6870002746582,
    "wait_cost": 0.108001708984375
}
