{
    "child_model_execute_cost_by_ms": [
        41.89699935913086
    ],
    "child_model_run_time": [
        [
            24696104,
            24738001
        ]
    ],
    "execute_cost": 41.89699935913086,
    "finish_time": 24738004,
    "limit_cost_by_ms": 8.96500015258789,
    "model_name": "googlenet",
    "recv_time": 24696089,
    "tag": "735",
    "total_cost_by_ms": 41.915000915527344,
    "wait_cost": 0.018001556396484375
}
