{
    "child_model_execute_cost_by_ms": [
        10.156000137329102
    ],
    "child_model_run_time": [
        [
            30130814,
            30140970
        ]
    ],
    "execute_cost": 10.156000137329102,
    "finish_time": 30140974,
    "limit_cost_by_ms": 8.96500015258789,
    "model_name": "googlenet",
    "recv_time": 30130647,
    "tag": "968",
    "total_cost_by_ms": 10.32699966430664,
    "wait_cost": 0.17099952697753906
}
