{
    "child_model_execute_cost_by_ms": [
        8.133999824523926
    ],
    "child_model_run_time": [
        [
            10145649,
            10153783
        ]
    ],
    "execute_cost": 8.133999824523926,
    "finish_time": 10153790,
    "limit_cost_by_ms": 7.237666606903076,
    "model_name": "squeezenetv1",
    "recv_time": 10145550,
    "tag": "109",
    "total_cost_by_ms": 8.239999771118164,
    "wait_cost": 0.10599994659423828
}
