{
    "child_model_execute_cost_by_ms": [
        10.02400016784668
    ],
    "child_model_run_time": [
        [
            11330494,
            11340518
        ]
    ],
    "execute_cost": 10.02400016784668,
    "finish_time": 11340524,
    "limit_cost_by_ms": 8.699999809265137,
    "model_name": "googlenet",
    "recv_time": 11302769,
    "tag": "160",
    "total_cost_by_ms": 37.755001068115234,
    "wait_cost": 27.731000900268555
}
