{
    "child_model_execute_cost_by_ms": [
        9.597999572753906
    ],
    "child_model_run_time": [
        [
            12450148,
            12459746
        ]
    ],
    "execute_cost": 9.597999572753906,
    "finish_time": 12459751,
    "limit_cost_by_ms": 8.699999809265137,
    "model_name": "googlenet",
    "recv_time": 12450018,
    "tag": "208",
    "total_cost_by_ms": 9.732999801635742,
    "wait_cost": 0.13500022888183594
}
