{
    "child_model_execute_cost_by_ms": [
        8.647000312805176
    ],
    "child_model_run_time": [
        [
            13004352,
            13012999
        ]
    ],
    "execute_cost": 8.647000312805176,
    "finish_time": 13013010,
    "limit_cost_by_ms": 7.237666606903076,
    "model_name": "squeezenetv1",
    "recv_time": 13004246,
    "tag": "232",
    "total_cost_by_ms": 8.763999938964844,
    "wait_cost": 0.11699962615966797
}
