{
    "child_model_execute_cost_by_ms": [
        19.597000122070313
    ],
    "child_model_run_time": [
        [
            14315872,
            14335469
        ]
    ],
    "execute_cost": 19.597000122070313,
    "finish_time": 14335475,
    "limit_cost_by_ms": 18.939332962036133,
    "model_name": "resnet50",
    "recv_time": 14315748,
    "tag": "290",
    "total_cost_by_ms": 19.726999282836914,
    "wait_cost": 0.12999916076660156
}
