{
    "child_model_execute_cost_by_ms": [
        10.371999740600586
    ],
    "child_model_run_time": [
        [
            14944448,
            14954820
        ]
    ],
    "execute_cost": 10.371999740600586,
    "finish_time": 14954827,
    "limit_cost_by_ms": 8.699999809265137,
    "model_name": "googlenet",
    "recv_time": 14944352,
    "tag": "317",
    "total_cost_by_ms": 10.475000381469727,
    "wait_cost": 0.10300064086914063
}
