{
    "child_model_execute_cost_by_ms": [
        44.124000549316406
    ],
    "child_model_run_time": [
        [
            18251323,
            18295447
        ]
    ],
    "execute_cost": 44.124000549316406,
    "finish_time": 18295454,
    "limit_cost_by_ms": 47.310665130615234,
    "model_name": "vgg19",
    "recv_time": 18251305,
    "tag": "460",
    "total_cost_by_ms": 44.14899826049805,
    "wait_cost": 0.024997711181640625
}
