{
    "child_model_execute_cost_by_ms": [
        19.415000915527344
    ],
    "child_model_run_time": [
        [
            19748181,
            19767596
        ]
    ],
    "execute_cost": 19.415000915527344,
    "finish_time": 19767605,
    "limit_cost_by_ms": 18.939332962036133,
    "model_name": "resnet50",
    "recv_time": 19748165,
    "tag": "524",
    "total_cost_by_ms": 19.440000534057617,
    "wait_cost": 0.024999618530273438
}
