{
    "child_model_execute_cost_by_ms": [
        19.358999252319336
    ],
    "child_model_run_time": [
        [
            19886576,
            19905935
        ]
    ],
    "execute_cost": 19.358999252319336,
    "finish_time": 19905940,
    "limit_cost_by_ms": 18.939332962036133,
    "model_name": "resnet50",
    "recv_time": 19886452,
    "tag": "530",
    "total_cost_by_ms": 19.488000869750977,
    "wait_cost": 0.12900161743164063
}
