{
    "child_model_execute_cost_by_ms": [
        8.057000160217285
    ],
    "child_model_run_time": [
        [
            21637519,
            21645576
        ]
    ],
    "execute_cost": 8.057000160217285,
    "finish_time": 21645584,
    "limit_cost_by_ms": 7.237666606903076,
    "model_name": "squeezenetv1",
    "recv_time": 21637420,
    "tag": "606",
    "total_cost_by_ms": 8.163999557495117,
    "wait_cost": 0.10699939727783203
}
