{
    "child_model_execute_cost_by_ms": [
        46.17300033569336
    ],
    "child_model_run_time": [
        [
            22344034,
            22390207
        ]
    ],
    "execute_cost": 46.17300033569336,
    "finish_time": 22390212,
    "limit_cost_by_ms": 47.310665130615234,
    "model_name": "vgg19",
    "recv_time": 22343969,
    "tag": "637",
    "total_cost_by_ms": 46.24300003051758,
    "wait_cost": 0.06999969482421875
}
