{
    "child_model_execute_cost_by_ms": [
        46.551998138427734
    ],
    "child_model_run_time": [
        [
            24851665,
            24898217
        ]
    ],
    "execute_cost": 46.551998138427734,
    "finish_time": 24898223,
    "limit_cost_by_ms": 47.310665130615234,
    "model_name": "vgg19",
    "recv_time": 24851502,
    "tag": "745",
    "total_cost_by_ms": 46.72100067138672,
    "wait_cost": 0.16900253295898438
}
