{
    "child_model_execute_cost_by_ms": [
        46.762001037597656
    ],
    "child_model_run_time": [
        [
            25130906,
            25177668
        ]
    ],
    "execute_cost": 46.762001037597656,
    "finish_time": 25177675,
    "limit_cost_by_ms": 47.310665130615234,
    "model_name": "vgg19",
    "recv_time": 25130771,
    "tag": "757",
    "total_cost_by_ms": 46.90399932861328,
    "wait_cost": 0.141998291015625
}
