{
    "child_model_execute_cost_by_ms": [
        8.784000396728516
    ],
    "child_model_run_time": [
        [
            25457643,
            25466427
        ]
    ],
    "execute_cost": 8.784000396728516,
    "finish_time": 25466435,
    "limit_cost_by_ms": 7.237666606903076,
    "model_name": "squeezenetv1",
    "recv_time": 25457628,
    "tag": "770",
    "total_cost_by_ms": 8.807000160217285,
    "wait_cost": 0.02299976348876953
}
