{
    "child_model_execute_cost_by_ms": [
        8.282999992370605
    ],
    "child_model_run_time": [
        [
            9442341,
            9450624
        ]
    ],
    "execute_cost": 8.282999992370605,
    "finish_time": 9450630,
    "limit_cost_by_ms": 7.237666606903076,
    "model_name": "squeezenetv1",
    "recv_time": 9442248,
    "tag": "78",
    "total_cost_by_ms": 8.381999969482422,
    "wait_cost": 0.0989999771118164
}
