{
    "child_model_execute_cost_by_ms": [
        46.04800033569336
    ],
    "child_model_run_time": [
        [
            25636122,
            25682170
        ]
    ],
    "execute_cost": 46.04800033569336,
    "finish_time": 25682175,
    "limit_cost_by_ms": 47.310665130615234,
    "model_name": "vgg19",
    "recv_time": 25635963,
    "tag": "779",
    "total_cost_by_ms": 46.21200180053711,
    "wait_cost": 0.16400146484375
}
