{
    "child_model_execute_cost_by_ms": [
        8.350000381469727
    ],
    "child_model_run_time": [
        [
            28029768,
            28038118
        ]
    ],
    "execute_cost": 8.350000381469727,
    "finish_time": 28038125,
    "limit_cost_by_ms": 7.237666606903076,
    "model_name": "squeezenetv1",
    "recv_time": 28029611,
    "tag": "881",
    "total_cost_by_ms": 8.513999938964844,
    "wait_cost": 0.1639995574951172
}
