{
    "child_model_execute_cost_by_ms": [
        19.474000930786133
    ],
    "child_model_run_time": [
        [
            29634268,
            29653742
        ]
    ],
    "execute_cost": 19.474000930786133,
    "finish_time": 29653748,
    "limit_cost_by_ms": 18.939332962036133,
    "model_name": "resnet50",
    "recv_time": 29634060,
    "tag": "950",
    "total_cost_by_ms": 19.687999725341797,
    "wait_cost": 0.21399879455566406
}
