{
    "child_model_execute_cost_by_ms": [
        8.61299991607666
    ],
    "child_model_run_time": [
        [
            26430644,
            26439257
        ]
    ],
    "execute_cost": 8.61299991607666,
    "finish_time": 26439263,
    "limit_cost_by_ms": 7.232666492462158,
    "model_name": "squeezenetv1",
    "recv_time": 26430538,
    "tag": "819",
    "total_cost_by_ms": 8.725000381469727,
    "wait_cost": 0.1120004653930664
}
