{
    "child_model_execute_cost_by_ms": [
        20.743000030517578
    ],
    "child_model_run_time": [
        [
            29197343,
            29218086
        ]
    ],
    "execute_cost": 20.743000030517578,
    "finish_time": 29218099,
    "limit_cost_by_ms": 19.00200080871582,
    "model_name": "resnet50",
    "recv_time": 29180243,
    "tag": "939",
    "total_cost_by_ms": 37.85599899291992,
    "wait_cost": 17.112998962402344
}
