{
    "child_model_execute_cost_by_ms": [
        45.446998596191406
    ],
    "child_model_run_time": [
        [
            29970885,
            30016332
        ]
    ],
    "execute_cost": 45.446998596191406,
    "finish_time": 30016342,
    "limit_cost_by_ms": 47.276668548583984,
    "model_name": "vgg19",
    "recv_time": 29970795,
    "tag": "974",
    "total_cost_by_ms": 45.547000885009766,
    "wait_cost": 0.10000228881835938
}
