{
    "child_model_execute_cost_by_ms": [
        10.571999549865723
    ],
    "child_model_run_time": [
        [
            14396991,
            14407563
        ]
    ],
    "execute_cost": 10.571999549865723,
    "finish_time": 14407569,
    "limit_cost_by_ms": 8.810333251953125,
    "model_name": "googlenet",
    "recv_time": 14396980,
    "tag": "258",
    "total_cost_by_ms": 10.58899974822998,
    "wait_cost": 0.017000198364257813
}
