{
    "child_model_execute_cost_by_ms": [
        55.24300003051758
    ],
    "child_model_run_time": [
        [
            16615488,
            16670731
        ]
    ],
    "execute_cost": 55.24300003051758,
    "finish_time": 16670736,
    "limit_cost_by_ms": 19.090333938598633,
    "model_name": "resnet50",
    "recv_time": 16615477,
    "tag": "352",
    "total_cost_by_ms": 55.25899887084961,
    "wait_cost": 0.01599884033203125
}
