{
    "child_model_execute_cost_by_ms": [
        44.632999420166016
    ],
    "child_model_run_time": [
        [
            16822799,
            16867432
        ]
    ],
    "execute_cost": 44.632999420166016,
    "finish_time": 16867439,
    "limit_cost_by_ms": 47.173667907714844,
    "model_name": "vgg19",
    "recv_time": 16822778,
    "tag": "360",
    "total_cost_by_ms": 44.6609992980957,
    "wait_cost": 0.0279998779296875
}
