{
    "child_model_execute_cost_by_ms": [
        45.90399932861328
    ],
    "child_model_run_time": [
        [
            26983989,
            27029893
        ]
    ],
    "execute_cost": 45.90399932861328,
    "finish_time": 27029900,
    "limit_cost_by_ms": 47.173667907714844,
    "model_name": "vgg19",
    "recv_time": 26983913,
    "tag": "782",
    "total_cost_by_ms": 45.98699951171875,
    "wait_cost": 0.08300018310546875
}
