{
    "child_model_execute_cost_by_ms": [
        46.79600143432617
    ],
    "child_model_run_time": [
        [
            22878970,
            22925766
        ]
    ],
    "execute_cost": 46.79600143432617,
    "finish_time": 22925771,
    "limit_cost_by_ms": 47.375,
    "model_name": "vgg19",
    "recv_time": 22878856,
    "tag": "691",
    "total_cost_by_ms": 46.915000915527344,
    "wait_cost": 0.11899948120117188
}
