{
    "child_model_execute_cost_by_ms": [
        10.661999702453613
    ],
    "child_model_run_time": [
        [
            19496392,
            19507054
        ]
    ],
    "execute_cost": 10.661999702453613,
    "finish_time": 19507060,
    "limit_cost_by_ms": 8.692333221435547,
    "model_name": "googlenet",
    "recv_time": 19496216,
    "tag": "523",
    "total_cost_by_ms": 10.843999862670898,
    "wait_cost": 0.18200016021728516
}
