{
    "child_model_execute_cost_by_ms": [
        50.04600143432617
    ],
    "child_model_run_time": [
        [
            21303075,
            21353121
        ]
    ],
    "execute_cost": 50.04600143432617,
    "finish_time": 21353126,
    "limit_cost_by_ms": 46.42399978637695,
    "model_name": "vgg19",
    "recv_time": 21302906,
    "tag": "605",
    "total_cost_by_ms": 50.220001220703125,
    "wait_cost": 0.17399978637695313
}
