{
    "child_model_execute_cost_by_ms": [
        47.87300109863281
    ],
    "child_model_run_time": [
        [
            24192231,
            24240104
        ]
    ],
    "execute_cost": 47.87300109863281,
    "finish_time": 24240109,
    "limit_cost_by_ms": 46.42399978637695,
    "model_name": "vgg19",
    "recv_time": 24192121,
    "tag": "735",
    "total_cost_by_ms": 47.987998962402344,
    "wait_cost": 0.11499786376953125
}
