{
    "child_model_execute_cost_by_ms": [
        18.892000198364258,
        17.145000457763672,
        19.549999237060547
    ],
    "child_model_run_time": [
        [
            17081084,
            17099976
        ],
        [
            17100071,
            17117216
        ],
        [
            17117251,
            17136801
        ]
    ],
    "execute_cost": 55.58700180053711,
    "finish_time": 17136807,
    "limit_cost_by_ms": 47.035667419433594,
    "model_name": "vgg19",
    "recv_time": 17080916,
    "tag": "406",
    "total_cost_by_ms": 55.89099884033203,
    "wait_cost": 0.3039970397949219
}
