{
    "child_model_execute_cost_by_ms": [
        14.406000137329102,
        8.49899959564209
    ],
    "child_model_run_time": [
        [
            20703722,
            20718128
        ],
        [
            20718170,
            20726669
        ]
    ],
    "execute_cost": 22.904998779296875,
    "finish_time": 20726674,
    "limit_cost_by_ms": 18.928667068481445,
    "model_name": "resnet50",
    "recv_time": 20703554,
    "tag": "564",
    "total_cost_by_ms": 23.1200008392334,
    "wait_cost": 0.21500205993652344
}
