{
    "child_model_execute_cost_by_ms": [
        19.003000259399414,
        18.606000900268555,
        20.250999450683594
    ],
    "child_model_run_time": [
        [
            24055972,
            24074975
        ],
        [
            24093597,
            24112203
        ],
        [
            24112291,
            24132542
        ]
    ],
    "execute_cost": 57.86000061035156,
    "finish_time": 24132547,
    "limit_cost_by_ms": 47.035667419433594,
    "model_name": "vgg19",
    "recv_time": 24055780,
    "tag": "710",
    "total_cost_by_ms": 76.76699829101563,
    "wait_cost": 18.906997680664063
}
