{
    "child_model_execute_cost_by_ms": [
        8.569999694824219
    ],
    "child_model_run_time": [
        [
            8134341,
            8142911
        ]
    ],
    "execute_cost": 8.569999694824219,
    "finish_time": 8142918,
    "limit_cost_by_ms": 7.360666751861572,
    "model_name": "squeezenetv1",
    "recv_time": 8113446,
    "tag": "12",
    "total_cost_by_ms": 29.472000122070313,
    "wait_cost": 20.902000427246094
}
