{
    "child_model_execute_cost_by_ms": [
        8.187999725341797
    ],
    "child_model_run_time": [
        [
            11039361,
            11047549
        ]
    ],
    "execute_cost": 8.187999725341797,
    "finish_time": 11047557,
    "limit_cost_by_ms": 7.360666751861572,
    "model_name": "squeezenetv1",
    "recv_time": 11039303,
    "tag": "123",
    "total_cost_by_ms": 8.253999710083008,
    "wait_cost": 0.06599998474121094
}
