{
    "child_model_execute_cost_by_ms": [
        18.520000457763672,
        16.97100067138672,
        20.31100082397461
    ],
    "child_model_run_time": [
        [
            11173826,
            11192346
        ],
        [
            11192438,
            11209409
        ],
        [
            11209467,
            11229778
        ]
    ],
    "execute_cost": 55.802001953125,
    "finish_time": 11229784,
    "limit_cost_by_ms": 47.275665283203125,
    "model_name": "vgg19",
    "recv_time": 11173811,
    "tag": "124",
    "total_cost_by_ms": 55.972999572753906,
    "wait_cost": 0.17099761962890625
}
