{
    "child_model_execute_cost_by_ms": [
        8.538000106811523
    ],
    "child_model_run_time": [
        [
            11566937,
            11575475
        ]
    ],
    "execute_cost": 8.538000106811523,
    "finish_time": 11575485,
    "limit_cost_by_ms": 7.360666751861572,
    "model_name": "squeezenetv1",
    "recv_time": 11566840,
    "tag": "143",
    "total_cost_by_ms": 8.645000457763672,
    "wait_cost": 0.10700035095214844
}
