{
    "child_model_execute_cost_by_ms": [
        15.130999565124512,
        8.706999778747559
    ],
    "child_model_run_time": [
        [
            19371763,
            19386894
        ],
        [
            19386926,
            19395633
        ]
    ],
    "execute_cost": 23.83799934387207,
    "finish_time": 19395643,
    "limit_cost_by_ms": 18.7549991607666,
    "model_name": "resnet50",
    "recv_time": 19364834,
    "tag": "440",
    "total_cost_by_ms": 30.80900001525879,
    "wait_cost": 6.971000671386719
}
