{
    "child_model_execute_cost_by_ms": [
        18.66900062561035,
        17.166000366210938,
        19.908000946044922
    ],
    "child_model_run_time": [
        [
            9024076,
            9042745
        ],
        [
            9042773,
            9059939
        ],
        [
            9059966,
            9079874
        ]
    ],
    "execute_cost": 55.74300003051758,
    "finish_time": 9079880,
    "limit_cost_by_ms": 47.211666107177734,
    "model_name": "vgg19",
    "recv_time": 9002955,
    "tag": "47",
    "total_cost_by_ms": 76.92500305175781,
    "wait_cost": 21.182003021240234
}
