{
    "child_model_execute_cost_by_ms": [
        17.375,
        16.527999877929688,
        20.107999801635742
    ],
    "child_model_run_time": [
        [
            9250035,
            9267410
        ],
        [
            9267426,
            9283954
        ],
        [
            9327129,
            9347237
        ]
    ],
    "execute_cost": 54.01100158691406,
    "finish_time": 9347242,
    "limit_cost_by_ms": 47.211666107177734,
    "model_name": "vgg19",
    "recv_time": 9249945,
    "tag": "55",
    "total_cost_by_ms": 97.2969970703125,
    "wait_cost": 43.28599548339844
}
