{
    "child_model_execute_cost_by_ms": [
        15.281999588012695,
        9.052000045776367
    ],
    "child_model_run_time": [
        [
            23237664,
            23252946
        ],
        [
            23252985,
            23262037
        ]
    ],
    "execute_cost": 24.333999633789063,
    "finish_time": 23262046,
    "limit_cost_by_ms": 18.7549991607666,
    "model_name": "resnet50",
    "recv_time": 23234084,
    "tag": "584",
    "total_cost_by_ms": 27.961999893188477,
    "wait_cost": 3.628000259399414
}
