{
    "child_model_execute_cost_by_ms": [
        18.927000045776367,
        17.645000457763672,
        20.42099952697754
    ],
    "child_model_run_time": [
        [
            23680299,
            23699226
        ],
        [
            23699261,
            23716906
        ],
        [
            23716931,
            23737352
        ]
    ],
    "execute_cost": 56.99299621582031,
    "finish_time": 23737360,
    "limit_cost_by_ms": 47.211666107177734,
    "model_name": "vgg19",
    "recv_time": 23680282,
    "tag": "600",
    "total_cost_by_ms": 57.077999114990234,
    "wait_cost": 0.08500289916992188
}
