{
    "child_model_execute_cost_by_ms": [
        15.043999671936035,
        8.515000343322754
    ],
    "child_model_run_time": [
        [
            26802063,
            26817107
        ],
        [
            26817138,
            26825653
        ]
    ],
    "execute_cost": 23.55900001525879,
    "finish_time": 26825661,
    "limit_cost_by_ms": 18.7549991607666,
    "model_name": "resnet50",
    "recv_time": 26801956,
    "tag": "715",
    "total_cost_by_ms": 23.704999923706055,
    "wait_cost": 0.14599990844726563
}
