{
    "child_model_execute_cost_by_ms": [
        8.463000297546387
    ],
    "child_model_run_time": [
        [
            27227133,
            27235596
        ]
    ],
    "execute_cost": 8.463000297546387,
    "finish_time": 27235607,
    "limit_cost_by_ms": 7.276333332061768,
    "model_name": "squeezenetv1",
    "recv_time": 27227038,
    "tag": "719",
    "total_cost_by_ms": 8.569000244140625,
    "wait_cost": 0.10599994659423828
}
