{
    "child_model_execute_cost_by_ms": [
        19.89699935913086,
        18.604999542236328,
        20.458999633789063
    ],
    "child_model_run_time": [
        [
            31316964,
            31336861
        ],
        [
            31345311,
            31363916
        ],
        [
            31363943,
            31384402
        ]
    ],
    "execute_cost": 58.96099853515625,
    "finish_time": 31384408,
    "limit_cost_by_ms": 47.211666107177734,
    "model_name": "vgg19",
    "recv_time": 31306722,
    "tag": "883",
    "total_cost_by_ms": 77.68599700927734,
    "wait_cost": 18.724998474121094
}
