{
    "child_model_execute_cost_by_ms": [
        10.345999717712402
    ],
    "child_model_run_time": [
        [
            31750141,
            31760487
        ]
    ],
    "execute_cost": 10.345999717712402,
    "finish_time": 31760493,
    "limit_cost_by_ms": 8.91333293914795,
    "model_name": "googlenet",
    "recv_time": 31741812,
    "tag": "899",
    "total_cost_by_ms": 18.680999755859375,
    "wait_cost": 8.335000038146973
}
