{
    "child_model_execute_cost_by_ms": [
        8.140999794006348
    ],
    "child_model_run_time": [
        [
            33739881,
            33748022
        ]
    ],
    "execute_cost": 8.140999794006348,
    "finish_time": 33748034,
    "limit_cost_by_ms": 7.276333332061768,
    "model_name": "squeezenetv1",
    "recv_time": 33736099,
    "tag": "960",
    "total_cost_by_ms": 11.9350004196167,
    "wait_cost": 3.7940006256103516
}
