{
    "child_model_execute_cost_by_ms": [
        18.47800064086914,
        17.350000381469727,
        20.142000198364258
    ],
    "child_model_run_time": [
        [
            34168435,
            34186913
        ],
        [
            34186954,
            34204304
        ],
        [
            34204334,
            34224476
        ]
    ],
    "execute_cost": 55.970001220703125,
    "finish_time": 34224481,
    "limit_cost_by_ms": 47.275665283203125,
    "model_name": "vgg19",
    "recv_time": 34168303,
    "tag": "976",
    "total_cost_by_ms": 56.178001403808594,
    "wait_cost": 0.20800018310546875
}
