{
    "child_model_execute_cost_by_ms": [
        14.96399974822998,
        9.199999809265137
    ],
    "child_model_run_time": [
        [
            34457221,
            34472185
        ],
        [
            34472229,
            34481429
        ]
    ],
    "execute_cost": 24.163999557495117,
    "finish_time": 34481435,
    "limit_cost_by_ms": 18.7549991607666,
    "model_name": "resnet50",
    "recv_time": 34439369,
    "tag": "999",
    "total_cost_by_ms": 42.066001892089844,
    "wait_cost": 17.902002334594727
}
