{
    "child_model_execute_cost_by_ms": [
        9.810999870300293
    ],
    "child_model_run_time": [
        [
            11441080,
            11450891
        ]
    ],
    "execute_cost": 9.810999870300293,
    "finish_time": 11450904,
    "limit_cost_by_ms": 8.6986665725708,
    "model_name": "googlenet",
    "recv_time": 11441037,
    "tag": "197",
    "total_cost_by_ms": 9.866999626159668,
    "wait_cost": 0.055999755859375
}
