{
    "child_model_execute_cost_by_ms": [
        9.62600040435791
    ],
    "child_model_run_time": [
        [
            13719379,
            13729005
        ]
    ],
    "execute_cost": 9.62600040435791,
    "finish_time": 13729012,
    "limit_cost_by_ms": 8.6986665725708,
    "model_name": "googlenet",
    "recv_time": 13719259,
    "tag": "315",
    "total_cost_by_ms": 9.753000259399414,
    "wait_cost": 0.1269998550415039
}
