{
    "child_model_execute_cost_by_ms": [
        8.333000183105469
    ],
    "child_model_run_time": [
        [
            15869134,
            15877467
        ]
    ],
    "execute_cost": 8.333000183105469,
    "finish_time": 15877478,
    "limit_cost_by_ms": 7.197666645050049,
    "model_name": "squeezenetv1",
    "recv_time": 15869016,
    "tag": "428",
    "total_cost_by_ms": 8.461999893188477,
    "wait_cost": 0.1289997100830078
}
