{
    "child_model_execute_cost_by_ms": [
        18.922000885009766
    ],
    "child_model_run_time": [
        [
            17845506,
            17864428
        ]
    ],
    "execute_cost": 18.922000885009766,
    "finish_time": 17864433,
    "limit_cost_by_ms": 18.92099952697754,
    "model_name": "resnet50",
    "recv_time": 17845345,
    "tag": "532",
    "total_cost_by_ms": 19.08799934387207,
    "wait_cost": 0.1659984588623047
}
