{
    "child_model_execute_cost_by_ms": [
        47.1349983215332
    ],
    "child_model_run_time": [
        [
            19039792,
            19086927
        ]
    ],
    "execute_cost": 47.1349983215332,
    "finish_time": 19086931,
    "limit_cost_by_ms": 47.11866760253906,
    "model_name": "vgg19",
    "recv_time": 19039621,
    "tag": "595",
    "total_cost_by_ms": 47.310001373291016,
    "wait_cost": 0.1750030517578125
}
