{
    "child_model_execute_cost_by_ms": [
        9.550999641418457
    ],
    "child_model_run_time": [
        [
            19584383,
            19593934
        ]
    ],
    "execute_cost": 9.550999641418457,
    "finish_time": 19593942,
    "limit_cost_by_ms": 8.6986665725708,
    "model_name": "googlenet",
    "recv_time": 19584253,
    "tag": "623",
    "total_cost_by_ms": 9.689000129699707,
    "wait_cost": 0.13800048828125
}
