{
    "child_model_execute_cost_by_ms": [
        8.071999549865723
    ],
    "child_model_run_time": [
        [
            20128091,
            20136163
        ]
    ],
    "execute_cost": 8.071999549865723,
    "finish_time": 20136174,
    "limit_cost_by_ms": 7.197666645050049,
    "model_name": "squeezenetv1",
    "recv_time": 20127915,
    "tag": "651",
    "total_cost_by_ms": 8.258999824523926,
    "wait_cost": 0.18700027465820313
}
