{
    "child_model_execute_cost_by_ms": [
        8.017999649047852
    ],
    "child_model_run_time": [
        [
            20707075,
            20715093
        ]
    ],
    "execute_cost": 8.017999649047852,
    "finish_time": 20715100,
    "limit_cost_by_ms": 7.197666645050049,
    "model_name": "squeezenetv1",
    "recv_time": 20706965,
    "tag": "681",
    "total_cost_by_ms": 8.135000228881836,
    "wait_cost": 0.11700057983398438
}
