{
    "child_model_execute_cost_by_ms": [
        9.822999954223633
    ],
    "child_model_run_time": [
        [
            9344137,
            9353960
        ]
    ],
    "execute_cost": 9.822999954223633,
    "finish_time": 9353968,
    "limit_cost_by_ms": 8.6986665725708,
    "model_name": "googlenet",
    "recv_time": 9339952,
    "tag": "86",
    "total_cost_by_ms": 14.015999794006348,
    "wait_cost": 4.192999839782715
}
