{
    "child_model_execute_cost_by_ms": [
        18.535999298095703
    ],
    "child_model_run_time": [
        [
            24281493,
            24300029
        ]
    ],
    "execute_cost": 18.535999298095703,
    "finish_time": 24300036,
    "limit_cost_by_ms": 18.92099952697754,
    "model_name": "resnet50",
    "recv_time": 24281449,
    "tag": "870",
    "total_cost_by_ms": 18.586999893188477,
    "wait_cost": 0.05100059509277344
}
