{
    "child_model_execute_cost_by_ms": [
        18.257999420166016
    ],
    "child_model_run_time": [
        [
            25743562,
            25761820
        ]
    ],
    "execute_cost": 18.257999420166016,
    "finish_time": 25761826,
    "limit_cost_by_ms": 18.92099952697754,
    "model_name": "resnet50",
    "recv_time": 25743522,
    "tag": "949",
    "total_cost_by_ms": 18.304000854492188,
    "wait_cost": 0.046001434326171875
}
