{
    "child_model_execute_cost_by_ms": [
        9.850000381469727
    ],
    "child_model_run_time": [
        [
            11383651,
            11393501
        ]
    ],
    "execute_cost": 9.850000381469727,
    "finish_time": 11393509,
    "limit_cost_by_ms": 8.857333183288574,
    "model_name": "googlenet",
    "recv_time": 11383576,
    "tag": "126",
    "total_cost_by_ms": 9.932999610900879,
    "wait_cost": 0.08299922943115234
}
