{
    "child_model_execute_cost_by_ms": [
        20.101999282836914
    ],
    "child_model_run_time": [
        [
            15192384,
            15212486
        ]
    ],
    "execute_cost": 20.101999282836914,
    "finish_time": 15212493,
    "limit_cost_by_ms": 8.857333183288574,
    "model_name": "googlenet",
    "recv_time": 15192377,
    "tag": "293",
    "total_cost_by_ms": 20.115999221801758,
    "wait_cost": 0.01399993896484375
}
