{
    "child_model_execute_cost_by_ms": [
        8.109000205993652
    ],
    "child_model_run_time": [
        [
            15931956,
            15940065
        ]
    ],
    "execute_cost": 8.109000205993652,
    "finish_time": 15940068,
    "limit_cost_by_ms": 7.276000022888184,
    "model_name": "squeezenetv1",
    "recv_time": 15931942,
    "tag": "326",
    "total_cost_by_ms": 8.12600040435791,
    "wait_cost": 0.017000198364257813
}
