{
    "child_model_execute_cost_by_ms": [
        45.08300018310547
    ],
    "child_model_run_time": [
        [
            20789043,
            20834126
        ]
    ],
    "execute_cost": 45.08300018310547,
    "finish_time": 20834131,
    "limit_cost_by_ms": 46.79533386230469,
    "model_name": "vgg19",
    "recv_time": 20789024,
    "tag": "537",
    "total_cost_by_ms": 45.106998443603516,
    "wait_cost": 0.023998260498046875
}
