{
    "child_model_execute_cost_by_ms": [
        8.380999565124512
    ],
    "child_model_run_time": [
        [
            22070674,
            22079055
        ]
    ],
    "execute_cost": 8.380999565124512,
    "finish_time": 22079061,
    "limit_cost_by_ms": 7.276000022888184,
    "model_name": "squeezenetv1",
    "recv_time": 22070656,
    "tag": "592",
    "total_cost_by_ms": 8.404999732971191,
    "wait_cost": 0.024000167846679688
}
