{
    "child_model_execute_cost_by_ms": [
        44.12099838256836
    ],
    "child_model_run_time": [
        [
            25322316,
            25366437
        ]
    ],
    "execute_cost": 44.12099838256836,
    "finish_time": 25366443,
    "limit_cost_by_ms": 46.79533386230469,
    "model_name": "vgg19",
    "recv_time": 25322300,
    "tag": "731",
    "total_cost_by_ms": 44.143001556396484,
    "wait_cost": 0.022003173828125
}
