{
    "child_model_execute_cost_by_ms": [
        10.107000350952148
    ],
    "child_model_run_time": [
        [
            27178943,
            27189050
        ]
    ],
    "execute_cost": 10.107000350952148,
    "finish_time": 27189057,
    "limit_cost_by_ms": 8.857333183288574,
    "model_name": "googlenet",
    "recv_time": 27178829,
    "tag": "810",
    "total_cost_by_ms": 10.227999687194824,
    "wait_cost": 0.12099933624267578
}
