{
    "child_model_execute_cost_by_ms": [
        9.968000411987305
    ],
    "child_model_run_time": [
        [
            29637213,
            29647181
        ]
    ],
    "execute_cost": 9.968000411987305,
    "finish_time": 29647188,
    "limit_cost_by_ms": 8.857333183288574,
    "model_name": "googlenet",
    "recv_time": 29637142,
    "tag": "917",
    "total_cost_by_ms": 10.045999526977539,
    "wait_cost": 0.07799911499023438
}
