{
    "child_model_execute_cost_by_ms": [
        17.582000732421875,
        18.35300064086914,
        21.871999740600586
    ],
    "child_model_run_time": [
        [
            12267991,
            12285573
        ],
        [
            12285609,
            12303962
        ],
        [
            12312602,
            12334474
        ]
    ],
    "execute_cost": 57.80699920654297,
    "finish_time": 12334481,
    "limit_cost_by_ms": 47.5543327331543,
    "model_name": "vgg19",
    "recv_time": 12247362,
    "tag": "200",
    "total_cost_by_ms": 87.11900329589844,
    "wait_cost": 29.31200408935547
}
