{
    "child_model_execute_cost_by_ms": [
        8.520000457763672
    ],
    "child_model_run_time": [
        [
            12881379,
            12889899
        ]
    ],
    "execute_cost": 8.520000457763672,
    "finish_time": 12889908,
    "limit_cost_by_ms": 7.191666603088379,
    "model_name": "squeezenetv1",
    "recv_time": 12871371,
    "tag": "228",
    "total_cost_by_ms": 18.53700065612793,
    "wait_cost": 10.017000198364258
}
