{
    "child_model_execute_cost_by_ms": [
        8.387999534606934
    ],
    "child_model_run_time": [
        [
            13733581,
            13741969
        ]
    ],
    "execute_cost": 8.387999534606934,
    "finish_time": 13741982,
    "limit_cost_by_ms": 7.423666477203369,
    "model_name": "squeezenetv1",
    "recv_time": 13729392,
    "tag": "259",
    "total_cost_by_ms": 12.59000015258789,
    "wait_cost": 4.202000617980957
}
