{
    "child_model_execute_cost_by_ms": [
        8.741000175476074
    ],
    "child_model_run_time": [
        [
            13734582,
            13743323
        ]
    ],
    "execute_cost": 8.741000175476074,
    "finish_time": 13743338,
    "limit_cost_by_ms": 7.191666603088379,
    "model_name": "squeezenetv1",
    "recv_time": 13719601,
    "tag": "265",
    "total_cost_by_ms": 23.73699951171875,
    "wait_cost": 14.995999336242676
}
