{
    "child_model_execute_cost_by_ms": [
        10.36400032043457
    ],
    "child_model_run_time": [
        [
            13824201,
            13834565
        ]
    ],
    "execute_cost": 10.36400032043457,
    "finish_time": 13834576,
    "limit_cost_by_ms": 8.782999992370605,
    "model_name": "googlenet",
    "recv_time": 13820125,
    "tag": "269",
    "total_cost_by_ms": 14.451000213623047,
    "wait_cost": 4.086999893188477
}
