{
    "child_model_execute_cost_by_ms": [
        19.31800079345703,
        19.76799964904785,
        21.833999633789063
    ],
    "child_model_run_time": [
        [
            15518664,
            15537982
        ],
        [
            15573103,
            15592871
        ],
        [
            15592904,
            15614738
        ]
    ],
    "execute_cost": 60.91999816894531,
    "finish_time": 15614742,
    "limit_cost_by_ms": 47.5543327331543,
    "model_name": "vgg19",
    "recv_time": 15518570,
    "tag": "342",
    "total_cost_by_ms": 96.1719970703125,
    "wait_cost": 35.25199890136719
}
