{
    "child_model_execute_cost_by_ms": [
        15.65999984741211,
        9.696999549865723
    ],
    "child_model_run_time": [
        [
            16621051,
            16636711
        ],
        [
            16636756,
            16646453
        ]
    ],
    "execute_cost": 25.356998443603516,
    "finish_time": 16646463,
    "limit_cost_by_ms": 18.998332977294922,
    "model_name": "resnet50",
    "recv_time": 16592659,
    "tag": "383",
    "total_cost_by_ms": 53.80400085449219,
    "wait_cost": 28.447002410888672
}
