{
    "child_model_execute_cost_by_ms": [
        10.310999870300293
    ],
    "child_model_run_time": [
        [
            17954380,
            17964691
        ]
    ],
    "execute_cost": 10.310999870300293,
    "finish_time": 17964703,
    "limit_cost_by_ms": 8.782999992370605,
    "model_name": "googlenet",
    "recv_time": 17939487,
    "tag": "444",
    "total_cost_by_ms": 25.215999603271484,
    "wait_cost": 14.904999732971191
}
