{
    "child_model_execute_cost_by_ms": [
        10.812000274658203
    ],
    "child_model_run_time": [
        [
            18997392,
            19008204
        ]
    ],
    "execute_cost": 10.812000274658203,
    "finish_time": 19008221,
    "limit_cost_by_ms": 8.782999992370605,
    "model_name": "googlenet",
    "recv_time": 18985334,
    "tag": "487",
    "total_cost_by_ms": 22.886999130249023,
    "wait_cost": 12.07499885559082
}
