{
    "child_model_execute_cost_by_ms": [
        14.666999816894531,
        8.927000045776367
    ],
    "child_model_run_time": [
        [
            20682127,
            20696794
        ],
        [
            20696844,
            20705771
        ]
    ],
    "execute_cost": 23.5939998626709,
    "finish_time": 20705781,
    "limit_cost_by_ms": 18.998332977294922,
    "model_name": "resnet50",
    "recv_time": 20669612,
    "tag": "559",
    "total_cost_by_ms": 36.16899871826172,
    "wait_cost": 12.57499885559082
}
