{
    "child_model_execute_cost_by_ms": [
        10.211999893188477
    ],
    "child_model_run_time": [
        [
            23919258,
            23929470
        ]
    ],
    "execute_cost": 10.211999893188477,
    "finish_time": 23929480,
    "limit_cost_by_ms": 8.782999992370605,
    "model_name": "googlenet",
    "recv_time": 23903689,
    "tag": "698",
    "total_cost_by_ms": 25.791000366210938,
    "wait_cost": 15.579000473022461
}
