{
    "child_model_execute_cost_by_ms": [
        10.390000343322754
    ],
    "child_model_run_time": [
        [
            24442028,
            24452418
        ]
    ],
    "execute_cost": 10.390000343322754,
    "finish_time": 24452427,
    "limit_cost_by_ms": 8.782999992370605,
    "model_name": "googlenet",
    "recv_time": 24427763,
    "tag": "721",
    "total_cost_by_ms": 24.663999557495117,
    "wait_cost": 14.273999214172363
}
