{
    "child_model_execute_cost_by_ms": [
        10.300999641418457
    ],
    "child_model_run_time": [
        [
            9508903,
            9519204
        ]
    ],
    "execute_cost": 10.300999641418457,
    "finish_time": 9519219,
    "limit_cost_by_ms": 8.782999992370605,
    "model_name": "googlenet",
    "recv_time": 9493173,
    "tag": "81",
    "total_cost_by_ms": 26.04599952697754,
    "wait_cost": 15.744999885559082
}
