{
    "child_model_execute_cost_by_ms": [
        14.706999778747559,
        9.175999641418457
    ],
    "child_model_run_time": [
        [
            27991779,
            28006486
        ],
        [
            28006528,
            28015704
        ]
    ],
    "execute_cost": 23.882999420166016,
    "finish_time": 28015712,
    "limit_cost_by_ms": 18.97366714477539,
    "model_name": "resnet50",
    "recv_time": 27973218,
    "tag": "868",
    "total_cost_by_ms": 42.49399948120117,
    "wait_cost": 18.611000061035156
}
