{
    "child_model_execute_cost_by_ms": [
        18.826000213623047,
        20.110000610351563,
        22.469999313354492
    ],
    "child_model_run_time": [
        [
            29208037,
            29226863
        ],
        [
            29270291,
            29290401
        ],
        [
            29290494,
            29312964
        ]
    ],
    "execute_cost": 61.40599822998047,
    "finish_time": 29312971,
    "limit_cost_by_ms": 47.5543327331543,
    "model_name": "vgg19",
    "recv_time": 28965773,
    "tag": "908",
    "total_cost_by_ms": 347.197998046875,
    "wait_cost": 285.7919921875
}
