{
    "child_model_execute_cost_by_ms": [
        14.581000328063965,
        8.416999816894531
    ],
    "child_model_run_time": [
        [
            11988049,
            12002630
        ],
        [
            12002717,
            12011134
        ]
    ],
    "execute_cost": 22.998001098632813,
    "finish_time": 12011138,
    "limit_cost_by_ms": 18.75233268737793,
    "model_name": "resnet50",
    "recv_time": 11987934,
    "tag": "199",
    "total_cost_by_ms": 23.20400047302246,
    "wait_cost": 0.20599937438964844
}
