{
    "child_model_execute_cost_by_ms": [
        19.118000030517578,
        16.989999771118164,
        19.333999633789063
    ],
    "child_model_run_time": [
        [
            12478919,
            12498037
        ],
        [
            12498126,
            12515116
        ],
        [
            12515203,
            12534537
        ]
    ],
    "execute_cost": 55.44200134277344,
    "finish_time": 12534543,
    "limit_cost_by_ms": 47.03266525268555,
    "model_name": "vgg19",
    "recv_time": 12478739,
    "tag": "224",
    "total_cost_by_ms": 55.80400085449219,
    "wait_cost": 0.36199951171875
}
