{
    "child_model_execute_cost_by_ms": [
        9.642000198364258
    ],
    "child_model_run_time": [
        [
            9305564,
            9315206
        ]
    ],
    "execute_cost": 9.642000198364258,
    "finish_time": 9315214,
    "limit_cost_by_ms": 8.595000267028809,
    "model_name": "googlenet",
    "recv_time": 9305402,
    "tag": "71",
    "total_cost_by_ms": 9.812000274658203,
    "wait_cost": 0.1700000762939453
}
