{
    "child_model_execute_cost_by_ms": [
        8.51099967956543
    ],
    "child_model_run_time": [
        [
            23589147,
            23597658
        ]
    ],
    "execute_cost": 8.51099967956543,
    "finish_time": 23597664,
    "limit_cost_by_ms": 7.205666542053223,
    "model_name": "squeezenetv1",
    "recv_time": 23568892,
    "tag": "750",
    "total_cost_by_ms": 28.77199935913086,
    "wait_cost": 20.26099967956543
}
