{
    "child_model_execute_cost_by_ms": [
        8.081000328063965
    ],
    "child_model_run_time": [
        [
            27526348,
            27534429
        ]
    ],
    "execute_cost": 8.081000328063965,
    "finish_time": 27534439,
    "limit_cost_by_ms": 7.205666542053223,
    "model_name": "squeezenetv1",
    "recv_time": 27509062,
    "tag": "938",
    "total_cost_by_ms": 25.37700080871582,
    "wait_cost": 17.296001434326172
}
