{
    "child_model_execute_cost_by_ms": [
        24.833999633789063
    ],
    "child_model_run_time": [
        [
            16409634,
            16434468
        ]
    ],
    "execute_cost": 24.833999633789063,
    "finish_time": 16434472,
    "limit_cost_by_ms": 8.812666893005371,
    "model_name": "googlenet",
    "recv_time": 16409619,
    "tag": "397",
    "total_cost_by_ms": 24.85300064086914,
    "wait_cost": 0.019001007080078125
}
