{
    "child_model_execute_cost_by_ms": [
        47.88800048828125
    ],
    "child_model_run_time": [
        [
            9758026,
            9805914
        ]
    ],
    "execute_cost": 47.88800048828125,
    "finish_time": 9805919,
    "limit_cost_by_ms": 46.977664947509766,
    "model_name": "vgg19",
    "recv_time": 9758019,
    "tag": "73",
    "total_cost_by_ms": 47.900001525878906,
    "wait_cost": 0.01200103759765625
}
