{
    "child_model_execute_cost_by_ms": [
        9.359999656677246
    ],
    "child_model_run_time": [
        [
            11773733,
            11783093
        ]
    ],
    "execute_cost": 9.359999656677246,
    "finish_time": 11783099,
    "limit_cost_by_ms": 9.043333053588867,
    "model_name": "googlenet",
    "recv_time": 11773570,
    "tag": "222",
    "total_cost_by_ms": 9.529000282287598,
    "wait_cost": 0.16900062561035156
}
