{
    "child_model_execute_cost_by_ms": [
        9.067999839782715
    ],
    "child_model_run_time": [
        [
            12606915,
            12615983
        ]
    ],
    "execute_cost": 9.067999839782715,
    "finish_time": 12615994,
    "limit_cost_by_ms": 7.306666851043701,
    "model_name": "squeezenetv1",
    "recv_time": 12573996,
    "tag": "267",
    "total_cost_by_ms": 41.99800109863281,
    "wait_cost": 32.93000030517578
}
