{
    "child_model_execute_cost_by_ms": [
        10.890999794006348
    ],
    "child_model_run_time": [
        [
            13195258,
            13206149
        ]
    ],
    "execute_cost": 10.890999794006348,
    "finish_time": 13206156,
    "limit_cost_by_ms": 9.043333053588867,
    "model_name": "googlenet",
    "recv_time": 13172904,
    "tag": "300",
    "total_cost_by_ms": 33.25199890136719,
    "wait_cost": 22.361000061035156
}
