{
    "child_model_execute_cost_by_ms": [
        8.005000114440918
    ],
    "child_model_run_time": [
        [
            14339445,
            14347450
        ]
    ],
    "execute_cost": 8.005000114440918,
    "finish_time": 14347458,
    "limit_cost_by_ms": 7.418666839599609,
    "model_name": "squeezenetv1",
    "recv_time": 14339292,
    "tag": "362",
    "total_cost_by_ms": 8.166000366210938,
    "wait_cost": 0.16100025177001953
}
