{
    "child_model_execute_cost_by_ms": [
        9.751999855041504
    ],
    "child_model_run_time": [
        [
            15431321,
            15441073
        ]
    ],
    "execute_cost": 9.751999855041504,
    "finish_time": 15441078,
    "limit_cost_by_ms": 8.804666519165039,
    "model_name": "googlenet",
    "recv_time": 15423326,
    "tag": "422",
    "total_cost_by_ms": 17.75200080871582,
    "wait_cost": 8.000000953674316
}
