{
    "child_model_execute_cost_by_ms": [
        44.93299865722656
    ],
    "child_model_run_time": [
        [
            16023373,
            16068306
        ]
    ],
    "execute_cost": 44.93299865722656,
    "finish_time": 16068311,
    "limit_cost_by_ms": 47.12799835205078,
    "model_name": "vgg19",
    "recv_time": 16023354,
    "tag": "456",
    "total_cost_by_ms": 44.957000732421875,
    "wait_cost": 0.0240020751953125
}
