{
    "child_model_execute_cost_by_ms": [
        9.845000267028809
    ],
    "child_model_run_time": [
        [
            17861393,
            17871238
        ]
    ],
    "execute_cost": 9.845000267028809,
    "finish_time": 17871250,
    "limit_cost_by_ms": 9.043333053588867,
    "model_name": "googlenet",
    "recv_time": 17861353,
    "tag": "556",
    "total_cost_by_ms": 9.897000312805176,
    "wait_cost": 0.05200004577636719
}
