{
    "child_model_execute_cost_by_ms": [
        44.678001403808594
    ],
    "child_model_run_time": [
        [
            9153869,
            9198547
        ]
    ],
    "execute_cost": 44.678001403808594,
    "finish_time": 9198552,
    "limit_cost_by_ms": 47.12799835205078,
    "model_name": "vgg19",
    "recv_time": 9153754,
    "tag": "79",
    "total_cost_by_ms": 44.79800033569336,
    "wait_cost": 0.11999893188476563
}
