{
    "child_model_execute_cost_by_ms": [
        19.812000274658203
    ],
    "child_model_run_time": [
        [
            23677884,
            23697696
        ]
    ],
    "execute_cost": 19.812000274658203,
    "finish_time": 23697703,
    "limit_cost_by_ms": 18.847665786743164,
    "model_name": "resnet50",
    "recv_time": 23677871,
    "tag": "870",
    "total_cost_by_ms": 19.832000732421875,
    "wait_cost": 0.020000457763671875
}
