{
    "child_model_execute_cost_by_ms": [
        8.355999946594238
    ],
    "child_model_run_time": [
        [
            25084070,
            25092426
        ]
    ],
    "execute_cost": 8.355999946594238,
    "finish_time": 25092436,
    "limit_cost_by_ms": 7.306666851043701,
    "model_name": "squeezenetv1",
    "recv_time": 25070332,
    "tag": "946",
    "total_cost_by_ms": 22.104000091552734,
    "wait_cost": 13.748000144958496
}
