{
    "child_model_execute_cost_by_ms": [
        19.143999099731445
    ],
    "child_model_run_time": [
        [
            11245994,
            11265138
        ]
    ],
    "execute_cost": 19.143999099731445,
    "finish_time": 11265144,
    "limit_cost_by_ms": 18.92566680908203,
    "model_name": "resnet50",
    "recv_time": 11245838,
    "tag": "135",
    "total_cost_by_ms": 19.305999755859375,
    "wait_cost": 0.1620006561279297
}
