{
    "child_model_execute_cost_by_ms": [
        8.163999557495117
    ],
    "child_model_run_time": [
        [
            13213763,
            13221927
        ]
    ],
    "execute_cost": 8.163999557495117,
    "finish_time": 13221933,
    "limit_cost_by_ms": 7.380666732788086,
    "model_name": "squeezenetv1",
    "recv_time": 13213648,
    "tag": "217",
    "total_cost_by_ms": 8.28499984741211,
    "wait_cost": 0.12100028991699219
}
