{
    "child_model_execute_cost_by_ms": [
        10.449000358581543
    ],
    "child_model_run_time": [
        [
            14145903,
            14156352
        ]
    ],
    "execute_cost": 10.449000358581543,
    "finish_time": 14156363,
    "limit_cost_by_ms": 8.973666191101074,
    "model_name": "googlenet",
    "recv_time": 14145795,
    "tag": "255",
    "total_cost_by_ms": 10.567999839782715,
    "wait_cost": 0.11899948120117188
}
