{
    "child_model_execute_cost_by_ms": [
        8.631999969482422
    ],
    "child_model_run_time": [
        [
            19457253,
            19465885
        ]
    ],
    "execute_cost": 8.631999969482422,
    "finish_time": 19465892,
    "limit_cost_by_ms": 7.380666732788086,
    "model_name": "squeezenetv1",
    "recv_time": 19429384,
    "tag": "471",
    "total_cost_by_ms": 36.507999420166016,
    "wait_cost": 27.875999450683594
}
