{
    "child_model_execute_cost_by_ms": [
        9.913000106811523
    ],
    "child_model_run_time": [
        [
            21348294,
            21358207
        ]
    ],
    "execute_cost": 9.913000106811523,
    "finish_time": 21358210,
    "limit_cost_by_ms": 5.9686665534973145,
    "model_name": "yolov2",
    "recv_time": 21319792,
    "tag": "154",
    "total_cost_by_ms": 38.417999267578125,
    "wait_cost": 28.5049991607666
}
