{
    "child_model_execute_cost_by_ms": [
        13.559000015258789
    ],
    "child_model_run_time": [
        [
            26076068,
            26089627
        ]
    ],
    "execute_cost": 13.559000015258789,
    "finish_time": 26089637,
    "limit_cost_by_ms": 7.033666610717773,
    "model_name": "gpt128v2",
    "recv_time": 26056318,
    "tag": "392",
    "total_cost_by_ms": 33.319000244140625,
    "wait_cost": 19.760000228881836
}
