{
    "child_model_execute_cost_by_ms": [
        6.443999767303467
    ],
    "child_model_run_time": [
        [
            27831163,
            27837607
        ]
    ],
    "execute_cost": 6.443999767303467,
    "finish_time": 27837612,
    "limit_cost_by_ms": 5.9686665534973145,
    "model_name": "yolov2",
    "recv_time": 27831090,
    "tag": "480",
    "total_cost_by_ms": 6.521999835968018,
    "wait_cost": 0.07800006866455078
}
