{
    "child_model_execute_cost_by_ms": [
        6.710999965667725
    ],
    "child_model_run_time": [
        [
            29841321,
            29848032
        ]
    ],
    "execute_cost": 6.710999965667725,
    "finish_time": 29848042,
    "limit_cost_by_ms": 5.9686665534973145,
    "model_name": "yolov2",
    "recv_time": 29815695,
    "tag": "580",
    "total_cost_by_ms": 32.34700012207031,
    "wait_cost": 25.63599967956543
}
