{
    "child_model_execute_cost_by_ms": [
        22.156999588012695
    ],
    "child_model_run_time": [
        [
            30319978,
            30342135
        ]
    ],
    "execute_cost": 22.156999588012695,
    "finish_time": 30342140,
    "limit_cost_by_ms": 19.02166748046875,
    "model_name": "resnet50",
    "recv_time": 30286900,
    "tag": "603",
    "total_cost_by_ms": 55.2400016784668,
    "wait_cost": 33.08300018310547
}
