{
    "child_model_execute_cost_by_ms": [
        13.350000381469727
    ],
    "child_model_run_time": [
        [
            31869667,
            31883017
        ]
    ],
    "execute_cost": 13.350000381469727,
    "finish_time": 31883021,
    "limit_cost_by_ms": 7.033666610717773,
    "model_name": "gpt128v2",
    "recv_time": 31841234,
    "tag": "680",
    "total_cost_by_ms": 41.7869987487793,
    "wait_cost": 28.43699836730957
}
