{
    "child_model_execute_cost_by_ms": [
        22.41200065612793
    ],
    "child_model_run_time": [
        [
            18378767,
            18401179
        ]
    ],
    "execute_cost": 22.41200065612793,
    "finish_time": 18401184,
    "limit_cost_by_ms": 19.02166748046875,
    "model_name": "resnet50",
    "recv_time": 18367304,
    "tag": "8",
    "total_cost_by_ms": 33.880001068115234,
    "wait_cost": 11.468000411987305
}
