{
    "child_model_execute_cost_by_ms": [
        20.281999588012695
    ],
    "child_model_run_time": [
        [
            32767188,
            32787470
        ]
    ],
    "execute_cost": 20.281999588012695,
    "finish_time": 32787472,
    "limit_cost_by_ms": 19.02166748046875,
    "model_name": "resnet50",
    "recv_time": 32711438,
    "tag": "725",
    "total_cost_by_ms": 76.03399658203125,
    "wait_cost": 55.75199890136719
}
