{
    "child_model_execute_cost_by_ms": [
        46.334999084472656
    ],
    "child_model_run_time": [
        [
            33090144,
            33136479
        ]
    ],
    "execute_cost": 46.334999084472656,
    "finish_time": 33136483,
    "limit_cost_by_ms": 46.69066619873047,
    "model_name": "vgg19",
    "recv_time": 33090086,
    "tag": "741",
    "total_cost_by_ms": 46.39699935913086,
    "wait_cost": 0.062000274658203125
}
