{
    "child_model_execute_cost_by_ms": [
        21.639999389648438
    ],
    "child_model_run_time": [
        [
            35183833,
            35205473
        ]
    ],
    "execute_cost": 21.639999389648438,
    "finish_time": 35205478,
    "limit_cost_by_ms": 19.02166748046875,
    "model_name": "resnet50",
    "recv_time": 35183779,
    "tag": "844",
    "total_cost_by_ms": 21.698999404907227,
    "wait_cost": 0.05900001525878906
}
