{
    "child_model_execute_cost_by_ms": [
        46.345001220703125
    ],
    "child_model_run_time": [
        [
            36024764,
            36071109
        ]
    ],
    "execute_cost": 46.345001220703125,
    "finish_time": 36071112,
    "limit_cost_by_ms": 46.69066619873047,
    "model_name": "vgg19",
    "recv_time": 36024708,
    "tag": "886",
    "total_cost_by_ms": 46.40399932861328,
    "wait_cost": 0.05899810791015625
}
