{
    "child_model_execute_cost_by_ms": [
        10.1850004196167
    ],
    "child_model_run_time": [
        [
            36933924,
            36944109
        ]
    ],
    "execute_cost": 10.1850004196167,
    "finish_time": 36944114,
    "limit_cost_by_ms": 9.292333602905273,
    "model_name": "googlenet",
    "recv_time": 36933864,
    "tag": "931",
    "total_cost_by_ms": 10.25,
    "wait_cost": 0.06499958038330078
}
