{
    "child_model_execute_cost_by_ms": [
        10.279000282287598
    ],
    "child_model_run_time": [
        [
            38133606,
            38143885
        ]
    ],
    "execute_cost": 10.279000282287598,
    "finish_time": 38143893,
    "limit_cost_by_ms": 9.292333602905273,
    "model_name": "googlenet",
    "recv_time": 38133551,
    "tag": "991",
    "total_cost_by_ms": 10.342000007629395,
    "wait_cost": 0.06299972534179688
}
