{
    "child_model_execute_cost_by_ms": [
        14.043000221252441,
        8.616999626159668
    ],
    "child_model_run_time": [
        [
            12783752,
            12797795
        ],
        [
            12797811,
            12806428
        ]
    ],
    "execute_cost": 22.65999984741211,
    "finish_time": 12806431,
    "limit_cost_by_ms": 18.98699951171875,
    "model_name": "resnet50",
    "recv_time": 12761880,
    "tag": "237",
    "total_cost_by_ms": 44.55099868774414,
    "wait_cost": 21.89099884033203
}
