{
    "child_model_execute_cost_by_ms": [
        15.743000030517578,
        9.258999824523926
    ],
    "child_model_run_time": [
        [
            21663408,
            21679151
        ],
        [
            21679198,
            21688457
        ]
    ],
    "execute_cost": 25.001998901367188,
    "finish_time": 21688465,
    "limit_cost_by_ms": 18.98699951171875,
    "model_name": "resnet50",
    "recv_time": 21659880,
    "tag": "659",
    "total_cost_by_ms": 28.584999084472656,
    "wait_cost": 3.5830001831054688
}
