{
    "child_model_execute_cost_by_ms": [
        10.241999626159668
    ],
    "child_model_run_time": [
        [
            24032059,
            24042301
        ]
    ],
    "execute_cost": 10.241999626159668,
    "finish_time": 24042313,
    "limit_cost_by_ms": 9.099666595458984,
    "model_name": "googlenet",
    "recv_time": 24031957,
    "tag": "769",
    "total_cost_by_ms": 10.355999946594238,
    "wait_cost": 0.11400032043457031
}
