{
    "child_model_execute_cost_by_ms": [
        8.020999908447266
    ],
    "child_model_run_time": [
        [
            15496869,
            15504890
        ]
    ],
    "execute_cost": 8.020999908447266,
    "finish_time": 15504896,
    "limit_cost_by_ms": 7.276333332061768,
    "model_name": "squeezenetv1",
    "recv_time": 15496725,
    "tag": "285",
    "total_cost_by_ms": 8.170999526977539,
    "wait_cost": 0.14999961853027344
}
