{
    "child_model_execute_cost_by_ms": [
        8.36299991607666
    ],
    "child_model_run_time": [
        [
            30192027,
            30200390
        ]
    ],
    "execute_cost": 8.36299991607666,
    "finish_time": 30200396,
    "limit_cost_by_ms": 7.276333332061768,
    "model_name": "squeezenetv1",
    "recv_time": 30191909,
    "tag": "828",
    "total_cost_by_ms": 8.487000465393066,
    "wait_cost": 0.12400054931640625
}
