{
    "child_model_execute_cost_by_ms": [
        19.266000747680664,
        17.80500030517578,
        20.34600067138672
    ],
    "child_model_run_time": [
        [
            31551365,
            31570631
        ],
        [
            31570688,
            31588493
        ],
        [
            31588566,
            31608912
        ]
    ],
    "execute_cost": 57.41699981689453,
    "finish_time": 31608918,
    "limit_cost_by_ms": 47.275665283203125,
    "model_name": "vgg19",
    "recv_time": 31551191,
    "tag": "879",
    "total_cost_by_ms": 57.72700119018555,
    "wait_cost": 0.3100013732910156
}
