{
    "child_model_execute_cost_by_ms": [
        8.284000396728516
    ],
    "child_model_run_time": [
        [
            33570974,
            33579258
        ]
    ],
    "execute_cost": 8.284000396728516,
    "finish_time": 33579269,
    "limit_cost_by_ms": 7.276333332061768,
    "model_name": "squeezenetv1",
    "recv_time": 33552064,
    "tag": "954",
    "total_cost_by_ms": 27.204999923706055,
    "wait_cost": 18.92099952697754
}
