{
    "child_model_execute_cost_by_ms": [
        9.48799991607666
    ],
    "child_model_run_time": [
        [
            27958385,
            27967873
        ]
    ],
    "execute_cost": 9.48799991607666,
    "finish_time": 27967879,
    "limit_cost_by_ms": 9.055999755859375,
    "model_name": "googlenet",
    "recv_time": 27958378,
    "tag": "837",
    "total_cost_by_ms": 9.50100040435791,
    "wait_cost": 0.01300048828125
}
