{
    "child_model_execute_cost_by_ms": [
        19.961000442504883
    ],
    "child_model_run_time": [
        [
            28941579,
            28961540
        ]
    ],
    "execute_cost": 19.961000442504883,
    "finish_time": 28961546,
    "limit_cost_by_ms": 19.1299991607666,
    "model_name": "resnet50",
    "recv_time": 28941455,
    "tag": "880",
    "total_cost_by_ms": 20.090999603271484,
    "wait_cost": 0.12999916076660156
}
