{
    "child_model_execute_cost_by_ms": [
        55.180999755859375
    ],
    "child_model_run_time": [
        [
            10382063,
            10437244
        ]
    ],
    "execute_cost": 55.180999755859375,
    "finish_time": 10437250,
    "limit_cost_by_ms": 19.1299991607666,
    "model_name": "resnet50",
    "recv_time": 10382052,
    "tag": "92",
    "total_cost_by_ms": 55.198001861572266,
    "wait_cost": 0.017002105712890625
}
