{
    "child_model_execute_cost_by_ms": [
        8.357999801635742
    ],
    "child_model_run_time": [
        [
            30453808,
            30462166
        ]
    ],
    "execute_cost": 8.357999801635742,
    "finish_time": 30462173,
    "limit_cost_by_ms": 7.399666786193848,
    "model_name": "squeezenetv1",
    "recv_time": 30453795,
    "tag": "945",
    "total_cost_by_ms": 8.378000259399414,
    "wait_cost": 0.020000457763671875
}
