{
    "child_model_execute_cost_by_ms": [
        31.64299964904785
    ],
    "child_model_run_time": [
        [
            8686673,
            8718316
        ]
    ],
    "execute_cost": 31.64299964904785,
    "finish_time": 8718321,
    "limit_cost_by_ms": 9.177666664123535,
    "model_name": "googlenet",
    "recv_time": 8686639,
    "tag": "39",
    "total_cost_by_ms": 31.68199920654297,
    "wait_cost": 0.03899955749511719
}
