{
    "child_model_execute_cost_by_ms": [
        65.0459976196289
    ],
    "child_model_run_time": [
        [
            24048896,
            24113942
        ]
    ],
    "execute_cost": 65.0459976196289,
    "finish_time": 24113946,
    "limit_cost_by_ms": 47.422000885009766,
    "model_name": "vgg19",
    "recv_time": 24048882,
    "tag": "797",
    "total_cost_by_ms": 65.06400299072266,
    "wait_cost": 0.01800537109375
}
