{
    "child_model_execute_cost_by_ms": [
        46.66400146484375
    ],
    "child_model_run_time": [
        [
            27959851,
            28006515
        ]
    ],
    "execute_cost": 46.66400146484375,
    "finish_time": 28006518,
    "limit_cost_by_ms": 47.422000885009766,
    "model_name": "vgg19",
    "recv_time": 27959734,
    "tag": "985",
    "total_cost_by_ms": 46.784000396728516,
    "wait_cost": 0.11999893188476563
}
