{
    "child_model_execute_cost_by_ms": [
        67.6520004272461
    ],
    "child_model_run_time": [
        [
            9941526,
            10009178
        ]
    ],
    "execute_cost": 67.6520004272461,
    "finish_time": 10009184,
    "limit_cost_by_ms": 19.099666595458984,
    "model_name": "resnet50",
    "recv_time": 9941521,
    "tag": "100",
    "total_cost_by_ms": 67.66300201416016,
    "wait_cost": 0.0110015869140625
}
