{
    "child_model_execute_cost_by_ms": [
        14.503999710083008,
        8.9350004196167
    ],
    "child_model_run_time": [
        [
            17992651,
            18007155
        ],
        [
            18007201,
            18016136
        ]
    ],
    "execute_cost": 23.43899917602539,
    "finish_time": 18016143,
    "limit_cost_by_ms": 18.860000610351563,
    "model_name": "resnet50",
    "recv_time": 17983048,
    "tag": "356",
    "total_cost_by_ms": 33.095001220703125,
    "wait_cost": 9.656002044677734
}
