{
    "child_model_execute_cost_by_ms": [
        14.890999794006348,
        8.649999618530273
    ],
    "child_model_run_time": [
        [
            19157831,
            19172722
        ],
        [
            19172784,
            19181434
        ]
    ],
    "execute_cost": 23.541000366210938,
    "finish_time": 19181442,
    "limit_cost_by_ms": 18.860000610351563,
    "model_name": "resnet50",
    "recv_time": 19157811,
    "tag": "397",
    "total_cost_by_ms": 23.631000518798828,
    "wait_cost": 0.09000015258789063
}
