{
    "child_model_execute_cost_by_ms": [
        8.529000282287598
    ],
    "child_model_run_time": [
        [
            22412721,
            22421250
        ]
    ],
    "execute_cost": 8.529000282287598,
    "finish_time": 22421256,
    "limit_cost_by_ms": 7.304333209991455,
    "model_name": "squeezenetv1",
    "recv_time": 22409352,
    "tag": "510",
    "total_cost_by_ms": 11.904000282287598,
    "wait_cost": 3.375
}
