{
    "child_model_execute_cost_by_ms": [
        18.719999313354492,
        18.975000381469727,
        20.05900001525879
    ],
    "child_model_run_time": [
        [
            23180284,
            23199004
        ],
        [
            23209339,
            23228314
        ],
        [
            23228411,
            23248470
        ]
    ],
    "execute_cost": 57.753997802734375,
    "finish_time": 23248477,
    "limit_cost_by_ms": 46.56266784667969,
    "model_name": "vgg19",
    "recv_time": 23175645,
    "tag": "538",
    "total_cost_by_ms": 72.83200073242188,
    "wait_cost": 15.0780029296875
}
