{
    "child_model_execute_cost_by_ms": [
        9.585000038146973
    ],
    "child_model_run_time": [
        [
            29641869,
            29651454
        ]
    ],
    "execute_cost": 9.585000038146973,
    "finish_time": 29651459,
    "limit_cost_by_ms": 8.477666854858398,
    "model_name": "googlenet",
    "recv_time": 29641677,
    "tag": "766",
    "total_cost_by_ms": 9.781999588012695,
    "wait_cost": 0.19699954986572266
}
