{
    "child_model_execute_cost_by_ms": [
        8.187000274658203
    ],
    "child_model_run_time": [
        [
            16447038,
            16455225
        ]
    ],
    "execute_cost": 8.187000274658203,
    "finish_time": 16455232,
    "limit_cost_by_ms": 7.171666622161865,
    "model_name": "squeezenetv1",
    "recv_time": 16446900,
    "tag": "348",
    "total_cost_by_ms": 8.331999778747559,
    "wait_cost": 0.14499950408935547
}
