{
    "child_model_execute_cost_by_ms": [
        7.482999801635742
    ],
    "child_model_run_time": [
        [
            23177702,
            23185185
        ]
    ],
    "execute_cost": 7.482999801635742,
    "finish_time": 23185189,
    "limit_cost_by_ms": 7.171666622161865,
    "model_name": "squeezenetv1",
    "recv_time": 23177696,
    "tag": "620",
    "total_cost_by_ms": 7.493000030517578,
    "wait_cost": 0.010000228881835938
}
