{
    "child_model_execute_cost_by_ms": [
        15.689000129699707,
        9.425000190734863
    ],
    "child_model_run_time": [
        [
            14916772,
            14932461
        ],
        [
            14941021,
            14950446
        ]
    ],
    "execute_cost": 25.11400032043457,
    "finish_time": 14950457,
    "limit_cost_by_ms": 19.04133415222168,
    "model_name": "resnet50",
    "recv_time": 14890340,
    "tag": "243",
    "total_cost_by_ms": 60.117000579833984,
    "wait_cost": 35.00299835205078
}
