{
    "child_model_execute_cost_by_ms": [
        18.69099998474121,
        17.812000274658203,
        20.9689998626709
    ],
    "child_model_run_time": [
        [
            20342738,
            20361429
        ],
        [
            20361512,
            20379324
        ],
        [
            20390008,
            20410977
        ]
    ],
    "execute_cost": 57.47200012207031,
    "finish_time": 20410980,
    "limit_cost_by_ms": 47.2313346862793,
    "model_name": "vgg19",
    "recv_time": 20340542,
    "tag": "431",
    "total_cost_by_ms": 70.43800354003906,
    "wait_cost": 12.96600341796875
}
