{
    "child_model_execute_cost_by_ms": [
        18.753000259399414,
        17.906999588012695,
        20.523000717163086
    ],
    "child_model_run_time": [
        [
            25601913,
            25620666
        ],
        [
            25620710,
            25638617
        ],
        [
            25656910,
            25677433
        ]
    ],
    "execute_cost": 57.18299865722656,
    "finish_time": 25677440,
    "limit_cost_by_ms": 47.2313346862793,
    "model_name": "vgg19",
    "recv_time": 25601753,
    "tag": "612",
    "total_cost_by_ms": 75.68699645996094,
    "wait_cost": 18.503997802734375
}
