{
    "child_model_execute_cost_by_ms": [
        8.680000305175781
    ],
    "child_model_run_time": [
        [
            32797809,
            32806489
        ]
    ],
    "execute_cost": 8.680000305175781,
    "finish_time": 32806501,
    "limit_cost_by_ms": 7.22866678237915,
    "model_name": "squeezenetv1",
    "recv_time": 32797715,
    "tag": "855",
    "total_cost_by_ms": 8.78600025177002,
    "wait_cost": 0.10599994659423828
}
