{
    "child_model_execute_cost_by_ms": [
        17.15999984741211,
        16.615999221801758,
        20.12700080871582
    ],
    "child_model_run_time": [
        [
            35856227,
            35873387
        ],
        [
            35873495,
            35890111
        ],
        [
            35890129,
            35910256
        ]
    ],
    "execute_cost": 53.90299987792969,
    "finish_time": 35910261,
    "limit_cost_by_ms": 47.2313346862793,
    "model_name": "vgg19",
    "recv_time": 35856188,
    "tag": "959",
    "total_cost_by_ms": 54.073001861572266,
    "wait_cost": 0.17000198364257813
}
