{
    "child_model_execute_cost_by_ms": [
        44.310001373291016
    ],
    "child_model_run_time": [
        [
            8483937,
            8528247
        ]
    ],
    "execute_cost": 44.310001373291016,
    "finish_time": 8528252,
    "limit_cost_by_ms": 47.13166809082031,
    "model_name": "vgg19",
    "recv_time": 8483916,
    "tag": "29",
    "total_cost_by_ms": 44.33599853515625,
    "wait_cost": 0.025997161865234375
}
