{
    "child_model_execute_cost_by_ms": [
        45.49599838256836
    ],
    "child_model_run_time": [
        [
            31023229,
            31068725
        ]
    ],
    "execute_cost": 45.49599838256836,
    "finish_time": 31068729,
    "limit_cost_by_ms": 47.13166809082031,
    "model_name": "vgg19",
    "recv_time": 31023092,
    "tag": "1000",
    "total_cost_by_ms": 45.637001037597656,
    "wait_cost": 0.14100265502929688
}
