{
    "child_model_execute_cost_by_ms": [
        9.76200008392334
    ],
    "child_model_run_time": [
        [
            13633712,
            13643474
        ]
    ],
    "execute_cost": 9.76200008392334,
    "finish_time": 13643485,
    "limit_cost_by_ms": 8.853333473205566,
    "model_name": "googlenet",
    "recv_time": 13611023,
    "tag": "209",
    "total_cost_by_ms": 32.46200180053711,
    "wait_cost": 22.700000762939453
}
