{
    "child_model_execute_cost_by_ms": [
        14.652000427246094,
        8.468000411987305
    ],
    "child_model_run_time": [
        [
            26927951,
            26942603
        ],
        [
            26942642,
            26951110
        ]
    ],
    "execute_cost": 23.1200008392334,
    "finish_time": 26951116,
    "limit_cost_by_ms": 18.84433364868164,
    "model_name": "resnet50",
    "recv_time": 26927923,
    "tag": "692",
    "total_cost_by_ms": 23.19300079345703,
    "wait_cost": 0.07299995422363281
}
