{
    "child_model_execute_cost_by_ms": [
        17.951000213623047,
        17.42099952697754,
        20.225000381469727
    ],
    "child_model_run_time": [
        [
            27384564,
            27402515
        ],
        [
            27402562,
            27419983
        ],
        [
            27420023,
            27440248
        ]
    ],
    "execute_cost": 55.59700012207031,
    "finish_time": 27440254,
    "limit_cost_by_ms": 47.14699935913086,
    "model_name": "vgg19",
    "recv_time": 27384462,
    "tag": "709",
    "total_cost_by_ms": 55.79199981689453,
    "wait_cost": 0.19499969482421875
}
