{
    "child_model_execute_cost_by_ms": [
        18.687000274658203,
        16.767000198364258,
        19.18199920654297
    ],
    "child_model_run_time": [
        [
            11470634,
            11489321
        ],
        [
            11489417,
            11506184
        ],
        [
            11506268,
            11525450
        ]
    ],
    "execute_cost": 54.63600158691406,
    "finish_time": 11525455,
    "limit_cost_by_ms": 46.57433319091797,
    "model_name": "vgg19",
    "recv_time": 11470526,
    "tag": "136",
    "total_cost_by_ms": 54.92900085449219,
    "wait_cost": 0.292999267578125
}
