{
    "child_model_execute_cost_by_ms": [
        8.114999771118164
    ],
    "child_model_run_time": [
        [
            12463847,
            12471962
        ]
    ],
    "execute_cost": 8.114999771118164,
    "finish_time": 12471967,
    "limit_cost_by_ms": 7.119666576385498,
    "model_name": "squeezenetv1",
    "recv_time": 12454050,
    "tag": "172",
    "total_cost_by_ms": 17.91699981689453,
    "wait_cost": 9.802000045776367
}
