{
    "child_model_execute_cost_by_ms": [
        19.496999740600586
    ],
    "child_model_run_time": [
        [
            21952011,
            21971508
        ]
    ],
    "execute_cost": 19.496999740600586,
    "finish_time": 21971514,
    "limit_cost_by_ms": 18.82466697692871,
    "model_name": "resnet50",
    "recv_time": 21951866,
    "tag": "679",
    "total_cost_by_ms": 19.648000717163086,
    "wait_cost": 0.1510009765625
}
