{
    "child_model_execute_cost_by_ms": [
        8.357000350952148
    ],
    "child_model_run_time": [
        [
            20415878,
            20424235
        ]
    ],
    "execute_cost": 8.357000350952148,
    "finish_time": 20424247,
    "limit_cost_by_ms": 7.127999782562256,
    "model_name": "squeezenetv1",
    "recv_time": 20398255,
    "tag": "476",
    "total_cost_by_ms": 25.992000579833984,
    "wait_cost": 17.635000228881836
}
