{
    "child_model_execute_cost_by_ms": [
        63.74399948120117
    ],
    "child_model_run_time": [
        [
            24664430,
            24728174
        ]
    ],
    "execute_cost": 63.74399948120117,
    "finish_time": 24728178,
    "limit_cost_by_ms": 8.97266674041748,
    "model_name": "googlenet",
    "recv_time": 24664410,
    "tag": "715",
    "total_cost_by_ms": 63.768001556396484,
    "wait_cost": 0.0240020751953125
}
