{
    "child_model_execute_cost_by_ms": [
        10.418999671936035
    ],
    "child_model_run_time": [
        [
            8089417,
            8099836
        ]
    ],
    "execute_cost": 10.418999671936035,
    "finish_time": 8099840,
    "limit_cost_by_ms": 8.97266674041748,
    "model_name": "googlenet",
    "recv_time": 8089263,
    "tag": "10",
    "total_cost_by_ms": 10.57699966430664,
    "wait_cost": 0.15799999237060547
}
