{
    "child_model_execute_cost_by_ms": [
        18.68400001525879,
        17.357999801635742,
        19.579999923706055
    ],
    "child_model_run_time": [
        [
            24524341,
            24543025
        ],
        [
            24551404,
            24568762
        ],
        [
            24568857,
            24588437
        ]
    ],
    "execute_cost": 55.62200164794922,
    "finish_time": 24588441,
    "limit_cost_by_ms": 46.11399841308594,
    "model_name": "vgg19",
    "recv_time": 24524240,
    "tag": "724",
    "total_cost_by_ms": 64.20099639892578,
    "wait_cost": 8.578994750976563
}
