{
    "child_model_execute_cost_by_ms": [
        9.829999923706055
    ],
    "child_model_run_time": [
        [
            10565465,
            10575295
        ]
    ],
    "execute_cost": 9.829999923706055,
    "finish_time": 10575300,
    "limit_cost_by_ms": 8.941666603088379,
    "model_name": "googlenet",
    "recv_time": 10558514,
    "tag": "127",
    "total_cost_by_ms": 16.785999298095703,
    "wait_cost": 6.955999374389648
}
