{
    "child_model_execute_cost_by_ms": [
        19.000999450683594,
        16.85700035095215,
        19.694000244140625
    ],
    "child_model_run_time": [
        [
            11307781,
            11326782
        ],
        [
            11326872,
            11343729
        ],
        [
            11343817,
            11363511
        ]
    ],
    "execute_cost": 55.552001953125,
    "finish_time": 11363516,
    "limit_cost_by_ms": 47.244998931884766,
    "model_name": "vgg19",
    "recv_time": 11307607,
    "tag": "160",
    "total_cost_by_ms": 55.909000396728516,
    "wait_cost": 0.3569984436035156
}
