{
    "child_model_execute_cost_by_ms": [
        8.020000457763672
    ],
    "child_model_run_time": [
        [
            14952744,
            14960764
        ]
    ],
    "execute_cost": 8.020000457763672,
    "finish_time": 14960775,
    "limit_cost_by_ms": 7.326000213623047,
    "model_name": "squeezenetv1",
    "recv_time": 14942213,
    "tag": "312",
    "total_cost_by_ms": 18.562000274658203,
    "wait_cost": 10.541999816894531
}
