{
    "child_model_execute_cost_by_ms": [
        9.918000221252441
    ],
    "child_model_run_time": [
        [
            15436181,
            15446099
        ]
    ],
    "execute_cost": 9.918000221252441,
    "finish_time": 15446112,
    "limit_cost_by_ms": 8.611332893371582,
    "model_name": "googlenet",
    "recv_time": 15418577,
    "tag": "334",
    "total_cost_by_ms": 27.53499984741211,
    "wait_cost": 17.617000579833984
}
