{
    "child_model_execute_cost_by_ms": [
        10.291000366210938
    ],
    "child_model_run_time": [
        [
            16912668,
            16922959
        ]
    ],
    "execute_cost": 10.291000366210938,
    "finish_time": 16922964,
    "limit_cost_by_ms": 8.941666603088379,
    "model_name": "googlenet",
    "recv_time": 16905010,
    "tag": "403",
    "total_cost_by_ms": 17.95400047302246,
    "wait_cost": 7.663000106811523
}
