{
    "child_model_execute_cost_by_ms": [
        9.880000114440918
    ],
    "child_model_run_time": [
        [
            17182689,
            17192569
        ]
    ],
    "execute_cost": 9.880000114440918,
    "finish_time": 17192576,
    "limit_cost_by_ms": 8.941666603088379,
    "model_name": "googlenet",
    "recv_time": 17182520,
    "tag": "415",
    "total_cost_by_ms": 10.055999755859375,
    "wait_cost": 0.17599964141845703
}
