{
    "child_model_execute_cost_by_ms": [
        14.406999588012695,
        8.364999771118164
    ],
    "child_model_run_time": [
        [
            17294202,
            17308609
        ],
        [
            17308654,
            17317019
        ]
    ],
    "execute_cost": 22.77199935913086,
    "finish_time": 17317023,
    "limit_cost_by_ms": 18.85300064086914,
    "model_name": "resnet50",
    "recv_time": 17294053,
    "tag": "420",
    "total_cost_by_ms": 22.969999313354492,
    "wait_cost": 0.1979999542236328
}
