{
    "child_model_execute_cost_by_ms": [
        10.081000328063965
    ],
    "child_model_run_time": [
        [
            8667646,
            8677727
        ]
    ],
    "execute_cost": 10.081000328063965,
    "finish_time": 8677734,
    "limit_cost_by_ms": 8.941666603088379,
    "model_name": "googlenet",
    "recv_time": 8666345,
    "tag": "43",
    "total_cost_by_ms": 11.388999938964844,
    "wait_cost": 1.307999610900879
}
