{
    "child_model_execute_cost_by_ms": [
        14.996000289916992,
        9.307999610900879
    ],
    "child_model_run_time": [
        [
            18064792,
            18079788
        ],
        [
            18088038,
            18097346
        ]
    ],
    "execute_cost": 24.304000854492188,
    "finish_time": 18097357,
    "limit_cost_by_ms": 18.88599967956543,
    "model_name": "resnet50",
    "recv_time": 18064668,
    "tag": "448",
    "total_cost_by_ms": 32.68899917602539,
    "wait_cost": 8.384998321533203
}
