{
    "child_model_execute_cost_by_ms": [
        8.291000366210938
    ],
    "child_model_run_time": [
        [
            18195872,
            18204163
        ]
    ],
    "execute_cost": 8.291000366210938,
    "finish_time": 18204174,
    "limit_cost_by_ms": 7.169333457946777,
    "model_name": "squeezenetv1",
    "recv_time": 18195857,
    "tag": "459",
    "total_cost_by_ms": 8.317000389099121,
    "wait_cost": 0.026000022888183594
}
