{
    "child_model_execute_cost_by_ms": [
        14.810999870300293,
        8.496999740600586
    ],
    "child_model_run_time": [
        [
            19266964,
            19281775
        ],
        [
            19281824,
            19290321
        ]
    ],
    "execute_cost": 23.307998657226563,
    "finish_time": 19290327,
    "limit_cost_by_ms": 18.85300064086914,
    "model_name": "resnet50",
    "recv_time": 19266797,
    "tag": "506",
    "total_cost_by_ms": 23.530000686645508,
    "wait_cost": 0.2220020294189453
}
