{
    "child_model_execute_cost_by_ms": [
        15.038000106811523,
        8.925999641418457
    ],
    "child_model_run_time": [
        [
            20367601,
            20382639
        ],
        [
            20382733,
            20391659
        ]
    ],
    "execute_cost": 23.964000701904297,
    "finish_time": 20391665,
    "limit_cost_by_ms": 18.85300064086914,
    "model_name": "resnet50",
    "recv_time": 20367453,
    "tag": "554",
    "total_cost_by_ms": 24.211999893188477,
    "wait_cost": 0.2479991912841797
}
