{
    "child_model_execute_cost_by_ms": [
        9.621999740600586
    ],
    "child_model_run_time": [
        [
            23183109,
            23192731
        ]
    ],
    "execute_cost": 9.621999740600586,
    "finish_time": 23192743,
    "limit_cost_by_ms": 8.941666603088379,
    "model_name": "googlenet",
    "recv_time": 23179409,
    "tag": "676",
    "total_cost_by_ms": 13.333999633789063,
    "wait_cost": 3.7119998931884766
}
