{
    "child_model_execute_cost_by_ms": [
        18.73200035095215,
        17.357999801635742,
        20.514999389648438
    ],
    "child_model_run_time": [
        [
            24330107,
            24348839
        ],
        [
            24348874,
            24366232
        ],
        [
            24366258,
            24386773
        ]
    ],
    "execute_cost": 56.60499954223633,
    "finish_time": 24386777,
    "limit_cost_by_ms": 47.244998931884766,
    "model_name": "vgg19",
    "recv_time": 24329950,
    "tag": "728",
    "total_cost_by_ms": 56.82699966430664,
    "wait_cost": 0.2220001220703125
}
