{
    "child_model_execute_cost_by_ms": [
        10.38599967956543
    ],
    "child_model_run_time": [
        [
            26263402,
            26273788
        ]
    ],
    "execute_cost": 10.38599967956543,
    "finish_time": 26273798,
    "limit_cost_by_ms": 8.941666603088379,
    "model_name": "googlenet",
    "recv_time": 26263392,
    "tag": "811",
    "total_cost_by_ms": 10.406000137329102,
    "wait_cost": 0.020000457763671875
}
