{
    "child_model_execute_cost_by_ms": [
        9.668999671936035
    ],
    "child_model_run_time": [
        [
            29128234,
            29137903
        ]
    ],
    "execute_cost": 9.668999671936035,
    "finish_time": 29137911,
    "limit_cost_by_ms": 8.941666603088379,
    "model_name": "googlenet",
    "recv_time": 29128112,
    "tag": "936",
    "total_cost_by_ms": 9.798999786376953,
    "wait_cost": 0.13000011444091797
}
