{
    "child_model_execute_cost_by_ms": [
        14.793000221252441,
        8.755000114440918
    ],
    "child_model_run_time": [
        [
            29239174,
            29253967
        ],
        [
            29254059,
            29262814
        ]
    ],
    "execute_cost": 23.54800033569336,
    "finish_time": 29262819,
    "limit_cost_by_ms": 18.85300064086914,
    "model_name": "resnet50",
    "recv_time": 29238997,
    "tag": "941",
    "total_cost_by_ms": 23.82200050354004,
    "wait_cost": 0.2740001678466797
}
