{
    "child_model_execute_cost_by_ms": [
        17.429000854492188,
        16.451000213623047,
        19.84000015258789
    ],
    "child_model_run_time": [
        [
            19181464,
            19198893
        ],
        [
            19198982,
            19215433
        ],
        [
            19215451,
            19235291
        ]
    ],
    "execute_cost": 53.720001220703125,
    "finish_time": 19235298,
    "limit_cost_by_ms": 46.56266784667969,
    "model_name": "vgg19",
    "recv_time": 19169514,
    "tag": "398",
    "total_cost_by_ms": 65.78399658203125,
    "wait_cost": 12.063995361328125
}
