{
    "child_model_execute_cost_by_ms": [
        9.690999984741211
    ],
    "child_model_run_time": [
        [
            23124825,
            23134516
        ]
    ],
    "execute_cost": 9.690999984741211,
    "finish_time": 23134525,
    "limit_cost_by_ms": 8.622666358947754,
    "model_name": "googlenet",
    "recv_time": 23124789,
    "tag": "623",
    "total_cost_by_ms": 9.736000061035156,
    "wait_cost": 0.04500007629394531
}
