{
    "child_model_execute_cost_by_ms": [
        18.39900016784668,
        18.333999633789063,
        19.871999740600586
    ],
    "child_model_run_time": [
        [
            23737214,
            23755613
        ],
        [
            23779455,
            23797789
        ],
        [
            23797880,
            23817752
        ]
    ],
    "execute_cost": 56.605003356933594,
    "finish_time": 23817756,
    "limit_cost_by_ms": 46.45399856567383,
    "model_name": "vgg19",
    "recv_time": 23735451,
    "tag": "649",
    "total_cost_by_ms": 82.30500030517578,
    "wait_cost": 25.699996948242188
}
