{
    "child_model_execute_cost_by_ms": [
        18.91200065612793,
        17.194000244140625,
        19.472000122070313
    ],
    "child_model_run_time": [
        [
            30806912,
            30825824
        ],
        [
            30825865,
            30843059
        ],
        [
            30843141,
            30862613
        ]
    ],
    "execute_cost": 55.5780029296875,
    "finish_time": 30862618,
    "limit_cost_by_ms": 46.45399856567383,
    "model_name": "vgg19",
    "recv_time": 30806804,
    "tag": "936",
    "total_cost_by_ms": 55.81399917602539,
    "wait_cost": 0.23599624633789063
}
