{
    "child_model_execute_cost_by_ms": [
        6.868000030517578
    ],
    "child_model_run_time": [
        [
            18451827,
            18458695
        ]
    ],
    "execute_cost": 6.868000030517578,
    "finish_time": 18458706,
    "limit_cost_by_ms": 6.0269999504089355,
    "model_name": "yolov2",
    "recv_time": 18431872,
    "tag": "12",
    "total_cost_by_ms": 26.833999633789063,
    "wait_cost": 19.965999603271484
}
