{
    "child_model_execute_cost_by_ms": [
        11.619999885559082
    ],
    "child_model_run_time": [
        [
            18458808,
            18470428
        ]
    ],
    "execute_cost": 11.619999885559082,
    "finish_time": 18470439,
    "limit_cost_by_ms": 9.189666748046875,
    "model_name": "googlenet",
    "recv_time": 18433900,
    "tag": "14",
    "total_cost_by_ms": 36.53900146484375,
    "wait_cost": 24.919002532958984
}
