{
    "child_model_execute_cost_by_ms": [
        13.855999946594238
    ],
    "child_model_run_time": [
        [
            23629978,
            23643834
        ]
    ],
    "execute_cost": 13.855999946594238,
    "finish_time": 23643847,
    "limit_cost_by_ms": 6.9713335037231445,
    "model_name": "gpt128v2",
    "recv_time": 23612698,
    "tag": "271",
    "total_cost_by_ms": 31.14900016784668,
    "wait_cost": 17.292999267578125
}
