{
    "child_model_execute_cost_by_ms": [
        46.79899978637695
    ],
    "child_model_run_time": [
        [
            24286714,
            24333513
        ]
    ],
    "execute_cost": 46.79899978637695,
    "finish_time": 24333518,
    "limit_cost_by_ms": 46.58766555786133,
    "model_name": "vgg19",
    "recv_time": 24272794,
    "tag": "305",
    "total_cost_by_ms": 60.7239990234375,
    "wait_cost": 13.924999237060547
}
