{
    "child_model_execute_cost_by_ms": [
        7.232999801635742
    ],
    "child_model_run_time": [
        [
            25951037,
            25958270
        ]
    ],
    "execute_cost": 7.232999801635742,
    "finish_time": 25958274,
    "limit_cost_by_ms": 6.0269999504089355,
    "model_name": "yolov2",
    "recv_time": 25911167,
    "tag": "387",
    "total_cost_by_ms": 47.106998443603516,
    "wait_cost": 39.874000549316406
}
