{
    "child_model_execute_cost_by_ms": [
        46.86000061035156
    ],
    "child_model_run_time": [
        [
            27593147,
            27640007
        ]
    ],
    "execute_cost": 46.86000061035156,
    "finish_time": 27640012,
    "limit_cost_by_ms": 46.58766555786133,
    "model_name": "vgg19",
    "recv_time": 27593069,
    "tag": "470",
    "total_cost_by_ms": 46.94300079345703,
    "wait_cost": 0.08300018310546875
}
