{
    "child_model_execute_cost_by_ms": [
        8.506999969482422
    ],
    "child_model_run_time": [
        [
            31615923,
            31624430
        ]
    ],
    "execute_cost": 8.506999969482422,
    "finish_time": 31624441,
    "limit_cost_by_ms": 6.0269999504089355,
    "model_name": "yolov2",
    "recv_time": 31590455,
    "tag": "669",
    "total_cost_by_ms": 33.986000061035156,
    "wait_cost": 25.479000091552734
}
