{
    "child_model_execute_cost_by_ms": [
        45.93199920654297
    ],
    "child_model_run_time": [
        [
            31672495,
            31718427
        ]
    ],
    "execute_cost": 45.93199920654297,
    "finish_time": 31718432,
    "limit_cost_by_ms": 46.58766555786133,
    "model_name": "vgg19",
    "recv_time": 31664359,
    "tag": "672",
    "total_cost_by_ms": 54.073001861572266,
    "wait_cost": 8.141002655029297
}
