{
    "child_model_execute_cost_by_ms": [
        46.263999938964844
    ],
    "child_model_run_time": [
        [
            37127238,
            37173502
        ]
    ],
    "execute_cost": 46.263999938964844,
    "finish_time": 37173507,
    "limit_cost_by_ms": 46.58766555786133,
    "model_name": "vgg19",
    "recv_time": 37116934,
    "tag": "942",
    "total_cost_by_ms": 56.573001861572266,
    "wait_cost": 10.309001922607422
}
