{
    "child_model_execute_cost_by_ms": [
        47.92900085449219
    ],
    "child_model_run_time": [
        [
            37639340,
            37687269
        ]
    ],
    "execute_cost": 47.92900085449219,
    "finish_time": 37687274,
    "limit_cost_by_ms": 46.58766555786133,
    "model_name": "vgg19",
    "recv_time": 37621051,
    "tag": "966",
    "total_cost_by_ms": 66.2229995727539,
    "wait_cost": 18.29399871826172
}
