{
    "child_model_execute_cost_by_ms": [
        45.236000061035156
    ],
    "child_model_run_time": [
        [
            18043880,
            18089116
        ]
    ],
    "execute_cost": 45.236000061035156,
    "finish_time": 18089124,
    "limit_cost_by_ms": 47.14400100708008,
    "model_name": "vgg19",
    "recv_time": 18043745,
    "tag": "517",
    "total_cost_by_ms": 45.37900161743164,
    "wait_cost": 0.14300155639648438
}
