{
    "child_model_execute_cost_by_ms": [
        9.588000297546387
    ],
    "child_model_run_time": [
        [
            27487466,
            27497054
        ]
    ],
    "execute_cost": 9.588000297546387,
    "finish_time": 27497062,
    "limit_cost_by_ms": 8.795000076293945,
    "model_name": "googlenet",
    "recv_time": 27487453,
    "tag": "992",
    "total_cost_by_ms": 9.609000205993652,
    "wait_cost": 0.020999908447265625
}
