{
    "child_model_execute_cost_by_ms": [
        9.675000190734863
    ],
    "child_model_run_time": [
        [
            23114247,
            23123922
        ]
    ],
    "execute_cost": 9.675000190734863,
    "finish_time": 23123928,
    "limit_cost_by_ms": 8.892999649047852,
    "model_name": "googlenet",
    "recv_time": 23109731,
    "tag": "207",
    "total_cost_by_ms": 14.196999549865723,
    "wait_cost": 4.521999359130859
}
