{
    "child_model_execute_cost_by_ms": [
        9.439000129699707
    ],
    "child_model_run_time": [
        [
            23437047,
            23446486
        ]
    ],
    "execute_cost": 9.439000129699707,
    "finish_time": 23446490,
    "limit_cost_by_ms": 8.892999649047852,
    "model_name": "googlenet",
    "recv_time": 23417141,
    "tag": "221",
    "total_cost_by_ms": 29.349000930786133,
    "wait_cost": 19.90999984741211
}
