{
    "child_model_execute_cost_by_ms": [
        10.279000282287598
    ],
    "child_model_run_time": [
        [
            23919300,
            23929579
        ]
    ],
    "execute_cost": 10.279000282287598,
    "finish_time": 23929589,
    "limit_cost_by_ms": 8.892999649047852,
    "model_name": "googlenet",
    "recv_time": 23913516,
    "tag": "242",
    "total_cost_by_ms": 16.072999954223633,
    "wait_cost": 5.793999671936035
}
