{
    "child_model_execute_cost_by_ms": [
        12.975000381469727
    ],
    "child_model_run_time": [
        [
            27551403,
            27564378
        ]
    ],
    "execute_cost": 12.975000381469727,
    "finish_time": 27564388,
    "limit_cost_by_ms": 7.0,
    "model_name": "gpt128v2",
    "recv_time": 27543198,
    "tag": "396",
    "total_cost_by_ms": 21.190000534057617,
    "wait_cost": 8.21500015258789
}
