{
    "child_model_execute_cost_by_ms": [
        9.618000030517578
    ],
    "child_model_run_time": [
        [
            29893941,
            29903559
        ]
    ],
    "execute_cost": 9.618000030517578,
    "finish_time": 29903561,
    "limit_cost_by_ms": 8.892999649047852,
    "model_name": "googlenet",
    "recv_time": 29878773,
    "tag": "493",
    "total_cost_by_ms": 24.788000106811523,
    "wait_cost": 15.170000076293945
}
