{
    "child_model_execute_cost_by_ms": [
        6.261000156402588
    ],
    "child_model_run_time": [
        [
            32035052,
            32041313
        ]
    ],
    "execute_cost": 6.261000156402588,
    "finish_time": 32041318,
    "limit_cost_by_ms": 6.000333309173584,
    "model_name": "yolov2",
    "recv_time": 32032298,
    "tag": "586",
    "total_cost_by_ms": 9.020000457763672,
    "wait_cost": 2.759000301361084
}
