{
    "child_model_execute_cost_by_ms": [
        17.7810001373291,
        16.64299964904785,
        19.874000549316406
    ],
    "child_model_run_time": [
        [
            34456709,
            34474490
        ],
        [
            34474590,
            34491233
        ],
        [
            34491276,
            34511150
        ]
    ],
    "execute_cost": 54.29800033569336,
    "finish_time": 34511153,
    "limit_cost_by_ms": 46.92499923706055,
    "model_name": "vgg19",
    "recv_time": 34456583,
    "tag": "688",
    "total_cost_by_ms": 54.56999969482422,
    "wait_cost": 0.2719993591308594
}
