{
    "child_model_execute_cost_by_ms": [
        12.932000160217285
    ],
    "child_model_run_time": [
        [
            36236615,
            36249547
        ]
    ],
    "execute_cost": 12.932000160217285,
    "finish_time": 36249556,
    "limit_cost_by_ms": 7.0,
    "model_name": "gpt128v2",
    "recv_time": 36213529,
    "tag": "763",
    "total_cost_by_ms": 36.027000427246094,
    "wait_cost": 23.095001220703125
}
