{
    "child_model_execute_cost_by_ms": [
        14.838000297546387,
        13.637999534606934
    ],
    "child_model_run_time": [
        [
            37952070,
            37966908
        ],
        [
            37966941,
            37980579
        ]
    ],
    "execute_cost": 28.47599983215332,
    "finish_time": 37980584,
    "limit_cost_by_ms": 18.827667236328125,
    "model_name": "resnet50",
    "recv_time": 37952037,
    "tag": "835",
    "total_cost_by_ms": 28.547000885009766,
    "wait_cost": 0.07100105285644531
}
