{
    "child_model_execute_cost_by_ms": [
        15.420000076293945,
        15.590999603271484
    ],
    "child_model_run_time": [
        [
            39385982,
            39401402
        ],
        [
            39419132,
            39434723
        ]
    ],
    "execute_cost": 31.01099967956543,
    "finish_time": 39434731,
    "limit_cost_by_ms": 18.827667236328125,
    "model_name": "resnet50",
    "recv_time": 39385915,
    "tag": "894",
    "total_cost_by_ms": 48.816001892089844,
    "wait_cost": 17.805002212524414
}
