{
    "child_model_execute_cost_by_ms": [
        20.812000274658203
    ],
    "child_model_run_time": [
        [
            20088305,
            20109117
        ]
    ],
    "execute_cost": 20.812000274658203,
    "finish_time": 20109121,
    "limit_cost_by_ms": 5.927666664123535,
    "model_name": "yolov2",
    "recv_time": 20088292,
    "tag": "104",
    "total_cost_by_ms": 20.82900047302246,
    "wait_cost": 0.017000198364257813
}
