{
    "child_model_execute_cost_by_ms": [
        6.234000205993652
    ],
    "child_model_run_time": [
        [
            21816460,
            21822694
        ]
    ],
    "execute_cost": 6.234000205993652,
    "finish_time": 21822697,
    "limit_cost_by_ms": 5.927666664123535,
    "model_name": "yolov2",
    "recv_time": 21816407,
    "tag": "188",
    "total_cost_by_ms": 6.289999961853027,
    "wait_cost": 0.055999755859375
}
