{
    "child_model_execute_cost_by_ms": [
        45.83599853515625
    ],
    "child_model_run_time": [
        [
            22360867,
            22406703
        ]
    ],
    "execute_cost": 45.83599853515625,
    "finish_time": 22406705,
    "limit_cost_by_ms": 46.83733367919922,
    "model_name": "vgg19",
    "recv_time": 22360703,
    "tag": "214",
    "total_cost_by_ms": 46.00199890136719,
    "wait_cost": 0.1660003662109375
}
