{
    "child_model_execute_cost_by_ms": [
        31.408000946044922
    ],
    "child_model_run_time": [
        [
            22531400,
            22562808
        ]
    ],
    "execute_cost": 31.408000946044922,
    "finish_time": 22562810,
    "limit_cost_by_ms": 9.115666389465332,
    "model_name": "googlenet",
    "recv_time": 22531342,
    "tag": "221",
    "total_cost_by_ms": 31.468000411987305,
    "wait_cost": 0.05999946594238281
}
