{
    "child_model_execute_cost_by_ms": [
        24.959999084472656
    ],
    "child_model_run_time": [
        [
            22861812,
            22886772
        ]
    ],
    "execute_cost": 24.959999084472656,
    "finish_time": 22886775,
    "limit_cost_by_ms": 9.115666389465332,
    "model_name": "googlenet",
    "recv_time": 22861804,
    "tag": "238",
    "total_cost_by_ms": 24.97100067138672,
    "wait_cost": 0.0110015869140625
}
