{
    "child_model_execute_cost_by_ms": [
        47.42399978637695
    ],
    "child_model_run_time": [
        [
            23015929,
            23063353
        ]
    ],
    "execute_cost": 47.42399978637695,
    "finish_time": 23063356,
    "limit_cost_by_ms": 18.812999725341797,
    "model_name": "resnet50",
    "recv_time": 23015876,
    "tag": "246",
    "total_cost_by_ms": 47.47999954223633,
    "wait_cost": 0.055999755859375
}
