{
    "child_model_execute_cost_by_ms": [
        6.355999946594238
    ],
    "child_model_run_time": [
        [
            28071295,
            28077651
        ]
    ],
    "execute_cost": 6.355999946594238,
    "finish_time": 28077654,
    "limit_cost_by_ms": 5.927666664123535,
    "model_name": "yolov2",
    "recv_time": 28071236,
    "tag": "486",
    "total_cost_by_ms": 6.418000221252441,
    "wait_cost": 0.062000274658203125
}
