{
    "child_model_execute_cost_by_ms": [
        33.80400085449219
    ],
    "child_model_run_time": [
        [
            28938968,
            28972772
        ]
    ],
    "execute_cost": 33.80400085449219,
    "finish_time": 28972775,
    "limit_cost_by_ms": 18.812999725341797,
    "model_name": "resnet50",
    "recv_time": 28938931,
    "tag": "527",
    "total_cost_by_ms": 33.84400177001953,
    "wait_cost": 0.04000091552734375
}
