{
    "child_model_execute_cost_by_ms": [
        61.51499938964844
    ],
    "child_model_run_time": [
        [
            32149661,
            32211176
        ]
    ],
    "execute_cost": 61.51499938964844,
    "finish_time": 32211178,
    "limit_cost_by_ms": 46.83733367919922,
    "model_name": "vgg19",
    "recv_time": 32149611,
    "tag": "681",
    "total_cost_by_ms": 61.56700134277344,
    "wait_cost": 0.052001953125
}
