{
    "child_model_execute_cost_by_ms": [
        45.78300094604492
    ],
    "child_model_run_time": [
        [
            32991430,
            33037213
        ]
    ],
    "execute_cost": 45.78300094604492,
    "finish_time": 33037215,
    "limit_cost_by_ms": 46.83733367919922,
    "model_name": "vgg19",
    "recv_time": 32991359,
    "tag": "721",
    "total_cost_by_ms": 45.85599899291992,
    "wait_cost": 0.072998046875
}
