{
    "child_model_execute_cost_by_ms": [
        13.64799976348877
    ],
    "child_model_run_time": [
        [
            19605979,
            19619627
        ]
    ],
    "execute_cost": 13.64799976348877,
    "finish_time": 19619631,
    "limit_cost_by_ms": 7.048666477203369,
    "model_name": "gpt128v2",
    "recv_time": 19605891,
    "tag": "80",
    "total_cost_by_ms": 13.739999771118164,
    "wait_cost": 0.09200000762939453
}
