{
    "child_model_execute_cost_by_ms": [
        48.89699935913086
    ],
    "child_model_run_time": [
        [
            35810944,
            35859841
        ]
    ],
    "execute_cost": 48.89699935913086,
    "finish_time": 35859844,
    "limit_cost_by_ms": 9.115666389465332,
    "model_name": "googlenet",
    "recv_time": 35810893,
    "tag": "856",
    "total_cost_by_ms": 48.95100021362305,
    "wait_cost": 0.0540008544921875
}
