{
    "child_model_execute_cost_by_ms": [
        55.611000061035156
    ],
    "child_model_run_time": [
        [
            36150867,
            36206478
        ]
    ],
    "execute_cost": 55.611000061035156,
    "finish_time": 36206482,
    "limit_cost_by_ms": 5.927666664123535,
    "model_name": "yolov2",
    "recv_time": 36150790,
    "tag": "872",
    "total_cost_by_ms": 55.69200134277344,
    "wait_cost": 0.08100128173828125
}
