{
    "child_model_execute_cost_by_ms": [
        31.059999465942383
    ],
    "child_model_run_time": [
        [
            19775605,
            19806665
        ]
    ],
    "execute_cost": 31.059999465942383,
    "finish_time": 19806669,
    "limit_cost_by_ms": 5.927666664123535,
    "model_name": "yolov2",
    "recv_time": 19775578,
    "tag": "89",
    "total_cost_by_ms": 31.090999603271484,
    "wait_cost": 0.031000137329101563
}
