{
    "child_model_execute_cost_by_ms": [
        19.360000610351563
    ],
    "child_model_run_time": [
        [
            36429622,
            36448982
        ]
    ],
    "execute_cost": 19.360000610351563,
    "finish_time": 36448985,
    "limit_cost_by_ms": 18.812999725341797,
    "model_name": "resnet50",
    "recv_time": 36429572,
    "tag": "883",
    "total_cost_by_ms": 19.413000106811523,
    "wait_cost": 0.05299949645996094
}
