{
    "child_model_execute_cost_by_ms": [
        10.479000091552734
    ],
    "child_model_run_time": [
        [
            14013784,
            14024263
        ]
    ],
    "execute_cost": 10.479000091552734,
    "finish_time": 14024270,
    "limit_cost_by_ms": 9.03833293914795,
    "model_name": "googlenet",
    "recv_time": 14004963,
    "tag": "216",
    "total_cost_by_ms": 19.30699920654297,
    "wait_cost": 8.827999114990234
}
