{
    "child_model_execute_cost_by_ms": [
        17.78700065612793,
        17.73900032043457,
        19.374000549316406
    ],
    "child_model_run_time": [
        [
            8585817,
            8603604
        ],
        [
            8627180,
            8644919
        ],
        [
            8645002,
            8664376
        ]
    ],
    "execute_cost": 54.900001525878906,
    "finish_time": 8664379,
    "limit_cost_by_ms": 47.40800094604492,
    "model_name": "vgg19",
    "recv_time": 8585668,
    "tag": "27",
    "total_cost_by_ms": 78.71099853515625,
    "wait_cost": 23.810997009277344
}
