{
    "child_model_execute_cost_by_ms": [
        17.305999755859375,
        17.534000396728516,
        20.04800033569336
    ],
    "child_model_run_time": [
        [
            27540460,
            27557766
        ],
        [
            27567909,
            27585443
        ],
        [
            27585463,
            27605511
        ]
    ],
    "execute_cost": 54.88800048828125,
    "finish_time": 27605518,
    "limit_cost_by_ms": 47.40800094604492,
    "model_name": "vgg19",
    "recv_time": 27540307,
    "tag": "677",
    "total_cost_by_ms": 65.21099853515625,
    "wait_cost": 10.322998046875
}
