{
    "child_model_execute_cost_by_ms": [
        91.4489974975586
    ],
    "child_model_run_time": [
        [
            7841439,
            7932888
        ]
    ],
    "execute_cost": 91.4489974975586,
    "finish_time": 7932892,
    "limit_cost_by_ms": 46.80799865722656,
    "model_name": "vgg19",
    "recv_time": 7841332,
    "tag": "2",
    "total_cost_by_ms": 91.55999755859375,
    "wait_cost": 0.11100006103515625
}
