{
    "child_model_execute_cost_by_ms": [
        30.849000930786133
    ],
    "child_model_run_time": [
        [
            22387235,
            22418084
        ]
    ],
    "execute_cost": 30.849000930786133,
    "finish_time": 22418088,
    "limit_cost_by_ms": 18.94533348083496,
    "model_name": "resnet50",
    "recv_time": 22387221,
    "tag": "660",
    "total_cost_by_ms": 30.867000579833984,
    "wait_cost": 0.017999649047851563
}
