{
    "child_model_execute_cost_by_ms": [
        8.477999687194824
    ],
    "child_model_run_time": [
        [
            9431941,
            9440419
        ]
    ],
    "execute_cost": 8.477999687194824,
    "finish_time": 9440424,
    "limit_cost_by_ms": 7.202333450317383,
    "model_name": "squeezenetv1",
    "recv_time": 9431825,
    "tag": "68",
    "total_cost_by_ms": 8.598999977111816,
    "wait_cost": 0.12100028991699219
}
