{
    "child_model_execute_cost_by_ms": [
        32.736000061035156
    ],
    "child_model_run_time": [
        [
            23104131,
            23136867
        ]
    ],
    "execute_cost": 32.736000061035156,
    "finish_time": 23136872,
    "limit_cost_by_ms": 8.684333801269531,
    "model_name": "googlenet",
    "recv_time": 23103966,
    "tag": "692",
    "total_cost_by_ms": 32.90599822998047,
    "wait_cost": 0.1699981689453125
}
