{
    "child_model_execute_cost_by_ms": [
        8.222999572753906
    ],
    "child_model_run_time": [
        [
            25561452,
            25569675
        ]
    ],
    "execute_cost": 8.222999572753906,
    "finish_time": 25569680,
    "limit_cost_by_ms": 7.202333450317383,
    "model_name": "squeezenetv1",
    "recv_time": 25561439,
    "tag": "804",
    "total_cost_by_ms": 8.241000175476074,
    "wait_cost": 0.01800060272216797
}
