{
    "child_model_execute_cost_by_ms": [
        73.51000213623047
    ],
    "child_model_run_time": [
        [
            9816309,
            9889819
        ]
    ],
    "execute_cost": 73.51000213623047,
    "finish_time": 9889823,
    "limit_cost_by_ms": 18.94533348083496,
    "model_name": "resnet50",
    "recv_time": 9816291,
    "tag": "86",
    "total_cost_by_ms": 73.53199768066406,
    "wait_cost": 0.02199554443359375
}
