{
    "child_model_execute_cost_by_ms": [
        31.777000427246094
    ],
    "child_model_run_time": [
        [
            8985850,
            9017627
        ]
    ],
    "execute_cost": 31.777000427246094,
    "finish_time": 9017630,
    "limit_cost_by_ms": 18.67300033569336,
    "model_name": "resnet50",
    "recv_time": 8985684,
    "tag": "54",
    "total_cost_by_ms": 31.945999145507813,
    "wait_cost": 0.16899871826171875
}
