{
    "child_model_execute_cost_by_ms": [
        49.0629997253418
    ],
    "child_model_run_time": [
        [
            20806754,
            20855817
        ]
    ],
    "execute_cost": 49.0629997253418,
    "finish_time": 20855819,
    "limit_cost_by_ms": 46.09299850463867,
    "model_name": "vgg19",
    "recv_time": 20806576,
    "tag": "569",
    "total_cost_by_ms": 49.24300003051758,
    "wait_cost": 0.18000030517578125
}
