{
    "child_model_execute_cost_by_ms": [
        10.696999549865723
    ],
    "child_model_run_time": [
        [
            20877273,
            20887970
        ]
    ],
    "execute_cost": 10.696999549865723,
    "finish_time": 20887977,
    "limit_cost_by_ms": 8.693666458129883,
    "model_name": "googlenet",
    "recv_time": 20877124,
    "tag": "571",
    "total_cost_by_ms": 10.852999687194824,
    "wait_cost": 0.15600013732910156
}
