{
    "child_model_execute_cost_by_ms": [
        48.08599853515625
    ],
    "child_model_run_time": [
        [
            22263826,
            22311912
        ]
    ],
    "execute_cost": 48.08599853515625,
    "finish_time": 22311915,
    "limit_cost_by_ms": 46.09299850463867,
    "model_name": "vgg19",
    "recv_time": 22263655,
    "tag": "633",
    "total_cost_by_ms": 48.2599983215332,
    "wait_cost": 0.17399978637695313
}
