{
    "child_model_execute_cost_by_ms": [
        11.574999809265137
    ],
    "child_model_run_time": [
        [
            7825906,
            7837481
        ]
    ],
    "execute_cost": 11.574999809265137,
    "finish_time": 7837488,
    "limit_cost_by_ms": 8.806333541870117,
    "model_name": "googlenet",
    "recv_time": 7825849,
    "tag": "2",
    "total_cost_by_ms": 11.638999938964844,
    "wait_cost": 0.06400012969970703
}
