{
    "child_model_execute_cost_by_ms": [
        19.125999450683594
    ],
    "child_model_run_time": [
        [
            10369839,
            10388965
        ]
    ],
    "execute_cost": 19.125999450683594,
    "finish_time": 10388977,
    "limit_cost_by_ms": 18.95133399963379,
    "model_name": "resnet50",
    "recv_time": 10369676,
    "tag": "141",
    "total_cost_by_ms": 19.301000595092773,
    "wait_cost": 0.1750011444091797
}
