{
    "child_model_execute_cost_by_ms": [
        8.77400016784668
    ],
    "child_model_run_time": [
        [
            16472082,
            16480856
        ]
    ],
    "execute_cost": 8.77400016784668,
    "finish_time": 16480863,
    "limit_cost_by_ms": 7.173333168029785,
    "model_name": "squeezenetv1",
    "recv_time": 16440881,
    "tag": "477",
    "total_cost_by_ms": 39.981998443603516,
    "wait_cost": 31.207998275756836
}
