{
    "child_model_execute_cost_by_ms": [
        8.116999626159668
    ],
    "child_model_run_time": [
        [
            25297630,
            25305747
        ]
    ],
    "execute_cost": 8.116999626159668,
    "finish_time": 25305753,
    "limit_cost_by_ms": 7.173333168029785,
    "model_name": "squeezenetv1",
    "recv_time": 25297466,
    "tag": "960",
    "total_cost_by_ms": 8.286999702453613,
    "wait_cost": 0.1700000762939453
}
