{
    "child_model_execute_cost_by_ms": [
        44.867000579833984
    ],
    "child_model_run_time": [
        [
            25633737,
            25678604
        ]
    ],
    "execute_cost": 44.867000579833984,
    "finish_time": 25678608,
    "limit_cost_by_ms": 47.097999572753906,
    "model_name": "vgg19",
    "recv_time": 25633611,
    "tag": "980",
    "total_cost_by_ms": 44.99700164794922,
    "wait_cost": 0.13000106811523438
}
