{
    "child_model_execute_cost_by_ms": [
        45.07600021362305
    ],
    "child_model_run_time": [
        [
            11827469,
            11872545
        ]
    ],
    "execute_cost": 45.07600021362305,
    "finish_time": 11872549,
    "limit_cost_by_ms": 46.977664947509766,
    "model_name": "vgg19",
    "recv_time": 11827353,
    "tag": "176",
    "total_cost_by_ms": 45.19599914550781,
    "wait_cost": 0.11999893188476563
}
