{
    "child_model_execute_cost_by_ms": [
        8.486000061035156
    ],
    "child_model_run_time": [
        [
            14009568,
            14018054
        ]
    ],
    "execute_cost": 8.486000061035156,
    "finish_time": 14018061,
    "limit_cost_by_ms": 7.343999862670898,
    "model_name": "squeezenetv1",
    "recv_time": 14009556,
    "tag": "280",
    "total_cost_by_ms": 8.505000114440918,
    "wait_cost": 0.01900005340576172
}
