{
    "child_model_execute_cost_by_ms": [
        8.48799991607666
    ],
    "child_model_run_time": [
        [
            18191089,
            18199577
        ]
    ],
    "execute_cost": 8.48799991607666,
    "finish_time": 18199584,
    "limit_cost_by_ms": 7.343999862670898,
    "model_name": "squeezenetv1",
    "recv_time": 18191017,
    "tag": "483",
    "total_cost_by_ms": 8.567000389099121,
    "wait_cost": 0.07900047302246094
}
