{
    "child_model_execute_cost_by_ms": [
        19.9950008392334
    ],
    "child_model_run_time": [
        [
            20839872,
            20859867
        ]
    ],
    "execute_cost": 19.9950008392334,
    "finish_time": 20859874,
    "limit_cost_by_ms": 18.937665939331055,
    "model_name": "resnet50",
    "recv_time": 20839858,
    "tag": "612",
    "total_cost_by_ms": 20.016000747680664,
    "wait_cost": 0.020999908447265625
}
