{
    "child_model_execute_cost_by_ms": [
        22.83799934387207
    ],
    "child_model_run_time": [
        [
            27903911,
            27926749
        ]
    ],
    "execute_cost": 22.83799934387207,
    "finish_time": 27926755,
    "limit_cost_by_ms": 18.937665939331055,
    "model_name": "resnet50",
    "recv_time": 27903746,
    "tag": "960",
    "total_cost_by_ms": 23.009000778198242,
    "wait_cost": 0.17100143432617188
}
