{
    "child_model_execute_cost_by_ms": [
        30.5310001373291
    ],
    "child_model_run_time": [
        [
            12269850,
            12300381
        ]
    ],
    "execute_cost": 30.5310001373291,
    "finish_time": 12300387,
    "limit_cost_by_ms": 8.630666732788086,
    "model_name": "googlenet",
    "recv_time": 12269753,
    "tag": "220",
    "total_cost_by_ms": 30.634000778198242,
    "wait_cost": 0.10300064086914063
}
