{
    "child_model_execute_cost_by_ms": [
        67.27200317382813
    ],
    "child_model_run_time": [
        [
            8719800,
            8787072
        ]
    ],
    "execute_cost": 67.27200317382813,
    "finish_time": 8787077,
    "limit_cost_by_ms": 8.630666732788086,
    "model_name": "googlenet",
    "recv_time": 8719701,
    "tag": "46",
    "total_cost_by_ms": 67.3759994506836,
    "wait_cost": 0.10399627685546875
}
