{
    "child_model_execute_cost_by_ms": [
        44.9010009765625
    ],
    "child_model_run_time": [
        [
            21667973,
            21712874
        ]
    ],
    "execute_cost": 44.9010009765625,
    "finish_time": 21712877,
    "limit_cost_by_ms": 47.227664947509766,
    "model_name": "vgg19",
    "recv_time": 21667895,
    "tag": "685",
    "total_cost_by_ms": 44.981998443603516,
    "wait_cost": 0.08099746704101563
}
