{
    "child_model_execute_cost_by_ms": [
        47.340999603271484
    ],
    "child_model_run_time": [
        [
            22620328,
            22667669
        ]
    ],
    "execute_cost": 47.340999603271484,
    "finish_time": 22667672,
    "limit_cost_by_ms": 8.630666732788086,
    "model_name": "googlenet",
    "recv_time": 22620171,
    "tag": "731",
    "total_cost_by_ms": 47.500999450683594,
    "wait_cost": 0.15999984741210938
}
