{
    "child_model_execute_cost_by_ms": [
        36.823001861572266
    ],
    "child_model_run_time": [
        [
            24579481,
            24616304
        ]
    ],
    "execute_cost": 36.823001861572266,
    "finish_time": 24616309,
    "limit_cost_by_ms": 18.85300064086914,
    "model_name": "resnet50",
    "recv_time": 24579467,
    "tag": "825",
    "total_cost_by_ms": 36.84199905395508,
    "wait_cost": 0.0189971923828125
}
