{
    "child_model_execute_cost_by_ms": [
        20.21500015258789
    ],
    "child_model_run_time": [
        [
            12966675,
            12986890
        ]
    ],
    "execute_cost": 20.21500015258789,
    "finish_time": 12986896,
    "limit_cost_by_ms": 19.1299991607666,
    "model_name": "resnet50",
    "recv_time": 12966665,
    "tag": "199",
    "total_cost_by_ms": 20.231000900268555,
    "wait_cost": 0.016000747680664063
}
