{
    "child_model_execute_cost_by_ms": [
        41.08300018310547
    ],
    "child_model_run_time": [
        [
            13955357,
            13996440
        ]
    ],
    "execute_cost": 41.08300018310547,
    "finish_time": 13996446,
    "limit_cost_by_ms": 19.1299991607666,
    "model_name": "resnet50",
    "recv_time": 13955260,
    "tag": "240",
    "total_cost_by_ms": 41.18600082397461,
    "wait_cost": 0.10300064086914063
}
