{
    "child_model_execute_cost_by_ms": [
        44.19200134277344
    ],
    "child_model_run_time": [
        [
            14148588,
            14192780
        ]
    ],
    "execute_cost": 44.19200134277344,
    "finish_time": 14192786,
    "limit_cost_by_ms": 47.2053337097168,
    "model_name": "vgg19",
    "recv_time": 14148574,
    "tag": "248",
    "total_cost_by_ms": 44.21200180053711,
    "wait_cost": 0.020000457763671875
}
