{
    "child_model_execute_cost_by_ms": [
        8.255000114440918
    ],
    "child_model_run_time": [
        [
            14498401,
            14506656
        ]
    ],
    "execute_cost": 8.255000114440918,
    "finish_time": 14506662,
    "limit_cost_by_ms": 7.399666786193848,
    "model_name": "squeezenetv1",
    "recv_time": 14498287,
    "tag": "262",
    "total_cost_by_ms": 8.375,
    "wait_cost": 0.11999988555908203
}
