{
    "child_model_execute_cost_by_ms": [
        8.536999702453613
    ],
    "child_model_run_time": [
        [
            26739473,
            26748010
        ]
    ],
    "execute_cost": 8.536999702453613,
    "finish_time": 26748017,
    "limit_cost_by_ms": 7.399666786193848,
    "model_name": "squeezenetv1",
    "recv_time": 26739455,
    "tag": "785",
    "total_cost_by_ms": 8.562000274658203,
    "wait_cost": 0.025000572204589844
}
