{
    "child_model_execute_cost_by_ms": [
        45.558998107910156
    ],
    "child_model_run_time": [
        [
            27968159,
            28013718
        ]
    ],
    "execute_cost": 45.558998107910156,
    "finish_time": 28013723,
    "limit_cost_by_ms": 47.2053337097168,
    "model_name": "vgg19",
    "recv_time": 27968139,
    "tag": "838",
    "total_cost_by_ms": 45.58399963378906,
    "wait_cost": 0.02500152587890625
}
