{
    "child_model_execute_cost_by_ms": [
        7.4029998779296875
    ],
    "child_model_run_time": [
        [
            11233982,
            11241385
        ]
    ],
    "execute_cost": 7.4029998779296875,
    "finish_time": 11241389,
    "limit_cost_by_ms": 7.209666728973389,
    "model_name": "squeezenetv1",
    "recv_time": 11225819,
    "tag": "139",
    "total_cost_by_ms": 15.569999694824219,
    "wait_cost": 8.166999816894531
}
