{
    "child_model_execute_cost_by_ms": [
        8.192000389099121
    ],
    "child_model_run_time": [
        [
            12337389,
            12345581
        ]
    ],
    "execute_cost": 8.192000389099121,
    "finish_time": 12345587,
    "limit_cost_by_ms": 7.334333419799805,
    "model_name": "squeezenetv1",
    "recv_time": 12337247,
    "tag": "191",
    "total_cost_by_ms": 8.34000015258789,
    "wait_cost": 0.14799976348876953
}
