{
    "child_model_execute_cost_by_ms": [
        14.043999671936035,
        8.95199966430664
    ],
    "child_model_run_time": [
        [
            14598631,
            14612675
        ],
        [
            14612698,
            14621650
        ]
    ],
    "execute_cost": 22.99599838256836,
    "finish_time": 14621655,
    "limit_cost_by_ms": 18.961000442504883,
    "model_name": "resnet50",
    "recv_time": 14582689,
    "tag": "277",
    "total_cost_by_ms": 38.965999603271484,
    "wait_cost": 15.970001220703125
}
