{
    "child_model_execute_cost_by_ms": [
        19.207000732421875,
        17.472000122070313,
        20.51799964904785
    ],
    "child_model_run_time": [
        [
            14556608,
            14575815
        ],
        [
            14575864,
            14593336
        ],
        [
            14615755,
            14636273
        ]
    ],
    "execute_cost": 57.196998596191406,
    "finish_time": 14636277,
    "limit_cost_by_ms": 47.59266662597656,
    "model_name": "vgg19",
    "recv_time": 14556443,
    "tag": "280",
    "total_cost_by_ms": 79.83399963378906,
    "wait_cost": 22.637001037597656
}
