{
    "child_model_execute_cost_by_ms": [
        17.27899932861328,
        16.642000198364258,
        20.35700035095215
    ],
    "child_model_run_time": [
        [
            15668889,
            15686168
        ],
        [
            15686193,
            15702835
        ],
        [
            15702922,
            15723279
        ]
    ],
    "execute_cost": 54.27799987792969,
    "finish_time": 15723283,
    "limit_cost_by_ms": 47.59266662597656,
    "model_name": "vgg19",
    "recv_time": 15655663,
    "tag": "325",
    "total_cost_by_ms": 67.62000274658203,
    "wait_cost": 13.342002868652344
}
