{
    "child_model_execute_cost_by_ms": [
        9.979000091552734
    ],
    "child_model_run_time": [
        [
            18241814,
            18251793
        ]
    ],
    "execute_cost": 9.979000091552734,
    "finish_time": 18251805,
    "limit_cost_by_ms": 8.96066665649414,
    "model_name": "googlenet",
    "recv_time": 18237724,
    "tag": "428",
    "total_cost_by_ms": 14.081000328063965,
    "wait_cost": 4.1020002365112305
}
