{
    "child_model_execute_cost_by_ms": [
        18.895999908447266,
        17.509000778198242,
        20.549999237060547
    ],
    "child_model_run_time": [
        [
            20866264,
            20885160
        ],
        [
            20885193,
            20902702
        ],
        [
            20925533,
            20946083
        ]
    ],
    "execute_cost": 56.95499801635742,
    "finish_time": 20946086,
    "limit_cost_by_ms": 47.59266662597656,
    "model_name": "vgg19",
    "recv_time": 20866166,
    "tag": "533",
    "total_cost_by_ms": 79.91999816894531,
    "wait_cost": 22.96500015258789
}
