{
    "child_model_execute_cost_by_ms": [
        18.80699920654297,
        17.459999084472656,
        21.02899932861328
    ],
    "child_model_run_time": [
        [
            20965966,
            20984773
        ],
        [
            20984818,
            21002278
        ],
        [
            21025157,
            21046186
        ]
    ],
    "execute_cost": 57.295997619628906,
    "finish_time": 21046190,
    "limit_cost_by_ms": 47.59266662597656,
    "model_name": "vgg19",
    "recv_time": 20965805,
    "tag": "537",
    "total_cost_by_ms": 80.38500213623047,
    "wait_cost": 23.089004516601563
}
