{
    "child_model_execute_cost_by_ms": [
        13.810999870300293,
        8.439000129699707
    ],
    "child_model_run_time": [
        [
            24707214,
            24721025
        ],
        [
            24721063,
            24729502
        ]
    ],
    "execute_cost": 22.25,
    "finish_time": 24729507,
    "limit_cost_by_ms": 18.961000442504883,
    "model_name": "resnet50",
    "recv_time": 24699061,
    "tag": "693",
    "total_cost_by_ms": 30.445999145507813,
    "wait_cost": 8.195999145507813
}
