{
    "child_model_execute_cost_by_ms": [
        19.184999465942383,
        17.570999145507813,
        20.159000396728516
    ],
    "child_model_run_time": [
        [
            24882674,
            24901859
        ],
        [
            24901947,
            24919518
        ],
        [
            24919606,
            24939765
        ]
    ],
    "execute_cost": 56.91499710083008,
    "finish_time": 24939771,
    "limit_cost_by_ms": 47.59266662597656,
    "model_name": "vgg19",
    "recv_time": 24856996,
    "tag": "695",
    "total_cost_by_ms": 82.7750015258789,
    "wait_cost": 25.860004425048828
}
