{
    "child_model_execute_cost_by_ms": [
        9.677000045776367
    ],
    "child_model_run_time": [
        [
            25043538,
            25053215
        ]
    ],
    "execute_cost": 9.677000045776367,
    "finish_time": 25053226,
    "limit_cost_by_ms": 8.96066665649414,
    "model_name": "googlenet",
    "recv_time": 25032435,
    "tag": "707",
    "total_cost_by_ms": 20.791000366210938,
    "wait_cost": 11.11400032043457
}
