{
    "child_model_execute_cost_by_ms": [
        19.070999145507813,
        18.047000885009766,
        20.45199966430664
    ],
    "child_model_run_time": [
        [
            27274175,
            27293246
        ],
        [
            27303157,
            27321204
        ],
        [
            27321294,
            27341746
        ]
    ],
    "execute_cost": 57.56999969482422,
    "finish_time": 27341750,
    "limit_cost_by_ms": 47.59266662597656,
    "model_name": "vgg19",
    "recv_time": 27272312,
    "tag": "790",
    "total_cost_by_ms": 69.43800354003906,
    "wait_cost": 11.868003845214844
}
