{
    "child_model_execute_cost_by_ms": [
        14.29800033569336,
        9.032999992370605
    ],
    "child_model_run_time": [
        [
            27154403,
            27168701
        ],
        [
            27168785,
            27177818
        ]
    ],
    "execute_cost": 23.33100128173828,
    "finish_time": 27177825,
    "limit_cost_by_ms": 18.961000442504883,
    "model_name": "resnet50",
    "recv_time": 27154397,
    "tag": "792",
    "total_cost_by_ms": 23.42799949645996,
    "wait_cost": 0.09699821472167969
}
