{
    "child_model_execute_cost_by_ms": [
        19.23900032043457,
        18.652000427246094,
        20.450000762939453
    ],
    "child_model_run_time": [
        [
            27664870,
            27684109
        ],
        [
            27692443,
            27711095
        ],
        [
            27711133,
            27731583
        ]
    ],
    "execute_cost": 58.340999603271484,
    "finish_time": 27731587,
    "limit_cost_by_ms": 47.59266662597656,
    "model_name": "vgg19",
    "recv_time": 27664711,
    "tag": "805",
    "total_cost_by_ms": 66.8759994506836,
    "wait_cost": 8.53499984741211
}
