{
    "child_model_execute_cost_by_ms": [
        9.878999710083008
    ],
    "child_model_run_time": [
        [
            30106915,
            30116794
        ]
    ],
    "execute_cost": 9.878999710083008,
    "finish_time": 30116805,
    "limit_cost_by_ms": 8.868000030517578,
    "model_name": "googlenet",
    "recv_time": 30102161,
    "tag": "904",
    "total_cost_by_ms": 14.644000053405762,
    "wait_cost": 4.765000343322754
}
