{
    "child_model_execute_cost_by_ms": [
        10.472000122070313
    ],
    "child_model_run_time": [
        [
            21596086,
            21606558
        ]
    ],
    "execute_cost": 10.472000122070313,
    "finish_time": 21606570,
    "limit_cost_by_ms": 8.894000053405762,
    "model_name": "googlenet",
    "recv_time": 21570624,
    "tag": "154",
    "total_cost_by_ms": 35.94599914550781,
    "wait_cost": 25.4739990234375
}
