{
    "child_model_execute_cost_by_ms": [
        18.517000198364258,
        18.982999801635742,
        21.26099967956543
    ],
    "child_model_run_time": [
        [
            22140008,
            22158525
        ],
        [
            22197585,
            22216568
        ],
        [
            22222987,
            22244248
        ]
    ],
    "execute_cost": 58.76100158691406,
    "finish_time": 22244254,
    "limit_cost_by_ms": 47.4293327331543,
    "model_name": "vgg19",
    "recv_time": 22139922,
    "tag": "176",
    "total_cost_by_ms": 104.33200073242188,
    "wait_cost": 45.57099914550781
}
