{
    "child_model_execute_cost_by_ms": [
        6.53000020980835
    ],
    "child_model_run_time": [
        [
            18467180,
            18473710
        ]
    ],
    "execute_cost": 6.53000020980835,
    "finish_time": 18473713,
    "limit_cost_by_ms": 6.010666847229004,
    "model_name": "yolov2",
    "recv_time": 18467132,
    "tag": "21",
    "total_cost_by_ms": 6.580999851226807,
    "wait_cost": 0.05099964141845703
}
