{
    "child_model_execute_cost_by_ms": [
        6.696000099182129
    ],
    "child_model_run_time": [
        [
            24065780,
            24072476
        ]
    ],
    "execute_cost": 6.696000099182129,
    "finish_time": 24072487,
    "limit_cost_by_ms": 6.010666847229004,
    "model_name": "yolov2",
    "recv_time": 24054642,
    "tag": "258",
    "total_cost_by_ms": 17.844999313354492,
    "wait_cost": 11.148999214172363
}
