{
    "child_model_execute_cost_by_ms": [
        13.322999954223633
    ],
    "child_model_run_time": [
        [
            25803010,
            25816333
        ]
    ],
    "execute_cost": 13.322999954223633,
    "finish_time": 25816344,
    "limit_cost_by_ms": 6.993333339691162,
    "model_name": "gpt128v2",
    "recv_time": 25790929,
    "tag": "330",
    "total_cost_by_ms": 25.415000915527344,
    "wait_cost": 12.092000961303711
}
