{
    "child_model_execute_cost_by_ms": [
        10.354000091552734
    ],
    "child_model_run_time": [
        [
            25892981,
            25903335
        ]
    ],
    "execute_cost": 10.354000091552734,
    "finish_time": 25903340,
    "limit_cost_by_ms": 8.894000053405762,
    "model_name": "googlenet",
    "recv_time": 25881695,
    "tag": "333",
    "total_cost_by_ms": 21.645000457763672,
    "wait_cost": 11.291000366210938
}
