{
    "child_model_execute_cost_by_ms": [
        13.067000389099121
    ],
    "child_model_run_time": [
        [
            27036122,
            27049189
        ]
    ],
    "execute_cost": 13.067000389099121,
    "finish_time": 27049198,
    "limit_cost_by_ms": 6.993333339691162,
    "model_name": "gpt128v2",
    "recv_time": 27012380,
    "tag": "381",
    "total_cost_by_ms": 36.81800079345703,
    "wait_cost": 23.750999450683594
}
