{
    "child_model_execute_cost_by_ms": [
        6.385000228881836
    ],
    "child_model_run_time": [
        [
            28003514,
            28009899
        ]
    ],
    "execute_cost": 6.385000228881836,
    "finish_time": 28009906,
    "limit_cost_by_ms": 6.010666847229004,
    "model_name": "yolov2",
    "recv_time": 27995788,
    "tag": "422",
    "total_cost_by_ms": 14.118000030517578,
    "wait_cost": 7.732999801635742
}
