{
    "child_model_execute_cost_by_ms": [
        12.803999900817871
    ],
    "child_model_run_time": [
        [
            30321668,
            30334472
        ]
    ],
    "execute_cost": 12.803999900817871,
    "finish_time": 30334482,
    "limit_cost_by_ms": 6.993333339691162,
    "model_name": "gpt128v2",
    "recv_time": 30309362,
    "tag": "518",
    "total_cost_by_ms": 25.1200008392334,
    "wait_cost": 12.316000938415527
}
