{
    "child_model_execute_cost_by_ms": [
        19.135000228881836,
        18.315000534057617,
        20.427000045776367
    ],
    "child_model_run_time": [
        [
            32353514,
            32372649
        ],
        [
            32382404,
            32400719
        ],
        [
            32400763,
            32421190
        ]
    ],
    "execute_cost": 57.87699890136719,
    "finish_time": 32421194,
    "limit_cost_by_ms": 47.4293327331543,
    "model_name": "vgg19",
    "recv_time": 32319360,
    "tag": "603",
    "total_cost_by_ms": 101.83399963378906,
    "wait_cost": 43.957000732421875
}
