{
    "child_model_execute_cost_by_ms": [
        15.675000190734863,
        13.97599983215332
    ],
    "child_model_run_time": [
        [
            39011112,
            39026787
        ],
        [
            39026832,
            39040808
        ]
    ],
    "execute_cost": 29.6510009765625,
    "finish_time": 39040811,
    "limit_cost_by_ms": 18.80500030517578,
    "model_name": "resnet50",
    "recv_time": 39000716,
    "tag": "879",
    "total_cost_by_ms": 40.095001220703125,
    "wait_cost": 10.444000244140625
}
