{
    "child_model_execute_cost_by_ms": [
        6.942999839782715
    ],
    "child_model_run_time": [
        [
            40827193,
            40834136
        ]
    ],
    "execute_cost": 6.942999839782715,
    "finish_time": 40834146,
    "limit_cost_by_ms": 6.010666847229004,
    "model_name": "yolov2",
    "recv_time": 40827136,
    "tag": "954",
    "total_cost_by_ms": 7.010000228881836,
    "wait_cost": 0.0670003890991211
}
