{
    "child_model_execute_cost_by_ms": [
        7.315999984741211
    ],
    "child_model_run_time": [
        [
            20995656,
            21002972
        ]
    ],
    "execute_cost": 7.315999984741211,
    "finish_time": 21002977,
    "limit_cost_by_ms": 6.015999794006348,
    "model_name": "yolov2",
    "recv_time": 20985769,
    "tag": "154",
    "total_cost_by_ms": 17.20800018310547,
    "wait_cost": 9.892000198364258
}
