{
    "child_model_execute_cost_by_ms": [
        45.99800109863281
    ],
    "child_model_run_time": [
        [
            26787525,
            26833523
        ]
    ],
    "execute_cost": 45.99800109863281,
    "finish_time": 26833525,
    "limit_cost_by_ms": 46.816001892089844,
    "model_name": "vgg19",
    "recv_time": 26775007,
    "tag": "447",
    "total_cost_by_ms": 58.518001556396484,
    "wait_cost": 12.520000457763672
}
