{
    "child_model_execute_cost_by_ms": [
        14.24899959564209
    ],
    "child_model_run_time": [
        [
            30012882,
            30027131
        ]
    ],
    "execute_cost": 14.24899959564209,
    "finish_time": 30027142,
    "limit_cost_by_ms": 6.987333297729492,
    "model_name": "gpt128v2",
    "recv_time": 29972730,
    "tag": "607",
    "total_cost_by_ms": 54.4119987487793,
    "wait_cost": 40.16299819946289
}
