{
    "child_model_execute_cost_by_ms": [
        10.755999565124512
    ],
    "child_model_run_time": [
        [
            35317079,
            35327835
        ]
    ],
    "execute_cost": 10.755999565124512,
    "finish_time": 35327840,
    "limit_cost_by_ms": 8.741666793823242,
    "model_name": "googlenet",
    "recv_time": 35309712,
    "tag": "872",
    "total_cost_by_ms": 18.128000259399414,
    "wait_cost": 7.372000694274902
}
