{
    "child_model_execute_cost_by_ms": [
        13.604999542236328
    ],
    "child_model_run_time": [
        [
            37114932,
            37128537
        ]
    ],
    "execute_cost": 13.604999542236328,
    "finish_time": 37128541,
    "limit_cost_by_ms": 6.987333297729492,
    "model_name": "gpt128v2",
    "recv_time": 37085489,
    "tag": "961",
    "total_cost_by_ms": 43.051998138427734,
    "wait_cost": 29.446998596191406
}
