{
    "child_model_execute_cost_by_ms": [
        7.011000156402588
    ],
    "child_model_run_time": [
        [
            24256087,
            24263098
        ]
    ],
    "execute_cost": 7.011000156402588,
    "finish_time": 24263108,
    "limit_cost_by_ms": 5.927000045776367,
    "model_name": "yolov2",
    "recv_time": 24249528,
    "tag": "263",
    "total_cost_by_ms": 13.579999923706055,
    "wait_cost": 6.568999767303467
}
