{
    "child_model_execute_cost_by_ms": [
        18.391000747680664,
        18.06100082397461,
        22.707000732421875
    ],
    "child_model_run_time": [
        [
            18710873,
            18729264
        ],
        [
            18739437,
            18757498
        ],
        [
            18799816,
            18822523
        ]
    ],
    "execute_cost": 59.15900421142578,
    "finish_time": 18822526,
    "limit_cost_by_ms": 46.569000244140625,
    "model_name": "vgg19",
    "recv_time": 18710816,
    "tag": "27",
    "total_cost_by_ms": 111.70999908447266,
    "wait_cost": 52.550994873046875
}
