{
    "child_model_execute_cost_by_ms": [
        6.539999961853027
    ],
    "child_model_run_time": [
        [
            25194376,
            25200916
        ]
    ],
    "execute_cost": 6.539999961853027,
    "finish_time": 25200927,
    "limit_cost_by_ms": 5.927000045776367,
    "model_name": "yolov2",
    "recv_time": 25186398,
    "tag": "302",
    "total_cost_by_ms": 14.529000282287598,
    "wait_cost": 7.98900032043457
}
