{
    "child_model_execute_cost_by_ms": [
        10.470000267028809
    ],
    "child_model_run_time": [
        [
            27486629,
            27497099
        ]
    ],
    "execute_cost": 10.470000267028809,
    "finish_time": 27497104,
    "limit_cost_by_ms": 9.022000312805176,
    "model_name": "googlenet",
    "recv_time": 27486528,
    "tag": "398",
    "total_cost_by_ms": 10.576000213623047,
    "wait_cost": 0.10599994659423828
}
