{
    "child_model_execute_cost_by_ms": [
        13.163999557495117
    ],
    "child_model_run_time": [
        [
            28557835,
            28570999
        ]
    ],
    "execute_cost": 13.163999557495117,
    "finish_time": 28571012,
    "limit_cost_by_ms": 6.953000068664551,
    "model_name": "gpt128v2",
    "recv_time": 28557786,
    "tag": "443",
    "total_cost_by_ms": 13.22599983215332,
    "wait_cost": 0.062000274658203125
}
