{
    "child_model_execute_cost_by_ms": [
        9.871000289916992
    ],
    "child_model_run_time": [
        [
            19435973,
            19445844
        ]
    ],
    "execute_cost": 9.871000289916992,
    "finish_time": 19445854,
    "limit_cost_by_ms": 9.022000312805176,
    "model_name": "googlenet",
    "recv_time": 19433054,
    "tag": "57",
    "total_cost_by_ms": 12.800000190734863,
    "wait_cost": 2.928999900817871
}
