{
    "child_model_execute_cost_by_ms": [
        12.60200023651123
    ],
    "child_model_run_time": [
        [
            34431205,
            34443807
        ]
    ],
    "execute_cost": 12.60200023651123,
    "finish_time": 34443812,
    "limit_cost_by_ms": 6.953000068664551,
    "model_name": "gpt128v2",
    "recv_time": 34408528,
    "tag": "688",
    "total_cost_by_ms": 35.284000396728516,
    "wait_cost": 22.68199920654297
}
