{
    "child_model_execute_cost_by_ms": [
        9.77299976348877
    ],
    "child_model_run_time": [
        [
            19786931,
            19796704
        ]
    ],
    "execute_cost": 9.77299976348877,
    "finish_time": 19796715,
    "limit_cost_by_ms": 9.022000312805176,
    "model_name": "googlenet",
    "recv_time": 19778320,
    "tag": "72",
    "total_cost_by_ms": 18.395000457763672,
    "wait_cost": 8.622000694274902
}
