{
    "child_model_execute_cost_by_ms": [
        6.427999973297119
    ],
    "child_model_run_time": [
        [
            35151689,
            35158117
        ]
    ],
    "execute_cost": 6.427999973297119,
    "finish_time": 35158121,
    "limit_cost_by_ms": 5.927000045776367,
    "model_name": "yolov2",
    "recv_time": 35151621,
    "tag": "719",
    "total_cost_by_ms": 6.5,
    "wait_cost": 0.07200002670288086
}
