{
    "child_model_execute_cost_by_ms": [
        8.394000053405762
    ],
    "child_model_run_time": [
        [
            36764691,
            36773085
        ]
    ],
    "execute_cost": 8.394000053405762,
    "finish_time": 36773090,
    "limit_cost_by_ms": 5.927000045776367,
    "model_name": "yolov2",
    "recv_time": 36757143,
    "tag": "787",
    "total_cost_by_ms": 15.946999549865723,
    "wait_cost": 7.552999496459961
}
