{
    "child_model_execute_cost_by_ms": [
        6.480999946594238
    ],
    "child_model_run_time": [
        [
            39830981,
            39837462
        ]
    ],
    "execute_cost": 6.480999946594238,
    "finish_time": 39837472,
    "limit_cost_by_ms": 5.927000045776367,
    "model_name": "yolov2",
    "recv_time": 39818894,
    "tag": "916",
    "total_cost_by_ms": 18.577999114990234,
    "wait_cost": 12.096999168395996
}
