{
    "child_model_execute_cost_by_ms": [
        19.038999557495117,
        17.573999404907227,
        20.554000854492188
    ],
    "child_model_run_time": [
        [
            41058806,
            41077845
        ],
        [
            41077871,
            41095445
        ],
        [
            41095465,
            41116019
        ]
    ],
    "execute_cost": 57.16699981689453,
    "finish_time": 41116021,
    "limit_cost_by_ms": 46.569000244140625,
    "model_name": "vgg19",
    "recv_time": 41058752,
    "tag": "966",
    "total_cost_by_ms": 57.26900100708008,
    "wait_cost": 0.10200119018554688
}
