{
    "child_model_execute_cost_by_ms": [
        18.18199920654297,
        16.798999786376953,
        19.600000381469727
    ],
    "child_model_run_time": [
        [
            11178553,
            11196735
        ],
        [
            11196829,
            11213628
        ],
        [
            11213675,
            11233275
        ]
    ],
    "execute_cost": 54.58100128173828,
    "finish_time": 11233279,
    "limit_cost_by_ms": 47.50033187866211,
    "model_name": "vgg19",
    "recv_time": 11178446,
    "tag": "133",
    "total_cost_by_ms": 54.83300018310547,
    "wait_cost": 0.2519989013671875
}
