{
    "child_model_execute_cost_by_ms": [
        8.303999900817871
    ],
    "child_model_run_time": [
        [
            11608153,
            11616457
        ]
    ],
    "execute_cost": 8.303999900817871,
    "finish_time": 11616464,
    "limit_cost_by_ms": 7.36133337020874,
    "model_name": "squeezenetv1",
    "recv_time": 11607976,
    "tag": "149",
    "total_cost_by_ms": 8.48799991607666,
    "wait_cost": 0.18400001525878906
}
