{
    "child_model_execute_cost_by_ms": [
        8.432000160217285
    ],
    "child_model_run_time": [
        [
            8317880,
            8326312
        ]
    ],
    "execute_cost": 8.432000160217285,
    "finish_time": 8326323,
    "limit_cost_by_ms": 7.36133337020874,
    "model_name": "squeezenetv1",
    "recv_time": 8315599,
    "tag": "25",
    "total_cost_by_ms": 10.723999977111816,
    "wait_cost": 2.2919998168945313
}
