{
    "child_model_execute_cost_by_ms": [
        17.215999603271484,
        16.85300064086914,
        20.514999389648438
    ],
    "child_model_run_time": [
        [
            15679618,
            15696834
        ],
        [
            15696847,
            15713700
        ],
        [
            15713790,
            15734305
        ]
    ],
    "execute_cost": 54.58399963378906,
    "finish_time": 15734308,
    "limit_cost_by_ms": 47.50033187866211,
    "model_name": "vgg19",
    "recv_time": 15664260,
    "tag": "301",
    "total_cost_by_ms": 70.0479965209961,
    "wait_cost": 15.463996887207031
}
