{
    "child_model_execute_cost_by_ms": [
        9.795000076293945
    ],
    "child_model_run_time": [
        [
            20498670,
            20508465
        ]
    ],
    "execute_cost": 9.795000076293945,
    "finish_time": 20508471,
    "limit_cost_by_ms": 8.881999969482422,
    "model_name": "googlenet",
    "recv_time": 20490214,
    "tag": "480",
    "total_cost_by_ms": 18.256999969482422,
    "wait_cost": 8.461999893188477
}
