{
    "child_model_execute_cost_by_ms": [
        8.204999923706055
    ],
    "child_model_run_time": [
        [
            20554112,
            20562317
        ]
    ],
    "execute_cost": 8.204999923706055,
    "finish_time": 20562329,
    "limit_cost_by_ms": 7.36133337020874,
    "model_name": "squeezenetv1",
    "recv_time": 20553956,
    "tag": "482",
    "total_cost_by_ms": 8.373000144958496,
    "wait_cost": 0.1680002212524414
}
