{
    "child_model_execute_cost_by_ms": [
        18.375999450683594,
        17.583999633789063,
        21.36199951171875
    ],
    "child_model_run_time": [
        [
            30286251,
            30304627
        ],
        [
            30304714,
            30322298
        ],
        [
            30322380,
            30343742
        ]
    ],
    "execute_cost": 57.321998596191406,
    "finish_time": 30343748,
    "limit_cost_by_ms": 47.50033187866211,
    "model_name": "vgg19",
    "recv_time": 30286239,
    "tag": "836",
    "total_cost_by_ms": 57.50899887084961,
    "wait_cost": 0.18700027465820313
}
