{
    "child_model_execute_cost_by_ms": [
        10.255999565124512
    ],
    "child_model_run_time": [
        [
            32679530,
            32689786
        ]
    ],
    "execute_cost": 10.255999565124512,
    "finish_time": 32689801,
    "limit_cost_by_ms": 8.732333183288574,
    "model_name": "googlenet",
    "recv_time": 32665857,
    "tag": "923",
    "total_cost_by_ms": 23.944000244140625,
    "wait_cost": 13.688000679016113
}
