{
    "child_model_execute_cost_by_ms": [
        15.130999565124512,
        9.482000350952148
    ],
    "child_model_run_time": [
        [
            34441808,
            34456939
        ],
        [
            34466433,
            34475915
        ]
    ],
    "execute_cost": 24.612998962402344,
    "finish_time": 34475926,
    "limit_cost_by_ms": 18.983667373657227,
    "model_name": "resnet50",
    "recv_time": 34441638,
    "tag": "986",
    "total_cost_by_ms": 34.28799819946289,
    "wait_cost": 9.674999237060547
}
