{
    "child_model_execute_cost_by_ms": [
        14.829000473022461,
        8.829999923706055
    ],
    "child_model_run_time": [
        [
            11792486,
            11807315
        ],
        [
            11807349,
            11816179
        ]
    ],
    "execute_cost": 23.659000396728516,
    "finish_time": 11816183,
    "limit_cost_by_ms": 18.870332717895508,
    "model_name": "resnet50",
    "recv_time": 11792388,
    "tag": "174",
    "total_cost_by_ms": 23.795000076293945,
    "wait_cost": 0.1359996795654297
}
