{
    "child_model_execute_cost_by_ms": [
        9.817000389099121
    ],
    "child_model_run_time": [
        [
            13224820,
            13234637
        ]
    ],
    "execute_cost": 9.817000389099121,
    "finish_time": 13234643,
    "limit_cost_by_ms": 8.704667091369629,
    "model_name": "googlenet",
    "recv_time": 13224718,
    "tag": "235",
    "total_cost_by_ms": 9.925000190734863,
    "wait_cost": 0.10799980163574219
}
