{
    "child_model_execute_cost_by_ms": [
        9.741000175476074
    ],
    "child_model_run_time": [
        [
            8873109,
            8882850
        ]
    ],
    "execute_cost": 9.741000175476074,
    "finish_time": 8882856,
    "limit_cost_by_ms": 8.704667091369629,
    "model_name": "googlenet",
    "recv_time": 8872962,
    "tag": "47",
    "total_cost_by_ms": 9.894000053405762,
    "wait_cost": 0.1529998779296875
}
