{
    "child_model_execute_cost_by_ms": [
        8.288999557495117
    ],
    "child_model_run_time": [
        [
            14299424,
            14307713
        ]
    ],
    "execute_cost": 8.288999557495117,
    "finish_time": 14307719,
    "limit_cost_by_ms": 7.133333206176758,
    "model_name": "squeezenetv1",
    "recv_time": 14289914,
    "tag": "319",
    "total_cost_by_ms": 17.80500030517578,
    "wait_cost": 9.516000747680664
}
