{
    "child_model_execute_cost_by_ms": [
        19.011999130249023
    ],
    "child_model_run_time": [
        [
            14646332,
            14665344
        ]
    ],
    "execute_cost": 19.011999130249023,
    "finish_time": 14665348,
    "limit_cost_by_ms": 18.902666091918945,
    "model_name": "resnet50",
    "recv_time": 14646218,
    "tag": "336",
    "total_cost_by_ms": 19.1299991607666,
    "wait_cost": 0.11800003051757813
}
