{
    "child_model_execute_cost_by_ms": [
        45.90800094604492
    ],
    "child_model_run_time": [
        [
            14665885,
            14711793
        ]
    ],
    "execute_cost": 45.90800094604492,
    "finish_time": 14711797,
    "limit_cost_by_ms": 47.270668029785156,
    "model_name": "vgg19",
    "recv_time": 14665783,
    "tag": "337",
    "total_cost_by_ms": 46.013999938964844,
    "wait_cost": 0.10599899291992188
}
