{
    "child_model_execute_cost_by_ms": [
        10.15999984741211
    ],
    "child_model_run_time": [
        [
            14888063,
            14898223
        ]
    ],
    "execute_cost": 10.15999984741211,
    "finish_time": 14898229,
    "limit_cost_by_ms": 8.762999534606934,
    "model_name": "googlenet",
    "recv_time": 14887883,
    "tag": "347",
    "total_cost_by_ms": 10.345999717712402,
    "wait_cost": 0.18599987030029297
}
