{
    "child_model_execute_cost_by_ms": [
        10.664999961853027
    ],
    "child_model_run_time": [
        [
            16124856,
            16135521
        ]
    ],
    "execute_cost": 10.664999961853027,
    "finish_time": 16135526,
    "limit_cost_by_ms": 8.685999870300293,
    "model_name": "googlenet",
    "recv_time": 16124783,
    "tag": "395",
    "total_cost_by_ms": 10.743000030517578,
    "wait_cost": 0.07800006866455078
}
