{
    "child_model_execute_cost_by_ms": [
        18.589000701904297
    ],
    "child_model_run_time": [
        [
            17536673,
            17555262
        ]
    ],
    "execute_cost": 18.589000701904297,
    "finish_time": 17555267,
    "limit_cost_by_ms": 18.902666091918945,
    "model_name": "resnet50",
    "recv_time": 17536554,
    "tag": "473",
    "total_cost_by_ms": 18.71299934387207,
    "wait_cost": 0.12399864196777344
}
