{
    "child_model_execute_cost_by_ms": [
        19.19300079345703
    ],
    "child_model_run_time": [
        [
            20228581,
            20247774
        ]
    ],
    "execute_cost": 19.19300079345703,
    "finish_time": 20247785,
    "limit_cost_by_ms": 18.869667053222656,
    "model_name": "resnet50",
    "recv_time": 20228520,
    "tag": "589",
    "total_cost_by_ms": 19.264999389648438,
    "wait_cost": 0.07199859619140625
}
