{
    "child_model_execute_cost_by_ms": [
        46.3650016784668
    ],
    "child_model_run_time": [
        [
            22932409,
            22978774
        ]
    ],
    "execute_cost": 46.3650016784668,
    "finish_time": 22978780,
    "limit_cost_by_ms": 47.270668029785156,
    "model_name": "vgg19",
    "recv_time": 22932250,
    "tag": "726",
    "total_cost_by_ms": 46.529998779296875,
    "wait_cost": 0.16499710083007813
}
