{
    "child_model_execute_cost_by_ms": [
        10.751999855041504
    ],
    "child_model_run_time": [
        [
            23575084,
            23585836
        ]
    ],
    "execute_cost": 10.751999855041504,
    "finish_time": 23585844,
    "limit_cost_by_ms": 8.762999534606934,
    "model_name": "googlenet",
    "recv_time": 23549630,
    "tag": "755",
    "total_cost_by_ms": 36.2140007019043,
    "wait_cost": 25.46200180053711
}
