{
    "child_model_execute_cost_by_ms": [
        21.118999481201172
    ],
    "child_model_run_time": [
        [
            26482815,
            26503934
        ]
    ],
    "execute_cost": 21.118999481201172,
    "finish_time": 26503942,
    "limit_cost_by_ms": 18.902666091918945,
    "model_name": "resnet50",
    "recv_time": 26454727,
    "tag": "891",
    "total_cost_by_ms": 49.21500015258789,
    "wait_cost": 28.09600067138672
}
