{
    "child_model_execute_cost_by_ms": [
        9.960000038146973
    ],
    "child_model_run_time": [
        [
            9921277,
            9931237
        ]
    ],
    "execute_cost": 9.960000038146973,
    "finish_time": 9931240,
    "limit_cost_by_ms": 8.685999870300293,
    "model_name": "googlenet",
    "recv_time": 9868459,
    "tag": "99",
    "total_cost_by_ms": 62.78099822998047,
    "wait_cost": 52.82099914550781
}
