{
    "child_model_execute_cost_by_ms": [
        56.492000579833984
    ],
    "child_model_run_time": [
        [
            20534521,
            20591013
        ]
    ],
    "execute_cost": 56.492000579833984,
    "finish_time": 20591014,
    "limit_cost_by_ms": 46.5629997253418,
    "model_name": "vgg19",
    "recv_time": 20534470,
    "tag": "118",
    "total_cost_by_ms": 56.54399871826172,
    "wait_cost": 0.051998138427734375
}
