{
    "child_model_execute_cost_by_ms": [
        81.55799865722656
    ],
    "child_model_run_time": [
        [
            18106453,
            18188011
        ]
    ],
    "execute_cost": 81.55799865722656,
    "finish_time": 18188012,
    "limit_cost_by_ms": 46.5629997253418,
    "model_name": "vgg19",
    "recv_time": 18106366,
    "tag": "4",
    "total_cost_by_ms": 81.64600372314453,
    "wait_cost": 0.08800506591796875
}
