{
    "child_model_execute_cost_by_ms": [
        9.642999649047852
    ],
    "child_model_run_time": [
        [
            22637919,
            22647562
        ]
    ],
    "execute_cost": 9.642999649047852,
    "finish_time": 22647566,
    "limit_cost_by_ms": 5.946000099182129,
    "model_name": "yolov2",
    "recv_time": 22637822,
    "tag": "218",
    "total_cost_by_ms": 9.744000434875488,
    "wait_cost": 0.10100078582763672
}
