{
    "child_model_execute_cost_by_ms": [
        23.211000442504883
    ],
    "child_model_run_time": [
        [
            24847013,
            24870224
        ]
    ],
    "execute_cost": 23.211000442504883,
    "finish_time": 24870227,
    "limit_cost_by_ms": 8.782333374023438,
    "model_name": "googlenet",
    "recv_time": 24846962,
    "tag": "323",
    "total_cost_by_ms": 23.264999389648438,
    "wait_cost": 0.05399894714355469
}
