{
    "child_model_execute_cost_by_ms": [
        46.07500076293945
    ],
    "child_model_run_time": [
        [
            25991631,
            26037706
        ]
    ],
    "execute_cost": 46.07500076293945,
    "finish_time": 26037710,
    "limit_cost_by_ms": 6.9713335037231445,
    "model_name": "gpt128v2",
    "recv_time": 25991592,
    "tag": "377",
    "total_cost_by_ms": 46.11800003051758,
    "wait_cost": 0.042999267578125
}
