{
    "child_model_execute_cost_by_ms": [
        102.61900329589844
    ],
    "child_model_run_time": [
        [
            18100327,
            18202946
        ]
    ],
    "execute_cost": 102.61900329589844,
    "finish_time": 18202949,
    "limit_cost_by_ms": 6.9713335037231445,
    "model_name": "gpt128v2",
    "recv_time": 18100238,
    "tag": "2",
    "total_cost_by_ms": 102.71099853515625,
    "wait_cost": 0.0919952392578125
}
