{
    "child_model_execute_cost_by_ms": [
        18.365999221801758
    ],
    "child_model_run_time": [
        [
            26850503,
            26868869
        ]
    ],
    "execute_cost": 18.365999221801758,
    "finish_time": 26868872,
    "limit_cost_by_ms": 6.9713335037231445,
    "model_name": "gpt128v2",
    "recv_time": 26850469,
    "tag": "417",
    "total_cost_by_ms": 18.402999877929688,
    "wait_cost": 0.03700065612792969
}
