{
    "child_model_execute_cost_by_ms": [
        6.646999835968018
    ],
    "child_model_run_time": [
        [
            29894084,
            29900731
        ]
    ],
    "execute_cost": 6.646999835968018,
    "finish_time": 29900733,
    "limit_cost_by_ms": 5.946000099182129,
    "model_name": "yolov2",
    "recv_time": 29894034,
    "tag": "566",
    "total_cost_by_ms": 6.698999881744385,
    "wait_cost": 0.05200004577636719
}
