{
    "child_model_execute_cost_by_ms": [
        6.8520002365112305
    ],
    "child_model_run_time": [
        [
            30310615,
            30317467
        ]
    ],
    "execute_cost": 6.8520002365112305,
    "finish_time": 30317470,
    "limit_cost_by_ms": 5.946000099182129,
    "model_name": "yolov2",
    "recv_time": 30310605,
    "tag": "586",
    "total_cost_by_ms": 6.864999771118164,
    "wait_cost": 0.012999534606933594
}
