{
    "child_model_execute_cost_by_ms": [
        12.779000282287598
    ],
    "child_model_run_time": [
        [
            19333770,
            19346549
        ]
    ],
    "execute_cost": 12.779000282287598,
    "finish_time": 19346553,
    "limit_cost_by_ms": 6.9713335037231445,
    "model_name": "gpt128v2",
    "recv_time": 19333762,
    "tag": "60",
    "total_cost_by_ms": 12.791000366210938,
    "wait_cost": 0.012000083923339844
}
