{
    "child_model_execute_cost_by_ms": [
        35.17100143432617
    ],
    "child_model_run_time": [
        [
            31422906,
            31458077
        ]
    ],
    "execute_cost": 35.17100143432617,
    "finish_time": 31458080,
    "limit_cost_by_ms": 6.9713335037231445,
    "model_name": "gpt128v2",
    "recv_time": 31422899,
    "tag": "639",
    "total_cost_by_ms": 35.180999755859375,
    "wait_cost": 0.009998321533203125
}
