{
    "child_model_execute_cost_by_ms": [
        13.670000076293945
    ],
    "child_model_run_time": [
        [
            36617117,
            36630787
        ]
    ],
    "execute_cost": 13.670000076293945,
    "finish_time": 36630791,
    "limit_cost_by_ms": 6.9713335037231445,
    "model_name": "gpt128v2",
    "recv_time": 36617023,
    "tag": "887",
    "total_cost_by_ms": 13.767999649047852,
    "wait_cost": 0.09799957275390625
}
