{
    "child_model_execute_cost_by_ms": [
        68.26799774169922
    ],
    "child_model_run_time": [
        [
            37918101,
            37986369
        ]
    ],
    "execute_cost": 68.26799774169922,
    "finish_time": 37986372,
    "limit_cost_by_ms": 18.950332641601563,
    "model_name": "resnet50",
    "recv_time": 37918049,
    "tag": "950",
    "total_cost_by_ms": 68.322998046875,
    "wait_cost": 0.05500030517578125
}
