{
    "child_model_execute_cost_by_ms": [
        19.152999877929688
    ],
    "child_model_run_time": [
        [
            38779029,
            38798182
        ]
    ],
    "execute_cost": 19.152999877929688,
    "finish_time": 38798185,
    "limit_cost_by_ms": 18.950332641601563,
    "model_name": "resnet50",
    "recv_time": 38778969,
    "tag": "988",
    "total_cost_by_ms": 19.215999603271484,
    "wait_cost": 0.06299972534179688
}
