{
    "child_model_execute_cost_by_ms": [
        17.740999221801758,
        17.864999771118164,
        20.469999313354492
    ],
    "child_model_run_time": [
        [
            11286265,
            11304006
        ],
        [
            11327112,
            11344977
        ],
        [
            11353309,
            11373779
        ]
    ],
    "execute_cost": 56.07599639892578,
    "finish_time": 11373783,
    "limit_cost_by_ms": 47.43199920654297,
    "model_name": "vgg19",
    "recv_time": 10639711,
    "tag": "124",
    "total_cost_by_ms": 734.072021484375,
    "wait_cost": 677.9960327148438
}
