{
    "child_model_execute_cost_by_ms": [
        10.26099967956543
    ],
    "child_model_run_time": [
        [
            11480221,
            11490482
        ]
    ],
    "execute_cost": 10.26099967956543,
    "finish_time": 11490491,
    "limit_cost_by_ms": 8.862333297729492,
    "model_name": "googlenet",
    "recv_time": 11468204,
    "tag": "160",
    "total_cost_by_ms": 22.28700065612793,
    "wait_cost": 12.0260009765625
}
