{
    "child_model_execute_cost_by_ms": [
        18.941999435424805,
        17.47100067138672,
        20.63800048828125
    ],
    "child_model_run_time": [
        [
            14816549,
            14835491
        ],
        [
            14835522,
            14852993
        ],
        [
            14853017,
            14873655
        ]
    ],
    "execute_cost": 57.051002502441406,
    "finish_time": 14873661,
    "limit_cost_by_ms": 47.43199920654297,
    "model_name": "vgg19",
    "recv_time": 13716786,
    "tag": "248",
    "total_cost_by_ms": 1156.875,
    "wait_cost": 1099.823974609375
}
