{
    "child_model_execute_cost_by_ms": [
        19.486000061035156,
        17.69099998474121,
        20.520999908447266
    ],
    "child_model_run_time": [
        [
            15730722,
            15750208
        ],
        [
            15750291,
            15767982
        ],
        [
            15768070,
            15788591
        ]
    ],
    "execute_cost": 57.698001861572266,
    "finish_time": 15788599,
    "limit_cost_by_ms": 47.43199920654297,
    "model_name": "vgg19",
    "recv_time": 14477904,
    "tag": "279",
    "total_cost_by_ms": 1310.6949462890625,
    "wait_cost": 1252.9969482421875
}
