{
    "child_model_execute_cost_by_ms": [
        49.24700164794922
    ],
    "child_model_run_time": [
        [
            17631236,
            17680483
        ]
    ],
    "execute_cost": 49.24700164794922,
    "finish_time": 17680489,
    "limit_cost_by_ms": 47.375999450683594,
    "model_name": "vgg19",
    "recv_time": 17403162,
    "tag": "389",
    "total_cost_by_ms": 277.3269958496094,
    "wait_cost": 228.07998657226563
}
