{
    "child_model_execute_cost_by_ms": [
        18.23200035095215,
        18.267000198364258,
        22.357999801635742
    ],
    "child_model_run_time": [
        [
            22536749,
            22554981
        ],
        [
            22555016,
            22573283
        ],
        [
            22582220,
            22604578
        ]
    ],
    "execute_cost": 58.85700225830078,
    "finish_time": 22604582,
    "limit_cost_by_ms": 47.43199920654297,
    "model_name": "vgg19",
    "recv_time": 20157926,
    "tag": "507",
    "total_cost_by_ms": 2446.656005859375,
    "wait_cost": 2387.799072265625
}
