{
    "child_model_execute_cost_by_ms": [
        8.368000030517578
    ],
    "child_model_run_time": [
        [
            9531886,
            9540254
        ]
    ],
    "execute_cost": 8.368000030517578,
    "finish_time": 9540268,
    "limit_cost_by_ms": 7.361000061035156,
    "model_name": "squeezenetv1",
    "recv_time": 9519914,
    "tag": "79",
    "total_cost_by_ms": 20.354000091552734,
    "wait_cost": 11.986000061035156
}
