{
    "child_model_execute_cost_by_ms": [
        10.142999649047852
    ],
    "child_model_run_time": [
        [
            28321532,
            28331675
        ]
    ],
    "execute_cost": 10.142999649047852,
    "finish_time": 28331689,
    "limit_cost_by_ms": 8.862333297729492,
    "model_name": "googlenet",
    "recv_time": 28315729,
    "tag": "839",
    "total_cost_by_ms": 15.960000038146973,
    "wait_cost": 5.817000389099121
}
