{
    "child_model_execute_cost_by_ms": [
        10.791000366210938
    ],
    "child_model_run_time": [
        [
            27665780,
            27676571
        ]
    ],
    "execute_cost": 10.791000366210938,
    "finish_time": 27676587,
    "limit_cost_by_ms": 9.113666534423828,
    "model_name": "googlenet",
    "recv_time": 27648769,
    "tag": "805",
    "total_cost_by_ms": 27.81800079345703,
    "wait_cost": 17.027000427246094
}
