{
    "child_model_execute_cost_by_ms": [
        8.109999656677246
    ],
    "child_model_run_time": [
        [
            10629259,
            10637369
        ]
    ],
    "execute_cost": 8.109999656677246,
    "finish_time": 10637375,
    "limit_cost_by_ms": 7.132333278656006,
    "model_name": "squeezenetv1",
    "recv_time": 10621786,
    "tag": "115",
    "total_cost_by_ms": 15.58899974822998,
    "wait_cost": 7.479000091552734
}
