{
    "child_model_execute_cost_by_ms": [
        14.814000129699707,
        8.762999534606934
    ],
    "child_model_run_time": [
        [
            11963096,
            11977910
        ],
        [
            11977948,
            11986711
        ]
    ],
    "execute_cost": 23.57699966430664,
    "finish_time": 11986717,
    "limit_cost_by_ms": 18.808332443237305,
    "model_name": "resnet50",
    "recv_time": 11962992,
    "tag": "169",
    "total_cost_by_ms": 23.725000381469727,
    "wait_cost": 0.14800071716308594
}
