{
    "child_model_execute_cost_by_ms": [
        7.7769999504089355
    ],
    "child_model_run_time": [
        [
            29313036,
            29320813
        ]
    ],
    "execute_cost": 7.7769999504089355,
    "finish_time": 29320820,
    "limit_cost_by_ms": 7.253333568572998,
    "model_name": "squeezenetv1",
    "recv_time": 29312949,
    "tag": "807",
    "total_cost_by_ms": 7.870999813079834,
    "wait_cost": 0.09399986267089844
}
