{
    "child_model_execute_cost_by_ms": [
        18.95599937438965,
        18.224000930786133,
        20.020999908447266
    ],
    "child_model_run_time": [
        [
            32225535,
            32244491
        ],
        [
            32252225,
            32270449
        ],
        [
            32270564,
            32290585
        ]
    ],
    "execute_cost": 57.20100021362305,
    "finish_time": 32290590,
    "limit_cost_by_ms": 46.452667236328125,
    "model_name": "vgg19",
    "recv_time": 32225379,
    "tag": "918",
    "total_cost_by_ms": 65.21099853515625,
    "wait_cost": 8.009998321533203
}
