{
    "child_model_execute_cost_by_ms": [
        10.307000160217285
    ],
    "child_model_run_time": [
        [
            8043697,
            8054004
        ]
    ],
    "execute_cost": 10.307000160217285,
    "finish_time": 8054010,
    "limit_cost_by_ms": 8.806333541870117,
    "model_name": "googlenet",
    "recv_time": 8043531,
    "tag": "11",
    "total_cost_by_ms": 10.479000091552734,
    "wait_cost": 0.17199993133544922
}
