{
    "child_model_execute_cost_by_ms": [
        7.951000213623047
    ],
    "child_model_run_time": [
        [
            10317029,
            10324980
        ]
    ],
    "execute_cost": 7.951000213623047,
    "finish_time": 10324992,
    "limit_cost_by_ms": 7.156000137329102,
    "model_name": "squeezenetv1",
    "recv_time": 10307841,
    "tag": "112",
    "total_cost_by_ms": 17.150999069213867,
    "wait_cost": 9.19999885559082
}
