{
    "child_model_execute_cost_by_ms": [
        7.973999977111816
    ],
    "child_model_run_time": [
        [
            12616694,
            12624668
        ]
    ],
    "execute_cost": 7.973999977111816,
    "finish_time": 12624676,
    "limit_cost_by_ms": 7.156000137329102,
    "model_name": "squeezenetv1",
    "recv_time": 12616513,
    "tag": "212",
    "total_cost_by_ms": 8.163000106811523,
    "wait_cost": 0.18900012969970703
}
