{
    "child_model_execute_cost_by_ms": [
        14.9350004196167,
        8.720999717712402
    ],
    "child_model_run_time": [
        [
            13334153,
            13349088
        ],
        [
            13349138,
            13357859
        ]
    ],
    "execute_cost": 23.6560001373291,
    "finish_time": 13357864,
    "limit_cost_by_ms": 18.775667190551758,
    "model_name": "resnet50",
    "recv_time": 13334045,
    "tag": "244",
    "total_cost_by_ms": 23.819000244140625,
    "wait_cost": 0.16300010681152344
}
