{
    "child_model_execute_cost_by_ms": [
        13.729999542236328,
        8.220000267028809
    ],
    "child_model_run_time": [
        [
            18606795,
            18620525
        ],
        [
            18620560,
            18628780
        ]
    ],
    "execute_cost": 21.950000762939453,
    "finish_time": 18628785,
    "limit_cost_by_ms": 18.775667190551758,
    "model_name": "resnet50",
    "recv_time": 18606675,
    "tag": "477",
    "total_cost_by_ms": 22.110000610351563,
    "wait_cost": 0.15999984741210938
}
