{
    "child_model_execute_cost_by_ms": [
        8.222999572753906
    ],
    "child_model_run_time": [
        [
            28068910,
            28077133
        ]
    ],
    "execute_cost": 8.222999572753906,
    "finish_time": 28077144,
    "limit_cost_by_ms": 7.156000137329102,
    "model_name": "squeezenetv1",
    "recv_time": 28058441,
    "tag": "896",
    "total_cost_by_ms": 18.702999114990234,
    "wait_cost": 10.479999542236328
}
