{
    "child_model_execute_cost_by_ms": [
        19.033000946044922,
        16.767000198364258,
        19.257999420166016
    ],
    "child_model_run_time": [
        [
            28371302,
            28390335
        ],
        [
            28390380,
            28407147
        ],
        [
            28407247,
            28426505
        ]
    ],
    "execute_cost": 55.05800247192383,
    "finish_time": 28426510,
    "limit_cost_by_ms": 46.03499984741211,
    "model_name": "vgg19",
    "recv_time": 28371089,
    "tag": "910",
    "total_cost_by_ms": 55.42100143432617,
    "wait_cost": 0.36299896240234375
}
