{
    "child_model_execute_cost_by_ms": [
        9.704000473022461
    ],
    "child_model_run_time": [
        [
            11215520,
            11225224
        ]
    ],
    "execute_cost": 9.704000473022461,
    "finish_time": 11225227,
    "limit_cost_by_ms": 8.723333358764648,
    "model_name": "googlenet",
    "recv_time": 11215367,
    "tag": "166",
    "total_cost_by_ms": 9.859999656677246,
    "wait_cost": 0.15599918365478516
}
