{
    "child_model_execute_cost_by_ms": [
        10.050000190734863
    ],
    "child_model_run_time": [
        [
            11766454,
            11776504
        ]
    ],
    "execute_cost": 10.050000190734863,
    "finish_time": 11776510,
    "limit_cost_by_ms": 8.723333358764648,
    "model_name": "googlenet",
    "recv_time": 11766282,
    "tag": "194",
    "total_cost_by_ms": 10.227999687194824,
    "wait_cost": 0.17799949645996094
}
