{
    "child_model_execute_cost_by_ms": [
        10.347000122070313
    ],
    "child_model_run_time": [
        [
            16105689,
            16116036
        ]
    ],
    "execute_cost": 10.347000122070313,
    "finish_time": 16116041,
    "limit_cost_by_ms": 8.723333358764648,
    "model_name": "googlenet",
    "recv_time": 16089310,
    "tag": "412",
    "total_cost_by_ms": 26.731000900268555,
    "wait_cost": 16.384000778198242
}
