{
    "child_model_execute_cost_by_ms": [
        19.01300048828125
    ],
    "child_model_run_time": [
        [
            16437020,
            16456033
        ]
    ],
    "execute_cost": 19.01300048828125,
    "finish_time": 16456040,
    "limit_cost_by_ms": 18.747333526611328,
    "model_name": "resnet50",
    "recv_time": 16436890,
    "tag": "430",
    "total_cost_by_ms": 19.149999618530273,
    "wait_cost": 0.13699913024902344
}
