{
    "child_model_execute_cost_by_ms": [
        20.364999771118164
    ],
    "child_model_run_time": [
        [
            22657229,
            22677594
        ]
    ],
    "execute_cost": 20.364999771118164,
    "finish_time": 22677599,
    "limit_cost_by_ms": 18.747333526611328,
    "model_name": "resnet50",
    "recv_time": 22657074,
    "tag": "740",
    "total_cost_by_ms": 20.524999618530273,
    "wait_cost": 0.15999984741210938
}
