{
    "child_model_execute_cost_by_ms": [
        20.052000045776367
    ],
    "child_model_run_time": [
        [
            25188232,
            25208284
        ]
    ],
    "execute_cost": 20.052000045776367,
    "finish_time": 25208292,
    "limit_cost_by_ms": 18.747333526611328,
    "model_name": "resnet50",
    "recv_time": 25188207,
    "tag": "867",
    "total_cost_by_ms": 20.084999084472656,
    "wait_cost": 0.03299903869628906
}
