{
    "child_model_execute_cost_by_ms": [
        53.29899978637695
    ],
    "child_model_run_time": [
        [
            25327358,
            25380657
        ]
    ],
    "execute_cost": 53.29899978637695,
    "finish_time": 25380661,
    "limit_cost_by_ms": 47.063331604003906,
    "model_name": "vgg19",
    "recv_time": 25327199,
    "tag": "834",
    "total_cost_by_ms": 53.46200180053711,
    "wait_cost": 0.16300201416015625
}
