{
    "child_model_execute_cost_by_ms": [
        15.217000007629395,
        9.265000343322754
    ],
    "child_model_run_time": [
        [
            13166118,
            13181335
        ],
        [
            13181424,
            13190689
        ]
    ],
    "execute_cost": 24.48200035095215,
    "finish_time": 13190695,
    "limit_cost_by_ms": 19.06333351135254,
    "model_name": "resnet50",
    "recv_time": 13158730,
    "tag": "183",
    "total_cost_by_ms": 31.96500015258789,
    "wait_cost": 7.482999801635742
}
