{
    "child_model_execute_cost_by_ms": [
        18.711999893188477,
        17.141000747680664,
        19.829999923706055
    ],
    "child_model_run_time": [
        [
            9791513,
            9810225
        ],
        [
            9810319,
            9827460
        ],
        [
            9827569,
            9847399
        ]
    ],
    "execute_cost": 55.68299865722656,
    "finish_time": 9847402,
    "limit_cost_by_ms": 47.08766555786133,
    "model_name": "vgg19",
    "recv_time": 9778857,
    "tag": "66",
    "total_cost_by_ms": 68.54499816894531,
    "wait_cost": 12.86199951171875
}
