{
    "child_model_execute_cost_by_ms": [
        15.277999877929688,
        9.204000473022461
    ],
    "child_model_run_time": [
        [
            33530914,
            33546192
        ],
        [
            33546280,
            33555484
        ]
    ],
    "execute_cost": 24.48200035095215,
    "finish_time": 33555489,
    "limit_cost_by_ms": 19.06333351135254,
    "model_name": "resnet50",
    "recv_time": 33516853,
    "tag": "887",
    "total_cost_by_ms": 38.63600158691406,
    "wait_cost": 14.154001235961914
}
