{
    "child_model_execute_cost_by_ms": [
        10.663000106811523
    ],
    "child_model_run_time": [
        [
            13819294,
            13829957
        ]
    ],
    "execute_cost": 10.663000106811523,
    "finish_time": 13829962,
    "limit_cost_by_ms": 8.99233341217041,
    "model_name": "googlenet",
    "recv_time": 13798944,
    "tag": "245",
    "total_cost_by_ms": 31.01799964904785,
    "wait_cost": 20.354999542236328
}
