{
    "child_model_execute_cost_by_ms": [
        10.239999771118164
    ],
    "child_model_run_time": [
        [
            23185764,
            23196004
        ]
    ],
    "execute_cost": 10.239999771118164,
    "finish_time": 23196011,
    "limit_cost_by_ms": 8.99233341217041,
    "model_name": "googlenet",
    "recv_time": 23173514,
    "tag": "634",
    "total_cost_by_ms": 22.496999740600586,
    "wait_cost": 12.256999969482422
}
