{
    "child_model_execute_cost_by_ms": [
        7.5269999504089355
    ],
    "child_model_run_time": [
        [
            26674710,
            26682237
        ]
    ],
    "execute_cost": 7.5269999504089355,
    "finish_time": 26682241,
    "limit_cost_by_ms": 7.183666706085205,
    "model_name": "squeezenetv1",
    "recv_time": 26674701,
    "tag": "779",
    "total_cost_by_ms": 7.539999961853027,
    "wait_cost": 0.013000011444091797
}
