{
    "child_model_execute_cost_by_ms": [
        45.0989990234375
    ],
    "child_model_run_time": [
        [
            29931739,
            29976838
        ]
    ],
    "execute_cost": 45.0989990234375,
    "finish_time": 29976846,
    "limit_cost_by_ms": 47.33366775512695,
    "model_name": "vgg19",
    "recv_time": 29931568,
    "tag": "915",
    "total_cost_by_ms": 45.27799987792969,
    "wait_cost": 0.1790008544921875
}
