{
    "child_model_execute_cost_by_ms": [
        81.26699829101563
    ],
    "child_model_run_time": [
        [
            9341136,
            9422403
        ]
    ],
    "execute_cost": 81.26699829101563,
    "finish_time": 9422407,
    "limit_cost_by_ms": 7.4036664962768555,
    "model_name": "squeezenetv1",
    "recv_time": 9341049,
    "tag": "65",
    "total_cost_by_ms": 81.35800170898438,
    "wait_cost": 0.09100341796875
}
