{
    "child_model_execute_cost_by_ms": [
        45.2859992980957
    ],
    "child_model_run_time": [
        [
            23292168,
            23337454
        ]
    ],
    "execute_cost": 45.2859992980957,
    "finish_time": 23337457,
    "limit_cost_by_ms": 8.880999565124512,
    "model_name": "googlenet",
    "recv_time": 23292032,
    "tag": "685",
    "total_cost_by_ms": 45.42499923706055,
    "wait_cost": 0.13899993896484375
}
