{
    "child_model_execute_cost_by_ms": [
        69.41699981689453
    ],
    "child_model_run_time": [
        [
            29790236,
            29859653
        ]
    ],
    "execute_cost": 69.41699981689453,
    "finish_time": 29859655,
    "limit_cost_by_ms": 8.880999565124512,
    "model_name": "googlenet",
    "recv_time": 29790135,
    "tag": "968",
    "total_cost_by_ms": 69.5199966430664,
    "wait_cost": 0.102996826171875
}
