{
    "child_model_execute_cost_by_ms": [
        17.531999588012695
    ],
    "child_model_run_time": [
        [
            14323495,
            14341027
        ]
    ],
    "execute_cost": 17.531999588012695,
    "finish_time": 14341032,
    "limit_cost_by_ms": 8.880999565124512,
    "model_name": "googlenet",
    "recv_time": 14323342,
    "tag": "286",
    "total_cost_by_ms": 17.690000534057617,
    "wait_cost": 0.15800094604492188
}
