{
    "child_model_execute_cost_by_ms": [
        10.390999794006348
    ],
    "child_model_run_time": [
        [
            18325380,
            18335771
        ]
    ],
    "execute_cost": 10.390999794006348,
    "finish_time": 18335776,
    "limit_cost_by_ms": 8.880999565124512,
    "model_name": "googlenet",
    "recv_time": 18325368,
    "tag": "464",
    "total_cost_by_ms": 10.407999992370605,
    "wait_cost": 0.017000198364257813
}
