{
    "child_model_execute_cost_by_ms": [
        59.77799987792969
    ],
    "child_model_run_time": [
        [
            25072417,
            25132195
        ]
    ],
    "execute_cost": 59.77799987792969,
    "finish_time": 25132200,
    "limit_cost_by_ms": 7.4036664962768555,
    "model_name": "squeezenetv1",
    "recv_time": 25072266,
    "tag": "763",
    "total_cost_by_ms": 59.933998107910156,
    "wait_cost": 0.15599822998046875
}
