{
    "child_model_execute_cost_by_ms": [
        10.597000122070313
    ],
    "child_model_run_time": [
        [
            27332194,
            27342791
        ]
    ],
    "execute_cost": 10.597000122070313,
    "finish_time": 27342796,
    "limit_cost_by_ms": 8.880999565124512,
    "model_name": "googlenet",
    "recv_time": 27332069,
    "tag": "861",
    "total_cost_by_ms": 10.72700023651123,
    "wait_cost": 0.13000011444091797
}
