{
    "child_model_execute_cost_by_ms": [
        54.02199935913086
    ],
    "child_model_run_time": [
        [
            30092481,
            30146503
        ]
    ],
    "execute_cost": 54.02199935913086,
    "finish_time": 30146507,
    "limit_cost_by_ms": 18.96299934387207,
    "model_name": "resnet50",
    "recv_time": 30092328,
    "tag": "981",
    "total_cost_by_ms": 54.17900085449219,
    "wait_cost": 0.15700149536132813
}
