{
    "child_model_execute_cost_by_ms": [
        13.829000473022461,
        8.484999656677246
    ],
    "child_model_run_time": [
        [
            10487692,
            10501521
        ],
        [
            10501609,
            10510094
        ]
    ],
    "execute_cost": 22.31399917602539,
    "finish_time": 10510100,
    "limit_cost_by_ms": 18.79866600036621,
    "model_name": "resnet50",
    "recv_time": 10478768,
    "tag": "122",
    "total_cost_by_ms": 31.332000732421875,
    "wait_cost": 9.018001556396484
}
