{
    "child_model_execute_cost_by_ms": [
        13.942999839782715,
        8.571000099182129
    ],
    "child_model_run_time": [
        [
            10849210,
            10863153
        ],
        [
            10863236,
            10871807
        ]
    ],
    "execute_cost": 22.513999938964844,
    "finish_time": 10871812,
    "limit_cost_by_ms": 18.79866600036621,
    "model_name": "resnet50",
    "recv_time": 10832948,
    "tag": "137",
    "total_cost_by_ms": 38.86399841308594,
    "wait_cost": 16.349998474121094
}
