{
    "child_model_execute_cost_by_ms": [
        8.314000129699707
    ],
    "child_model_run_time": [
        [
            11338315,
            11346629
        ]
    ],
    "execute_cost": 8.314000129699707,
    "finish_time": 11346642,
    "limit_cost_by_ms": 7.351666450500488,
    "model_name": "squeezenetv1",
    "recv_time": 11320864,
    "tag": "158",
    "total_cost_by_ms": 25.777999877929688,
    "wait_cost": 17.464000701904297
}
