{
    "child_model_execute_cost_by_ms": [
        14.67199993133545,
        9.36400032043457
    ],
    "child_model_run_time": [
        [
            11495411,
            11510083
        ],
        [
            11518676,
            11528040
        ]
    ],
    "execute_cost": 24.035999298095703,
    "finish_time": 11528050,
    "limit_cost_by_ms": 18.79866600036621,
    "model_name": "resnet50",
    "recv_time": 11494285,
    "tag": "165",
    "total_cost_by_ms": 33.76499938964844,
    "wait_cost": 9.729000091552734
}
