{
    "child_model_execute_cost_by_ms": [
        8.326000213623047
    ],
    "child_model_run_time": [
        [
            12928089,
            12936415
        ]
    ],
    "execute_cost": 8.326000213623047,
    "finish_time": 12936421,
    "limit_cost_by_ms": 7.309999942779541,
    "model_name": "squeezenetv1",
    "recv_time": 12919432,
    "tag": "226",
    "total_cost_by_ms": 16.98900032043457,
    "wait_cost": 8.663000106811523
}
