{
    "child_model_execute_cost_by_ms": [
        10.109000205993652
    ],
    "child_model_run_time": [
        [
            14785423,
            14795532
        ]
    ],
    "execute_cost": 10.109000205993652,
    "finish_time": 14795543,
    "limit_cost_by_ms": 9.104999542236328,
    "model_name": "googlenet",
    "recv_time": 14764986,
    "tag": "304",
    "total_cost_by_ms": 30.55699920654297,
    "wait_cost": 20.447998046875
}
