{
    "child_model_execute_cost_by_ms": [
        19.135000228881836,
        18.48200035095215,
        21.715999603271484
    ],
    "child_model_run_time": [
        [
            15787648,
            15806783
        ],
        [
            15806878,
            15825360
        ],
        [
            15850768,
            15872484
        ]
    ],
    "execute_cost": 59.33300018310547,
    "finish_time": 15872492,
    "limit_cost_by_ms": 47.53733444213867,
    "model_name": "vgg19",
    "recv_time": 15770957,
    "tag": "346",
    "total_cost_by_ms": 101.53500366210938,
    "wait_cost": 42.202003479003906
}
