{
    "child_model_execute_cost_by_ms": [
        15.402999877929688,
        9.49899959564209
    ],
    "child_model_run_time": [
        [
            16002123,
            16017526
        ],
        [
            16017567,
            16027066
        ]
    ],
    "execute_cost": 24.902000427246094,
    "finish_time": 16027073,
    "limit_cost_by_ms": 18.79866600036621,
    "model_name": "resnet50",
    "recv_time": 15994826,
    "tag": "356",
    "total_cost_by_ms": 32.24700164794922,
    "wait_cost": 7.345001220703125
}
