{
    "child_model_execute_cost_by_ms": [
        8.454000473022461
    ],
    "child_model_run_time": [
        [
            16820772,
            16829226
        ]
    ],
    "execute_cost": 8.454000473022461,
    "finish_time": 16829231,
    "limit_cost_by_ms": 7.309999942779541,
    "model_name": "squeezenetv1",
    "recv_time": 16814074,
    "tag": "391",
    "total_cost_by_ms": 15.156999588012695,
    "wait_cost": 6.702999114990234
}
