{
    "child_model_execute_cost_by_ms": [
        19.388999938964844,
        19.851999282836914,
        25.01799964904785
    ],
    "child_model_run_time": [
        [
            7664049,
            7683438
        ],
        [
            7683522,
            7703374
        ],
        [
            7730107,
            7755125
        ]
    ],
    "execute_cost": 64.25899505615234,
    "finish_time": 7755136,
    "limit_cost_by_ms": 47.53733444213867,
    "model_name": "vgg19",
    "recv_time": 7663496,
    "tag": "4",
    "total_cost_by_ms": 91.63999938964844,
    "wait_cost": 27.381004333496094
}
