{
    "child_model_execute_cost_by_ms": [
        19.415000915527344,
        17.56399917602539,
        21.086999893188477
    ],
    "child_model_run_time": [
        [
            17404675,
            17424090
        ],
        [
            17424174,
            17441738
        ],
        [
            17441824,
            17462911
        ]
    ],
    "execute_cost": 58.066001892089844,
    "finish_time": 17462916,
    "limit_cost_by_ms": 47.53733444213867,
    "model_name": "vgg19",
    "recv_time": 17404453,
    "tag": "414",
    "total_cost_by_ms": 58.4630012512207,
    "wait_cost": 0.3969993591308594
}
