{
    "child_model_execute_cost_by_ms": [
        19.0,
        19.079999923706055,
        21.08099937438965
    ],
    "child_model_run_time": [
        [
            17696934,
            17715934
        ],
        [
            17740562,
            17759642
        ],
        [
            17767920,
            17789001
        ]
    ],
    "execute_cost": 59.16100311279297,
    "finish_time": 17789007,
    "limit_cost_by_ms": 47.30666732788086,
    "model_name": "vgg19",
    "recv_time": 17684587,
    "tag": "430",
    "total_cost_by_ms": 104.41999816894531,
    "wait_cost": 45.258995056152344
}
