{
    "child_model_execute_cost_by_ms": [
        9.616000175476074
    ],
    "child_model_run_time": [
        [
            18780283,
            18789899
        ]
    ],
    "execute_cost": 9.616000175476074,
    "finish_time": 18789907,
    "limit_cost_by_ms": 9.079000473022461,
    "model_name": "googlenet",
    "recv_time": 18772997,
    "tag": "463",
    "total_cost_by_ms": 16.90999984741211,
    "wait_cost": 7.293999671936035
}
