{
    "child_model_execute_cost_by_ms": [
        8.833000183105469
    ],
    "child_model_run_time": [
        [
            19657755,
            19666588
        ]
    ],
    "execute_cost": 8.833000183105469,
    "finish_time": 19666602,
    "limit_cost_by_ms": 7.351666450500488,
    "model_name": "squeezenetv1",
    "recv_time": 19645996,
    "tag": "506",
    "total_cost_by_ms": 20.606000900268555,
    "wait_cost": 11.773000717163086
}
