{
    "child_model_execute_cost_by_ms": [
        18.208999633789063,
        17.535999298095703,
        20.933000564575195
    ],
    "child_model_run_time": [
        [
            9033048,
            9051257
        ],
        [
            9061491,
            9079027
        ],
        [
            9103579,
            9124512
        ]
    ],
    "execute_cost": 56.678001403808594,
    "finish_time": 9124516,
    "limit_cost_by_ms": 47.30666732788086,
    "model_name": "vgg19",
    "recv_time": 9012522,
    "tag": "59",
    "total_cost_by_ms": 111.99400329589844,
    "wait_cost": 55.316001892089844
}
