{
    "child_model_execute_cost_by_ms": [
        7.701000213623047
    ],
    "child_model_run_time": [
        [
            22662230,
            22669931
        ]
    ],
    "execute_cost": 7.701000213623047,
    "finish_time": 22669936,
    "limit_cost_by_ms": 7.183666706085205,
    "model_name": "squeezenetv1",
    "recv_time": 22652203,
    "tag": "628",
    "total_cost_by_ms": 17.732999801635742,
    "wait_cost": 10.031999588012695
}
