{
    "child_model_execute_cost_by_ms": [
        8.315999984741211
    ],
    "child_model_run_time": [
        [
            23030937,
            23039253
        ]
    ],
    "execute_cost": 8.315999984741211,
    "finish_time": 23039267,
    "limit_cost_by_ms": 7.183666706085205,
    "model_name": "squeezenetv1",
    "recv_time": 23026540,
    "tag": "644",
    "total_cost_by_ms": 12.72700023651123,
    "wait_cost": 4.4110002517700195
}
