{
    "child_model_execute_cost_by_ms": [
        15.597999572753906,
        9.878000259399414
    ],
    "child_model_run_time": [
        [
            23198378,
            23213976
        ],
        [
            23224855,
            23234733
        ]
    ],
    "execute_cost": 25.47599983215332,
    "finish_time": 23234743,
    "limit_cost_by_ms": 18.79866600036621,
    "model_name": "resnet50",
    "recv_time": 23177305,
    "tag": "662",
    "total_cost_by_ms": 57.4379997253418,
    "wait_cost": 31.961999893188477
}
