{
    "child_model_execute_cost_by_ms": [
        10.42199993133545
    ],
    "child_model_run_time": [
        [
            25362855,
            25373277
        ]
    ],
    "execute_cost": 10.42199993133545,
    "finish_time": 25373290,
    "limit_cost_by_ms": 9.079000473022461,
    "model_name": "googlenet",
    "recv_time": 25353516,
    "tag": "740",
    "total_cost_by_ms": 19.77400016784668,
    "wait_cost": 9.35200023651123
}
