{
    "child_model_execute_cost_by_ms": [
        18.434999465942383,
        17.957000732421875,
        21.472999572753906
    ],
    "child_model_run_time": [
        [
            25712166,
            25730601
        ],
        [
            25730619,
            25748576
        ],
        [
            25782522,
            25803995
        ]
    ],
    "execute_cost": 57.86499786376953,
    "finish_time": 25804001,
    "limit_cost_by_ms": 47.30666732788086,
    "model_name": "vgg19",
    "recv_time": 25630646,
    "tag": "762",
    "total_cost_by_ms": 173.35499572753906,
    "wait_cost": 115.48999786376953
}
