{
    "child_model_execute_cost_by_ms": [
        17.927000045776367,
        17.516000747680664,
        21.809999465942383
    ],
    "child_model_run_time": [
        [
            26383640,
            26401567
        ],
        [
            26401602,
            26419118
        ],
        [
            26464576,
            26486386
        ]
    ],
    "execute_cost": 57.25299835205078,
    "finish_time": 26486392,
    "limit_cost_by_ms": 47.271331787109375,
    "model_name": "vgg19",
    "recv_time": 26379223,
    "tag": "782",
    "total_cost_by_ms": 107.16899871826172,
    "wait_cost": 49.91600036621094
}
