{
    "child_model_execute_cost_by_ms": [
        8.588000297546387
    ],
    "child_model_run_time": [
        [
            28055637,
            28064225
        ]
    ],
    "execute_cost": 8.588000297546387,
    "finish_time": 28064234,
    "limit_cost_by_ms": 7.183666706085205,
    "model_name": "squeezenetv1",
    "recv_time": 28036998,
    "tag": "850",
    "total_cost_by_ms": 27.236000061035156,
    "wait_cost": 18.647998809814453
}
