{
    "child_model_execute_cost_by_ms": [
        15.645999908447266,
        9.494999885559082
    ],
    "child_model_run_time": [
        [
            28750196,
            28765842
        ],
        [
            28765931,
            28775426
        ]
    ],
    "execute_cost": 25.14099884033203,
    "finish_time": 28775434,
    "limit_cost_by_ms": 18.79866600036621,
    "model_name": "resnet50",
    "recv_time": 28731516,
    "tag": "890",
    "total_cost_by_ms": 43.917999267578125,
    "wait_cost": 18.777000427246094
}
