{
    "child_model_execute_cost_by_ms": [
        8.449999809265137
    ],
    "child_model_run_time": [
        [
            29529688,
            29538138
        ]
    ],
    "execute_cost": 8.449999809265137,
    "finish_time": 29538151,
    "limit_cost_by_ms": 7.351666450500488,
    "model_name": "squeezenetv1",
    "recv_time": 29517705,
    "tag": "911",
    "total_cost_by_ms": 20.445999145507813,
    "wait_cost": 11.995999336242676
}
