{
    "child_model_execute_cost_by_ms": [
        8.75100040435791
    ],
    "child_model_run_time": [
        [
            30428763,
            30437514
        ]
    ],
    "execute_cost": 8.75100040435791,
    "finish_time": 30437525,
    "limit_cost_by_ms": 7.309999942779541,
    "model_name": "squeezenetv1",
    "recv_time": 30423178,
    "tag": "961",
    "total_cost_by_ms": 14.347000122070313,
    "wait_cost": 5.595999717712402
}
