{
    "child_model_execute_cost_by_ms": [
        19.125,
        17.809999465942383,
        20.736000061035156
    ],
    "child_model_run_time": [
        [
            31021454,
            31040579
        ],
        [
            31040671,
            31058481
        ],
        [
            31058570,
            31079306
        ]
    ],
    "execute_cost": 57.670997619628906,
    "finish_time": 31079310,
    "limit_cost_by_ms": 47.30666732788086,
    "model_name": "vgg19",
    "recv_time": 31013191,
    "tag": "986",
    "total_cost_by_ms": 66.11900329589844,
    "wait_cost": 8.448005676269531
}
