{
    "child_model_execute_cost_by_ms": [
        19.614999771118164,
        18.427000045776367,
        21.138999938964844
    ],
    "child_model_run_time": [
        [
            12813060,
            12832675
        ],
        [
            12832719,
            12851146
        ],
        [
            12859545,
            12880684
        ]
    ],
    "execute_cost": 59.180999755859375,
    "finish_time": 12880688,
    "limit_cost_by_ms": 46.044334411621094,
    "model_name": "vgg19",
    "recv_time": 12812870,
    "tag": "240",
    "total_cost_by_ms": 67.81800079345703,
    "wait_cost": 8.637001037597656
}
