{
    "child_model_execute_cost_by_ms": [
        9.470000267028809
    ],
    "child_model_run_time": [
        [
            10858527,
            10867997
        ]
    ],
    "execute_cost": 9.470000267028809,
    "finish_time": 10868003,
    "limit_cost_by_ms": 8.803999900817871,
    "model_name": "googlenet",
    "recv_time": 10858519,
    "tag": "126",
    "total_cost_by_ms": 9.484000205993652,
    "wait_cost": 0.01399993896484375
}
