{
    "child_model_execute_cost_by_ms": [
        7.716000080108643
    ],
    "child_model_run_time": [
        [
            9249813,
            9257529
        ]
    ],
    "execute_cost": 7.716000080108643,
    "finish_time": 9257534,
    "limit_cost_by_ms": 7.236666679382324,
    "model_name": "squeezenetv1",
    "recv_time": 9249803,
    "tag": "49",
    "total_cost_by_ms": 7.730999946594238,
    "wait_cost": 0.014999866485595703
}
