{
    "child_model_execute_cost_by_ms": [
        8.164999961853027
    ],
    "child_model_run_time": [
        [
            18904872,
            18913037
        ]
    ],
    "execute_cost": 8.164999961853027,
    "finish_time": 18913042,
    "limit_cost_by_ms": 7.236666679382324,
    "model_name": "squeezenetv1",
    "recv_time": 18904862,
    "tag": "515",
    "total_cost_by_ms": 8.180000305175781,
    "wait_cost": 0.015000343322753906
}
