{
    "child_model_execute_cost_by_ms": [
        9.47599983215332
    ],
    "child_model_run_time": [
        [
            15276271,
            15285747
        ]
    ],
    "execute_cost": 9.47599983215332,
    "finish_time": 15285752,
    "limit_cost_by_ms": 8.755332946777344,
    "model_name": "googlenet",
    "recv_time": 15273523,
    "tag": "321",
    "total_cost_by_ms": 12.229000091552734,
    "wait_cost": 2.753000259399414
}
