{
    "child_model_execute_cost_by_ms": [
        15.442999839782715,
        8.79800033569336
    ],
    "child_model_run_time": [
        [
            22103899,
            22119342
        ],
        [
            22119378,
            22128176
        ]
    ],
    "execute_cost": 24.24100112915039,
    "finish_time": 22128184,
    "limit_cost_by_ms": 19.045333862304688,
    "model_name": "resnet50",
    "recv_time": 22068113,
    "tag": "612",
    "total_cost_by_ms": 60.07099914550781,
    "wait_cost": 35.82999801635742
}
