{
    "child_model_execute_cost_by_ms": [
        44.58000183105469
    ],
    "child_model_run_time": [
        [
            32636094,
            32680674
        ]
    ],
    "execute_cost": 44.58000183105469,
    "finish_time": 32680680,
    "limit_cost_by_ms": 46.981998443603516,
    "model_name": "vgg19",
    "recv_time": 32636086,
    "tag": "997",
    "total_cost_by_ms": 44.59400177001953,
    "wait_cost": 0.01399993896484375
}
