{
    "child_model_execute_cost_by_ms": [
        14.656999588012695,
        8.548999786376953
    ],
    "child_model_run_time": [
        [
            19101701,
            19116358
        ],
        [
            19116448,
            19124997
        ]
    ],
    "execute_cost": 23.20599937438965,
    "finish_time": 19125001,
    "limit_cost_by_ms": 18.871334075927734,
    "model_name": "resnet50",
    "recv_time": 19101534,
    "tag": "424",
    "total_cost_by_ms": 23.466999053955078,
    "wait_cost": 0.2609996795654297
}
