{
    "child_model_execute_cost_by_ms": [
        8.357999801635742
    ],
    "child_model_run_time": [
        [
            26831331,
            26839689
        ]
    ],
    "execute_cost": 8.357999801635742,
    "finish_time": 26839694,
    "limit_cost_by_ms": 7.253333568572998,
    "model_name": "squeezenetv1",
    "recv_time": 26827042,
    "tag": "714",
    "total_cost_by_ms": 12.652000427246094,
    "wait_cost": 4.294000625610352
}
