{
    "child_model_execute_cost_by_ms": [
        7.997000217437744
    ],
    "child_model_run_time": [
        [
            27883197,
            27891194
        ]
    ],
    "execute_cost": 7.997000217437744,
    "finish_time": 27891206,
    "limit_cost_by_ms": 7.253333568572998,
    "model_name": "squeezenetv1",
    "recv_time": 27874180,
    "tag": "754",
    "total_cost_by_ms": 17.025999069213867,
    "wait_cost": 9.028999328613281
}
