{
    "child_model_execute_cost_by_ms": [
        10.336000442504883
    ],
    "child_model_run_time": [
        [
            10448749,
            10459085
        ]
    ],
    "execute_cost": 10.336000442504883,
    "finish_time": 10459095,
    "limit_cost_by_ms": 8.852666854858398,
    "model_name": "googlenet",
    "recv_time": 10441097,
    "tag": "117",
    "total_cost_by_ms": 17.99799919128418,
    "wait_cost": 7.661998748779297
}
