{
    "child_model_execute_cost_by_ms": [
        8.432999610900879
    ],
    "child_model_run_time": [
        [
            15731307,
            15739740
        ]
    ],
    "execute_cost": 8.432999610900879,
    "finish_time": 15739746,
    "limit_cost_by_ms": 7.188000202178955,
    "model_name": "squeezenetv1",
    "recv_time": 15722918,
    "tag": "346",
    "total_cost_by_ms": 16.827999114990234,
    "wait_cost": 8.394999504089355
}
