{
    "child_model_execute_cost_by_ms": [
        19.39299964904785
    ],
    "child_model_run_time": [
        [
            11420581,
            11439974
        ]
    ],
    "execute_cost": 19.39299964904785,
    "finish_time": 11439982,
    "limit_cost_by_ms": 18.882999420166016,
    "model_name": "resnet50",
    "recv_time": 11420469,
    "tag": "199",
    "total_cost_by_ms": 19.51300048828125,
    "wait_cost": 0.12000083923339844
}
