{
    "child_model_execute_cost_by_ms": [
        43.875
    ],
    "child_model_run_time": [
        [
            12272317,
            12316192
        ]
    ],
    "execute_cost": 43.875,
    "finish_time": 12316198,
    "limit_cost_by_ms": 46.97666549682617,
    "model_name": "vgg19",
    "recv_time": 12272300,
    "tag": "245",
    "total_cost_by_ms": 43.89799880981445,
    "wait_cost": 0.022998809814453125
}
