{
    "child_model_execute_cost_by_ms": [
        8.28600025177002
    ],
    "child_model_run_time": [
        [
            13033126,
            13041412
        ]
    ],
    "execute_cost": 8.28600025177002,
    "finish_time": 13041424,
    "limit_cost_by_ms": 7.243666648864746,
    "model_name": "squeezenetv1",
    "recv_time": 13032961,
    "tag": "285",
    "total_cost_by_ms": 8.463000297546387,
    "wait_cost": 0.1770000457763672
}
