{
    "child_model_execute_cost_by_ms": [
        8.07800006866455
    ],
    "child_model_run_time": [
        [
            13134505,
            13142583
        ]
    ],
    "execute_cost": 8.07800006866455,
    "finish_time": 13142590,
    "limit_cost_by_ms": 7.243666648864746,
    "model_name": "squeezenetv1",
    "recv_time": 13111695,
    "tag": "290",
    "total_cost_by_ms": 30.895000457763672,
    "wait_cost": 22.817001342773438
}
