{
    "child_model_execute_cost_by_ms": [
        18.856000900268555
    ],
    "child_model_run_time": [
        [
            13405751,
            13424607
        ]
    ],
    "execute_cost": 18.856000900268555,
    "finish_time": 13424612,
    "limit_cost_by_ms": 18.882999420166016,
    "model_name": "resnet50",
    "recv_time": 13405594,
    "tag": "306",
    "total_cost_by_ms": 19.01799964904785,
    "wait_cost": 0.16199874877929688
}
