{
    "child_model_execute_cost_by_ms": [
        8.071999549865723
    ],
    "child_model_run_time": [
        [
            13623263,
            13631335
        ]
    ],
    "execute_cost": 8.071999549865723,
    "finish_time": 13631342,
    "limit_cost_by_ms": 7.243666648864746,
    "model_name": "squeezenetv1",
    "recv_time": 13623251,
    "tag": "317",
    "total_cost_by_ms": 8.090999603271484,
    "wait_cost": 0.01900005340576172
}
