{
    "child_model_execute_cost_by_ms": [
        9.463000297546387
    ],
    "child_model_run_time": [
        [
            15096459,
            15105922
        ]
    ],
    "execute_cost": 9.463000297546387,
    "finish_time": 15105927,
    "limit_cost_by_ms": 8.777999877929688,
    "model_name": "googlenet",
    "recv_time": 15096226,
    "tag": "395",
    "total_cost_by_ms": 9.701000213623047,
    "wait_cost": 0.23799991607666016
}
