{
    "child_model_execute_cost_by_ms": [
        8.694000244140625
    ],
    "child_model_run_time": [
        [
            22122670,
            22131364
        ]
    ],
    "execute_cost": 8.694000244140625,
    "finish_time": 22131370,
    "limit_cost_by_ms": 7.243666648864746,
    "model_name": "squeezenetv1",
    "recv_time": 22116982,
    "tag": "765",
    "total_cost_by_ms": 14.387999534606934,
    "wait_cost": 5.693999290466309
}
