{
    "child_model_execute_cost_by_ms": [
        9.965999603271484
    ],
    "child_model_run_time": [
        [
            24338281,
            24348247
        ]
    ],
    "execute_cost": 9.965999603271484,
    "finish_time": 24348254,
    "limit_cost_by_ms": 8.777999877929688,
    "model_name": "googlenet",
    "recv_time": 24333937,
    "tag": "883",
    "total_cost_by_ms": 14.317000389099121,
    "wait_cost": 4.351000785827637
}
