{
    "child_model_execute_cost_by_ms": [
        44.540000915527344
    ],
    "child_model_run_time": [
        [
            23425904,
            23470444
        ]
    ],
    "execute_cost": 44.540000915527344,
    "finish_time": 23470450,
    "limit_cost_by_ms": 47.24300003051758,
    "model_name": "vgg19",
    "recv_time": 23425806,
    "tag": "786",
    "total_cost_by_ms": 44.64400100708008,
    "wait_cost": 0.10400009155273438
}
