{
    "child_model_execute_cost_by_ms": [
        46.90599822998047
    ],
    "child_model_run_time": [
        [
            25659298,
            25706204
        ]
    ],
    "execute_cost": 46.90599822998047,
    "finish_time": 25706214,
    "limit_cost_by_ms": 47.24300003051758,
    "model_name": "vgg19",
    "recv_time": 25659195,
    "tag": "898",
    "total_cost_by_ms": 47.01900100708008,
    "wait_cost": 0.11300277709960938
}
