{
    "child_model_execute_cost_by_ms": [
        20.722000122070313
    ],
    "child_model_run_time": [
        [
            9825080,
            9845802
        ]
    ],
    "execute_cost": 20.722000122070313,
    "finish_time": 9845808,
    "limit_cost_by_ms": 18.788000106811523,
    "model_name": "resnet50",
    "recv_time": 9824895,
    "tag": "105",
    "total_cost_by_ms": 20.913000106811523,
    "wait_cost": 0.19099998474121094
}
