{
    "child_model_execute_cost_by_ms": [
        8.946999549865723
    ],
    "child_model_run_time": [
        [
            16357319,
            16366266
        ]
    ],
    "execute_cost": 8.946999549865723,
    "finish_time": 16366272,
    "limit_cost_by_ms": 7.179333209991455,
    "model_name": "squeezenetv1",
    "recv_time": 16357305,
    "tag": "442",
    "total_cost_by_ms": 8.967000007629395,
    "wait_cost": 0.020000457763671875
}
