{
    "child_model_execute_cost_by_ms": [
        8.704000473022461
    ],
    "child_model_run_time": [
        [
            17097723,
            17106427
        ]
    ],
    "execute_cost": 8.704000473022461,
    "finish_time": 17106438,
    "limit_cost_by_ms": 7.179333209991455,
    "model_name": "squeezenetv1",
    "recv_time": 17097708,
    "tag": "480",
    "total_cost_by_ms": 8.729999542236328,
    "wait_cost": 0.025999069213867188
}
