{
    "child_model_execute_cost_by_ms": [
        10.937999725341797
    ],
    "child_model_run_time": [
        [
            18015385,
            18026323
        ]
    ],
    "execute_cost": 10.937999725341797,
    "finish_time": 18026330,
    "limit_cost_by_ms": 8.727999687194824,
    "model_name": "googlenet",
    "recv_time": 18000779,
    "tag": "525",
    "total_cost_by_ms": 25.551000595092773,
    "wait_cost": 14.613000869750977
}
