{
    "child_model_execute_cost_by_ms": [
        10.184000015258789
    ],
    "child_model_run_time": [
        [
            18035818,
            18046002
        ]
    ],
    "execute_cost": 10.184000015258789,
    "finish_time": 18046009,
    "limit_cost_by_ms": 8.727999687194824,
    "model_name": "googlenet",
    "recv_time": 18035720,
    "tag": "527",
    "total_cost_by_ms": 10.288999557495117,
    "wait_cost": 0.10499954223632813
}
