{
    "child_model_execute_cost_by_ms": [
        47.540000915527344
    ],
    "child_model_run_time": [
        [
            20292615,
            20340155
        ]
    ],
    "execute_cost": 47.540000915527344,
    "finish_time": 20340162,
    "limit_cost_by_ms": 46.701332092285156,
    "model_name": "vgg19",
    "recv_time": 20292492,
    "tag": "647",
    "total_cost_by_ms": 47.66999816894531,
    "wait_cost": 0.12999725341796875
}
