{
    "child_model_execute_cost_by_ms": [
        10.442000389099121
    ],
    "child_model_run_time": [
        [
            21127958,
            21138400
        ]
    ],
    "execute_cost": 10.442000389099121,
    "finish_time": 21138410,
    "limit_cost_by_ms": 8.727999687194824,
    "model_name": "googlenet",
    "recv_time": 21127878,
    "tag": "690",
    "total_cost_by_ms": 10.531999588012695,
    "wait_cost": 0.08999919891357422
}
