{
    "child_model_execute_cost_by_ms": [
        18.878000259399414
    ],
    "child_model_run_time": [
        [
            11744410,
            11763288
        ]
    ],
    "execute_cost": 18.878000259399414,
    "finish_time": 11763293,
    "limit_cost_by_ms": 18.80933380126953,
    "model_name": "resnet50",
    "recv_time": 11744248,
    "tag": "199",
    "total_cost_by_ms": 19.045000076293945,
    "wait_cost": 0.16699981689453125
}
