{
    "child_model_execute_cost_by_ms": [
        20.64699935913086
    ],
    "child_model_run_time": [
        [
            12846684,
            12867331
        ]
    ],
    "execute_cost": 20.64699935913086,
    "finish_time": 12867338,
    "limit_cost_by_ms": 18.80933380126953,
    "model_name": "resnet50",
    "recv_time": 12834466,
    "tag": "254",
    "total_cost_by_ms": 32.87200164794922,
    "wait_cost": 12.22500228881836
}
