{
    "child_model_execute_cost_by_ms": [
        8.032999992370605
    ],
    "child_model_run_time": [
        [
            9264463,
            9272496
        ]
    ],
    "execute_cost": 8.032999992370605,
    "finish_time": 9272502,
    "limit_cost_by_ms": 7.131666660308838,
    "model_name": "squeezenetv1",
    "recv_time": 9264269,
    "tag": "74",
    "total_cost_by_ms": 8.232999801635742,
    "wait_cost": 0.19999980926513672
}
