kind, gpt128v2, yolov2, googlenet, resnet50, vgg19, total
DLIR, 1.192374975543707, 1.299337313529504, 1.2298832321607813, 1.5746927053541093, 1.5877671986495032, 1.192374975543707
OYST, 1.241768782117836, 1.206106029273511, 1.0898369703513109, 1.4642207887048106, 2.9917695094058363, 1.0898369703513109
ClockWork, 1.330637026485528, 1.0960114959759322, 1.1161771973216021, 1.062504143095859, 1.0, 1.0
PREMA, 1.1941998018396613, 1.0990558214656132, 1.1578536556391401, 1.0323880195465367, 1.0, 1.0
MPS, 1.3465172774624448, 1.0805380619643092, 1.1500000276587683, 1.0789907265688305, 1.0, 1.0
