kind, gpt128v2, yolov2, googlenet, resnet50, vgg19, total
DLIR, 3.1184353966954346, 2.898232934516704, 2.9882035269342038, 2.9037023602574803, 4.807973477460306, 3.3414052680556194
OYST, 3.1281994313125434, 2.8484058044858576, 2.8371481376511682, 2.926032585648051, 9.602175705731698, 4.261716189845781
ClockWork, 4.921490189728414, 6.2771345090427175, 4.091061992533314, 2.2515689625884145, 1.148842228939351, 3.739122303300092
PREMA, 3.84171411362886, 3.8064627813236966, 4.097137607215785, 2.5893230377306264, 1.2152763468777243, 3.1113568240461946
MPS, 7.9785442723640605, 6.314334945334637, 5.082872460441048, 2.8367543139149127, 1.1805676278181598, 4.680270910660655
