kind, gpt128v2, yolov2, googlenet, resnet50, vgg19, total
DLIR, 5.9858273458358076, 4.679549575557323, 8.259287246635157, 5.326749902156008, 8.110108385995318, 8.259287246635157
OYST, 5.200076123088198, 4.87707963338798, 5.64407786267958, 4.674939946684944, 19.3798516279765, 19.3798516279765
ClockWork, 11.593044026564755, 13.979397022795744, 11.035713841831802, 4.6517277032570545, 2.557713226317258, 13.979397022795744
PREMA, 10.163045581875387, 9.010643988045098, 9.670009346194036, 5.7816764617295835, 2.476620764361506, 10.163045581875387
MPS, 21.83286686564277, 15.537544125501134, 13.681670368331817, 6.728898549606211, 2.4776292691090296, 21.83286686564277
