kind, gpt128v2, yolov2, googlenet, resnet50, vgg19, total
DLIR, 0.8440615512555593, 0.8014627078470988, 1.1921762568494259, 0.8231099095824294, 1.280997918671614, 1.247036206861076
OYST, 0.8648209678929735, 0.8014781195282932, 1.0553519031119252, 0.7693181999680024, 4.4793765514073645, 3.420193327598396
ClockWork, 2.4644941917662364, 2.9246228736318267, 2.101508677657394, 0.9520688685960662, 0.2262445952676912, 2.7131321607167704
PREMA, 2.0418474110510596, 2.016026864731546, 2.310765972414924, 1.4180658560828667, 0.2993983787346328, 2.0719934185310995
MPS, 4.701734356220991, 3.4073605483535183, 2.7272492829090624, 1.3001070988617773, 0.24166712644206637, 3.7968881562796537
