{
    "child_model_execute_cost_by_ms": [
        8.746999740600586
    ],
    "child_model_run_time": [
        [
            14182917,
            14191664
        ]
    ],
    "execute_cost": 8.746999740600586,
    "finish_time": 14191676,
    "limit_cost_by_ms": 7.145666599273682,
    "model_name": "squeezenetv1",
    "recv_time": 14170841,
    "tag": "322",
    "total_cost_by_ms": 20.834999084472656,
    "wait_cost": 12.08799934387207
}
