{
    "child_model_execute_cost_by_ms": [
        43.91299819946289
    ],
    "child_model_run_time": [
        [
            17149479,
            17193392
        ]
    ],
    "execute_cost": 43.91299819946289,
    "finish_time": 17193399,
    "limit_cost_by_ms": 47.15800094604492,
    "model_name": "vgg19",
    "recv_time": 17149309,
    "tag": "472",
    "total_cost_by_ms": 44.09000015258789,
    "wait_cost": 0.177001953125
}
