{
    "child_model_execute_cost_by_ms": [
        20.884000778198242
    ],
    "child_model_run_time": [
        [
            18701349,
            18722233
        ]
    ],
    "execute_cost": 20.884000778198242,
    "finish_time": 18722242,
    "limit_cost_by_ms": 19.128000259399414,
    "model_name": "resnet50",
    "recv_time": 18688893,
    "tag": "549",
    "total_cost_by_ms": 33.3489990234375,
    "wait_cost": 12.464998245239258
}
