{
    "child_model_execute_cost_by_ms": [
        8.697999954223633
    ],
    "child_model_run_time": [
        [
            19635667,
            19644365
        ]
    ],
    "execute_cost": 8.697999954223633,
    "finish_time": 19644376,
    "limit_cost_by_ms": 7.145666599273682,
    "model_name": "squeezenetv1",
    "recv_time": 19613907,
    "tag": "597",
    "total_cost_by_ms": 30.4689998626709,
    "wait_cost": 21.770999908447266
}
