{
    "child_model_execute_cost_by_ms": [
        19.621999740600586
    ],
    "child_model_run_time": [
        [
            7993729,
            8013351
        ]
    ],
    "execute_cost": 19.621999740600586,
    "finish_time": 8013356,
    "limit_cost_by_ms": 19.128000259399414,
    "model_name": "resnet50",
    "recv_time": 7993562,
    "tag": "10",
    "total_cost_by_ms": 19.79400062561035,
    "wait_cost": 0.17200088500976563
}
