{
    "child_model_execute_cost_by_ms": [
        8.213000297546387
    ],
    "child_model_run_time": [
        [
            12101019,
            12109232
        ]
    ],
    "execute_cost": 8.213000297546387,
    "finish_time": 12109238,
    "limit_cost_by_ms": 7.260666847229004,
    "model_name": "squeezenetv1",
    "recv_time": 12092001,
    "tag": "156",
    "total_cost_by_ms": 17.23699951171875,
    "wait_cost": 9.023999214172363
}
