{
    "child_model_execute_cost_by_ms": [
        8.015999794006348
    ],
    "child_model_run_time": [
        [
            13325259,
            13333275
        ]
    ],
    "execute_cost": 8.015999794006348,
    "finish_time": 13333288,
    "limit_cost_by_ms": 7.260666847229004,
    "model_name": "squeezenetv1",
    "recv_time": 13308958,
    "tag": "201",
    "total_cost_by_ms": 24.329999923706055,
    "wait_cost": 16.31399917602539
}
