{
    "child_model_execute_cost_by_ms": [
        14.810999870300293,
        8.732999801635742
    ],
    "child_model_run_time": [
        [
            17163223,
            17178034
        ],
        [
            17178126,
            17186859
        ]
    ],
    "execute_cost": 23.54399871826172,
    "finish_time": 17186864,
    "limit_cost_by_ms": 18.81766700744629,
    "model_name": "resnet50",
    "recv_time": 17163024,
    "tag": "343",
    "total_cost_by_ms": 23.84000015258789,
    "wait_cost": 0.2960014343261719
}
