{
    "child_model_execute_cost_by_ms": [
        18.72599983215332,
        19.01300048828125,
        19.93000030517578
    ],
    "child_model_run_time": [
        [
            34217694,
            34236420
        ],
        [
            34259913,
            34278926
        ],
        [
            34278973,
            34298903
        ]
    ],
    "execute_cost": 57.66899871826172,
    "finish_time": 34298911,
    "limit_cost_by_ms": 46.553001403808594,
    "model_name": "vgg19",
    "recv_time": 34217554,
    "tag": "972",
    "total_cost_by_ms": 81.35700225830078,
    "wait_cost": 23.688003540039063
}
