{
    "child_model_execute_cost_by_ms": [
        45.06700134277344
    ],
    "child_model_run_time": [
        [
            10552662,
            10597729
        ]
    ],
    "execute_cost": 45.06700134277344,
    "finish_time": 10597737,
    "limit_cost_by_ms": 47.086334228515625,
    "model_name": "vgg19",
    "recv_time": 10550200,
    "tag": "131",
    "total_cost_by_ms": 47.5369987487793,
    "wait_cost": 2.4699974060058594
}
