{
    "child_model_execute_cost_by_ms": [
        7.625
    ],
    "child_model_run_time": [
        [
            12228427,
            12236052
        ]
    ],
    "execute_cost": 7.625,
    "finish_time": 12236056,
    "limit_cost_by_ms": 7.314333438873291,
    "model_name": "squeezenetv1",
    "recv_time": 12228357,
    "tag": "211",
    "total_cost_by_ms": 7.698999881744385,
    "wait_cost": 0.07399988174438477
}
