{
    "child_model_execute_cost_by_ms": [
        19.211999893188477
    ],
    "child_model_run_time": [
        [
            16086109,
            16105321
        ]
    ],
    "execute_cost": 19.211999893188477,
    "finish_time": 16105328,
    "limit_cost_by_ms": 18.922332763671875,
    "model_name": "resnet50",
    "recv_time": 16085989,
    "tag": "396",
    "total_cost_by_ms": 19.339000701904297,
    "wait_cost": 0.1270008087158203
}
