{
    "child_model_execute_cost_by_ms": [
        8.512999534606934
    ],
    "child_model_run_time": [
        [
            23326077,
            23334590
        ]
    ],
    "execute_cost": 8.512999534606934,
    "finish_time": 23334595,
    "limit_cost_by_ms": 7.084333419799805,
    "model_name": "squeezenetv1",
    "recv_time": 23325970,
    "tag": "696",
    "total_cost_by_ms": 8.625,
    "wait_cost": 0.1120004653930664
}
