{
    "child_model_execute_cost_by_ms": [
        20.392000198364258
    ],
    "child_model_run_time": [
        [
            23335245,
            23355637
        ]
    ],
    "execute_cost": 20.392000198364258,
    "finish_time": 23355643,
    "limit_cost_by_ms": 18.65133285522461,
    "model_name": "resnet50",
    "recv_time": 23335138,
    "tag": "697",
    "total_cost_by_ms": 20.5049991607666,
    "wait_cost": 0.11299896240234375
}
