{
    "child_model_execute_cost_by_ms": [
        8.512999534606934
    ],
    "child_model_run_time": [
        [
            14584005,
            14592518
        ]
    ],
    "execute_cost": 8.512999534606934,
    "finish_time": 14592525,
    "limit_cost_by_ms": 7.138000011444092,
    "model_name": "squeezenetv1",
    "recv_time": 14580475,
    "tag": "296",
    "total_cost_by_ms": 12.050000190734863,
    "wait_cost": 3.5370006561279297
}
