{
    "child_model_execute_cost_by_ms": [
        9.769000053405762
    ],
    "child_model_run_time": [
        [
            9355374,
            9365143
        ]
    ],
    "execute_cost": 9.769000053405762,
    "finish_time": 9365155,
    "limit_cost_by_ms": 8.680333137512207,
    "model_name": "googlenet",
    "recv_time": 9343395,
    "tag": "68",
    "total_cost_by_ms": 21.760000228881836,
    "wait_cost": 11.991000175476074
}
