{
    "child_model_execute_cost_by_ms": [
        8.071000099182129
    ],
    "child_model_run_time": [
        [
            27354424,
            27362495
        ]
    ],
    "execute_cost": 8.071000099182129,
    "finish_time": 27362502,
    "limit_cost_by_ms": 7.138000011444092,
    "model_name": "squeezenetv1",
    "recv_time": 27354225,
    "tag": "854",
    "total_cost_by_ms": 8.277000427246094,
    "wait_cost": 0.20600032806396484
}
