{
    "child_model_execute_cost_by_ms": [
        9.62600040435791
    ],
    "child_model_run_time": [
        [
            9763608,
            9773234
        ]
    ],
    "execute_cost": 9.62600040435791,
    "finish_time": 9773242,
    "limit_cost_by_ms": 9.138333320617676,
    "model_name": "googlenet",
    "recv_time": 9763442,
    "tag": "119",
    "total_cost_by_ms": 9.800000190734863,
    "wait_cost": 0.17399978637695313
}
