{
    "child_model_execute_cost_by_ms": [
        8.439000129699707
    ],
    "child_model_run_time": [
        [
            10052683,
            10061122
        ]
    ],
    "execute_cost": 8.439000129699707,
    "finish_time": 10061136,
    "limit_cost_by_ms": 7.216333389282227,
    "model_name": "squeezenetv1",
    "recv_time": 10037604,
    "tag": "122",
    "total_cost_by_ms": 23.531999588012695,
    "wait_cost": 15.092999458312988
}
