{
    "child_model_execute_cost_by_ms": [
        8.621000289916992
    ],
    "child_model_run_time": [
        [
            10007906,
            10016527
        ]
    ],
    "execute_cost": 8.621000289916992,
    "finish_time": 10016538,
    "limit_cost_by_ms": 7.35099983215332,
    "model_name": "squeezenetv1",
    "recv_time": 9963128,
    "tag": "131",
    "total_cost_by_ms": 53.40999984741211,
    "wait_cost": 44.78900146484375
}
