{
    "child_model_execute_cost_by_ms": [
        7.886000156402588
    ],
    "child_model_run_time": [
        [
            11642496,
            11650382
        ]
    ],
    "execute_cost": 7.886000156402588,
    "finish_time": 11650389,
    "limit_cost_by_ms": 7.35099983215332,
    "model_name": "squeezenetv1",
    "recv_time": 11642387,
    "tag": "223",
    "total_cost_by_ms": 8.001999855041504,
    "wait_cost": 0.11599969863891602
}
