{
    "child_model_execute_cost_by_ms": [
        21.209999084472656
    ],
    "child_model_run_time": [
        [
            14331585,
            14352795
        ]
    ],
    "execute_cost": 21.209999084472656,
    "finish_time": 14352803,
    "limit_cost_by_ms": 18.829334259033203,
    "model_name": "resnet50",
    "recv_time": 14287099,
    "tag": "370",
    "total_cost_by_ms": 65.7040023803711,
    "wait_cost": 44.49400329589844
}
