{
    "child_model_execute_cost_by_ms": [
        20.159000396728516
    ],
    "child_model_run_time": [
        [
            17612939,
            17633098
        ]
    ],
    "execute_cost": 20.159000396728516,
    "finish_time": 17633108,
    "limit_cost_by_ms": 18.905000686645508,
    "model_name": "resnet50",
    "recv_time": 17612772,
    "tag": "536",
    "total_cost_by_ms": 20.336000442504883,
    "wait_cost": 0.1770000457763672
}
