{
    "child_model_execute_cost_by_ms": [
        10.032999992370605
    ],
    "child_model_run_time": [
        [
            18185215,
            18195248
        ]
    ],
    "execute_cost": 10.032999992370605,
    "finish_time": 18195253,
    "limit_cost_by_ms": 9.138333320617676,
    "model_name": "googlenet",
    "recv_time": 18169366,
    "tag": "580",
    "total_cost_by_ms": 25.886999130249023,
    "wait_cost": 15.853999137878418
}
