{
    "child_model_execute_cost_by_ms": [
        8.005000114440918
    ],
    "child_model_run_time": [
        [
            18195568,
            18203573
        ]
    ],
    "execute_cost": 8.005000114440918,
    "finish_time": 18203582,
    "limit_cost_by_ms": 7.35099983215332,
    "model_name": "squeezenetv1",
    "recv_time": 18195556,
    "tag": "581",
    "total_cost_by_ms": 8.026000022888184,
    "wait_cost": 0.020999908447265625
}
