{
    "child_model_execute_cost_by_ms": [
        8.185999870300293
    ],
    "child_model_run_time": [
        [
            18280267,
            18288453
        ]
    ],
    "execute_cost": 8.185999870300293,
    "finish_time": 18288460,
    "limit_cost_by_ms": 7.35099983215332,
    "model_name": "squeezenetv1",
    "recv_time": 18280175,
    "tag": "585",
    "total_cost_by_ms": 8.28499984741211,
    "wait_cost": 0.0989999771118164
}
