{
    "child_model_execute_cost_by_ms": [
        8.215999603271484
    ],
    "child_model_run_time": [
        [
            9102725,
            9110941
        ]
    ],
    "execute_cost": 8.215999603271484,
    "finish_time": 9110954,
    "limit_cost_by_ms": 7.35099983215332,
    "model_name": "squeezenetv1",
    "recv_time": 9083347,
    "tag": "83",
    "total_cost_by_ms": 27.60700035095215,
    "wait_cost": 19.391000747680664
}
