{
    "child_model_execute_cost_by_ms": [
        8.17199993133545
    ],
    "child_model_run_time": [
        [
            23821051,
            23829223
        ]
    ],
    "execute_cost": 8.17199993133545,
    "finish_time": 23829231,
    "limit_cost_by_ms": 7.35099983215332,
    "model_name": "squeezenetv1",
    "recv_time": 23820953,
    "tag": "884",
    "total_cost_by_ms": 8.277999877929688,
    "wait_cost": 0.10599994659423828
}
