{
    "child_model_execute_cost_by_ms": [
        9.947999954223633
    ],
    "child_model_run_time": [
        [
            10398801,
            10408749
        ]
    ],
    "execute_cost": 9.947999954223633,
    "finish_time": 10408761,
    "limit_cost_by_ms": 9.062333106994629,
    "model_name": "googlenet",
    "recv_time": 10398636,
    "tag": "125",
    "total_cost_by_ms": 10.125,
    "wait_cost": 0.1770000457763672
}
