{
    "child_model_execute_cost_by_ms": [
        15.10099983215332,
        8.694000244140625
    ],
    "child_model_run_time": [
        [
            11737766,
            11752867
        ],
        [
            11752960,
            11761654
        ]
    ],
    "execute_cost": 23.795000076293945,
    "finish_time": 11761661,
    "limit_cost_by_ms": 18.93600082397461,
    "model_name": "resnet50",
    "recv_time": 11737653,
    "tag": "183",
    "total_cost_by_ms": 24.007999420166016,
    "wait_cost": 0.2129993438720703
}
