{
    "child_model_execute_cost_by_ms": [
        14.715999603271484,
        8.92199993133545
    ],
    "child_model_run_time": [
        [
            13245093,
            13259809
        ],
        [
            13259854,
            13268776
        ]
    ],
    "execute_cost": 23.63800048828125,
    "finish_time": 13268781,
    "limit_cost_by_ms": 18.93600082397461,
    "model_name": "resnet50",
    "recv_time": 13245078,
    "tag": "250",
    "total_cost_by_ms": 23.702999114990234,
    "wait_cost": 0.06499862670898438
}
