{
    "child_model_execute_cost_by_ms": [
        9.78499984741211
    ],
    "child_model_run_time": [
        [
            14884305,
            14894090
        ]
    ],
    "execute_cost": 9.78499984741211,
    "finish_time": 14894102,
    "limit_cost_by_ms": 9.062333106994629,
    "model_name": "googlenet",
    "recv_time": 14878438,
    "tag": "323",
    "total_cost_by_ms": 15.663999557495117,
    "wait_cost": 5.878999710083008
}
