{
    "child_model_execute_cost_by_ms": [
        15.416999816894531,
        9.130000114440918
    ],
    "child_model_run_time": [
        [
            8381991,
            8397408
        ],
        [
            8405701,
            8414831
        ]
    ],
    "execute_cost": 24.547000885009766,
    "finish_time": 8414836,
    "limit_cost_by_ms": 18.93600082397461,
    "model_name": "resnet50",
    "recv_time": 8367887,
    "tag": "37",
    "total_cost_by_ms": 46.94900131225586,
    "wait_cost": 22.402000427246094
}
