{
    "child_model_execute_cost_by_ms": [
        7.879000186920166
    ],
    "child_model_run_time": [
        [
            17216502,
            17224381
        ]
    ],
    "execute_cost": 7.879000186920166,
    "finish_time": 17224392,
    "limit_cost_by_ms": 7.214000225067139,
    "model_name": "squeezenetv1",
    "recv_time": 17207060,
    "tag": "430",
    "total_cost_by_ms": 17.332000732421875,
    "wait_cost": 9.453001022338867
}
