{
    "child_model_execute_cost_by_ms": [
        14.779000282287598,
        8.822999954223633
    ],
    "child_model_run_time": [
        [
            20022225,
            20037004
        ],
        [
            20037054,
            20045877
        ]
    ],
    "execute_cost": 23.602001190185547,
    "finish_time": 20045883,
    "limit_cost_by_ms": 18.93600082397461,
    "model_name": "resnet50",
    "recv_time": 20022157,
    "tag": "554",
    "total_cost_by_ms": 23.72599983215332,
    "wait_cost": 0.12399864196777344
}
