{
    "child_model_execute_cost_by_ms": [
        14.73799991607666,
        8.484999656677246
    ],
    "child_model_run_time": [
        [
            21905505,
            21920243
        ],
        [
            21920333,
            21928818
        ]
    ],
    "execute_cost": 23.222999572753906,
    "finish_time": 21928823,
    "limit_cost_by_ms": 19.00200080871582,
    "model_name": "resnet50",
    "recv_time": 21886531,
    "tag": "608",
    "total_cost_by_ms": 42.29199981689453,
    "wait_cost": 19.069000244140625
}
