{
    "child_model_execute_cost_by_ms": [
        10.435999870300293
    ],
    "child_model_run_time": [
        [
            23003912,
            23014348
        ]
    ],
    "execute_cost": 10.435999870300293,
    "finish_time": 23014359,
    "limit_cost_by_ms": 9.062333106994629,
    "model_name": "googlenet",
    "recv_time": 23003787,
    "tag": "681",
    "total_cost_by_ms": 10.571999549865723,
    "wait_cost": 0.1359996795654297
}
