{
    "child_model_execute_cost_by_ms": [
        10.350000381469727
    ],
    "child_model_run_time": [
        [
            23419053,
            23429403
        ]
    ],
    "execute_cost": 10.350000381469727,
    "finish_time": 23429413,
    "limit_cost_by_ms": 9.062333106994629,
    "model_name": "googlenet",
    "recv_time": 23419032,
    "tag": "700",
    "total_cost_by_ms": 10.380999565124512,
    "wait_cost": 0.030999183654785156
}
