{
    "child_model_execute_cost_by_ms": [
        14.833000183105469,
        8.987000465393066
    ],
    "child_model_run_time": [
        [
            24301034,
            24315867
        ],
        [
            24315959,
            24324946
        ]
    ],
    "execute_cost": 23.81999969482422,
    "finish_time": 24324952,
    "limit_cost_by_ms": 19.00200080871582,
    "model_name": "resnet50",
    "recv_time": 24282411,
    "tag": "712",
    "total_cost_by_ms": 42.54100036621094,
    "wait_cost": 18.72100067138672
}
