{
    "child_model_execute_cost_by_ms": [
        19.3799991607666,
        17.500999450683594,
        20.47800064086914
    ],
    "child_model_run_time": [
        [
            24450681,
            24470061
        ],
        [
            24470153,
            24487654
        ],
        [
            24487738,
            24508216
        ]
    ],
    "execute_cost": 57.3589973449707,
    "finish_time": 24508222,
    "limit_cost_by_ms": 47.37733459472656,
    "model_name": "vgg19",
    "recv_time": 24446281,
    "tag": "744",
    "total_cost_by_ms": 61.941001892089844,
    "wait_cost": 4.582004547119141
}
