{
    "child_model_execute_cost_by_ms": [
        8.097000122070313
    ],
    "child_model_run_time": [
        [
            25298099,
            25306196
        ]
    ],
    "execute_cost": 8.097000122070313,
    "finish_time": 25306206,
    "limit_cost_by_ms": 7.214000225067139,
    "model_name": "squeezenetv1",
    "recv_time": 25297901,
    "tag": "780",
    "total_cost_by_ms": 8.305000305175781,
    "wait_cost": 0.20800018310546875
}
