{
    "child_model_execute_cost_by_ms": [
        8.352999687194824
    ],
    "child_model_run_time": [
        [
            25900034,
            25908387
        ]
    ],
    "execute_cost": 8.352999687194824,
    "finish_time": 25908398,
    "limit_cost_by_ms": 7.353000164031982,
    "model_name": "squeezenetv1",
    "recv_time": 25899853,
    "tag": "780",
    "total_cost_by_ms": 8.545000076293945,
    "wait_cost": 0.1920003890991211
}
