{
    "child_model_execute_cost_by_ms": [
        15.244999885559082,
        8.616999626159668
    ],
    "child_model_run_time": [
        [
            25401051,
            25416296
        ],
        [
            25416393,
            25425010
        ]
    ],
    "execute_cost": 23.86199951171875,
    "finish_time": 25425015,
    "limit_cost_by_ms": 18.93600082397461,
    "model_name": "resnet50",
    "recv_time": 25400887,
    "tag": "784",
    "total_cost_by_ms": 24.128000259399414,
    "wait_cost": 0.26600074768066406
}
