{
    "child_model_execute_cost_by_ms": [
        19.541000366210938,
        17.485000610351563,
        20.163000106811523
    ],
    "child_model_run_time": [
        [
            25839913,
            25859454
        ],
        [
            25859541,
            25877026
        ],
        [
            25877132,
            25897295
        ]
    ],
    "execute_cost": 57.189002990722656,
    "finish_time": 25897300,
    "limit_cost_by_ms": 47.37733459472656,
    "model_name": "vgg19",
    "recv_time": 25808342,
    "tag": "804",
    "total_cost_by_ms": 88.95800018310547,
    "wait_cost": 31.768997192382813
}
