{
    "child_model_execute_cost_by_ms": [
        15.194999694824219,
        8.961999893188477
    ],
    "child_model_run_time": [
        [
            9650971,
            9666166
        ],
        [
            9676101,
            9685063
        ]
    ],
    "execute_cost": 24.156999588012695,
    "finish_time": 9685069,
    "limit_cost_by_ms": 19.00200080871582,
    "model_name": "resnet50",
    "recv_time": 9650827,
    "tag": "81",
    "total_cost_by_ms": 34.242000579833984,
    "wait_cost": 10.085000991821289
}
