{
    "child_model_execute_cost_by_ms": [
        9.866000175476074
    ],
    "child_model_run_time": [
        [
            29806050,
            29815916
        ]
    ],
    "execute_cost": 9.866000175476074,
    "finish_time": 29815927,
    "limit_cost_by_ms": 9.062333106994629,
    "model_name": "googlenet",
    "recv_time": 29805883,
    "tag": "973",
    "total_cost_by_ms": 10.043999671936035,
    "wait_cost": 0.17799949645996094
}
