{
    "child_model_execute_cost_by_ms": [
        9.826000213623047
    ],
    "child_model_run_time": [
        [
            23178993,
            23188819
        ]
    ],
    "execute_cost": 9.826000213623047,
    "finish_time": 23188833,
    "limit_cost_by_ms": 8.693333625793457,
    "model_name": "googlenet",
    "recv_time": 23163697,
    "tag": "562",
    "total_cost_by_ms": 25.13599967956543,
    "wait_cost": 15.309999465942383
}
