{
    "child_model_execute_cost_by_ms": [
        9.506999969482422
    ],
    "child_model_run_time": [
        [
            23627654,
            23637161
        ]
    ],
    "execute_cost": 9.506999969482422,
    "finish_time": 23637166,
    "limit_cost_by_ms": 8.693333625793457,
    "model_name": "googlenet",
    "recv_time": 23627501,
    "tag": "578",
    "total_cost_by_ms": 9.664999961853027,
    "wait_cost": 0.15799999237060547
}
