{
    "child_model_execute_cost_by_ms": [
        53.72700119018555
    ],
    "child_model_run_time": [
        [
            16900750,
            16954477
        ]
    ],
    "execute_cost": 53.72700119018555,
    "finish_time": 16954480,
    "limit_cost_by_ms": 47.44933319091797,
    "model_name": "vgg19",
    "recv_time": 16900722,
    "tag": "341",
    "total_cost_by_ms": 53.757999420166016,
    "wait_cost": 0.03099822998046875
}
