{
    "child_model_execute_cost_by_ms": [
        47.04199981689453
    ],
    "child_model_run_time": [
        [
            19460993,
            19508035
        ]
    ],
    "execute_cost": 47.04199981689453,
    "finish_time": 19508039,
    "limit_cost_by_ms": 47.44933319091797,
    "model_name": "vgg19",
    "recv_time": 19460897,
    "tag": "437",
    "total_cost_by_ms": 47.141998291015625,
    "wait_cost": 0.09999847412109375
}
