{
    "child_model_execute_cost_by_ms": [
        86.7959976196289
    ],
    "child_model_run_time": [
        [
            29528578,
            29615374
        ]
    ],
    "execute_cost": 86.7959976196289,
    "finish_time": 29615377,
    "limit_cost_by_ms": 47.44933319091797,
    "model_name": "vgg19",
    "recv_time": 29514949,
    "tag": "816",
    "total_cost_by_ms": 100.4280014038086,
    "wait_cost": 13.632003784179688
}
