{
    "child_model_execute_cost_by_ms": [
        93.427001953125
    ],
    "child_model_run_time": [
        [
            30674750,
            30768177
        ]
    ],
    "execute_cost": 93.427001953125,
    "finish_time": 30768182,
    "limit_cost_by_ms": 7.4039998054504395,
    "model_name": "squeezenetv1",
    "recv_time": 30659467,
    "tag": "857",
    "total_cost_by_ms": 108.71499633789063,
    "wait_cost": 15.287994384765625
}
