{
    "child_model_execute_cost_by_ms": [
        8.588000297546387
    ],
    "child_model_run_time": [
        [
            15734775,
            15743363
        ]
    ],
    "execute_cost": 8.588000297546387,
    "finish_time": 15743382,
    "limit_cost_by_ms": 7.420333385467529,
    "model_name": "squeezenetv1",
    "recv_time": 15722775,
    "tag": "324",
    "total_cost_by_ms": 20.60700035095215,
    "wait_cost": 12.019000053405762
}
