{
    "child_model_execute_cost_by_ms": [
        20.476999282836914
    ],
    "child_model_run_time": [
        [
            30067242,
            30087719
        ]
    ],
    "execute_cost": 20.476999282836914,
    "finish_time": 30087726,
    "limit_cost_by_ms": 19.030332565307617,
    "model_name": "resnet50",
    "recv_time": 30050212,
    "tag": "922",
    "total_cost_by_ms": 37.513999938964844,
    "wait_cost": 17.03700065612793
}
