{
    "child_model_execute_cost_by_ms": [
        8.8100004196167
    ],
    "child_model_run_time": [
        [
            31151465,
            31160275
        ]
    ],
    "execute_cost": 8.8100004196167,
    "finish_time": 31160290,
    "limit_cost_by_ms": 7.420333385467529,
    "model_name": "squeezenetv1",
    "recv_time": 31131094,
    "tag": "966",
    "total_cost_by_ms": 29.195999145507813,
    "wait_cost": 20.385997772216797
}
