{
    "child_model_execute_cost_by_ms": [
        8.29800033569336
    ],
    "child_model_run_time": [
        [
            14132819,
            14141117
        ]
    ],
    "execute_cost": 8.29800033569336,
    "finish_time": 14141133,
    "limit_cost_by_ms": 7.209666728973389,
    "model_name": "squeezenetv1",
    "recv_time": 14132717,
    "tag": "258",
    "total_cost_by_ms": 8.416000366210938,
    "wait_cost": 0.11800003051757813
}
