{
    "child_model_execute_cost_by_ms": [
        18.391000747680664,
        17.010000228881836,
        20.280000686645508
    ],
    "child_model_run_time": [
        [
            16222090,
            16240481
        ],
        [
            16248268,
            16265278
        ],
        [
            16265295,
            16285575
        ]
    ],
    "execute_cost": 55.680999755859375,
    "finish_time": 16285579,
    "limit_cost_by_ms": 46.47700119018555,
    "model_name": "vgg19",
    "recv_time": 16221969,
    "tag": "345",
    "total_cost_by_ms": 63.61000061035156,
    "wait_cost": 7.9290008544921875
}
