{
    "child_model_execute_cost_by_ms": [
        9.918999671936035
    ],
    "child_model_run_time": [
        [
            10142037,
            10151956
        ]
    ],
    "execute_cost": 9.918999671936035,
    "finish_time": 10151968,
    "limit_cost_by_ms": 8.96066665649414,
    "model_name": "googlenet",
    "recv_time": 10139683,
    "tag": "94",
    "total_cost_by_ms": 12.28499984741211,
    "wait_cost": 2.366000175476074
}
