{
    "child_model_execute_cost_by_ms": [
        18.709999084472656,
        16.95400047302246,
        19.250999450683594
    ],
    "child_model_run_time": [
        [
            12767657,
            12786367
        ],
        [
            12786415,
            12803369
        ],
        [
            12803384,
            12822635
        ]
    ],
    "execute_cost": 54.915000915527344,
    "finish_time": 12822642,
    "limit_cost_by_ms": 46.051998138427734,
    "model_name": "vgg19",
    "recv_time": 12767544,
    "tag": "200",
    "total_cost_by_ms": 55.097999572753906,
    "wait_cost": 0.1829986572265625
}
