{
    "child_model_execute_cost_by_ms": [
        15.109999656677246,
        9.192000389099121
    ],
    "child_model_run_time": [
        [
            20773856,
            20788966
        ],
        [
            20789053,
            20798245
        ]
    ],
    "execute_cost": 24.302000045776367,
    "finish_time": 20798252,
    "limit_cost_by_ms": 18.68433380126953,
    "model_name": "resnet50",
    "recv_time": 20765347,
    "tag": "522",
    "total_cost_by_ms": 32.904998779296875,
    "wait_cost": 8.602998733520508
}
