{
    "child_model_execute_cost_by_ms": [
        8.114999771118164
    ],
    "child_model_run_time": [
        [
            10146516,
            10154631
        ]
    ],
    "execute_cost": 8.114999771118164,
    "finish_time": 10154637,
    "limit_cost_by_ms": 7.150000095367432,
    "model_name": "squeezenetv1",
    "recv_time": 10146347,
    "tag": "115",
    "total_cost_by_ms": 8.289999961853027,
    "wait_cost": 0.17500019073486328
}
