{
    "child_model_execute_cost_by_ms": [
        19.235000610351563
    ],
    "child_model_run_time": [
        [
            10699079,
            10718314
        ]
    ],
    "execute_cost": 19.235000610351563,
    "finish_time": 10718319,
    "limit_cost_by_ms": 18.92366600036621,
    "model_name": "resnet50",
    "recv_time": 10698896,
    "tag": "141",
    "total_cost_by_ms": 19.42300033569336,
    "wait_cost": 0.18799972534179688
}
