{
    "child_model_execute_cost_by_ms": [
        44.59600067138672
    ],
    "child_model_run_time": [
        [
            11485730,
            11530326
        ]
    ],
    "execute_cost": 44.59600067138672,
    "finish_time": 11530332,
    "limit_cost_by_ms": 46.612335205078125,
    "model_name": "vgg19",
    "recv_time": 11485566,
    "tag": "180",
    "total_cost_by_ms": 44.76599884033203,
    "wait_cost": 0.1699981689453125
}
