{
    "child_model_execute_cost_by_ms": [
        61.2130012512207
    ],
    "child_model_run_time": [
        [
            13331569,
            13392782
        ]
    ],
    "execute_cost": 61.2130012512207,
    "finish_time": 13392787,
    "limit_cost_by_ms": 46.81233215332031,
    "model_name": "vgg19",
    "recv_time": 13331372,
    "tag": "265",
    "total_cost_by_ms": 61.415000915527344,
    "wait_cost": 0.20199966430664063
}
