{
    "child_model_execute_cost_by_ms": [
        58.23099899291992
    ],
    "child_model_run_time": [
        [
            13504912,
            13563143
        ]
    ],
    "execute_cost": 58.23099899291992,
    "finish_time": 13563147,
    "limit_cost_by_ms": 46.81233215332031,
    "model_name": "vgg19",
    "recv_time": 13504741,
    "tag": "272",
    "total_cost_by_ms": 58.40599822998047,
    "wait_cost": 0.17499923706054688
}
