{
    "child_model_execute_cost_by_ms": [
        58.52799987792969
    ],
    "child_model_run_time": [
        [
            13505381,
            13563909
        ]
    ],
    "execute_cost": 58.52799987792969,
    "finish_time": 13563910,
    "limit_cost_by_ms": 7.1616668701171875,
    "model_name": "squeezenetv1",
    "recv_time": 13505362,
    "tag": "273",
    "total_cost_by_ms": 58.54800033569336,
    "wait_cost": 0.020000457763671875
}
