{
    "child_model_execute_cost_by_ms": [
        76.40799713134766
    ],
    "child_model_run_time": [
        [
            14084450,
            14160858
        ]
    ],
    "execute_cost": 76.40799713134766,
    "finish_time": 14160864,
    "limit_cost_by_ms": 18.94533348083496,
    "model_name": "resnet50",
    "recv_time": 14084430,
    "tag": "281",
    "total_cost_by_ms": 76.43399810791016,
    "wait_cost": 0.0260009765625
}
