{
    "child_model_execute_cost_by_ms": [
        8.60200023651123
    ],
    "child_model_run_time": [
        [
            13810180,
            13818782
        ]
    ],
    "execute_cost": 8.60200023651123,
    "finish_time": 13818785,
    "limit_cost_by_ms": 7.150000095367432,
    "model_name": "squeezenetv1",
    "recv_time": 13810017,
    "tag": "289",
    "total_cost_by_ms": 8.767999649047852,
    "wait_cost": 0.1659994125366211
}
