{
    "child_model_execute_cost_by_ms": [
        19.881999969482422
    ],
    "child_model_run_time": [
        [
            13876802,
            13896684
        ]
    ],
    "execute_cost": 19.881999969482422,
    "finish_time": 13896689,
    "limit_cost_by_ms": 18.92366600036621,
    "model_name": "resnet50",
    "recv_time": 13876746,
    "tag": "292",
    "total_cost_by_ms": 19.94300079345703,
    "wait_cost": 0.061000823974609375
}
