{
    "child_model_execute_cost_by_ms": [
        9.968999862670898
    ],
    "child_model_run_time": [
        [
            14113844,
            14123813
        ]
    ],
    "execute_cost": 9.968999862670898,
    "finish_time": 14123819,
    "limit_cost_by_ms": 8.717333793640137,
    "model_name": "googlenet",
    "recv_time": 14113673,
    "tag": "299",
    "total_cost_by_ms": 10.145999908447266,
    "wait_cost": 0.1770000457763672
}
