{
    "child_model_execute_cost_by_ms": [
        8.236000061035156
    ],
    "child_model_run_time": [
        [
            16355201,
            16363437
        ]
    ],
    "execute_cost": 8.236000061035156,
    "finish_time": 16363443,
    "limit_cost_by_ms": 7.150000095367432,
    "model_name": "squeezenetv1",
    "recv_time": 16355039,
    "tag": "408",
    "total_cost_by_ms": 8.404000282287598,
    "wait_cost": 0.1680002212524414
}
