{
    "child_model_execute_cost_by_ms": [
        8.194999694824219
    ],
    "child_model_run_time": [
        [
            16960782,
            16968977
        ]
    ],
    "execute_cost": 8.194999694824219,
    "finish_time": 16968981,
    "limit_cost_by_ms": 7.150000095367432,
    "model_name": "squeezenetv1",
    "recv_time": 16960769,
    "tag": "436",
    "total_cost_by_ms": 8.211999893188477,
    "wait_cost": 0.017000198364257813
}
