{
    "child_model_execute_cost_by_ms": [
        19.61400032043457
    ],
    "child_model_run_time": [
        [
            17255449,
            17275063
        ]
    ],
    "execute_cost": 19.61400032043457,
    "finish_time": 17275066,
    "limit_cost_by_ms": 18.69933319091797,
    "model_name": "resnet50",
    "recv_time": 17255443,
    "tag": "441",
    "total_cost_by_ms": 19.62299919128418,
    "wait_cost": 0.008998870849609375
}
