{
    "child_model_execute_cost_by_ms": [
        65.11499786376953
    ],
    "child_model_run_time": [
        [
            17227184,
            17292299
        ]
    ],
    "execute_cost": 65.11499786376953,
    "finish_time": 17292302,
    "limit_cost_by_ms": 18.92366600036621,
    "model_name": "resnet50",
    "recv_time": 17227115,
    "tag": "449",
    "total_cost_by_ms": 65.18699645996094,
    "wait_cost": 0.07199859619140625
}
