{
    "child_model_execute_cost_by_ms": [
        44.22800064086914
    ],
    "child_model_run_time": [
        [
            17767793,
            17812021
        ]
    ],
    "execute_cost": 44.22800064086914,
    "finish_time": 17812024,
    "limit_cost_by_ms": 46.81233215332031,
    "model_name": "vgg19",
    "recv_time": 17767683,
    "tag": "470",
    "total_cost_by_ms": 44.340999603271484,
    "wait_cost": 0.11299896240234375
}
