{
    "child_model_execute_cost_by_ms": [
        8.449999809265137
    ],
    "child_model_run_time": [
        [
            8678134,
            8686584
        ]
    ],
    "execute_cost": 8.449999809265137,
    "finish_time": 8686590,
    "limit_cost_by_ms": 7.150000095367432,
    "model_name": "squeezenetv1",
    "recv_time": 8678099,
    "tag": "48",
    "total_cost_by_ms": 8.491000175476074,
    "wait_cost": 0.0410003662109375
}
