{
    "child_model_execute_cost_by_ms": [
        9.093000411987305
    ],
    "child_model_run_time": [
        [
            17916712,
            17925805
        ]
    ],
    "execute_cost": 9.093000411987305,
    "finish_time": 17925810,
    "limit_cost_by_ms": 8.616666793823242,
    "model_name": "googlenet",
    "recv_time": 17916561,
    "tag": "471",
    "total_cost_by_ms": 9.24899959564209,
    "wait_cost": 0.15599918365478516
}
