{
    "child_model_execute_cost_by_ms": [
        62.249000549316406
    ],
    "child_model_run_time": [
        [
            18198574,
            18260823
        ]
    ],
    "execute_cost": 62.249000549316406,
    "finish_time": 18260827,
    "limit_cost_by_ms": 18.92366600036621,
    "model_name": "resnet50",
    "recv_time": 18198426,
    "tag": "494",
    "total_cost_by_ms": 62.4010009765625,
    "wait_cost": 0.15200042724609375
}
