{
    "child_model_execute_cost_by_ms": [
        9.869000434875488
    ],
    "child_model_run_time": [
        [
            18577478,
            18587347
        ]
    ],
    "execute_cost": 9.869000434875488,
    "finish_time": 18587352,
    "limit_cost_by_ms": 8.717333793640137,
    "model_name": "googlenet",
    "recv_time": 18577459,
    "tag": "507",
    "total_cost_by_ms": 9.892999649047852,
    "wait_cost": 0.02399921417236328
}
