{
    "child_model_execute_cost_by_ms": [
        9.571000099182129
    ],
    "child_model_run_time": [
        [
            20144867,
            20154438
        ]
    ],
    "execute_cost": 9.571000099182129,
    "finish_time": 20154443,
    "limit_cost_by_ms": 8.717333793640137,
    "model_name": "googlenet",
    "recv_time": 20144691,
    "tag": "579",
    "total_cost_by_ms": 9.751999855041504,
    "wait_cost": 0.180999755859375
}
