{
    "child_model_execute_cost_by_ms": [
        7.857999801635742
    ],
    "child_model_run_time": [
        [
            21187126,
            21194984
        ]
    ],
    "execute_cost": 7.857999801635742,
    "finish_time": 21194986,
    "limit_cost_by_ms": 7.150000095367432,
    "model_name": "squeezenetv1",
    "recv_time": 21187114,
    "tag": "633",
    "total_cost_by_ms": 7.872000217437744,
    "wait_cost": 0.014000415802001953
}
