{
    "child_model_execute_cost_by_ms": [
        18.937999725341797
    ],
    "child_model_run_time": [
        [
            22103845,
            22122783
        ]
    ],
    "execute_cost": 18.937999725341797,
    "finish_time": 22122787,
    "limit_cost_by_ms": 18.69933319091797,
    "model_name": "resnet50",
    "recv_time": 22103839,
    "tag": "667",
    "total_cost_by_ms": 18.947999954223633,
    "wait_cost": 0.010000228881835938
}
