{
    "child_model_execute_cost_by_ms": [
        7.76800012588501
    ],
    "child_model_run_time": [
        [
            23788003,
            23795771
        ]
    ],
    "execute_cost": 7.76800012588501,
    "finish_time": 23795775,
    "limit_cost_by_ms": 7.150000095367432,
    "model_name": "squeezenetv1",
    "recv_time": 23787991,
    "tag": "752",
    "total_cost_by_ms": 7.783999919891357,
    "wait_cost": 0.015999794006347656
}
