{
    "child_model_execute_cost_by_ms": [
        46.65800094604492
    ],
    "child_model_run_time": [
        [
            25138960,
            25185618
        ]
    ],
    "execute_cost": 46.65800094604492,
    "finish_time": 25185622,
    "limit_cost_by_ms": 46.81233215332031,
    "model_name": "vgg19",
    "recv_time": 25138944,
    "tag": "810",
    "total_cost_by_ms": 46.678001403808594,
    "wait_cost": 0.020000457763671875
}
