{
    "child_model_execute_cost_by_ms": [
        45.654998779296875
    ],
    "child_model_run_time": [
        [
            25311692,
            25357347
        ]
    ],
    "execute_cost": 45.654998779296875,
    "finish_time": 25357350,
    "limit_cost_by_ms": 46.81233215332031,
    "model_name": "vgg19",
    "recv_time": 25311522,
    "tag": "818",
    "total_cost_by_ms": 45.827999114990234,
    "wait_cost": 0.17300033569335938
}
