{
    "child_model_execute_cost_by_ms": [
        19.378000259399414
    ],
    "child_model_run_time": [
        [
            27111868,
            27131246
        ]
    ],
    "execute_cost": 19.378000259399414,
    "finish_time": 27131249,
    "limit_cost_by_ms": 18.92366600036621,
    "model_name": "resnet50",
    "recv_time": 27111769,
    "tag": "909",
    "total_cost_by_ms": 19.479999542236328,
    "wait_cost": 0.10199928283691406
}
