{
    "child_model_execute_cost_by_ms": [
        37.14799880981445
    ],
    "child_model_run_time": [
        [
            9728975,
            9766123
        ]
    ],
    "execute_cost": 37.14799880981445,
    "finish_time": 9766127,
    "limit_cost_by_ms": 7.1616668701171875,
    "model_name": "squeezenetv1",
    "recv_time": 9728804,
    "tag": "96",
    "total_cost_by_ms": 37.323001861572266,
    "wait_cost": 0.1750030517578125
}
