{
    "child_model_execute_cost_by_ms": [
        47.68899917602539
    ],
    "child_model_run_time": [
        [
            28022713,
            28070402
        ]
    ],
    "execute_cost": 47.68899917602539,
    "finish_time": 28070404,
    "limit_cost_by_ms": 46.612335205078125,
    "model_name": "vgg19",
    "recv_time": 28022607,
    "tag": "952",
    "total_cost_by_ms": 47.797000885009766,
    "wait_cost": 0.108001708984375
}
