{
    "child_model_execute_cost_by_ms": [
        31.871000289916992
    ],
    "child_model_run_time": [
        [
            28146119,
            28177990
        ]
    ],
    "execute_cost": 31.871000289916992,
    "finish_time": 28177994,
    "limit_cost_by_ms": 18.92366600036621,
    "model_name": "resnet50",
    "recv_time": 28146104,
    "tag": "957",
    "total_cost_by_ms": 31.889999389648438,
    "wait_cost": 0.018999099731445313
}
