{
    "child_model_execute_cost_by_ms": [
        20.259000778198242
    ],
    "child_model_run_time": [
        [
            28955972,
            28976231
        ]
    ],
    "execute_cost": 20.259000778198242,
    "finish_time": 28976236,
    "limit_cost_by_ms": 18.810333251953125,
    "model_name": "resnet50",
    "recv_time": 28955961,
    "tag": "985",
    "total_cost_by_ms": 20.274999618530273,
    "wait_cost": 0.01599884033203125
}
