{
    "child_model_execute_cost_by_ms": [
        19.95800018310547
    ],
    "child_model_run_time": [
        [
            24103092,
            24123050
        ]
    ],
    "execute_cost": 19.95800018310547,
    "finish_time": 24123060,
    "limit_cost_by_ms": 19.064332962036133,
    "model_name": "resnet50",
    "recv_time": 24103078,
    "tag": "748",
    "total_cost_by_ms": 19.98200035095215,
    "wait_cost": 0.024000167846679688
}
