{
    "child_model_execute_cost_by_ms": [
        44.487998962402344
    ],
    "child_model_run_time": [
        [
            9335633,
            9380121
        ]
    ],
    "execute_cost": 44.487998962402344,
    "finish_time": 9380127,
    "limit_cost_by_ms": 47.016334533691406,
    "model_name": "vgg19",
    "recv_time": 9335607,
    "tag": "49",
    "total_cost_by_ms": 44.52000045776367,
    "wait_cost": 0.032001495361328125
}
