{
    "child_model_execute_cost_by_ms": [
        19.485000610351563
    ],
    "child_model_run_time": [
        [
            21662952,
            21682437
        ]
    ],
    "execute_cost": 19.485000610351563,
    "finish_time": 21682443,
    "limit_cost_by_ms": 19.63166618347168,
    "model_name": "resnet50",
    "recv_time": 21662939,
    "tag": "640",
    "total_cost_by_ms": 19.503999710083008,
    "wait_cost": 0.018999099731445313
}
