{
    "child_model_execute_cost_by_ms": [
        8.074000358581543
    ],
    "child_model_run_time": [
        [
            14666886,
            14674960
        ]
    ],
    "execute_cost": 8.074000358581543,
    "finish_time": 14674966,
    "limit_cost_by_ms": 7.1479997634887695,
    "model_name": "squeezenetv1",
    "recv_time": 14666730,
    "tag": "304",
    "total_cost_by_ms": 8.236000061035156,
    "wait_cost": 0.16199970245361328
}
