{
    "child_model_execute_cost_by_ms": [
        8.786999702453613
    ],
    "child_model_run_time": [
        [
            24860842,
            24869629
        ]
    ],
    "execute_cost": 8.786999702453613,
    "finish_time": 24869636,
    "limit_cost_by_ms": 7.1479997634887695,
    "model_name": "squeezenetv1",
    "recv_time": 24837612,
    "tag": "752",
    "total_cost_by_ms": 32.02399826049805,
    "wait_cost": 23.23699951171875
}
