{
    "child_model_execute_cost_by_ms": [
        44.33599853515625
    ],
    "child_model_run_time": [
        [
            26640937,
            26685273
        ]
    ],
    "execute_cost": 44.33599853515625,
    "finish_time": 26685278,
    "limit_cost_by_ms": 46.49333190917969,
    "model_name": "vgg19",
    "recv_time": 26640817,
    "tag": "832",
    "total_cost_by_ms": 44.46099853515625,
    "wait_cost": 0.125
}
