{
    "child_model_execute_cost_by_ms": [
        8.095000267028809
    ],
    "child_model_run_time": [
        [
            11903775,
            11911870
        ]
    ],
    "execute_cost": 8.095000267028809,
    "finish_time": 11911875,
    "limit_cost_by_ms": 7.125999927520752,
    "model_name": "squeezenetv1",
    "recv_time": 11894675,
    "tag": "180",
    "total_cost_by_ms": 17.200000762939453,
    "wait_cost": 9.105000495910645
}
