{
    "child_model_execute_cost_by_ms": [
        14.673999786376953,
        8.635000228881836
    ],
    "child_model_run_time": [
        [
            17331696,
            17346370
        ],
        [
            17346391,
            17355026
        ]
    ],
    "execute_cost": 23.30900001525879,
    "finish_time": 17355031,
    "limit_cost_by_ms": 18.955333709716797,
    "model_name": "resnet50",
    "recv_time": 17331678,
    "tag": "420",
    "total_cost_by_ms": 23.35300064086914,
    "wait_cost": 0.04400062561035156
}
