{
    "child_model_execute_cost_by_ms": [
        15.03499984741211,
        9.020999908447266
    ],
    "child_model_run_time": [
        [
            17649789,
            17664824
        ],
        [
            17664910,
            17673931
        ]
    ],
    "execute_cost": 24.055999755859375,
    "finish_time": 17673936,
    "limit_cost_by_ms": 18.955333709716797,
    "model_name": "resnet50",
    "recv_time": 17632544,
    "tag": "433",
    "total_cost_by_ms": 41.391998291015625,
    "wait_cost": 17.33599853515625
}
