{
    "child_model_execute_cost_by_ms": [
        9.10200023651123
    ],
    "child_model_run_time": [
        [
            23891415,
            23900517
        ]
    ],
    "execute_cost": 9.10200023651123,
    "finish_time": 23900522,
    "limit_cost_by_ms": 8.539999961853027,
    "model_name": "googlenet",
    "recv_time": 23891409,
    "tag": "709",
    "total_cost_by_ms": 9.11299991607666,
    "wait_cost": 0.010999679565429688
}
