{
    "child_model_execute_cost_by_ms": [
        45.30400085449219
    ],
    "child_model_run_time": [
        [
            20906851,
            20952155
        ]
    ],
    "execute_cost": 45.30400085449219,
    "finish_time": 20952157,
    "limit_cost_by_ms": 46.46533203125,
    "model_name": "vgg19",
    "recv_time": 20906783,
    "tag": "141",
    "total_cost_by_ms": 45.374000549316406,
    "wait_cost": 0.06999969482421875
}
