{
    "child_model_execute_cost_by_ms": [
        41.77899932861328
    ],
    "child_model_run_time": [
        [
            21602337,
            21644116
        ]
    ],
    "execute_cost": 41.77899932861328,
    "finish_time": 21644120,
    "limit_cost_by_ms": 6.989333152770996,
    "model_name": "gpt128v2",
    "recv_time": 21602244,
    "tag": "175",
    "total_cost_by_ms": 41.875999450683594,
    "wait_cost": 0.0970001220703125
}
