{
    "child_model_execute_cost_by_ms": [
        14.50100040435791
    ],
    "child_model_run_time": [
        [
            22794542,
            22809043
        ]
    ],
    "execute_cost": 14.50100040435791,
    "finish_time": 22809047,
    "limit_cost_by_ms": 5.9730000495910645,
    "model_name": "yolov2",
    "recv_time": 22794501,
    "tag": "232",
    "total_cost_by_ms": 14.545999526977539,
    "wait_cost": 0.044999122619628906
}
