{
    "child_model_execute_cost_by_ms": [
        19.18400001525879
    ],
    "child_model_run_time": [
        [
            26959704,
            26978888
        ]
    ],
    "execute_cost": 19.18400001525879,
    "finish_time": 26978890,
    "limit_cost_by_ms": 18.840665817260742,
    "model_name": "resnet50",
    "recv_time": 26959646,
    "tag": "431",
    "total_cost_by_ms": 19.243999481201172,
    "wait_cost": 0.05999946594238281
}
