{
    "child_model_execute_cost_by_ms": [
        10.142999649047852
    ],
    "child_model_run_time": [
        [
            28563855,
            28573998
        ]
    ],
    "execute_cost": 10.142999649047852,
    "finish_time": 28574002,
    "limit_cost_by_ms": 8.810333251953125,
    "model_name": "googlenet",
    "recv_time": 28563807,
    "tag": "507",
    "total_cost_by_ms": 10.194999694824219,
    "wait_cost": 0.05200004577636719
}
