{
    "child_model_execute_cost_by_ms": [
        20.863000869750977
    ],
    "child_model_run_time": [
        [
            30844388,
            30865251
        ]
    ],
    "execute_cost": 20.863000869750977,
    "finish_time": 30865254,
    "limit_cost_by_ms": 8.810333251953125,
    "model_name": "googlenet",
    "recv_time": 30844294,
    "tag": "617",
    "total_cost_by_ms": 20.959999084472656,
    "wait_cost": 0.09699821472167969
}
