{
    "child_model_execute_cost_by_ms": [
        11.470000267028809
    ],
    "child_model_run_time": [
        [
            32141053,
            32152523
        ]
    ],
    "execute_cost": 11.470000267028809,
    "finish_time": 32152526,
    "limit_cost_by_ms": 5.9730000495910645,
    "model_name": "yolov2",
    "recv_time": 32141045,
    "tag": "679",
    "total_cost_by_ms": 11.480999946594238,
    "wait_cost": 0.010999679565429688
}
