{
    "child_model_execute_cost_by_ms": [
        48.81399917602539
    ],
    "child_model_run_time": [
        [
            32410392,
            32459206
        ]
    ],
    "execute_cost": 48.81399917602539,
    "finish_time": 32459210,
    "limit_cost_by_ms": 8.810333251953125,
    "model_name": "googlenet",
    "recv_time": 32410337,
    "tag": "693",
    "total_cost_by_ms": 48.87300109863281,
    "wait_cost": 0.059001922607421875
}
