{
    "child_model_execute_cost_by_ms": [
        47.02799987792969
    ],
    "child_model_run_time": [
        [
            32913532,
            32960560
        ]
    ],
    "execute_cost": 47.02799987792969,
    "finish_time": 32960560,
    "limit_cost_by_ms": 46.46533203125,
    "model_name": "vgg19",
    "recv_time": 32913478,
    "tag": "716",
    "total_cost_by_ms": 47.082000732421875,
    "wait_cost": 0.0540008544921875
}
