{
    "child_model_execute_cost_by_ms": [
        84.62200164794922
    ],
    "child_model_run_time": [
        [
            18094241,
            18178863
        ]
    ],
    "execute_cost": 84.62200164794922,
    "finish_time": 18178867,
    "limit_cost_by_ms": 6.989333152770996,
    "model_name": "gpt128v2",
    "recv_time": 18094143,
    "tag": "10",
    "total_cost_by_ms": 84.7239990234375,
    "wait_cost": 0.10199737548828125
}
