{
    "child_model_execute_cost_by_ms": [
        19.03700065612793
    ],
    "child_model_run_time": [
        [
            12274630,
            12293667
        ]
    ],
    "execute_cost": 19.03700065612793,
    "finish_time": 12293675,
    "limit_cost_by_ms": 18.004667282104492,
    "model_name": "resnet50",
    "recv_time": 12274537,
    "tag": "149",
    "total_cost_by_ms": 19.13800048828125,
    "wait_cost": 0.10099983215332031
}
