{
    "child_model_execute_cost_by_ms": [
        48.40999984741211
    ],
    "child_model_run_time": [
        [
            12567014,
            12615424
        ]
    ],
    "execute_cost": 48.40999984741211,
    "finish_time": 12615431,
    "limit_cost_by_ms": 8.75766658782959,
    "model_name": "googlenet",
    "recv_time": 12567002,
    "tag": "163",
    "total_cost_by_ms": 48.42900085449219,
    "wait_cost": 0.019001007080078125
}
