{
    "child_model_execute_cost_by_ms": [
        43.638999938964844
    ],
    "child_model_run_time": [
        [
            16414149,
            16457788
        ]
    ],
    "execute_cost": 43.638999938964844,
    "finish_time": 16457790,
    "limit_cost_by_ms": 44.468666076660156,
    "model_name": "vgg19",
    "recv_time": 16414051,
    "tag": "340",
    "total_cost_by_ms": 43.73899841308594,
    "wait_cost": 0.09999847412109375
}
