{
    "child_model_execute_cost_by_ms": [
        10.430999755859375
    ],
    "child_model_run_time": [
        [
            21284859,
            21295290
        ]
    ],
    "execute_cost": 10.430999755859375,
    "finish_time": 21295298,
    "limit_cost_by_ms": 8.75766658782959,
    "model_name": "googlenet",
    "recv_time": 21284745,
    "tag": "565",
    "total_cost_by_ms": 10.553000450134277,
    "wait_cost": 0.12200069427490234
}
