{
    "child_model_execute_cost_by_ms": [
        57.9119987487793
    ],
    "child_model_run_time": [
        [
            10934715,
            10992627
        ]
    ],
    "execute_cost": 57.9119987487793,
    "finish_time": 10992633,
    "limit_cost_by_ms": 44.468666076660156,
    "model_name": "vgg19",
    "recv_time": 10934703,
    "tag": "87",
    "total_cost_by_ms": 57.93000030517578,
    "wait_cost": 0.018001556396484375
}
