{
    "child_model_execute_cost_by_ms": [
        8.32800006866455
    ],
    "child_model_run_time": [
        [
            15820502,
            15828830
        ]
    ],
    "execute_cost": 8.32800006866455,
    "finish_time": 15828838,
    "limit_cost_by_ms": 7.382999897003174,
    "model_name": "squeezenetv1",
    "recv_time": 15820485,
    "tag": "323",
    "total_cost_by_ms": 8.352999687194824,
    "wait_cost": 0.024999618530273438
}
