{
    "child_model_execute_cost_by_ms": [
        56.30699920654297
    ],
    "child_model_run_time": [
        [
            23392944,
            23449251
        ]
    ],
    "execute_cost": 56.30699920654297,
    "finish_time": 23449256,
    "limit_cost_by_ms": 47.31133270263672,
    "model_name": "vgg19",
    "recv_time": 23392928,
    "tag": "658",
    "total_cost_by_ms": 56.327999114990234,
    "wait_cost": 0.020999908447265625
}
