{
    "child_model_execute_cost_by_ms": [
        8.354999542236328
    ],
    "child_model_run_time": [
        [
            11369031,
            11377386
        ]
    ],
    "execute_cost": 8.354999542236328,
    "finish_time": 11377391,
    "limit_cost_by_ms": 7.2789998054504395,
    "model_name": "squeezenetv1",
    "recv_time": 11368879,
    "tag": "160",
    "total_cost_by_ms": 8.51200008392334,
    "wait_cost": 0.15700054168701172
}
