{
    "child_model_execute_cost_by_ms": [
        45.481998443603516
    ],
    "child_model_run_time": [
        [
            9224662,
            9270144
        ]
    ],
    "execute_cost": 45.481998443603516,
    "finish_time": 9270152,
    "limit_cost_by_ms": 47.375,
    "model_name": "vgg19",
    "recv_time": 9221372,
    "tag": "61",
    "total_cost_by_ms": 48.779998779296875,
    "wait_cost": 3.2980003356933594
}
