{
    "child_model_execute_cost_by_ms": [
        44.86199951171875
    ],
    "child_model_run_time": [
        [
            18543566,
            18588428
        ]
    ],
    "execute_cost": 44.86199951171875,
    "finish_time": 18588432,
    "limit_cost_by_ms": 47.310001373291016,
    "model_name": "vgg19",
    "recv_time": 18537471,
    "tag": "588",
    "total_cost_by_ms": 50.96099853515625,
    "wait_cost": 6.0989990234375
}
