{
    "child_model_execute_cost_by_ms": [
        7.439000129699707
    ],
    "child_model_run_time": [
        [
            15811881,
            15819320
        ]
    ],
    "execute_cost": 7.439000129699707,
    "finish_time": 15819323,
    "limit_cost_by_ms": 7.216333389282227,
    "model_name": "squeezenetv1",
    "recv_time": 15811725,
    "tag": "293",
    "total_cost_by_ms": 7.5980000495910645,
    "wait_cost": 0.15899991989135742
}
