{
    "child_model_execute_cost_by_ms": [
        7.960000038146973
    ],
    "child_model_run_time": [
        [
            8774269,
            8782229
        ]
    ],
    "execute_cost": 7.960000038146973,
    "finish_time": 8782241,
    "limit_cost_by_ms": 7.216333389282227,
    "model_name": "squeezenetv1",
    "recv_time": 8761846,
    "tag": "33",
    "total_cost_by_ms": 20.395000457763672,
    "wait_cost": 12.4350004196167
}
