{
    "child_model_execute_cost_by_ms": [
        9.807999610900879
    ],
    "child_model_run_time": [
        [
            16685815,
            16695623
        ]
    ],
    "execute_cost": 9.807999610900879,
    "finish_time": 16695634,
    "limit_cost_by_ms": 8.693333625793457,
    "model_name": "googlenet",
    "recv_time": 16662747,
    "tag": "326",
    "total_cost_by_ms": 32.887001037597656,
    "wait_cost": 23.079002380371094
}
