{
    "child_model_execute_cost_by_ms": [
        8.072999954223633
    ],
    "child_model_run_time": [
        [
            19909957,
            19918030
        ]
    ],
    "execute_cost": 8.072999954223633,
    "finish_time": 19918036,
    "limit_cost_by_ms": 7.216333389282227,
    "model_name": "squeezenetv1",
    "recv_time": 19909797,
    "tag": "443",
    "total_cost_by_ms": 8.23900032043457,
    "wait_cost": 0.1660003662109375
}
