{
    "child_model_execute_cost_by_ms": [
        15.439000129699707,
        9.470999717712402
    ],
    "child_model_run_time": [
        [
            20668605,
            20684044
        ],
        [
            20692562,
            20702033
        ]
    ],
    "execute_cost": 24.90999984741211,
    "finish_time": 20702038,
    "limit_cost_by_ms": 18.996000289916992,
    "model_name": "resnet50",
    "recv_time": 20662473,
    "tag": "471",
    "total_cost_by_ms": 39.564998626708984,
    "wait_cost": 14.654998779296875
}
