{
    "child_model_execute_cost_by_ms": [
        10.190999984741211
    ],
    "child_model_run_time": [
        [
            25781907,
            25792098
        ]
    ],
    "execute_cost": 10.190999984741211,
    "finish_time": 25792110,
    "limit_cost_by_ms": 8.693333625793457,
    "model_name": "googlenet",
    "recv_time": 25759990,
    "tag": "658",
    "total_cost_by_ms": 32.119998931884766,
    "wait_cost": 21.928998947143555
}
