{
    "child_model_execute_cost_by_ms": [
        10.154999732971191
    ],
    "child_model_run_time": [
        [
            26325107,
            26335262
        ]
    ],
    "execute_cost": 10.154999732971191,
    "finish_time": 26335276,
    "limit_cost_by_ms": 8.693333625793457,
    "model_name": "googlenet",
    "recv_time": 26314393,
    "tag": "677",
    "total_cost_by_ms": 20.882999420166016,
    "wait_cost": 10.727999687194824
}
