{
    "child_model_execute_cost_by_ms": [
        10.121999740600586
    ],
    "child_model_run_time": [
        [
            28944565,
            28954687
        ]
    ],
    "execute_cost": 10.121999740600586,
    "finish_time": 28954700,
    "limit_cost_by_ms": 8.693333625793457,
    "model_name": "googlenet",
    "recv_time": 28925646,
    "tag": "773",
    "total_cost_by_ms": 29.054000854492188,
    "wait_cost": 18.9320011138916
}
