{
    "child_model_execute_cost_by_ms": [
        9.77400016784668
    ],
    "child_model_run_time": [
        [
            21721819,
            21731593
        ]
    ],
    "execute_cost": 9.77400016784668,
    "finish_time": 21731601,
    "limit_cost_by_ms": 8.602333068847656,
    "model_name": "googlenet",
    "recv_time": 21721644,
    "tag": "661",
    "total_cost_by_ms": 9.956999778747559,
    "wait_cost": 0.1829996109008789
}
