{
    "child_model_execute_cost_by_ms": [
        18.565000534057617,
        17.44300079345703,
        20.53499984741211
    ],
    "child_model_run_time": [
        [
            9399346,
            9417911
        ],
        [
            9418006,
            9435449
        ],
        [
            9470168,
            9490703
        ]
    ],
    "execute_cost": 56.54300308227539,
    "finish_time": 9490709,
    "limit_cost_by_ms": 46.044334411621094,
    "model_name": "vgg19",
    "recv_time": 9399280,
    "tag": "77",
    "total_cost_by_ms": 91.42900085449219,
    "wait_cost": 34.8859977722168
}
