{
    "child_model_execute_cost_by_ms": [
        8.331000328063965
    ],
    "child_model_run_time": [
        [
            9547132,
            9555463
        ]
    ],
    "execute_cost": 8.331000328063965,
    "finish_time": 9555473,
    "limit_cost_by_ms": 7.2176666259765625,
    "model_name": "squeezenetv1",
    "recv_time": 9534343,
    "tag": "110",
    "total_cost_by_ms": 21.1299991607666,
    "wait_cost": 12.798998832702637
}
