{
    "child_model_execute_cost_by_ms": [
        44.03799819946289
    ],
    "child_model_run_time": [
        [
            12218994,
            12263032
        ]
    ],
    "execute_cost": 44.03799819946289,
    "finish_time": 12263038,
    "limit_cost_by_ms": 47.1349983215332,
    "model_name": "vgg19",
    "recv_time": 12218890,
    "tag": "240",
    "total_cost_by_ms": 44.14799880981445,
    "wait_cost": 0.1100006103515625
}
