{
    "child_model_execute_cost_by_ms": [
        10.493000030517578
    ],
    "child_model_run_time": [
        [
            12585898,
            12596391
        ]
    ],
    "execute_cost": 10.493000030517578,
    "finish_time": 12596398,
    "limit_cost_by_ms": 9.043000221252441,
    "model_name": "googlenet",
    "recv_time": 12559475,
    "tag": "273",
    "total_cost_by_ms": 36.92300033569336,
    "wait_cost": 26.43000030517578
}
