{
    "child_model_execute_cost_by_ms": [
        20.895000457763672
    ],
    "child_model_run_time": [
        [
            14786048,
            14806943
        ]
    ],
    "execute_cost": 20.895000457763672,
    "finish_time": 14806951,
    "limit_cost_by_ms": 18.950666427612305,
    "model_name": "resnet50",
    "recv_time": 14732112,
    "tag": "391",
    "total_cost_by_ms": 74.83899688720703,
    "wait_cost": 53.94399642944336
}
