{
    "child_model_execute_cost_by_ms": [
        8.993000030517578
    ],
    "child_model_run_time": [
        [
            19510396,
            19519389
        ]
    ],
    "execute_cost": 8.993000030517578,
    "finish_time": 19519401,
    "limit_cost_by_ms": 7.290999889373779,
    "model_name": "squeezenetv1",
    "recv_time": 19502527,
    "tag": "636",
    "total_cost_by_ms": 16.874000549316406,
    "wait_cost": 7.881000518798828
}
