{
    "child_model_execute_cost_by_ms": [
        10.09000015258789
    ],
    "child_model_run_time": [
        [
            8730129,
            8740219
        ]
    ],
    "execute_cost": 10.09000015258789,
    "finish_time": 8740225,
    "limit_cost_by_ms": 9.043000221252441,
    "model_name": "googlenet",
    "recv_time": 8721676,
    "tag": "65",
    "total_cost_by_ms": 18.548999786376953,
    "wait_cost": 8.458999633789063
}
