{
    "child_model_execute_cost_by_ms": [
        8.489999771118164
    ],
    "child_model_run_time": [
        [
            20649267,
            20657757
        ]
    ],
    "execute_cost": 8.489999771118164,
    "finish_time": 20657762,
    "limit_cost_by_ms": 7.2176666259765625,
    "model_name": "squeezenetv1",
    "recv_time": 20632792,
    "tag": "706",
    "total_cost_by_ms": 24.969999313354492,
    "wait_cost": 16.479999542236328
}
