{
    "child_model_execute_cost_by_ms": [
        8.317999839782715
    ],
    "child_model_run_time": [
        [
            21729669,
            21737987
        ]
    ],
    "execute_cost": 8.317999839782715,
    "finish_time": 21737995,
    "limit_cost_by_ms": 7.290999889373779,
    "model_name": "squeezenetv1",
    "recv_time": 21729579,
    "tag": "755",
    "total_cost_by_ms": 8.416000366210938,
    "wait_cost": 0.09800052642822266
}
