{
    "child_model_execute_cost_by_ms": [
        8.440999984741211
    ],
    "child_model_run_time": [
        [
            9418791,
            9427232
        ]
    ],
    "execute_cost": 8.440999984741211,
    "finish_time": 9427239,
    "limit_cost_by_ms": 7.290999889373779,
    "model_name": "squeezenetv1",
    "recv_time": 9418688,
    "tag": "87",
    "total_cost_by_ms": 8.550999641418457,
    "wait_cost": 0.1099996566772461
}
