{
    "child_model_execute_cost_by_ms": [
        8.142999649047852
    ],
    "child_model_run_time": [
        [
            25501225,
            25509368
        ]
    ],
    "execute_cost": 8.142999649047852,
    "finish_time": 25509375,
    "limit_cost_by_ms": 7.2176666259765625,
    "model_name": "squeezenetv1",
    "recv_time": 25489041,
    "tag": "963",
    "total_cost_by_ms": 20.333999633789063,
    "wait_cost": 12.190999984741211
}
