{
    "child_model_execute_cost_by_ms": [
        10.034000396728516
    ],
    "child_model_run_time": [
        [
            25989938,
            25999972
        ]
    ],
    "execute_cost": 10.034000396728516,
    "finish_time": 25999977,
    "limit_cost_by_ms": 9.043000221252441,
    "model_name": "googlenet",
    "recv_time": 25989785,
    "tag": "988",
    "total_cost_by_ms": 10.192000389099121,
    "wait_cost": 0.15799999237060547
}
