{
    "child_model_execute_cost_by_ms": [
        8.86400032043457
    ],
    "child_model_run_time": [
        [
            26153557,
            26162421
        ]
    ],
    "execute_cost": 8.86400032043457,
    "finish_time": 26162433,
    "limit_cost_by_ms": 7.2176666259765625,
    "model_name": "squeezenetv1",
    "recv_time": 26109405,
    "tag": "996",
    "total_cost_by_ms": 53.02799987792969,
    "wait_cost": 44.16400146484375
}
