{
    "child_model_execute_cost_by_ms": [
        20.351999282836914
    ],
    "child_model_run_time": [
        [
            13395997,
            13416349
        ]
    ],
    "execute_cost": 20.351999282836914,
    "finish_time": 13416358,
    "limit_cost_by_ms": 18.834667205810547,
    "model_name": "resnet50",
    "recv_time": 13352397,
    "tag": "231",
    "total_cost_by_ms": 63.96099853515625,
    "wait_cost": 43.60900115966797
}
