{
    "child_model_execute_cost_by_ms": [
        8.4399995803833
    ],
    "child_model_run_time": [
        [
            18829995,
            18838435
        ]
    ],
    "execute_cost": 8.4399995803833,
    "finish_time": 18838441,
    "limit_cost_by_ms": 7.124333381652832,
    "model_name": "squeezenetv1",
    "recv_time": 18829975,
    "tag": "456",
    "total_cost_by_ms": 8.465999603271484,
    "wait_cost": 0.026000022888183594
}
