{
    "child_model_execute_cost_by_ms": [
        19.072999954223633
    ],
    "child_model_run_time": [
        [
            22515808,
            22534881
        ]
    ],
    "execute_cost": 19.072999954223633,
    "finish_time": 22534888,
    "limit_cost_by_ms": 18.834667205810547,
    "model_name": "resnet50",
    "recv_time": 22515649,
    "tag": "611",
    "total_cost_by_ms": 19.23900032043457,
    "wait_cost": 0.1660003662109375
}
