{
    "child_model_execute_cost_by_ms": [
        19.490999221801758
    ],
    "child_model_run_time": [
        [
            24599570,
            24619061
        ]
    ],
    "execute_cost": 19.490999221801758,
    "finish_time": 24619069,
    "limit_cost_by_ms": 18.834667205810547,
    "model_name": "resnet50",
    "recv_time": 24599550,
    "tag": "698",
    "total_cost_by_ms": 19.518999099731445,
    "wait_cost": 0.0279998779296875
}
