{
    "child_model_execute_cost_by_ms": [
        19.893999099731445
    ],
    "child_model_run_time": [
        [
            31123508,
            31143402
        ]
    ],
    "execute_cost": 19.893999099731445,
    "finish_time": 31143406,
    "limit_cost_by_ms": 18.834667205810547,
    "model_name": "resnet50",
    "recv_time": 31093114,
    "tag": "970",
    "total_cost_by_ms": 50.29199981689453,
    "wait_cost": 30.398000717163086
}
