{
    "child_model_execute_cost_by_ms": [
        9.52400016784668
    ],
    "child_model_run_time": [
        [
            13602853,
            13612377
        ]
    ],
    "execute_cost": 9.52400016784668,
    "finish_time": 13612386,
    "limit_cost_by_ms": 8.820666313171387,
    "model_name": "googlenet",
    "recv_time": 13602743,
    "tag": "293",
    "total_cost_by_ms": 9.642999649047852,
    "wait_cost": 0.11899948120117188
}
