{
    "child_model_execute_cost_by_ms": [
        20.261999130249023
    ],
    "child_model_run_time": [
        [
            17462345,
            17482607
        ]
    ],
    "execute_cost": 20.261999130249023,
    "finish_time": 17482612,
    "limit_cost_by_ms": 18.80933380126953,
    "model_name": "resnet50",
    "recv_time": 17414505,
    "tag": "487",
    "total_cost_by_ms": 68.10700225830078,
    "wait_cost": 47.845001220703125
}
