{
    "child_model_execute_cost_by_ms": [
        9.732999801635742
    ],
    "child_model_run_time": [
        [
            24854948,
            24864681
        ]
    ],
    "execute_cost": 9.732999801635742,
    "finish_time": 24864689,
    "limit_cost_by_ms": 8.820666313171387,
    "model_name": "googlenet",
    "recv_time": 24854778,
    "tag": "862",
    "total_cost_by_ms": 9.91100025177002,
    "wait_cost": 0.17800045013427734
}
