{
    "child_model_execute_cost_by_ms": [
        44.89699935913086
    ],
    "child_model_run_time": [
        [
            24893631,
            24938528
        ]
    ],
    "execute_cost": 44.89699935913086,
    "finish_time": 24938535,
    "limit_cost_by_ms": 47.10900115966797,
    "model_name": "vgg19",
    "recv_time": 24893513,
    "tag": "865",
    "total_cost_by_ms": 45.02199935913086,
    "wait_cost": 0.125
}
