{
    "child_model_execute_cost_by_ms": [
        10.5649995803833
    ],
    "child_model_run_time": [
        [
            25042326,
            25052891
        ]
    ],
    "execute_cost": 10.5649995803833,
    "finish_time": 25052897,
    "limit_cost_by_ms": 8.820666313171387,
    "model_name": "googlenet",
    "recv_time": 25013783,
    "tag": "871",
    "total_cost_by_ms": 39.11399841308594,
    "wait_cost": 28.548999786376953
}
