{
    "child_model_execute_cost_by_ms": [
        9.668999671936035
    ],
    "child_model_run_time": [
        [
            25684989,
            25694658
        ]
    ],
    "execute_cost": 9.668999671936035,
    "finish_time": 25694664,
    "limit_cost_by_ms": 8.820666313171387,
    "model_name": "googlenet",
    "recv_time": 25684805,
    "tag": "904",
    "total_cost_by_ms": 9.859000205993652,
    "wait_cost": 0.1900005340576172
}
