{
    "child_model_execute_cost_by_ms": [
        7.664000034332275
    ],
    "child_model_run_time": [
        [
            9790293,
            9797957
        ]
    ],
    "execute_cost": 7.664000034332275,
    "finish_time": 9797962,
    "limit_cost_by_ms": 7.335333347320557,
    "model_name": "squeezenetv1",
    "recv_time": 9790276,
    "tag": "104",
    "total_cost_by_ms": 7.685999870300293,
    "wait_cost": 0.021999835968017578
}
