{
    "child_model_execute_cost_by_ms": [
        8.407999992370605
    ],
    "child_model_run_time": [
        [
            11847975,
            11856383
        ]
    ],
    "execute_cost": 8.407999992370605,
    "finish_time": 11856389,
    "limit_cost_by_ms": 7.335333347320557,
    "model_name": "squeezenetv1",
    "recv_time": 11834686,
    "tag": "217",
    "total_cost_by_ms": 21.702999114990234,
    "wait_cost": 13.294999122619629
}
