{
    "child_model_execute_cost_by_ms": [
        44.82099914550781
    ],
    "child_model_run_time": [
        [
            15967430,
            16012251
        ]
    ],
    "execute_cost": 44.82099914550781,
    "finish_time": 16012257,
    "limit_cost_by_ms": 47.16666793823242,
    "model_name": "vgg19",
    "recv_time": 15967256,
    "tag": "443",
    "total_cost_by_ms": 45.000999450683594,
    "wait_cost": 0.18000030517578125
}
