{
    "child_model_execute_cost_by_ms": [
        20.395999908447266
    ],
    "child_model_run_time": [
        [
            23609182,
            23629578
        ]
    ],
    "execute_cost": 20.395999908447266,
    "finish_time": 23629583,
    "limit_cost_by_ms": 19.071332931518555,
    "model_name": "resnet50",
    "recv_time": 23609165,
    "tag": "862",
    "total_cost_by_ms": 20.417999267578125,
    "wait_cost": 0.021999359130859375
}
