{
    "child_model_execute_cost_by_ms": [
        10.08899974822998
    ],
    "child_model_run_time": [
        [
            24928714,
            24938803
        ]
    ],
    "execute_cost": 10.08899974822998,
    "finish_time": 24938815,
    "limit_cost_by_ms": 8.75,
    "model_name": "googlenet",
    "recv_time": 24917304,
    "tag": "936",
    "total_cost_by_ms": 21.51099967956543,
    "wait_cost": 11.42199993133545
}
