{
    "child_model_execute_cost_by_ms": [
        14.946000099182129,
        8.696000099182129
    ],
    "child_model_run_time": [
        [
            17809200,
            17824146
        ],
        [
            17824231,
            17832927
        ]
    ],
    "execute_cost": 23.642000198364258,
    "finish_time": 17832932,
    "limit_cost_by_ms": 19.06333351135254,
    "model_name": "resnet50",
    "recv_time": 17809033,
    "tag": "345",
    "total_cost_by_ms": 23.89900016784668,
    "wait_cost": 0.2569999694824219
}
