{
    "child_model_execute_cost_by_ms": [
        9.84000015258789
    ],
    "child_model_run_time": [
        [
            18111287,
            18121127
        ]
    ],
    "execute_cost": 9.84000015258789,
    "finish_time": 18121132,
    "limit_cost_by_ms": 8.786333084106445,
    "model_name": "googlenet",
    "recv_time": 18111269,
    "tag": "356",
    "total_cost_by_ms": 9.86299991607666,
    "wait_cost": 0.02299976348876953
}
