{
    "child_model_execute_cost_by_ms": [
        8.071000099182129
    ],
    "child_model_run_time": [
        [
            33940975,
            33949046
        ]
    ],
    "execute_cost": 8.071000099182129,
    "finish_time": 33949052,
    "limit_cost_by_ms": 7.137333393096924,
    "model_name": "squeezenetv1",
    "recv_time": 33940802,
    "tag": "901",
    "total_cost_by_ms": 8.25,
    "wait_cost": 0.1789999008178711
}
