{
    "child_model_execute_cost_by_ms": [
        10.406999588012695
    ],
    "child_model_run_time": [
        [
            8015857,
            8026264
        ]
    ],
    "execute_cost": 10.406999588012695,
    "finish_time": 8026275,
    "limit_cost_by_ms": 8.704333305358887,
    "model_name": "googlenet",
    "recv_time": 8015636,
    "tag": "9",
    "total_cost_by_ms": 10.638999938964844,
    "wait_cost": 0.23200035095214844
}
