{
    "child_model_execute_cost_by_ms": [
        8.14799976348877
    ],
    "child_model_run_time": [
        [
            7806126,
            7814274
        ]
    ],
    "execute_cost": 8.14799976348877,
    "finish_time": 7814279,
    "limit_cost_by_ms": 7.384666442871094,
    "model_name": "squeezenetv1",
    "recv_time": 7777616,
    "tag": "12",
    "total_cost_by_ms": 36.66299819946289,
    "wait_cost": 28.514999389648438
}
