{
    "child_model_execute_cost_by_ms": [
        19.48699951171875
    ],
    "child_model_run_time": [
        [
            10288460,
            10307947
        ]
    ],
    "execute_cost": 19.48699951171875,
    "finish_time": 10307956,
    "limit_cost_by_ms": 18.83566665649414,
    "model_name": "resnet50",
    "recv_time": 10288295,
    "tag": "146",
    "total_cost_by_ms": 19.660999298095703,
    "wait_cost": 0.17399978637695313
}
