{
    "child_model_execute_cost_by_ms": [
        20.760000228881836
    ],
    "child_model_run_time": [
        [
            10834294,
            10855054
        ]
    ],
    "execute_cost": 20.760000228881836,
    "finish_time": 10855061,
    "limit_cost_by_ms": 18.83566665649414,
    "model_name": "resnet50",
    "recv_time": 10785738,
    "tag": "174",
    "total_cost_by_ms": 69.322998046875,
    "wait_cost": 48.56299591064453
}
