{
    "child_model_execute_cost_by_ms": [
        45.76900100708008
    ],
    "child_model_run_time": [
        [
            12706323,
            12752092
        ]
    ],
    "execute_cost": 45.76900100708008,
    "finish_time": 12752097,
    "limit_cost_by_ms": 47.33866500854492,
    "model_name": "vgg19",
    "recv_time": 12706228,
    "tag": "277",
    "total_cost_by_ms": 45.86899948120117,
    "wait_cost": 0.09999847412109375
}
