{
    "child_model_execute_cost_by_ms": [
        8.767000198364258
    ],
    "child_model_run_time": [
        [
            14087613,
            14096380
        ]
    ],
    "execute_cost": 8.767000198364258,
    "finish_time": 14096390,
    "limit_cost_by_ms": 7.310333251953125,
    "model_name": "squeezenetv1",
    "recv_time": 14076398,
    "tag": "338",
    "total_cost_by_ms": 19.992000579833984,
    "wait_cost": 11.225000381469727
}
