{
    "child_model_execute_cost_by_ms": [
        46.27799987792969
    ],
    "child_model_run_time": [
        [
            15161850,
            15208128
        ]
    ],
    "execute_cost": 46.27799987792969,
    "finish_time": 15208132,
    "limit_cost_by_ms": 47.33866500854492,
    "model_name": "vgg19",
    "recv_time": 15161697,
    "tag": "410",
    "total_cost_by_ms": 46.435001373291016,
    "wait_cost": 0.15700149536132813
}
