{
    "child_model_execute_cost_by_ms": [
        10.5
    ],
    "child_model_run_time": [
        [
            16110332,
            16120832
        ]
    ],
    "execute_cost": 10.5,
    "finish_time": 16120843,
    "limit_cost_by_ms": 9.0,
    "model_name": "googlenet",
    "recv_time": 16052378,
    "tag": "460",
    "total_cost_by_ms": 68.46499633789063,
    "wait_cost": 57.964996337890625
}
