{
    "child_model_execute_cost_by_ms": [
        9.956000328063965
    ],
    "child_model_run_time": [
        [
            16855175,
            16865131
        ]
    ],
    "execute_cost": 9.956000328063965,
    "finish_time": 16865137,
    "limit_cost_by_ms": 9.0,
    "model_name": "googlenet",
    "recv_time": 16855157,
    "tag": "502",
    "total_cost_by_ms": 9.979999542236328,
    "wait_cost": 0.02399921417236328
}
