{
    "child_model_execute_cost_by_ms": [
        8.404000282287598
    ],
    "child_model_run_time": [
        [
            17015387,
            17023791
        ]
    ],
    "execute_cost": 8.404000282287598,
    "finish_time": 17023798,
    "limit_cost_by_ms": 7.384666442871094,
    "model_name": "squeezenetv1",
    "recv_time": 17015274,
    "tag": "510",
    "total_cost_by_ms": 8.52400016784668,
    "wait_cost": 0.11999988555908203
}
