{
    "child_model_execute_cost_by_ms": [
        10.675999641418457
    ],
    "child_model_run_time": [
        [
            17108423,
            17119099
        ]
    ],
    "execute_cost": 10.675999641418457,
    "finish_time": 17119106,
    "limit_cost_by_ms": 9.0,
    "model_name": "googlenet",
    "recv_time": 17088456,
    "tag": "515",
    "total_cost_by_ms": 30.649999618530273,
    "wait_cost": 19.9739990234375
}
