{
    "child_model_execute_cost_by_ms": [
        45.678001403808594
    ],
    "child_model_run_time": [
        [
            18085322,
            18131000
        ]
    ],
    "execute_cost": 45.678001403808594,
    "finish_time": 18131006,
    "limit_cost_by_ms": 47.28166580200195,
    "model_name": "vgg19",
    "recv_time": 18081794,
    "tag": "557",
    "total_cost_by_ms": 49.21200180053711,
    "wait_cost": 3.5340003967285156
}
