{
    "child_model_execute_cost_by_ms": [
        20.735000610351563
    ],
    "child_model_run_time": [
        [
            18992896,
            19013631
        ]
    ],
    "execute_cost": 20.735000610351563,
    "finish_time": 19013637,
    "limit_cost_by_ms": 18.83566665649414,
    "model_name": "resnet50",
    "recv_time": 18971848,
    "tag": "618",
    "total_cost_by_ms": 41.78900146484375,
    "wait_cost": 21.054000854492188
}
