{
    "child_model_execute_cost_by_ms": [
        8.237000465393066
    ],
    "child_model_run_time": [
        [
            19128614,
            19136851
        ]
    ],
    "execute_cost": 8.237000465393066,
    "finish_time": 19136857,
    "limit_cost_by_ms": 7.384666442871094,
    "model_name": "squeezenetv1",
    "recv_time": 19128490,
    "tag": "626",
    "total_cost_by_ms": 8.366999626159668,
    "wait_cost": 0.12999916076660156
}
