{
    "child_model_execute_cost_by_ms": [
        10.008999824523926
    ],
    "child_model_run_time": [
        [
            19329374,
            19339383
        ]
    ],
    "execute_cost": 10.008999824523926,
    "finish_time": 19339392,
    "limit_cost_by_ms": 9.0,
    "model_name": "googlenet",
    "recv_time": 19329230,
    "tag": "637",
    "total_cost_by_ms": 10.161999702453613,
    "wait_cost": 0.1529998779296875
}
