{
    "child_model_execute_cost_by_ms": [
        46.986000061035156
    ],
    "child_model_run_time": [
        [
            20437129,
            20484115
        ]
    ],
    "execute_cost": 46.986000061035156,
    "finish_time": 20484121,
    "limit_cost_by_ms": 47.33866500854492,
    "model_name": "vgg19",
    "recv_time": 20433019,
    "tag": "697",
    "total_cost_by_ms": 51.10200119018555,
    "wait_cost": 4.116001129150391
}
