{
    "child_model_execute_cost_by_ms": [
        8.128999710083008
    ],
    "child_model_run_time": [
        [
            24466063,
            24474192
        ]
    ],
    "execute_cost": 8.128999710083008,
    "finish_time": 24474196,
    "limit_cost_by_ms": 7.384666442871094,
    "model_name": "squeezenetv1",
    "recv_time": 24465656,
    "tag": "909",
    "total_cost_by_ms": 8.539999961853027,
    "wait_cost": 0.41100025177001953
}
