{
    "child_model_execute_cost_by_ms": [
        47.527000427246094
    ],
    "child_model_run_time": [
        [
            15828202,
            15875729
        ]
    ],
    "execute_cost": 47.527000427246094,
    "finish_time": 15875732,
    "limit_cost_by_ms": 47.42733383178711,
    "model_name": "vgg19",
    "recv_time": 15828111,
    "tag": "321",
    "total_cost_by_ms": 47.62099838256836,
    "wait_cost": 0.09399795532226563
}
