{
    "child_model_execute_cost_by_ms": [
        37.112998962402344
    ],
    "child_model_run_time": [
        [
            16825585,
            16862698
        ]
    ],
    "execute_cost": 37.112998962402344,
    "finish_time": 16862701,
    "limit_cost_by_ms": 7.417666435241699,
    "model_name": "squeezenetv1",
    "recv_time": 16825487,
    "tag": "361",
    "total_cost_by_ms": 37.2140007019043,
    "wait_cost": 0.10100173950195313
}
