{
    "child_model_execute_cost_by_ms": [
        28.062999725341797
    ],
    "child_model_run_time": [
        [
            21276051,
            21304114
        ]
    ],
    "execute_cost": 28.062999725341797,
    "finish_time": 21304117,
    "limit_cost_by_ms": 9.119333267211914,
    "model_name": "googlenet",
    "recv_time": 21276039,
    "tag": "527",
    "total_cost_by_ms": 28.077999114990234,
    "wait_cost": 0.0149993896484375
}
