{
    "child_model_execute_cost_by_ms": [
        8.58899974822998
    ],
    "child_model_run_time": [
        [
            22490257,
            22498846
        ]
    ],
    "execute_cost": 8.58899974822998,
    "finish_time": 22498853,
    "limit_cost_by_ms": 7.417666435241699,
    "model_name": "squeezenetv1",
    "recv_time": 22490090,
    "tag": "582",
    "total_cost_by_ms": 8.762999534606934,
    "wait_cost": 0.17399978637695313
}
