{
    "child_model_execute_cost_by_ms": [
        8.607999801635742
    ],
    "child_model_run_time": [
        [
            27450009,
            27458617
        ]
    ],
    "execute_cost": 8.607999801635742,
    "finish_time": 27458620,
    "limit_cost_by_ms": 7.417666435241699,
    "model_name": "squeezenetv1",
    "recv_time": 27449998,
    "tag": "775",
    "total_cost_by_ms": 8.621999740600586,
    "wait_cost": 0.01399993896484375
}
