{
    "child_model_execute_cost_by_ms": [
        54.38199996948242
    ],
    "child_model_run_time": [
        [
            19078355,
            19132737
        ]
    ],
    "execute_cost": 54.38199996948242,
    "finish_time": 19132742,
    "limit_cost_by_ms": 7.313666820526123,
    "model_name": "squeezenetv1",
    "recv_time": 19078192,
    "tag": "527",
    "total_cost_by_ms": 54.54999923706055,
    "wait_cost": 0.167999267578125
}
