{
    "child_model_execute_cost_by_ms": [
        34.1619987487793
    ],
    "child_model_run_time": [
        [
            9164625,
            9198787
        ]
    ],
    "execute_cost": 34.1619987487793,
    "finish_time": 9198792,
    "limit_cost_by_ms": 9.218000411987305,
    "model_name": "googlenet",
    "recv_time": 9164430,
    "tag": "64",
    "total_cost_by_ms": 34.36199951171875,
    "wait_cost": 0.20000076293945313
}
