{
    "child_model_execute_cost_by_ms": [
        26.889999389648438
    ],
    "child_model_run_time": [
        [
            27499421,
            27526311
        ]
    ],
    "execute_cost": 26.889999389648438,
    "finish_time": 27526313,
    "limit_cost_by_ms": 18.88166618347168,
    "model_name": "resnet50",
    "recv_time": 27499266,
    "tag": "916",
    "total_cost_by_ms": 27.047000885009766,
    "wait_cost": 0.15700149536132813
}
