{
    "child_model_execute_cost_by_ms": [
        9.788000106811523
    ],
    "child_model_run_time": [
        [
            8052190,
            8061978
        ]
    ],
    "execute_cost": 9.788000106811523,
    "finish_time": 8061987,
    "limit_cost_by_ms": 7.420333385467529,
    "model_name": "squeezenetv1",
    "recv_time": 8037970,
    "tag": "3",
    "total_cost_by_ms": 24.017000198364258,
    "wait_cost": 14.229000091552734
}
