{
    "child_model_execute_cost_by_ms": [
        49.297000885009766
    ],
    "child_model_run_time": [
        [
            31995425,
            32044722
        ]
    ],
    "execute_cost": 49.297000885009766,
    "finish_time": 32044731,
    "limit_cost_by_ms": 47.31266784667969,
    "model_name": "vgg19",
    "recv_time": 30539800,
    "tag": "942",
    "total_cost_by_ms": 1504.9310302734375,
    "wait_cost": 1455.634033203125
}
