{
    "child_model_execute_cost_by_ms": [
        48.90299987792969
    ],
    "child_model_run_time": [
        [
            32486415,
            32535318
        ]
    ],
    "execute_cost": 48.90299987792969,
    "finish_time": 32535324,
    "limit_cost_by_ms": 47.31266784667969,
    "model_name": "vgg19",
    "recv_time": 31309099,
    "tag": "974",
    "total_cost_by_ms": 1226.2249755859375,
    "wait_cost": 1177.322021484375
}
