{
    "child_model_execute_cost_by_ms": [
        18.384000778198242,
        16.916000366210938,
        19.351999282836914
    ],
    "child_model_run_time": [
        [
            9971505,
            9989889
        ],
        [
            9990000,
            10006916
        ],
        [
            10006949,
            10026301
        ]
    ],
    "execute_cost": 54.652000427246094,
    "finish_time": 10026309,
    "limit_cost_by_ms": 46.9206657409668,
    "model_name": "vgg19",
    "recv_time": 9971331,
    "tag": "108",
    "total_cost_by_ms": 54.97800064086914,
    "wait_cost": 0.3260002136230469
}
