{
    "child_model_execute_cost_by_ms": [
        9.868000030517578
    ],
    "child_model_run_time": [
        [
            10159765,
            10169633
        ]
    ],
    "execute_cost": 9.868000030517578,
    "finish_time": 10169645,
    "limit_cost_by_ms": 8.782666206359863,
    "model_name": "googlenet",
    "recv_time": 10159614,
    "tag": "115",
    "total_cost_by_ms": 10.031000137329102,
    "wait_cost": 0.16300010681152344
}
