{
    "child_model_execute_cost_by_ms": [
        15.017999649047852,
        8.911999702453613
    ],
    "child_model_run_time": [
        [
            11522969,
            11537987
        ],
        [
            11538102,
            11547014
        ]
    ],
    "execute_cost": 23.93000030517578,
    "finish_time": 11547021,
    "limit_cost_by_ms": 18.88800048828125,
    "model_name": "resnet50",
    "recv_time": 11522952,
    "tag": "177",
    "total_cost_by_ms": 24.069000244140625,
    "wait_cost": 0.13899993896484375
}
