{
    "child_model_execute_cost_by_ms": [
        8.241000175476074
    ],
    "child_model_run_time": [
        [
            11814160,
            11822401
        ]
    ],
    "execute_cost": 8.241000175476074,
    "finish_time": 11822414,
    "limit_cost_by_ms": 7.197999954223633,
    "model_name": "squeezenetv1",
    "recv_time": 11813997,
    "tag": "190",
    "total_cost_by_ms": 8.416999816894531,
    "wait_cost": 0.17599964141845703
}
