{
    "child_model_execute_cost_by_ms": [
        7.999000072479248
    ],
    "child_model_run_time": [
        [
            12879901,
            12887900
        ]
    ],
    "execute_cost": 7.999000072479248,
    "finish_time": 12887907,
    "limit_cost_by_ms": 7.197999954223633,
    "model_name": "squeezenetv1",
    "recv_time": 12879774,
    "tag": "238",
    "total_cost_by_ms": 8.133000373840332,
    "wait_cost": 0.13400030136108398
}
