{
    "child_model_execute_cost_by_ms": [
        9.57699966430664
    ],
    "child_model_run_time": [
        [
            13155810,
            13165387
        ]
    ],
    "execute_cost": 9.57699966430664,
    "finish_time": 13165395,
    "limit_cost_by_ms": 8.782666206359863,
    "model_name": "googlenet",
    "recv_time": 13155654,
    "tag": "251",
    "total_cost_by_ms": 9.741000175476074,
    "wait_cost": 0.1640005111694336
}
