{
    "child_model_execute_cost_by_ms": [
        8.531999588012695
    ],
    "child_model_run_time": [
        [
            15509551,
            15518083
        ]
    ],
    "execute_cost": 8.531999588012695,
    "finish_time": 15518096,
    "limit_cost_by_ms": 7.197999954223633,
    "model_name": "squeezenetv1",
    "recv_time": 15490265,
    "tag": "356",
    "total_cost_by_ms": 27.83099937438965,
    "wait_cost": 19.298999786376953
}
