{
    "child_model_execute_cost_by_ms": [
        8.01200008392334
    ],
    "child_model_run_time": [
        [
            16183364,
            16191376
        ]
    ],
    "execute_cost": 8.01200008392334,
    "finish_time": 16191384,
    "limit_cost_by_ms": 7.197999954223633,
    "model_name": "squeezenetv1",
    "recv_time": 16183259,
    "tag": "387",
    "total_cost_by_ms": 8.125,
    "wait_cost": 0.11299991607666016
}
