{
    "child_model_execute_cost_by_ms": [
        9.383999824523926
    ],
    "child_model_run_time": [
        [
            16216021,
            16225405
        ]
    ],
    "execute_cost": 9.383999824523926,
    "finish_time": 16225409,
    "limit_cost_by_ms": 8.782666206359863,
    "model_name": "googlenet",
    "recv_time": 16207346,
    "tag": "389",
    "total_cost_by_ms": 18.062999725341797,
    "wait_cost": 8.678999900817871
}
