{
    "child_model_execute_cost_by_ms": [
        14.909000396728516,
        8.77299976348877
    ],
    "child_model_run_time": [
        [
            17261891,
            17276800
        ],
        [
            17276909,
            17285682
        ]
    ],
    "execute_cost": 23.68199920654297,
    "finish_time": 17285688,
    "limit_cost_by_ms": 18.88800048828125,
    "model_name": "resnet50",
    "recv_time": 17261876,
    "tag": "436",
    "total_cost_by_ms": 23.812000274658203,
    "wait_cost": 0.13000106811523438
}
