{
    "child_model_execute_cost_by_ms": [
        10.253999710083008
    ],
    "child_model_run_time": [
        [
            18985654,
            18995908
        ]
    ],
    "execute_cost": 10.253999710083008,
    "finish_time": 18995915,
    "limit_cost_by_ms": 8.782666206359863,
    "model_name": "googlenet",
    "recv_time": 18981090,
    "tag": "512",
    "total_cost_by_ms": 14.824999809265137,
    "wait_cost": 4.571000099182129
}
