{
    "child_model_execute_cost_by_ms": [
        14.902000427246094,
        8.758999824523926
    ],
    "child_model_run_time": [
        [
            19274844,
            19289746
        ],
        [
            19299619,
            19308378
        ]
    ],
    "execute_cost": 23.660999298095703,
    "finish_time": 19308383,
    "limit_cost_by_ms": 18.88800048828125,
    "model_name": "resnet50",
    "recv_time": 19274684,
    "tag": "526",
    "total_cost_by_ms": 33.69900131225586,
    "wait_cost": 10.038002014160156
}
