{
    "child_model_execute_cost_by_ms": [
        18.75,
        17.586000442504883,
        20.023000717163086
    ],
    "child_model_run_time": [
        [
            23310479,
            23329229
        ],
        [
            23329276,
            23346862
        ],
        [
            23346900,
            23366923
        ]
    ],
    "execute_cost": 56.35900115966797,
    "finish_time": 23366929,
    "limit_cost_by_ms": 46.9206657409668,
    "model_name": "vgg19",
    "recv_time": 23307812,
    "tag": "709",
    "total_cost_by_ms": 59.117000579833984,
    "wait_cost": 2.7579994201660156
}
