{
    "child_model_execute_cost_by_ms": [
        9.604000091552734
    ],
    "child_model_run_time": [
        [
            23574122,
            23583726
        ]
    ],
    "execute_cost": 9.604000091552734,
    "finish_time": 23583737,
    "limit_cost_by_ms": 8.782666206359863,
    "model_name": "googlenet",
    "recv_time": 23561961,
    "tag": "721",
    "total_cost_by_ms": 21.775999069213867,
    "wait_cost": 12.171998977661133
}
