{
    "child_model_execute_cost_by_ms": [
        14.692000389099121,
        9.253999710083008
    ],
    "child_model_run_time": [
        [
            25136172,
            25150864
        ],
        [
            25160699,
            25169953
        ]
    ],
    "execute_cost": 23.945999145507813,
    "finish_time": 25169960,
    "limit_cost_by_ms": 18.88800048828125,
    "model_name": "resnet50",
    "recv_time": 25136003,
    "tag": "790",
    "total_cost_by_ms": 33.957000732421875,
    "wait_cost": 10.011001586914063
}
