{
    "child_model_execute_cost_by_ms": [
        8.302000045776367
    ],
    "child_model_run_time": [
        [
            25386405,
            25394707
        ]
    ],
    "execute_cost": 8.302000045776367,
    "finish_time": 25394717,
    "limit_cost_by_ms": 7.197999954223633,
    "model_name": "squeezenetv1",
    "recv_time": 25375795,
    "tag": "801",
    "total_cost_by_ms": 18.922000885009766,
    "wait_cost": 10.620000839233398
}
