{
    "child_model_execute_cost_by_ms": [
        9.657999992370605
    ],
    "child_model_run_time": [
        [
            28555953,
            28565611
        ]
    ],
    "execute_cost": 9.657999992370605,
    "finish_time": 28565620,
    "limit_cost_by_ms": 8.782666206359863,
    "model_name": "googlenet",
    "recv_time": 28555803,
    "tag": "944",
    "total_cost_by_ms": 9.817000389099121,
    "wait_cost": 0.15900039672851563
}
