{
    "child_model_execute_cost_by_ms": [
        14.357999801635742,
        8.434000015258789
    ],
    "child_model_run_time": [
        [
            29202649,
            29217007
        ],
        [
            29217096,
            29225530
        ]
    ],
    "execute_cost": 22.79199981689453,
    "finish_time": 29225534,
    "limit_cost_by_ms": 18.88800048828125,
    "model_name": "resnet50",
    "recv_time": 29202522,
    "tag": "973",
    "total_cost_by_ms": 23.011999130249023,
    "wait_cost": 0.2199993133544922
}
