{
    "child_model_execute_cost_by_ms": [
        7.738999843597412
    ],
    "child_model_run_time": [
        [
            11460324,
            11468063
        ]
    ],
    "execute_cost": 7.738999843597412,
    "finish_time": 11468069,
    "limit_cost_by_ms": 7.255666732788086,
    "model_name": "squeezenetv1",
    "recv_time": 11455229,
    "tag": "157",
    "total_cost_by_ms": 12.84000015258789,
    "wait_cost": 5.1010003089904785
}
