{
    "child_model_execute_cost_by_ms": [
        8.145000457763672
    ],
    "child_model_run_time": [
        [
            22288107,
            22296252
        ]
    ],
    "execute_cost": 8.145000457763672,
    "finish_time": 22296258,
    "limit_cost_by_ms": 7.255666732788086,
    "model_name": "squeezenetv1",
    "recv_time": 22287957,
    "tag": "621",
    "total_cost_by_ms": 8.300999641418457,
    "wait_cost": 0.15599918365478516
}
