{
    "child_model_execute_cost_by_ms": [
        8.14799976348877
    ],
    "child_model_run_time": [
        [
            23471492,
            23479640
        ]
    ],
    "execute_cost": 8.14799976348877,
    "finish_time": 23479649,
    "limit_cost_by_ms": 7.255666732788086,
    "model_name": "squeezenetv1",
    "recv_time": 23471372,
    "tag": "671",
    "total_cost_by_ms": 8.277000427246094,
    "wait_cost": 0.12900066375732422
}
