{
    "child_model_execute_cost_by_ms": [
        18.582000732421875,
        16.93400001525879,
        19.49799919128418
    ],
    "child_model_run_time": [
        [
            15480286,
            15498868
        ],
        [
            15498917,
            15515851
        ],
        [
            15515896,
            15535394
        ]
    ],
    "execute_cost": 55.013999938964844,
    "finish_time": 15535399,
    "limit_cost_by_ms": 46.452667236328125,
    "model_name": "vgg19",
    "recv_time": 15480163,
    "tag": "289",
    "total_cost_by_ms": 55.236000061035156,
    "wait_cost": 0.2220001220703125
}
