{
    "child_model_execute_cost_by_ms": [
        18.857999801635742,
        16.9950008392334,
        19.558000564575195
    ],
    "child_model_run_time": [
        [
            23352024,
            23370882
        ],
        [
            23370979,
            23387974
        ],
        [
            23388061,
            23407619
        ]
    ],
    "execute_cost": 55.41100311279297,
    "finish_time": 23407624,
    "limit_cost_by_ms": 46.452667236328125,
    "model_name": "vgg19",
    "recv_time": 23349708,
    "tag": "584",
    "total_cost_by_ms": 57.91600036621094,
    "wait_cost": 2.5049972534179688
}
