{
    "child_model_execute_cost_by_ms": [
        8.121999740600586
    ],
    "child_model_run_time": [
        [
            25285328,
            25293450
        ]
    ],
    "execute_cost": 8.121999740600586,
    "finish_time": 25293456,
    "limit_cost_by_ms": 7.253333568572998,
    "model_name": "squeezenetv1",
    "recv_time": 25285091,
    "tag": "656",
    "total_cost_by_ms": 8.364999771118164,
    "wait_cost": 0.24300003051757813
}
