{
    "child_model_execute_cost_by_ms": [
        18.822999954223633,
        16.996000289916992,
        19.12700080871582
    ],
    "child_model_run_time": [
        [
            25885711,
            25904534
        ],
        [
            25904632,
            25921628
        ],
        [
            25921719,
            25940846
        ]
    ],
    "execute_cost": 54.94599914550781,
    "finish_time": 25940853,
    "limit_cost_by_ms": 46.452667236328125,
    "model_name": "vgg19",
    "recv_time": 25885538,
    "tag": "679",
    "total_cost_by_ms": 55.314998626708984,
    "wait_cost": 0.3689994812011719
}
