{
    "child_model_execute_cost_by_ms": [
        8.01099967956543
    ],
    "child_model_run_time": [
        [
            27025347,
            27033358
        ]
    ],
    "execute_cost": 8.01099967956543,
    "finish_time": 27033369,
    "limit_cost_by_ms": 7.215666770935059,
    "model_name": "squeezenetv1",
    "recv_time": 27022490,
    "tag": "916",
    "total_cost_by_ms": 10.878999710083008,
    "wait_cost": 2.868000030517578
}
