{
    "child_model_execute_cost_by_ms": [
        46.37200164794922
    ],
    "child_model_run_time": [
        [
            10820145,
            10866517
        ]
    ],
    "execute_cost": 46.37200164794922,
    "finish_time": 10866522,
    "limit_cost_by_ms": 47.23899841308594,
    "model_name": "vgg19",
    "recv_time": 10775932,
    "tag": "127",
    "total_cost_by_ms": 90.58999633789063,
    "wait_cost": 44.217994689941406
}
