{
    "child_model_execute_cost_by_ms": [
        10.907999992370605
    ],
    "child_model_run_time": [
        [
            25913637,
            25924545
        ]
    ],
    "execute_cost": 10.907999992370605,
    "finish_time": 25924558,
    "limit_cost_by_ms": 9.197333335876465,
    "model_name": "googlenet",
    "recv_time": 25780552,
    "tag": "772",
    "total_cost_by_ms": 144.00599670410156,
    "wait_cost": 133.09799194335938
}
