{
    "child_model_execute_cost_by_ms": [
        18.520999908447266,
        17.9060001373291,
        19.235000610351563
    ],
    "child_model_run_time": [
        [
            17219869,
            17238390
        ],
        [
            17248420,
            17266326
        ],
        [
            17266411,
            17285646
        ]
    ],
    "execute_cost": 55.66200256347656,
    "finish_time": 17285650,
    "limit_cost_by_ms": 46.56266784667969,
    "model_name": "vgg19",
    "recv_time": 17219754,
    "tag": "329",
    "total_cost_by_ms": 65.89600372314453,
    "wait_cost": 10.234001159667969
}
