{
    "child_model_execute_cost_by_ms": [
        18.437999725341797,
        16.759000778198242,
        19.256999969482422
    ],
    "child_model_run_time": [
        [
            29830930,
            29849368
        ],
        [
            29849406,
            29866165
        ],
        [
            29866192,
            29885449
        ]
    ],
    "execute_cost": 54.45399856567383,
    "finish_time": 29885455,
    "limit_cost_by_ms": 46.56266784667969,
    "model_name": "vgg19",
    "recv_time": 29830918,
    "tag": "773",
    "total_cost_by_ms": 54.5369987487793,
    "wait_cost": 0.08300018310546875
}
