{
    "child_model_execute_cost_by_ms": [
        20.451000213623047
    ],
    "child_model_run_time": [
        [
            10808169,
            10828620
        ]
    ],
    "execute_cost": 20.451000213623047,
    "finish_time": 10828627,
    "limit_cost_by_ms": 18.801332473754883,
    "model_name": "resnet50",
    "recv_time": 10808154,
    "tag": "146",
    "total_cost_by_ms": 20.472999572753906,
    "wait_cost": 0.021999359130859375
}
