{
    "child_model_execute_cost_by_ms": [
        20.593000411987305
    ],
    "child_model_run_time": [
        [
            13018563,
            13039156
        ]
    ],
    "execute_cost": 20.593000411987305,
    "finish_time": 13039170,
    "limit_cost_by_ms": 18.801332473754883,
    "model_name": "resnet50",
    "recv_time": 12986568,
    "tag": "254",
    "total_cost_by_ms": 52.60200119018555,
    "wait_cost": 32.009002685546875
}
