{
    "child_model_execute_cost_by_ms": [
        10.505000114440918
    ],
    "child_model_run_time": [
        [
            15213311,
            15223816
        ]
    ],
    "execute_cost": 10.505000114440918,
    "finish_time": 15223821,
    "limit_cost_by_ms": 8.75100040435791,
    "model_name": "googlenet",
    "recv_time": 15213107,
    "tag": "359",
    "total_cost_by_ms": 10.71399974822998,
    "wait_cost": 0.2089996337890625
}
