{
    "child_model_execute_cost_by_ms": [
        20.23900032043457
    ],
    "child_model_run_time": [
        [
            18856099,
            18876338
        ]
    ],
    "execute_cost": 20.23900032043457,
    "finish_time": 18876345,
    "limit_cost_by_ms": 18.801332473754883,
    "model_name": "resnet50",
    "recv_time": 18855974,
    "tag": "533",
    "total_cost_by_ms": 20.371000289916992,
    "wait_cost": 0.13199996948242188
}
