{
    "child_model_execute_cost_by_ms": [
        47.8129997253418
    ],
    "child_model_run_time": [
        [
            19124942,
            19172755
        ]
    ],
    "execute_cost": 47.8129997253418,
    "finish_time": 19172764,
    "limit_cost_by_ms": 46.022666931152344,
    "model_name": "vgg19",
    "recv_time": 19124813,
    "tag": "547",
    "total_cost_by_ms": 47.95100021362305,
    "wait_cost": 0.13800048828125
}
