{
    "child_model_execute_cost_by_ms": [
        46.722999572753906
    ],
    "child_model_run_time": [
        [
            20625459,
            20672182
        ]
    ],
    "execute_cost": 46.722999572753906,
    "finish_time": 20672188,
    "limit_cost_by_ms": 46.022666931152344,
    "model_name": "vgg19",
    "recv_time": 20625278,
    "tag": "620",
    "total_cost_by_ms": 46.90999984741211,
    "wait_cost": 0.18700027465820313
}
