{
    "child_model_execute_cost_by_ms": [
        20.493000030517578
    ],
    "child_model_run_time": [
        [
            21280486,
            21300979
        ]
    ],
    "execute_cost": 20.493000030517578,
    "finish_time": 21300989,
    "limit_cost_by_ms": 18.801332473754883,
    "model_name": "resnet50",
    "recv_time": 21280316,
    "tag": "651",
    "total_cost_by_ms": 20.67300033569336,
    "wait_cost": 0.18000030517578125
}
