{
    "child_model_execute_cost_by_ms": [
        14.930000305175781,
        8.61299991607666
    ],
    "child_model_run_time": [
        [
            10523061,
            10537991
        ],
        [
            10538083,
            10546696
        ]
    ],
    "execute_cost": 23.542999267578125,
    "finish_time": 10546702,
    "limit_cost_by_ms": 18.928667068481445,
    "model_name": "resnet50",
    "recv_time": 10513260,
    "tag": "120",
    "total_cost_by_ms": 33.44200134277344,
    "wait_cost": 9.899002075195313
}
