{
    "child_model_execute_cost_by_ms": [
        8.112000465393066
    ],
    "child_model_run_time": [
        [
            11516067,
            11524179
        ]
    ],
    "execute_cost": 8.112000465393066,
    "finish_time": 11524192,
    "limit_cost_by_ms": 7.138000011444092,
    "model_name": "squeezenetv1",
    "recv_time": 11515776,
    "tag": "164",
    "total_cost_by_ms": 8.416000366210938,
    "wait_cost": 0.3039999008178711
}
