{
    "child_model_execute_cost_by_ms": [
        9.543000221252441
    ],
    "child_model_run_time": [
        [
            13618485,
            13628028
        ]
    ],
    "execute_cost": 9.543000221252441,
    "finish_time": 13628036,
    "limit_cost_by_ms": 8.680333137512207,
    "model_name": "googlenet",
    "recv_time": 13618298,
    "tag": "255",
    "total_cost_by_ms": 9.73799991607666,
    "wait_cost": 0.19499969482421875
}
