{
    "child_model_execute_cost_by_ms": [
        9.734999656677246
    ],
    "child_model_run_time": [
        [
            20861416,
            20871151
        ]
    ],
    "execute_cost": 9.734999656677246,
    "finish_time": 20871159,
    "limit_cost_by_ms": 8.680333137512207,
    "model_name": "googlenet",
    "recv_time": 20861249,
    "tag": "571",
    "total_cost_by_ms": 9.90999984741211,
    "wait_cost": 0.17500019073486328
}
