{
    "child_model_execute_cost_by_ms": [
        15.048999786376953,
        8.746000289916992
    ],
    "child_model_run_time": [
        [
            20672587,
            20687636
        ],
        [
            20687678,
            20696424
        ]
    ],
    "execute_cost": 23.795000076293945,
    "finish_time": 20696430,
    "limit_cost_by_ms": 18.729000091552734,
    "model_name": "resnet50",
    "recv_time": 20672423,
    "tag": "554",
    "total_cost_by_ms": 24.006999969482422,
    "wait_cost": 0.21199989318847656
}
