{
    "child_model_execute_cost_by_ms": [
        14.954000473022461,
        8.833999633789063
    ],
    "child_model_run_time": [
        [
            21421093,
            21436047
        ],
        [
            21444362,
            21453196
        ]
    ],
    "execute_cost": 23.788000106811523,
    "finish_time": 21453200,
    "limit_cost_by_ms": 18.729000091552734,
    "model_name": "resnet50",
    "recv_time": 21421078,
    "tag": "588",
    "total_cost_by_ms": 32.12200164794922,
    "wait_cost": 8.334001541137695
}
