{
    "child_model_execute_cost_by_ms": [
        14.585000038146973,
        8.442999839782715
    ],
    "child_model_run_time": [
        [
            26786956,
            26801541
        ],
        [
            26801623,
            26810066
        ]
    ],
    "execute_cost": 23.027999877929688,
    "finish_time": 26810070,
    "limit_cost_by_ms": 18.729000091552734,
    "model_name": "resnet50",
    "recv_time": 26786819,
    "tag": "821",
    "total_cost_by_ms": 23.250999450683594,
    "wait_cost": 0.22299957275390625
}
