{
    "child_model_execute_cost_by_ms": [
        6.2829999923706055
    ],
    "child_model_run_time": [
        [
            21006160,
            21012443
        ]
    ],
    "execute_cost": 6.2829999923706055,
    "finish_time": 21012453,
    "limit_cost_by_ms": 5.952666759490967,
    "model_name": "yolov2",
    "recv_time": 21000968,
    "tag": "124",
    "total_cost_by_ms": 11.484999656677246,
    "wait_cost": 5.201999664306641
}
