{
    "child_model_execute_cost_by_ms": [
        13.364999771118164
    ],
    "child_model_run_time": [
        [
            22157699,
            22171064
        ]
    ],
    "execute_cost": 13.364999771118164,
    "finish_time": 22171072,
    "limit_cost_by_ms": 7.006666660308838,
    "model_name": "gpt128v2",
    "recv_time": 22151324,
    "tag": "170",
    "total_cost_by_ms": 19.74799919128418,
    "wait_cost": 6.382999420166016
}
