{
    "child_model_execute_cost_by_ms": [
        14.588000297546387
    ],
    "child_model_run_time": [
        [
            23913738,
            23928326
        ]
    ],
    "execute_cost": 14.588000297546387,
    "finish_time": 23928339,
    "limit_cost_by_ms": 7.006666660308838,
    "model_name": "gpt128v2",
    "recv_time": 23913724,
    "tag": "244",
    "total_cost_by_ms": 14.614999771118164,
    "wait_cost": 0.026999473571777344
}
