{
    "child_model_execute_cost_by_ms": [
        13.63599967956543
    ],
    "child_model_run_time": [
        [
            25247029,
            25260665
        ]
    ],
    "execute_cost": 13.63599967956543,
    "finish_time": 25260681,
    "limit_cost_by_ms": 7.006666660308838,
    "model_name": "gpt128v2",
    "recv_time": 25244471,
    "tag": "300",
    "total_cost_by_ms": 16.209999084472656,
    "wait_cost": 2.5739994049072266
}
