{
    "child_model_execute_cost_by_ms": [
        18.72100067138672,
        17.801000595092773,
        19.732999801635742
    ],
    "child_model_run_time": [
        [
            25210427,
            25229148
        ],
        [
            25229190,
            25246991
        ],
        [
            25269565,
            25289298
        ]
    ],
    "execute_cost": 56.2550048828125,
    "finish_time": 25289302,
    "limit_cost_by_ms": 46.224334716796875,
    "model_name": "vgg19",
    "recv_time": 25210368,
    "tag": "299",
    "total_cost_by_ms": 78.93399810791016,
    "wait_cost": 22.678993225097656
}
