{
    "child_model_execute_cost_by_ms": [
        6.3379998207092285
    ],
    "child_model_run_time": [
        [
            27982529,
            27988867
        ]
    ],
    "execute_cost": 6.3379998207092285,
    "finish_time": 27988877,
    "limit_cost_by_ms": 5.952666759490967,
    "model_name": "yolov2",
    "recv_time": 27982479,
    "tag": "415",
    "total_cost_by_ms": 6.3979997634887695,
    "wait_cost": 0.059999942779541016
}
