{
    "child_model_execute_cost_by_ms": [
        6.1020002365112305
    ],
    "child_model_run_time": [
        [
            28951758,
            28957860
        ]
    ],
    "execute_cost": 6.1020002365112305,
    "finish_time": 28957864,
    "limit_cost_by_ms": 5.952666759490967,
    "model_name": "yolov2",
    "recv_time": 28946650,
    "tag": "456",
    "total_cost_by_ms": 11.21399974822998,
    "wait_cost": 5.11199951171875
}
