{
    "child_model_execute_cost_by_ms": [
        14.54800033569336,
        13.418000221252441
    ],
    "child_model_run_time": [
        [
            29393184,
            29407732
        ],
        [
            29407760,
            29421178
        ]
    ],
    "execute_cost": 27.965999603271484,
    "finish_time": 29421180,
    "limit_cost_by_ms": 18.83733367919922,
    "model_name": "resnet50",
    "recv_time": 29369111,
    "tag": "475",
    "total_cost_by_ms": 52.069000244140625,
    "wait_cost": 24.10300064086914
}
