{
    "child_model_execute_cost_by_ms": [
        6.552000045776367
    ],
    "child_model_run_time": [
        [
            19726446,
            19732998
        ]
    ],
    "execute_cost": 6.552000045776367,
    "finish_time": 19733009,
    "limit_cost_by_ms": 5.952666759490967,
    "model_name": "yolov2",
    "recv_time": 19710640,
    "tag": "69",
    "total_cost_by_ms": 22.368999481201172,
    "wait_cost": 15.816999435424805
}
