{
    "child_model_execute_cost_by_ms": [
        6.244999885559082
    ],
    "child_model_run_time": [
        [
            35728642,
            35734887
        ]
    ],
    "execute_cost": 6.244999885559082,
    "finish_time": 35734896,
    "limit_cost_by_ms": 5.952666759490967,
    "model_name": "yolov2",
    "recv_time": 35708905,
    "tag": "741",
    "total_cost_by_ms": 25.990999221801758,
    "wait_cost": 19.74599838256836
}
