{
    "child_model_execute_cost_by_ms": [
        6.290999889373779
    ],
    "child_model_run_time": [
        [
            37623042,
            37629333
        ]
    ],
    "execute_cost": 6.290999889373779,
    "finish_time": 37629343,
    "limit_cost_by_ms": 5.952666759490967,
    "model_name": "yolov2",
    "recv_time": 37610147,
    "tag": "820",
    "total_cost_by_ms": 19.195999145507813,
    "wait_cost": 12.904998779296875
}
