{
    "child_model_execute_cost_by_ms": [
        7.754000186920166
    ],
    "child_model_run_time": [
        [
            12503292,
            12511046
        ]
    ],
    "execute_cost": 7.754000186920166,
    "finish_time": 12511049,
    "limit_cost_by_ms": 7.354666709899902,
    "model_name": "squeezenetv1",
    "recv_time": 12503285,
    "tag": "222",
    "total_cost_by_ms": 7.763999938964844,
    "wait_cost": 0.009999752044677734
}
