{
    "child_model_execute_cost_by_ms": [
        19.29199981689453
    ],
    "child_model_run_time": [
        [
            19499895,
            19519187
        ]
    ],
    "execute_cost": 19.29199981689453,
    "finish_time": 19519189,
    "limit_cost_by_ms": 18.63433265686035,
    "model_name": "resnet50",
    "recv_time": 19499881,
    "tag": "560",
    "total_cost_by_ms": 19.308000564575195,
    "wait_cost": 0.016000747680664063
}
