{
    "child_model_execute_cost_by_ms": [
        19.545000076293945
    ],
    "child_model_run_time": [
        [
            19695857,
            19715402
        ]
    ],
    "execute_cost": 19.545000076293945,
    "finish_time": 19715407,
    "limit_cost_by_ms": 18.63433265686035,
    "model_name": "resnet50",
    "recv_time": 19695845,
    "tag": "569",
    "total_cost_by_ms": 19.562000274658203,
    "wait_cost": 0.017000198364257813
}
