{
    "child_model_execute_cost_by_ms": [
        69.1780014038086
    ],
    "child_model_run_time": [
        [
            25523472,
            25592650
        ]
    ],
    "execute_cost": 69.1780014038086,
    "finish_time": 25592656,
    "limit_cost_by_ms": 18.63433265686035,
    "model_name": "resnet50",
    "recv_time": 25523377,
    "tag": "851",
    "total_cost_by_ms": 69.27899932861328,
    "wait_cost": 0.1009979248046875
}
