{
    "child_model_execute_cost_by_ms": [
        45.90800094604492
    ],
    "child_model_run_time": [
        [
            13115519,
            13161427
        ]
    ],
    "execute_cost": 45.90800094604492,
    "finish_time": 13161432,
    "limit_cost_by_ms": 47.198665618896484,
    "model_name": "vgg19",
    "recv_time": 13115501,
    "tag": "198",
    "total_cost_by_ms": 45.930999755859375,
    "wait_cost": 0.022998809814453125
}
