{
    "child_model_execute_cost_by_ms": [
        19.2450008392334
    ],
    "child_model_run_time": [
        [
            15744238,
            15763483
        ]
    ],
    "execute_cost": 19.2450008392334,
    "finish_time": 15763488,
    "limit_cost_by_ms": 19.10533332824707,
    "model_name": "resnet50",
    "recv_time": 15744228,
    "tag": "300",
    "total_cost_by_ms": 19.260000228881836,
    "wait_cost": 0.0149993896484375
}
