{
    "child_model_execute_cost_by_ms": [
        20.549999237060547
    ],
    "child_model_run_time": [
        [
            23281727,
            23302277
        ]
    ],
    "execute_cost": 20.549999237060547,
    "finish_time": 23302284,
    "limit_cost_by_ms": 19.10533332824707,
    "model_name": "resnet50",
    "recv_time": 23281707,
    "tag": "601",
    "total_cost_by_ms": 20.57699966430664,
    "wait_cost": 0.02700042724609375
}
