{
    "child_model_execute_cost_by_ms": [
        44.99700164794922
    ],
    "child_model_run_time": [
        [
            26546958,
            26591955
        ]
    ],
    "execute_cost": 44.99700164794922,
    "finish_time": 26591961,
    "limit_cost_by_ms": 47.198665618896484,
    "model_name": "vgg19",
    "recv_time": 26546941,
    "tag": "731",
    "total_cost_by_ms": 45.02000045776367,
    "wait_cost": 0.022998809814453125
}
