{
    "child_model_execute_cost_by_ms": [
        8.496000289916992
    ],
    "child_model_run_time": [
        [
            11191313,
            11199809
        ]
    ],
    "execute_cost": 8.496000289916992,
    "finish_time": 11199814,
    "limit_cost_by_ms": 7.127999782562256,
    "model_name": "squeezenetv1",
    "recv_time": 11174220,
    "tag": "128",
    "total_cost_by_ms": 25.5939998626709,
    "wait_cost": 17.097999572753906
}
