{
    "child_model_execute_cost_by_ms": [
        9.682999610900879
    ],
    "child_model_run_time": [
        [
            28963789,
            28973472
        ]
    ],
    "execute_cost": 9.682999610900879,
    "finish_time": 28973475,
    "limit_cost_by_ms": 9.119667053222656,
    "model_name": "googlenet",
    "recv_time": 28959161,
    "tag": "794",
    "total_cost_by_ms": 14.314000129699707,
    "wait_cost": 4.631000518798828
}
