{
    "child_model_execute_cost_by_ms": [
        9.300000190734863
    ],
    "child_model_run_time": [
        [
            32315953,
            32325253
        ]
    ],
    "execute_cost": 9.300000190734863,
    "finish_time": 32325258,
    "limit_cost_by_ms": 9.119667053222656,
    "model_name": "googlenet",
    "recv_time": 32315947,
    "tag": "917",
    "total_cost_by_ms": 9.310999870300293,
    "wait_cost": 0.010999679565429688
}
