{
    "child_model_execute_cost_by_ms": [
        10.651000022888184
    ],
    "child_model_run_time": [
        [
            18602172,
            18612823
        ]
    ],
    "execute_cost": 10.651000022888184,
    "finish_time": 18612834,
    "limit_cost_by_ms": 8.815333366394043,
    "model_name": "googlenet",
    "recv_time": 18245784,
    "tag": "435",
    "total_cost_by_ms": 367.04998779296875,
    "wait_cost": 356.39898681640625
}
