{
    "child_model_execute_cost_by_ms": [
        44.67900085449219
    ],
    "child_model_run_time": [
        [
            8869268,
            8913947
        ]
    ],
    "execute_cost": 44.67900085449219,
    "finish_time": 8913953,
    "limit_cost_by_ms": 46.58266830444336,
    "model_name": "vgg19",
    "recv_time": 8869167,
    "tag": "26",
    "total_cost_by_ms": 44.7859992980957,
    "wait_cost": 0.10699844360351563
}
