{
    "child_model_execute_cost_by_ms": [
        47.042999267578125
    ],
    "child_model_run_time": [
        [
            14424582,
            14471625
        ]
    ],
    "execute_cost": 47.042999267578125,
    "finish_time": 14471631,
    "limit_cost_by_ms": 46.58266830444336,
    "model_name": "vgg19",
    "recv_time": 14424561,
    "tag": "261",
    "total_cost_by_ms": 47.06999969482422,
    "wait_cost": 0.02700042724609375
}
