{
    "child_model_execute_cost_by_ms": [
        44.167999267578125
    ],
    "child_model_run_time": [
        [
            9594173,
            9638341
        ]
    ],
    "execute_cost": 44.167999267578125,
    "finish_time": 9638347,
    "limit_cost_by_ms": 46.58266830444336,
    "model_name": "vgg19",
    "recv_time": 9594107,
    "tag": "57",
    "total_cost_by_ms": 44.2400016784668,
    "wait_cost": 0.07200241088867188
}
