{
    "child_model_execute_cost_by_ms": [
        9.152999877929688
    ],
    "child_model_run_time": [
        [
            25104082,
            25113235
        ]
    ],
    "execute_cost": 9.152999877929688,
    "finish_time": 25113242,
    "limit_cost_by_ms": 9.055999755859375,
    "model_name": "googlenet",
    "recv_time": 25104076,
    "tag": "714",
    "total_cost_by_ms": 9.166000366210938,
    "wait_cost": 0.01300048828125
}
