{
    "child_model_execute_cost_by_ms": [
        9.045999526977539
    ],
    "child_model_run_time": [
        [
            26877825,
            26886871
        ]
    ],
    "execute_cost": 9.045999526977539,
    "finish_time": 26886875,
    "limit_cost_by_ms": 9.055999755859375,
    "model_name": "googlenet",
    "recv_time": 26877818,
    "tag": "791",
    "total_cost_by_ms": 9.057000160217285,
    "wait_cost": 0.011000633239746094
}
