{
    "child_model_execute_cost_by_ms": [
        9.041999816894531
    ],
    "child_model_run_time": [
        [
            29869744,
            29878786
        ]
    ],
    "execute_cost": 9.041999816894531,
    "finish_time": 29878791,
    "limit_cost_by_ms": 9.055999755859375,
    "model_name": "googlenet",
    "recv_time": 29869737,
    "tag": "919",
    "total_cost_by_ms": 9.053999900817871,
    "wait_cost": 0.012000083923339844
}
