kind, gpt128v2, yolov2, googlenet, resnet50, vgg19, total
DLIR, 0.9215428471164152, 1.0155994337136893, 0.8575372249184727, 0.5933799508780622, 0.4360566647947928, 0.8753760870559403
OYST, 0.9256319374587029, 0.9763730104628144, 0.7846414090711361, 0.5699275488408759, 0.4205284348652346, 0.8395404690140224
ClockWork, 2.4209663155767283, 3.0771925730302, 1.7289974695042627, 0.8604822662872312, 0.1590091510439722, 2.241545949855379
PREMA, 2.1584311692887796, 1.857651604548276, 1.427325452143265, 0.9293097832405816, 0.22242377483240827, 1.7350986861253708
MPS, 4.273821921159989, 2.850991391563557, 2.3052379688401397, 1.0466990363442448, 0.1956488303790058, 3.0962194807241974
