kind, gpt128v2, yolov2, googlenet, resnet50, vgg19, total
DLIR, 1.1891572073305317, 1.0455836111964139, 1.048605185279815, 1.3998375261461469, 1.1562708665602313, 1.0455836111964139
OYST, 1.1637251449128172, 1.0346781762656576, 1.0041945462518944, 1.300598871349795, 1.1611236324752523, 1.0041945462518944
ClockWork, 1.3455777800525472, 1.062001356005715, 1.0557483268607122, 1.0072027012037574, 1.0, 1.0
PREMA, 1.5340778017514305, 1.0458485514978553, 1.027573846930508, 1.0, 1.0, 1.0
MPS, 1.2567777901376505, 1.0688143024448902, 1.0883574299278171, 1.0, 1.0, 1.0
