kind, gpt128v2, yolov2, googlenet, resnet50, vgg19, total
DLIR, 5.619788459626879, 4.90699636930175, 5.142163580159811, 4.0588296386578255, 2.6457890814961056, 5.619788459626879
OYST, 5.018635125221797, 4.440313233828758, 5.218513772274572, 3.869207190520462, 2.6039373016817557, 5.218513772274572
ClockWork, 12.185765312041491, 13.7418551280525, 11.645948387910414, 4.096142663938054, 1.9985474882367407, 13.7418551280525
PREMA, 9.602760316717328, 8.910469890492815, 8.401712117823838, 4.682406587484598, 2.0473637336113963, 9.602760316717328
MPS, 21.62232762094369, 13.682240344911948, 15.893572444891358, 7.692318530295557, 2.7428940323567614, 21.62232762094369
