kind, gpt128v2, yolov2, googlenet, resnet50, vgg19, total
DLIR, 2.8238853867378304, 2.5565395582572163, 1.9421411834796785, 2.1264213548221695, 1.8597248196823395, 2.2620091571309833
OYST, 2.675508195191228, 2.4534735900749185, 1.8006698818130078, 2.0681409136504896, 1.816117629290198, 2.16303406528833
ClockWork, 4.009395826163951, 3.5724186658133914, 2.1997418255475325, 1.6926958874123392, 1.0958010969861645, 2.511693960445925
PREMA, 3.728795945518732, 2.728103466505886, 2.0492188189389915, 1.6724841715016765, 1.1220137120004972, 2.258066911119141
MPS, 6.162474866908257, 3.532669136853152, 2.611547341156874, 1.8926448825442752, 1.1101752344938194, 3.0626847620393276
