{
    "child_model_execute_cost_by_ms": [
        15.185999870300293,
        9.585000038146973
    ],
    "child_model_run_time": [
        [
            27696274,
            27711460
        ],
        [
            27721899,
            27731484
        ]
    ],
    "execute_cost": 24.770999908447266,
    "finish_time": 27731492,
    "limit_cost_by_ms": 18.81766700744629,
    "model_name": "resnet50",
    "recv_time": 27696082,
    "tag": "730",
    "total_cost_by_ms": 35.40999984741211,
    "wait_cost": 10.638999938964844
}
