{
    "child_model_execute_cost_by_ms": [
        15.331999778747559,
        8.616000175476074
    ],
    "child_model_run_time": [
        [
            11353221,
            11368553
        ],
        [
            11368642,
            11377258
        ]
    ],
    "execute_cost": 23.947999954223633,
    "finish_time": 11377262,
    "limit_cost_by_ms": 18.869333267211914,
    "model_name": "resnet50",
    "recv_time": 11353069,
    "tag": "162",
    "total_cost_by_ms": 24.19300079345703,
    "wait_cost": 0.24500083923339844
}
