{
    "child_model_execute_cost_by_ms": [
        18.468000411987305,
        18.013999938964844,
        21.368999481201172
    ],
    "child_model_run_time": [
        [
            11747729,
            11766197
        ],
        [
            11775936,
            11793950
        ],
        [
            11818636,
            11840005
        ]
    ],
    "execute_cost": 57.85100173950195,
    "finish_time": 11840014,
    "limit_cost_by_ms": 47.35900115966797,
    "model_name": "vgg19",
    "recv_time": 11747685,
    "tag": "179",
    "total_cost_by_ms": 92.3290023803711,
    "wait_cost": 34.47800064086914
}
