{
    "child_model_execute_cost_by_ms": [
        8.182999610900879
    ],
    "child_model_run_time": [
        [
            12133892,
            12142075
        ]
    ],
    "execute_cost": 8.182999610900879,
    "finish_time": 12142079,
    "limit_cost_by_ms": 7.2126665115356445,
    "model_name": "squeezenetv1",
    "recv_time": 12117801,
    "tag": "182",
    "total_cost_by_ms": 24.277999877929688,
    "wait_cost": 16.095001220703125
}
