{
    "child_model_execute_cost_by_ms": [
        7.420000076293945
    ],
    "child_model_run_time": [
        [
            13070194,
            13077614
        ]
    ],
    "execute_cost": 7.420000076293945,
    "finish_time": 13077620,
    "limit_cost_by_ms": 7.2126665115356445,
    "model_name": "squeezenetv1",
    "recv_time": 13064505,
    "tag": "223",
    "total_cost_by_ms": 13.114999771118164,
    "wait_cost": 5.694999694824219
}
