{
    "child_model_execute_cost_by_ms": [
        8.01200008392334
    ],
    "child_model_run_time": [
        [
            13269798,
            13277810
        ]
    ],
    "execute_cost": 8.01200008392334,
    "finish_time": 13277820,
    "limit_cost_by_ms": 7.323999881744385,
    "model_name": "squeezenetv1",
    "recv_time": 13259186,
    "tag": "244",
    "total_cost_by_ms": 18.634000778198242,
    "wait_cost": 10.622000694274902
}
