{
    "child_model_execute_cost_by_ms": [
        8.532999992370605
    ],
    "child_model_run_time": [
        [
            13658238,
            13666771
        ]
    ],
    "execute_cost": 8.532999992370605,
    "finish_time": 13666783,
    "limit_cost_by_ms": 7.323999881744385,
    "model_name": "squeezenetv1",
    "recv_time": 13651473,
    "tag": "260",
    "total_cost_by_ms": 15.3100004196167,
    "wait_cost": 6.777000427246094
}
