{
    "child_model_execute_cost_by_ms": [
        18.510000228881836,
        19.301000595092773,
        21.214000701904297
    ],
    "child_model_run_time": [
        [
            13829114,
            13847624
        ],
        [
            13865962,
            13885263
        ],
        [
            13909078,
            13930292
        ]
    ],
    "execute_cost": 59.025001525878906,
    "finish_time": 13930297,
    "limit_cost_by_ms": 47.35900115966797,
    "model_name": "vgg19",
    "recv_time": 13828934,
    "tag": "267",
    "total_cost_by_ms": 101.36299896240234,
    "wait_cost": 42.33799743652344
}
