{
    "child_model_execute_cost_by_ms": [
        10.300000190734863
    ],
    "child_model_run_time": [
        [
            14226327,
            14236627
        ]
    ],
    "execute_cost": 10.300000190734863,
    "finish_time": 14236639,
    "limit_cost_by_ms": 8.92199993133545,
    "model_name": "googlenet",
    "recv_time": 14211150,
    "tag": "285",
    "total_cost_by_ms": 25.48900032043457,
    "wait_cost": 15.189000129699707
}
