{
    "child_model_execute_cost_by_ms": [
        10.324000358581543
    ],
    "child_model_run_time": [
        [
            14591979,
            14602303
        ]
    ],
    "execute_cost": 10.324000358581543,
    "finish_time": 14602315,
    "limit_cost_by_ms": 8.746999740600586,
    "model_name": "googlenet",
    "recv_time": 14583824,
    "tag": "288",
    "total_cost_by_ms": 18.490999221801758,
    "wait_cost": 8.166998863220215
}
