{
    "child_model_execute_cost_by_ms": [
        8.428999900817871
    ],
    "child_model_run_time": [
        [
            15103116,
            15111545
        ]
    ],
    "execute_cost": 8.428999900817871,
    "finish_time": 15111558,
    "limit_cost_by_ms": 7.323999881744385,
    "model_name": "squeezenetv1",
    "recv_time": 15095543,
    "tag": "322",
    "total_cost_by_ms": 16.014999389648438,
    "wait_cost": 7.585999488830566
}
