{
    "child_model_execute_cost_by_ms": [
        14.901000022888184,
        8.92199993133545
    ],
    "child_model_run_time": [
        [
            16293747,
            16308648
        ],
        [
            16308688,
            16317610
        ]
    ],
    "execute_cost": 23.822999954223633,
    "finish_time": 16317617,
    "limit_cost_by_ms": 18.126667022705078,
    "model_name": "resnet50",
    "recv_time": 16293698,
    "tag": "361",
    "total_cost_by_ms": 23.91900062561035,
    "wait_cost": 0.09600067138671875
}
