{
    "child_model_execute_cost_by_ms": [
        10.404000282287598
    ],
    "child_model_run_time": [
        [
            18227650,
            18238054
        ]
    ],
    "execute_cost": 10.404000282287598,
    "finish_time": 18238064,
    "limit_cost_by_ms": 8.746999740600586,
    "model_name": "googlenet",
    "recv_time": 18227537,
    "tag": "443",
    "total_cost_by_ms": 10.527000427246094,
    "wait_cost": 0.1230001449584961
}
