{
    "child_model_execute_cost_by_ms": [
        19.025999069213867,
        17.69700050354004,
        20.250999450683594
    ],
    "child_model_run_time": [
        [
            18758457,
            18777483
        ],
        [
            18777571,
            18795268
        ],
        [
            18795305,
            18815556
        ]
    ],
    "execute_cost": 56.9739990234375,
    "finish_time": 18815560,
    "limit_cost_by_ms": 47.35900115966797,
    "model_name": "vgg19",
    "recv_time": 18754291,
    "tag": "478",
    "total_cost_by_ms": 61.26900100708008,
    "wait_cost": 4.295001983642578
}
