{
    "child_model_execute_cost_by_ms": [
        9.210000038146973
    ],
    "child_model_run_time": [
        [
            8806130,
            8815340
        ]
    ],
    "execute_cost": 9.210000038146973,
    "finish_time": 8815343,
    "limit_cost_by_ms": 8.92199993133545,
    "model_name": "googlenet",
    "recv_time": 8800172,
    "tag": "52",
    "total_cost_by_ms": 15.170999526977539,
    "wait_cost": 5.960999488830566
}
