{
    "child_model_execute_cost_by_ms": [
        10.378000259399414
    ],
    "child_model_run_time": [
        [
            20008406,
            20018784
        ]
    ],
    "execute_cost": 10.378000259399414,
    "finish_time": 20018791,
    "limit_cost_by_ms": 8.92199993133545,
    "model_name": "googlenet",
    "recv_time": 19989365,
    "tag": "529",
    "total_cost_by_ms": 29.426000595092773,
    "wait_cost": 19.04800033569336
}
