{
    "child_model_execute_cost_by_ms": [
        8.397000312805176
    ],
    "child_model_run_time": [
        [
            21952535,
            21960932
        ]
    ],
    "execute_cost": 8.397000312805176,
    "finish_time": 21960941,
    "limit_cost_by_ms": 7.323999881744385,
    "model_name": "squeezenetv1",
    "recv_time": 21942478,
    "tag": "613",
    "total_cost_by_ms": 18.46299934387207,
    "wait_cost": 10.065999031066895
}
