{
    "child_model_execute_cost_by_ms": [
        9.83899974822998
    ],
    "child_model_run_time": [
        [
            22945014,
            22954853
        ]
    ],
    "execute_cost": 9.83899974822998,
    "finish_time": 22954866,
    "limit_cost_by_ms": 8.92199993133545,
    "model_name": "googlenet",
    "recv_time": 22926940,
    "tag": "655",
    "total_cost_by_ms": 27.926000595092773,
    "wait_cost": 18.08700180053711
}
