{
    "child_model_execute_cost_by_ms": [
        8.21500015258789
    ],
    "child_model_run_time": [
        [
            26015361,
            26023576
        ]
    ],
    "execute_cost": 8.21500015258789,
    "finish_time": 26023583,
    "limit_cost_by_ms": 7.323999881744385,
    "model_name": "squeezenetv1",
    "recv_time": 26015348,
    "tag": "784",
    "total_cost_by_ms": 8.234999656677246,
    "wait_cost": 0.01999950408935547
}
