{
    "child_model_execute_cost_by_ms": [
        19.027000427246094,
        18.725000381469727,
        20.895999908447266
    ],
    "child_model_run_time": [
        [
            28124494,
            28143521
        ],
        [
            28151685,
            28170410
        ],
        [
            28170458,
            28191354
        ]
    ],
    "execute_cost": 58.64799880981445,
    "finish_time": 28191365,
    "limit_cost_by_ms": 47.35900115966797,
    "model_name": "vgg19",
    "recv_time": 28124379,
    "tag": "874",
    "total_cost_by_ms": 66.98600006103516,
    "wait_cost": 8.338001251220703
}
