{
    "child_model_execute_cost_by_ms": [
        8.229999542236328
    ],
    "child_model_run_time": [
        [
            9693095,
            9701325
        ]
    ],
    "execute_cost": 8.229999542236328,
    "finish_time": 9701336,
    "limit_cost_by_ms": 7.323999881744385,
    "model_name": "squeezenetv1",
    "recv_time": 9691420,
    "tag": "92",
    "total_cost_by_ms": 9.916000366210938,
    "wait_cost": 1.6860008239746094
}
