{
    "child_model_execute_cost_by_ms": [
        15.0649995803833,
        8.928999900817871
    ],
    "child_model_run_time": [
        [
            9819871,
            9834936
        ],
        [
            9834988,
            9843917
        ]
    ],
    "execute_cost": 23.993999481201172,
    "finish_time": 9843927,
    "limit_cost_by_ms": 18.869333267211914,
    "model_name": "resnet50",
    "recv_time": 9816192,
    "tag": "97",
    "total_cost_by_ms": 27.735000610351563,
    "wait_cost": 3.7410011291503906
}
