{
    "child_model_execute_cost_by_ms": [
        14.711000442504883,
        9.093000411987305
    ],
    "child_model_run_time": [
        [
            28765398,
            28780109
        ],
        [
            28780207,
            28789300
        ]
    ],
    "execute_cost": 23.804000854492188,
    "finish_time": 28789306,
    "limit_cost_by_ms": 18.884666442871094,
    "model_name": "resnet50",
    "recv_time": 28765299,
    "tag": "993",
    "total_cost_by_ms": 24.006999969482422,
    "wait_cost": 0.20299911499023438
}
