{
    "child_model_execute_cost_by_ms": [
        20.243999481201172
    ],
    "child_model_run_time": [
        [
            19711328,
            19731572
        ]
    ],
    "execute_cost": 20.243999481201172,
    "finish_time": 19731578,
    "limit_cost_by_ms": 18.9863338470459,
    "model_name": "resnet50",
    "recv_time": 19667769,
    "tag": "521",
    "total_cost_by_ms": 63.808998107910156,
    "wait_cost": 43.564998626708984
}
