{
    "child_model_execute_cost_by_ms": [
        9.932000160217285
    ],
    "child_model_run_time": [
        [
            23620498,
            23630430
        ]
    ],
    "execute_cost": 9.932000160217285,
    "finish_time": 23630437,
    "limit_cost_by_ms": 8.965999603271484,
    "model_name": "googlenet",
    "recv_time": 23620392,
    "tag": "693",
    "total_cost_by_ms": 10.045000076293945,
    "wait_cost": 0.11299991607666016
}
