{
    "child_model_execute_cost_by_ms": [
        15.388999938964844,
        8.869999885559082
    ],
    "child_model_run_time": [
        [
            14438712,
            14454101
        ],
        [
            14462246,
            14471116
        ]
    ],
    "execute_cost": 24.25899887084961,
    "finish_time": 14471122,
    "limit_cost_by_ms": 19.06333351135254,
    "model_name": "resnet50",
    "recv_time": 14416515,
    "tag": "227",
    "total_cost_by_ms": 54.606998443603516,
    "wait_cost": 30.347999572753906
}
