{
    "child_model_execute_cost_by_ms": [
        8.625
    ],
    "child_model_run_time": [
        [
            20666803,
            20675428
        ]
    ],
    "execute_cost": 8.625,
    "finish_time": 20675434,
    "limit_cost_by_ms": 7.137333393096924,
    "model_name": "squeezenetv1",
    "recv_time": 20647335,
    "tag": "444",
    "total_cost_by_ms": 28.099000930786133,
    "wait_cost": 19.474000930786133
}
