{
    "child_model_execute_cost_by_ms": [
        10.26099967956543
    ],
    "child_model_run_time": [
        [
            23353629,
            23363890
        ]
    ],
    "execute_cost": 10.26099967956543,
    "finish_time": 23363896,
    "limit_cost_by_ms": 8.786333084106445,
    "model_name": "googlenet",
    "recv_time": 23353511,
    "tag": "537",
    "total_cost_by_ms": 10.385000228881836,
    "wait_cost": 0.12400054931640625
}
