{
    "child_model_execute_cost_by_ms": [
        14.984000205993652,
        8.944000244140625
    ],
    "child_model_run_time": [
        [
            31552323,
            31567307
        ],
        [
            31567353,
            31576297
        ]
    ],
    "execute_cost": 23.928001403808594,
    "finish_time": 31576303,
    "limit_cost_by_ms": 19.06333351135254,
    "model_name": "resnet50",
    "recv_time": 31552198,
    "tag": "820",
    "total_cost_by_ms": 24.104999542236328,
    "wait_cost": 0.17699813842773438
}
