{
    "child_model_execute_cost_by_ms": [
        46.316001892089844
    ],
    "child_model_run_time": [
        [
            10712983,
            10759299
        ]
    ],
    "execute_cost": 46.316001892089844,
    "finish_time": 10759306,
    "limit_cost_by_ms": 47.426998138427734,
    "model_name": "vgg19",
    "recv_time": 10669947,
    "tag": "127",
    "total_cost_by_ms": 89.35900115966797,
    "wait_cost": 43.042999267578125
}
