{
    "child_model_execute_cost_by_ms": [
        46.92100143432617
    ],
    "child_model_run_time": [
        [
            27021913,
            27068834
        ]
    ],
    "execute_cost": 46.92100143432617,
    "finish_time": 27068842,
    "limit_cost_by_ms": 47.426998138427734,
    "model_name": "vgg19",
    "recv_time": 26738201,
    "tag": "814",
    "total_cost_by_ms": 330.6409912109375,
    "wait_cost": 283.7200012207031
}
