{
    "child_model_execute_cost_by_ms": [
        49.72100067138672
    ],
    "child_model_run_time": [
        [
            28785748,
            28835469
        ]
    ],
    "execute_cost": 49.72100067138672,
    "finish_time": 28835474,
    "limit_cost_by_ms": 47.426998138427734,
    "model_name": "vgg19",
    "recv_time": 28547283,
    "tag": "888",
    "total_cost_by_ms": 288.1910095214844,
    "wait_cost": 238.47000122070313
}
