{
    "child_model_execute_cost_by_ms": [
        7.120999813079834
    ],
    "child_model_run_time": [
        [
            18243087,
            18250208
        ]
    ],
    "execute_cost": 7.120999813079834,
    "finish_time": 18250217,
    "limit_cost_by_ms": 5.988999843597412,
    "model_name": "yolov2",
    "recv_time": 18242986,
    "tag": "11",
    "total_cost_by_ms": 7.230999946594238,
    "wait_cost": 0.1100001335144043
}
