{
    "child_model_execute_cost_by_ms": [
        13.571000099182129
    ],
    "child_model_run_time": [
        [
            20427188,
            20440759
        ]
    ],
    "execute_cost": 13.571000099182129,
    "finish_time": 20440768,
    "limit_cost_by_ms": 6.9633331298828125,
    "model_name": "gpt128v2",
    "recv_time": 20418531,
    "tag": "121",
    "total_cost_by_ms": 22.23699951171875,
    "wait_cost": 8.665999412536621
}
