{
    "child_model_execute_cost_by_ms": [
        46.986000061035156
    ],
    "child_model_run_time": [
        [
            21167472,
            21214458
        ]
    ],
    "execute_cost": 46.986000061035156,
    "finish_time": 21214464,
    "limit_cost_by_ms": 46.15399932861328,
    "model_name": "vgg19",
    "recv_time": 21124660,
    "tag": "156",
    "total_cost_by_ms": 89.80400085449219,
    "wait_cost": 42.81800079345703
}
