{
    "child_model_execute_cost_by_ms": [
        10.902000427246094
    ],
    "child_model_run_time": [
        [
            23346655,
            23357557
        ]
    ],
    "execute_cost": 10.902000427246094,
    "finish_time": 23357563,
    "limit_cost_by_ms": 8.806666374206543,
    "model_name": "googlenet",
    "recv_time": 23325985,
    "tag": "268",
    "total_cost_by_ms": 31.577999114990234,
    "wait_cost": 20.67599868774414
}
