{
    "child_model_execute_cost_by_ms": [
        12.831000328063965
    ],
    "child_model_run_time": [
        [
            26055825,
            26068656
        ]
    ],
    "execute_cost": 12.831000328063965,
    "finish_time": 26068660,
    "limit_cost_by_ms": 8.806666374206543,
    "model_name": "googlenet",
    "recv_time": 26052000,
    "tag": "403",
    "total_cost_by_ms": 16.65999984741211,
    "wait_cost": 3.8289995193481445
}
