{
    "child_model_execute_cost_by_ms": [
        44.74599838256836
    ],
    "child_model_run_time": [
        [
            27267915,
            27312661
        ]
    ],
    "execute_cost": 44.74599838256836,
    "finish_time": 27312665,
    "limit_cost_by_ms": 46.15399932861328,
    "model_name": "vgg19",
    "recv_time": 27251819,
    "tag": "465",
    "total_cost_by_ms": 60.84600067138672,
    "wait_cost": 16.10000228881836
}
