{
    "child_model_execute_cost_by_ms": [
        44.957000732421875
    ],
    "child_model_run_time": [
        [
            29655899,
            29700856
        ]
    ],
    "execute_cost": 44.957000732421875,
    "finish_time": 29700861,
    "limit_cost_by_ms": 46.15399932861328,
    "model_name": "vgg19",
    "recv_time": 29655822,
    "tag": "587",
    "total_cost_by_ms": 45.03900146484375,
    "wait_cost": 0.082000732421875
}
