{
    "child_model_execute_cost_by_ms": [
        12.791999816894531
    ],
    "child_model_run_time": [
        [
            30726744,
            30739536
        ]
    ],
    "execute_cost": 12.791999816894531,
    "finish_time": 30739540,
    "limit_cost_by_ms": 8.806666374206543,
    "model_name": "googlenet",
    "recv_time": 30685113,
    "tag": "639",
    "total_cost_by_ms": 54.426998138427734,
    "wait_cost": 41.6349983215332
}
