{
    "child_model_execute_cost_by_ms": [
        21.733999252319336
    ],
    "child_model_run_time": [
        [
            31124751,
            31146485
        ]
    ],
    "execute_cost": 21.733999252319336,
    "finish_time": 31146492,
    "limit_cost_by_ms": 19.008333206176758,
    "model_name": "resnet50",
    "recv_time": 31124737,
    "tag": "661",
    "total_cost_by_ms": 21.7549991607666,
    "wait_cost": 0.020999908447265625
}
