{
    "child_model_execute_cost_by_ms": [
        20.444000244140625
    ],
    "child_model_run_time": [
        [
            33628014,
            33648458
        ]
    ],
    "execute_cost": 20.444000244140625,
    "finish_time": 33648462,
    "limit_cost_by_ms": 19.008333206176758,
    "model_name": "resnet50",
    "recv_time": 33590392,
    "tag": "784",
    "total_cost_by_ms": 58.06999969482422,
    "wait_cost": 37.625999450683594
}
