{
    "child_model_execute_cost_by_ms": [
        10.550000190734863
    ],
    "child_model_run_time": [
        [
            33719391,
            33729941
        ]
    ],
    "execute_cost": 10.550000190734863,
    "finish_time": 33729949,
    "limit_cost_by_ms": 8.806666374206543,
    "model_name": "googlenet",
    "recv_time": 33676996,
    "tag": "788",
    "total_cost_by_ms": 52.952999114990234,
    "wait_cost": 42.40299987792969
}
