{
    "child_model_execute_cost_by_ms": [
        9.699000358581543
    ],
    "child_model_run_time": [
        [
            33810258,
            33819957
        ]
    ],
    "execute_cost": 9.699000358581543,
    "finish_time": 33819966,
    "limit_cost_by_ms": 5.988999843597412,
    "model_name": "yolov2",
    "recv_time": 33804401,
    "tag": "794",
    "total_cost_by_ms": 15.5649995803833,
    "wait_cost": 5.865999221801758
}
