{
    "child_model_execute_cost_by_ms": [
        21.617000579833984
    ],
    "child_model_run_time": [
        [
            34929995,
            34951612
        ]
    ],
    "execute_cost": 21.617000579833984,
    "finish_time": 34951619,
    "limit_cost_by_ms": 19.008333206176758,
    "model_name": "resnet50",
    "recv_time": 34917561,
    "tag": "851",
    "total_cost_by_ms": 34.05799865722656,
    "wait_cost": 12.440998077392578
}
