{
    "child_model_execute_cost_by_ms": [
        8.090999603271484
    ],
    "child_model_run_time": [
        [
            14629081,
            14637172
        ]
    ],
    "execute_cost": 8.090999603271484,
    "finish_time": 14637181,
    "limit_cost_by_ms": 7.255666732788086,
    "model_name": "squeezenetv1",
    "recv_time": 14628962,
    "tag": "293",
    "total_cost_by_ms": 8.218999862670898,
    "wait_cost": 0.12800025939941406
}
