{
    "child_model_execute_cost_by_ms": [
        8.098999977111816
    ],
    "child_model_run_time": [
        [
            20870023,
            20878122
        ]
    ],
    "execute_cost": 8.098999977111816,
    "finish_time": 20878132,
    "limit_cost_by_ms": 7.255666732788086,
    "model_name": "squeezenetv1",
    "recv_time": 20855926,
    "tag": "560",
    "total_cost_by_ms": 22.20599937438965,
    "wait_cost": 14.106999397277832
}
