{
    "child_model_execute_cost_by_ms": [
        10.614999771118164
    ],
    "child_model_run_time": [
        [
            21991769,
            22002384
        ]
    ],
    "execute_cost": 10.614999771118164,
    "finish_time": 22002395,
    "limit_cost_by_ms": 8.741000175476074,
    "model_name": "googlenet",
    "recv_time": 21968462,
    "tag": "607",
    "total_cost_by_ms": 33.93299865722656,
    "wait_cost": 23.3179988861084
}
