{
    "child_model_execute_cost_by_ms": [
        12.395999908447266
    ],
    "child_model_run_time": [
        [
            22604475,
            22616871
        ]
    ],
    "execute_cost": 12.395999908447266,
    "finish_time": 22616876,
    "limit_cost_by_ms": 9.07699966430664,
    "model_name": "googlenet",
    "recv_time": 22596216,
    "tag": "221",
    "total_cost_by_ms": 20.65999984741211,
    "wait_cost": 8.263999938964844
}
