{
    "child_model_execute_cost_by_ms": [
        6.53000020980835
    ],
    "child_model_run_time": [
        [
            18849841,
            18856371
        ]
    ],
    "execute_cost": 6.53000020980835,
    "finish_time": 18856375,
    "limit_cost_by_ms": 5.99066686630249,
    "model_name": "yolov2",
    "recv_time": 18849786,
    "tag": "31",
    "total_cost_by_ms": 6.589000225067139,
    "wait_cost": 0.05900001525878906
}
