{
    "child_model_execute_cost_by_ms": [
        45.26499938964844
    ],
    "child_model_run_time": [
        [
            25715322,
            25760587
        ]
    ],
    "execute_cost": 45.26499938964844,
    "finish_time": 25760591,
    "limit_cost_by_ms": 46.625999450683594,
    "model_name": "vgg19",
    "recv_time": 25715315,
    "tag": "379",
    "total_cost_by_ms": 45.2760009765625,
    "wait_cost": 0.0110015869140625
}
