{
    "child_model_execute_cost_by_ms": [
        13.802000045776367
    ],
    "child_model_run_time": [
        [
            26264937,
            26278739
        ]
    ],
    "execute_cost": 13.802000045776367,
    "finish_time": 26278750,
    "limit_cost_by_ms": 7.048666477203369,
    "model_name": "gpt128v2",
    "recv_time": 26254128,
    "tag": "406",
    "total_cost_by_ms": 24.621999740600586,
    "wait_cost": 10.819999694824219
}
