{
    "child_model_execute_cost_by_ms": [
        7.300000190734863
    ],
    "child_model_run_time": [
        [
            26987383,
            26994683
        ]
    ],
    "execute_cost": 7.300000190734863,
    "finish_time": 26994693,
    "limit_cost_by_ms": 5.99066686630249,
    "model_name": "yolov2",
    "recv_time": 26945057,
    "tag": "441",
    "total_cost_by_ms": 49.63600158691406,
    "wait_cost": 42.336002349853516
}
