{
    "child_model_execute_cost_by_ms": [
        20.20199966430664
    ],
    "child_model_run_time": [
        [
            27628347,
            27648549
        ]
    ],
    "execute_cost": 20.20199966430664,
    "finish_time": 27648557,
    "limit_cost_by_ms": 18.976667404174805,
    "model_name": "resnet50",
    "recv_time": 27628302,
    "tag": "474",
    "total_cost_by_ms": 20.2549991607666,
    "wait_cost": 0.05299949645996094
}
