{
    "child_model_execute_cost_by_ms": [
        12.293000221252441
    ],
    "child_model_run_time": [
        [
            30347980,
            30360273
        ]
    ],
    "execute_cost": 12.293000221252441,
    "finish_time": 30360283,
    "limit_cost_by_ms": 9.07699966430664,
    "model_name": "googlenet",
    "recv_time": 30298848,
    "tag": "609",
    "total_cost_by_ms": 61.435001373291016,
    "wait_cost": 49.14200210571289
}
