{
    "child_model_execute_cost_by_ms": [
        12.531000137329102
    ],
    "child_model_run_time": [
        [
            30360339,
            30372870
        ]
    ],
    "execute_cost": 12.531000137329102,
    "finish_time": 30372879,
    "limit_cost_by_ms": 7.048666477203369,
    "model_name": "gpt128v2",
    "recv_time": 30349308,
    "tag": "610",
    "total_cost_by_ms": 23.570999145507813,
    "wait_cost": 11.039999008178711
}
