{
    "child_model_execute_cost_by_ms": [
        44.35300064086914
    ],
    "child_model_run_time": [
        [
            30876027,
            30920380
        ]
    ],
    "execute_cost": 44.35300064086914,
    "finish_time": 30920385,
    "limit_cost_by_ms": 46.625999450683594,
    "model_name": "vgg19",
    "recv_time": 30875911,
    "tag": "636",
    "total_cost_by_ms": 44.4739990234375,
    "wait_cost": 0.12099838256835938
}
