{
    "child_model_execute_cost_by_ms": [
        44.31700134277344
    ],
    "child_model_run_time": [
        [
            31490922,
            31535239
        ]
    ],
    "execute_cost": 44.31700134277344,
    "finish_time": 31535244,
    "limit_cost_by_ms": 46.625999450683594,
    "model_name": "vgg19",
    "recv_time": 31490859,
    "tag": "666",
    "total_cost_by_ms": 44.3849983215332,
    "wait_cost": 0.06799697875976563
}
