{
    "child_model_execute_cost_by_ms": [
        11.196000099182129
    ],
    "child_model_run_time": [
        [
            31635609,
            31646805
        ]
    ],
    "execute_cost": 11.196000099182129,
    "finish_time": 31646816,
    "limit_cost_by_ms": 9.07699966430664,
    "model_name": "googlenet",
    "recv_time": 31592301,
    "tag": "672",
    "total_cost_by_ms": 54.51499938964844,
    "wait_cost": 43.319000244140625
}
