{
    "child_model_execute_cost_by_ms": [
        20.274999618530273
    ],
    "child_model_run_time": [
        [
            32272366,
            32292641
        ]
    ],
    "execute_cost": 20.274999618530273,
    "finish_time": 32292643,
    "limit_cost_by_ms": 18.976667404174805,
    "model_name": "resnet50",
    "recv_time": 32265403,
    "tag": "705",
    "total_cost_by_ms": 27.239999771118164,
    "wait_cost": 6.965000152587891
}
