{
    "child_model_execute_cost_by_ms": [
        44.96500015258789
    ],
    "child_model_run_time": [
        [
            32966348,
            33011313
        ]
    ],
    "execute_cost": 44.96500015258789,
    "finish_time": 33011317,
    "limit_cost_by_ms": 46.625999450683594,
    "model_name": "vgg19",
    "recv_time": 32966300,
    "tag": "741",
    "total_cost_by_ms": 45.016998291015625,
    "wait_cost": 0.051998138427734375
}
