{
    "child_model_execute_cost_by_ms": [
        46.51300048828125
    ],
    "child_model_run_time": [
        [
            35417781,
            35464294
        ]
    ],
    "execute_cost": 46.51300048828125,
    "finish_time": 35464298,
    "limit_cost_by_ms": 46.625999450683594,
    "model_name": "vgg19",
    "recv_time": 35417728,
    "tag": "866",
    "total_cost_by_ms": 46.56999969482422,
    "wait_cost": 0.05699920654296875
}
