{
    "child_model_execute_cost_by_ms": [
        19.694000244140625
    ],
    "child_model_run_time": [
        [
            35495600,
            35515294
        ]
    ],
    "execute_cost": 19.694000244140625,
    "finish_time": 35515298,
    "limit_cost_by_ms": 18.976667404174805,
    "model_name": "resnet50",
    "recv_time": 35495536,
    "tag": "870",
    "total_cost_by_ms": 19.761999130249023,
    "wait_cost": 0.06799888610839844
}
