{
    "child_model_execute_cost_by_ms": [
        19.36400032043457
    ],
    "child_model_run_time": [
        [
            36061131,
            36080495
        ]
    ],
    "execute_cost": 19.36400032043457,
    "finish_time": 36080499,
    "limit_cost_by_ms": 18.976667404174805,
    "model_name": "resnet50",
    "recv_time": 36061078,
    "tag": "899",
    "total_cost_by_ms": 19.42099952697754,
    "wait_cost": 0.05699920654296875
}
