{
    "child_model_execute_cost_by_ms": [
        9.685999870300293
    ],
    "child_model_run_time": [
        [
            12874693,
            12884379
        ]
    ],
    "execute_cost": 9.685999870300293,
    "finish_time": 12884382,
    "limit_cost_by_ms": 8.755332946777344,
    "model_name": "googlenet",
    "recv_time": 12867431,
    "tag": "216",
    "total_cost_by_ms": 16.951000213623047,
    "wait_cost": 7.265000343322754
}
