{
    "child_model_execute_cost_by_ms": [
        15.272000312805176,
        9.102999687194824
    ],
    "child_model_run_time": [
        [
            9406562,
            9421834
        ],
        [
            9421938,
            9431041
        ]
    ],
    "execute_cost": 24.375,
    "finish_time": 9431050,
    "limit_cost_by_ms": 19.045333862304688,
    "model_name": "resnet50",
    "recv_time": 9406396,
    "tag": "66",
    "total_cost_by_ms": 24.65399932861328,
    "wait_cost": 0.27899932861328125
}
