{
    "child_model_execute_cost_by_ms": [
        10.291999816894531
    ],
    "child_model_run_time": [
        [
            26859415,
            26869707
        ]
    ],
    "execute_cost": 10.291999816894531,
    "finish_time": 26869718,
    "limit_cost_by_ms": 8.755332946777344,
    "model_name": "googlenet",
    "recv_time": 26854704,
    "tag": "816",
    "total_cost_by_ms": 15.013999938964844,
    "wait_cost": 4.7220001220703125
}
