{
    "child_model_execute_cost_by_ms": [
        7.730999946594238
    ],
    "child_model_run_time": [
        [
            11133926,
            11141657
        ]
    ],
    "execute_cost": 7.730999946594238,
    "finish_time": 11141665,
    "limit_cost_by_ms": 7.274333477020264,
    "model_name": "squeezenetv1",
    "recv_time": 11121331,
    "tag": "138",
    "total_cost_by_ms": 20.333999633789063,
    "wait_cost": 12.602999687194824
}
