{
    "child_model_execute_cost_by_ms": [
        15.305000305175781,
        9.17300033569336
    ],
    "child_model_run_time": [
        [
            12011966,
            12027271
        ],
        [
            12027320,
            12036493
        ]
    ],
    "execute_cost": 24.47800064086914,
    "finish_time": 12036501,
    "limit_cost_by_ms": 18.88599967956543,
    "model_name": "resnet50",
    "recv_time": 11977221,
    "tag": "174",
    "total_cost_by_ms": 59.279998779296875,
    "wait_cost": 34.801998138427734
}
