{
    "child_model_execute_cost_by_ms": [
        8.307999610900879
    ],
    "child_model_run_time": [
        [
            14877429,
            14885737
        ]
    ],
    "execute_cost": 8.307999610900879,
    "finish_time": 14885743,
    "limit_cost_by_ms": 7.197333335876465,
    "model_name": "squeezenetv1",
    "recv_time": 14877320,
    "tag": "309",
    "total_cost_by_ms": 8.42300033569336,
    "wait_cost": 0.11500072479248047
}
