{
    "child_model_execute_cost_by_ms": [
        9.059000015258789
    ],
    "child_model_run_time": [
        [
            21327354,
            21336413
        ]
    ],
    "execute_cost": 9.059000015258789,
    "finish_time": 21336419,
    "limit_cost_by_ms": 7.197333335876465,
    "model_name": "squeezenetv1",
    "recv_time": 21294212,
    "tag": "591",
    "total_cost_by_ms": 42.207000732421875,
    "wait_cost": 33.14800262451172
}
