{
    "child_model_execute_cost_by_ms": [
        46.55500030517578
    ],
    "child_model_run_time": [
        [
            23202834,
            23249389
        ]
    ],
    "execute_cost": 46.55500030517578,
    "finish_time": 23249395,
    "limit_cost_by_ms": 47.16400146484375,
    "model_name": "vgg19",
    "recv_time": 23183433,
    "tag": "675",
    "total_cost_by_ms": 65.96199798583984,
    "wait_cost": 19.406997680664063
}
