{
    "child_model_execute_cost_by_ms": [
        8.159000396728516
    ],
    "child_model_run_time": [
        [
            27919602,
            27927761
        ]
    ],
    "execute_cost": 8.159000396728516,
    "finish_time": 27927767,
    "limit_cost_by_ms": 7.197333335876465,
    "model_name": "squeezenetv1",
    "recv_time": 27915690,
    "tag": "880",
    "total_cost_by_ms": 12.07699966430664,
    "wait_cost": 3.917999267578125
}
