{
    "child_model_execute_cost_by_ms": [
        7.849999904632568
    ],
    "child_model_run_time": [
        [
            28349653,
            28357503
        ]
    ],
    "execute_cost": 7.849999904632568,
    "finish_time": 28357509,
    "limit_cost_by_ms": 7.197333335876465,
    "model_name": "squeezenetv1",
    "recv_time": 28349638,
    "tag": "899",
    "total_cost_by_ms": 7.870999813079834,
    "wait_cost": 0.020999908447265625
}
