{
    "child_model_execute_cost_by_ms": [
        8.501999855041504
    ],
    "child_model_run_time": [
        [
            28414336,
            28422838
        ]
    ],
    "execute_cost": 8.501999855041504,
    "finish_time": 28422849,
    "limit_cost_by_ms": 7.375,
    "model_name": "squeezenetv1",
    "recv_time": 28410042,
    "tag": "768",
    "total_cost_by_ms": 12.807000160217285,
    "wait_cost": 4.305000305175781
}
