{
    "child_model_execute_cost_by_ms": [
        8.852999687194824
    ],
    "child_model_run_time": [
        [
            15915811,
            15924664
        ]
    ],
    "execute_cost": 8.852999687194824,
    "finish_time": 15924668,
    "limit_cost_by_ms": 7.185999870300293,
    "model_name": "squeezenetv1",
    "recv_time": 15915799,
    "tag": "356",
    "total_cost_by_ms": 8.869000434875488,
    "wait_cost": 0.016000747680664063
}
