{
    "child_model_execute_cost_by_ms": [
        20.381999969482422
    ],
    "child_model_run_time": [
        [
            16067867,
            16088249
        ]
    ],
    "execute_cost": 20.381999969482422,
    "finish_time": 16088253,
    "limit_cost_by_ms": 18.67300033569336,
    "model_name": "resnet50",
    "recv_time": 16067704,
    "tag": "362",
    "total_cost_by_ms": 20.548999786376953,
    "wait_cost": 0.16699981689453125
}
