{
    "child_model_execute_cost_by_ms": [
        10.446999549865723
    ],
    "child_model_run_time": [
        [
            19413485,
            19423932
        ]
    ],
    "execute_cost": 10.446999549865723,
    "finish_time": 19423938,
    "limit_cost_by_ms": 8.693666458129883,
    "model_name": "googlenet",
    "recv_time": 19413368,
    "tag": "507",
    "total_cost_by_ms": 10.569999694824219,
    "wait_cost": 0.1230001449584961
}
