{
    "child_model_execute_cost_by_ms": [
        48.14500045776367
    ],
    "child_model_run_time": [
        [
            29390158,
            29438303
        ]
    ],
    "execute_cost": 48.14500045776367,
    "finish_time": 29438305,
    "limit_cost_by_ms": 46.09299850463867,
    "model_name": "vgg19",
    "recv_time": 29390144,
    "tag": "947",
    "total_cost_by_ms": 48.1609992980957,
    "wait_cost": 0.01599884033203125
}
