{
    "child_model_execute_cost_by_ms": [
        14.774999618530273,
        8.621999740600586
    ],
    "child_model_run_time": [
        [
            13674321,
            13689096
        ],
        [
            13689189,
            13697811
        ]
    ],
    "execute_cost": 23.39699935913086,
    "finish_time": 13697820,
    "limit_cost_by_ms": 18.874332427978516,
    "model_name": "resnet50",
    "recv_time": 13645710,
    "tag": "220",
    "total_cost_by_ms": 52.11000061035156,
    "wait_cost": 28.713001251220703
}
