{
    "child_model_execute_cost_by_ms": [
        18.628000259399414,
        17.861000061035156,
        19.719999313354492
    ],
    "child_model_run_time": [
        [
            18081303,
            18099931
        ],
        [
            18109961,
            18127822
        ],
        [
            18127907,
            18147627
        ]
    ],
    "execute_cost": 56.20899963378906,
    "finish_time": 18147632,
    "limit_cost_by_ms": 47.160667419433594,
    "model_name": "vgg19",
    "recv_time": 18081142,
    "tag": "378",
    "total_cost_by_ms": 66.48999786376953,
    "wait_cost": 10.280998229980469
}
