{
    "child_model_execute_cost_by_ms": [
        18.858999252319336,
        17.558000564575195,
        20.299999237060547
    ],
    "child_model_run_time": [
        [
            25982631,
            26001490
        ],
        [
            26001582,
            26019140
        ],
        [
            26019223,
            26039523
        ]
    ],
    "execute_cost": 56.71699905395508,
    "finish_time": 26039528,
    "limit_cost_by_ms": 47.160667419433594,
    "model_name": "vgg19",
    "recv_time": 25982532,
    "tag": "661",
    "total_cost_by_ms": 56.99599838256836,
    "wait_cost": 0.27899932861328125
}
