{
    "child_model_execute_cost_by_ms": [
        18.964000701904297,
        17.118000030517578,
        19.966999053955078
    ],
    "child_model_run_time": [
        [
            26751455,
            26770419
        ],
        [
            26770507,
            26787625
        ],
        [
            26787641,
            26807608
        ]
    ],
    "execute_cost": 56.04899978637695,
    "finish_time": 26807613,
    "limit_cost_by_ms": 47.160667419433594,
    "model_name": "vgg19",
    "recv_time": 26751365,
    "tag": "689",
    "total_cost_by_ms": 56.24800109863281,
    "wait_cost": 0.19900131225585938
}
