{
    "child_model_execute_cost_by_ms": [
        15.074000358581543,
        8.97599983215332
    ],
    "child_model_run_time": [
        [
            28235012,
            28250086
        ],
        [
            28250122,
            28259098
        ]
    ],
    "execute_cost": 24.049999237060547,
    "finish_time": 28259104,
    "limit_cost_by_ms": 18.874332427978516,
    "model_name": "resnet50",
    "recv_time": 28234991,
    "tag": "741",
    "total_cost_by_ms": 24.113000869750977,
    "wait_cost": 0.06300163269042969
}
