{
    "child_model_execute_cost_by_ms": [
        18.8700008392334,
        17.65399932861328,
        20.232999801635742
    ],
    "child_model_run_time": [
        [
            29853105,
            29871975
        ],
        [
            29872061,
            29889715
        ],
        [
            29889752,
            29909985
        ]
    ],
    "execute_cost": 56.75700378417969,
    "finish_time": 29909990,
    "limit_cost_by_ms": 47.160667419433594,
    "model_name": "vgg19",
    "recv_time": 29852981,
    "tag": "800",
    "total_cost_by_ms": 57.00899887084961,
    "wait_cost": 0.2519950866699219
}
