{
    "child_model_execute_cost_by_ms": [
        10.385000228881836
    ],
    "child_model_run_time": [
        [
            30504036,
            30514421
        ]
    ],
    "execute_cost": 10.385000228881836,
    "finish_time": 30514428,
    "limit_cost_by_ms": 9.076666831970215,
    "model_name": "googlenet",
    "recv_time": 30503865,
    "tag": "822",
    "total_cost_by_ms": 10.562999725341797,
    "wait_cost": 0.17799949645996094
}
