{
    "child_model_execute_cost_by_ms": [
        14.638999938964844,
        9.269000053405762
    ],
    "child_model_run_time": [
        [
            32019959,
            32034598
        ],
        [
            32044450,
            32053719
        ]
    ],
    "execute_cost": 23.908000946044922,
    "finish_time": 32053729,
    "limit_cost_by_ms": 18.874332427978516,
    "model_name": "resnet50",
    "recv_time": 32019868,
    "tag": "877",
    "total_cost_by_ms": 33.861000061035156,
    "wait_cost": 9.952999114990234
}
