{
    "child_model_execute_cost_by_ms": [
        10.220999717712402
    ],
    "child_model_run_time": [
        [
            8129098,
            8139319
        ]
    ],
    "execute_cost": 10.220999717712402,
    "finish_time": 8139331,
    "limit_cost_by_ms": 8.856666564941406,
    "model_name": "googlenet",
    "recv_time": 8102107,
    "tag": "11",
    "total_cost_by_ms": 37.2239990234375,
    "wait_cost": 27.00299835205078
}
