{
    "child_model_execute_cost_by_ms": [
        11.017000198364258
    ],
    "child_model_run_time": [
        [
            18618993,
            18630010
        ]
    ],
    "execute_cost": 11.017000198364258,
    "finish_time": 18630017,
    "limit_cost_by_ms": 8.856666564941406,
    "model_name": "googlenet",
    "recv_time": 18578993,
    "tag": "585",
    "total_cost_by_ms": 51.02399826049805,
    "wait_cost": 40.006996154785156
}
