{
    "child_model_execute_cost_by_ms": [
        45.70600128173828
    ],
    "child_model_run_time": [
        [
            19773370,
            19819076
        ]
    ],
    "execute_cost": 45.70600128173828,
    "finish_time": 19819083,
    "limit_cost_by_ms": 47.28166580200195,
    "model_name": "vgg19",
    "recv_time": 19763361,
    "tag": "649",
    "total_cost_by_ms": 55.72200012207031,
    "wait_cost": 10.015998840332031
}
