{
    "child_model_execute_cost_by_ms": [
        45.71799850463867
    ],
    "child_model_run_time": [
        [
            19869575,
            19915293
        ]
    ],
    "execute_cost": 45.71799850463867,
    "finish_time": 19915301,
    "limit_cost_by_ms": 47.28166580200195,
    "model_name": "vgg19",
    "recv_time": 19869562,
    "tag": "654",
    "total_cost_by_ms": 45.73899841308594,
    "wait_cost": 0.020999908447265625
}
