{
    "child_model_execute_cost_by_ms": [
        8.088000297546387
    ],
    "child_model_run_time": [
        [
            26249845,
            26257933
        ]
    ],
    "execute_cost": 8.088000297546387,
    "finish_time": 26257938,
    "limit_cost_by_ms": 7.310333251953125,
    "model_name": "squeezenetv1",
    "recv_time": 26246622,
    "tag": "997",
    "total_cost_by_ms": 11.315999984741211,
    "wait_cost": 3.227999687194824
}
