{
    "child_model_execute_cost_by_ms": [
        8.21500015258789
    ],
    "child_model_run_time": [
        [
            14184106,
            14192321
        ]
    ],
    "execute_cost": 8.21500015258789,
    "finish_time": 14192327,
    "limit_cost_by_ms": 7.345333099365234,
    "model_name": "squeezenetv1",
    "recv_time": 14184062,
    "tag": "309",
    "total_cost_by_ms": 8.265000343322754,
    "wait_cost": 0.05000019073486328
}
