{
    "child_model_execute_cost_by_ms": [
        8.387999534606934
    ],
    "child_model_run_time": [
        [
            15322608,
            15330996
        ]
    ],
    "execute_cost": 8.387999534606934,
    "finish_time": 15331008,
    "limit_cost_by_ms": 7.345333099365234,
    "model_name": "squeezenetv1",
    "recv_time": 15322518,
    "tag": "363",
    "total_cost_by_ms": 8.489999771118164,
    "wait_cost": 0.10200023651123047
}
