{
    "child_model_execute_cost_by_ms": [
        8.218999862670898
    ],
    "child_model_run_time": [
        [
            9296304,
            9304523
        ]
    ],
    "execute_cost": 8.218999862670898,
    "finish_time": 9304533,
    "limit_cost_by_ms": 7.345333099365234,
    "model_name": "squeezenetv1",
    "recv_time": 9279500,
    "tag": "72",
    "total_cost_by_ms": 25.033000946044922,
    "wait_cost": 16.814001083374023
}
