{
    "child_model_execute_cost_by_ms": [
        8.645999908447266
    ],
    "child_model_run_time": [
        [
            9466444,
            9475090
        ]
    ],
    "execute_cost": 8.645999908447266,
    "finish_time": 9475101,
    "limit_cost_by_ms": 7.345333099365234,
    "model_name": "squeezenetv1",
    "recv_time": 9449594,
    "tag": "80",
    "total_cost_by_ms": 25.506999969482422,
    "wait_cost": 16.861000061035156
}
