{
    "child_model_execute_cost_by_ms": [
        15.064000129699707
    ],
    "child_model_run_time": [
        [
            20560936,
            20576000
        ]
    ],
    "execute_cost": 15.064000129699707,
    "finish_time": 20576007,
    "limit_cost_by_ms": 7.078000068664551,
    "model_name": "gpt128v2",
    "recv_time": 20560877,
    "tag": "125",
    "total_cost_by_ms": 15.130000114440918,
    "wait_cost": 0.06599998474121094
}
