{
    "child_model_execute_cost_by_ms": [
        13.654999732971191
    ],
    "child_model_run_time": [
        [
            27678712,
            27692367
        ]
    ],
    "execute_cost": 13.654999732971191,
    "finish_time": 27692379,
    "limit_cost_by_ms": 7.078000068664551,
    "model_name": "gpt128v2",
    "recv_time": 27671637,
    "tag": "488",
    "total_cost_by_ms": 20.742000579833984,
    "wait_cost": 7.087000846862793
}
