{
    "child_model_execute_cost_by_ms": [
        44.98099899291992
    ],
    "child_model_run_time": [
        [
            27726058,
            27771039
        ]
    ],
    "execute_cost": 44.98099899291992,
    "finish_time": 27771044,
    "limit_cost_by_ms": 46.41600036621094,
    "model_name": "vgg19",
    "recv_time": 27725993,
    "tag": "491",
    "total_cost_by_ms": 45.05099868774414,
    "wait_cost": 0.06999969482421875
}
