{
    "child_model_execute_cost_by_ms": [
        19.63599967956543
    ],
    "child_model_run_time": [
        [
            32128412,
            32148048
        ]
    ],
    "execute_cost": 19.63599967956543,
    "finish_time": 32148054,
    "limit_cost_by_ms": 18.725000381469727,
    "model_name": "resnet50",
    "recv_time": 32128250,
    "tag": "709",
    "total_cost_by_ms": 19.804000854492188,
    "wait_cost": 0.1680011749267578
}
