{
    "child_model_execute_cost_by_ms": [
        19.07200050354004
    ],
    "child_model_run_time": [
        [
            35964767,
            35983839
        ]
    ],
    "execute_cost": 19.07200050354004,
    "finish_time": 35983842,
    "limit_cost_by_ms": 18.725000381469727,
    "model_name": "resnet50",
    "recv_time": 35964754,
    "tag": "899",
    "total_cost_by_ms": 19.08799934387207,
    "wait_cost": 0.01599884033203125
}
