{
    "child_model_execute_cost_by_ms": [
        44.27199935913086
    ],
    "child_model_run_time": [
        [
            37170244,
            37214516
        ]
    ],
    "execute_cost": 44.27199935913086,
    "finish_time": 37214520,
    "limit_cost_by_ms": 46.41600036621094,
    "model_name": "vgg19",
    "recv_time": 37170161,
    "tag": "960",
    "total_cost_by_ms": 44.35900115966797,
    "wait_cost": 0.08700180053710938
}
