{
    "child_model_execute_cost_by_ms": [
        9.600000381469727
    ],
    "child_model_run_time": [
        [
            14300012,
            14309612
        ]
    ],
    "execute_cost": 9.600000381469727,
    "finish_time": 14309619,
    "limit_cost_by_ms": 9.152999877929688,
    "model_name": "googlenet",
    "recv_time": 14300000,
    "tag": "326",
    "total_cost_by_ms": 9.619000434875488,
    "wait_cost": 0.01900005340576172
}
