{
    "child_model_execute_cost_by_ms": [
        20.354000091552734
    ],
    "child_model_run_time": [
        [
            24030385,
            24050739
        ]
    ],
    "execute_cost": 20.354000091552734,
    "finish_time": 24050745,
    "limit_cost_by_ms": 18.979333877563477,
    "model_name": "resnet50",
    "recv_time": 24022977,
    "tag": "820",
    "total_cost_by_ms": 27.76799964904785,
    "wait_cost": 7.413999557495117
}
