{
    "child_model_execute_cost_by_ms": [
        7.7210001945495605
    ],
    "child_model_run_time": [
        [
            26861238,
            26868959
        ]
    ],
    "execute_cost": 7.7210001945495605,
    "finish_time": 26868962,
    "limit_cost_by_ms": 7.302666664123535,
    "model_name": "squeezenetv1",
    "recv_time": 26861210,
    "tag": "921",
    "total_cost_by_ms": 7.751999855041504,
    "wait_cost": 0.03099966049194336
}
