{
    "child_model_execute_cost_by_ms": [
        18.013999938964844,
        17.18400001525879,
        19.597999572753906
    ],
    "child_model_run_time": [
        [
            10303788,
            10321802
        ],
        [
            10321886,
            10339070
        ],
        [
            10339087,
            10358685
        ]
    ],
    "execute_cost": 54.795997619628906,
    "finish_time": 10358690,
    "limit_cost_by_ms": 46.7933349609375,
    "model_name": "vgg19",
    "recv_time": 10303600,
    "tag": "114",
    "total_cost_by_ms": 55.09000015258789,
    "wait_cost": 0.2940025329589844
}
