{
    "child_model_execute_cost_by_ms": [
        15.057000160217285,
        8.930000305175781
    ],
    "child_model_run_time": [
        [
            8249981,
            8265038
        ],
        [
            8265088,
            8274018
        ]
    ],
    "execute_cost": 23.98699951171875,
    "finish_time": 8274026,
    "limit_cost_by_ms": 18.959333419799805,
    "model_name": "resnet50",
    "recv_time": 8249968,
    "tag": "20",
    "total_cost_by_ms": 24.058000564575195,
    "wait_cost": 0.07100105285644531
}
