{
    "child_model_execute_cost_by_ms": [
        14.57800006866455,
        8.727999687194824
    ],
    "child_model_run_time": [
        [
            13900325,
            13914903
        ],
        [
            13914999,
            13923727
        ]
    ],
    "execute_cost": 23.305999755859375,
    "finish_time": 13923736,
    "limit_cost_by_ms": 18.959333419799805,
    "model_name": "resnet50",
    "recv_time": 13888587,
    "tag": "277",
    "total_cost_by_ms": 35.14899826049805,
    "wait_cost": 11.842998504638672
}
