{
    "child_model_execute_cost_by_ms": [
        14.755999565124512,
        8.67199993133545
    ],
    "child_model_run_time": [
        [
            15442489,
            15457245
        ],
        [
            15457356,
            15466028
        ]
    ],
    "execute_cost": 23.42799949645996,
    "finish_time": 15466038,
    "limit_cost_by_ms": 18.959333419799805,
    "model_name": "resnet50",
    "recv_time": 15442363,
    "tag": "346",
    "total_cost_by_ms": 23.674999237060547,
    "wait_cost": 0.24699974060058594
}
