{
    "child_model_execute_cost_by_ms": [
        8.182999610900879
    ],
    "child_model_run_time": [
        [
            16087998,
            16096181
        ]
    ],
    "execute_cost": 8.182999610900879,
    "finish_time": 16096192,
    "limit_cost_by_ms": 7.207666873931885,
    "model_name": "squeezenetv1",
    "recv_time": 16087848,
    "tag": "374",
    "total_cost_by_ms": 8.343999862670898,
    "wait_cost": 0.16100025177001953
}
