{
    "child_model_execute_cost_by_ms": [
        8.034000396728516
    ],
    "child_model_run_time": [
        [
            16764455,
            16772489
        ]
    ],
    "execute_cost": 8.034000396728516,
    "finish_time": 16772498,
    "limit_cost_by_ms": 7.207666873931885,
    "model_name": "squeezenetv1",
    "recv_time": 16764303,
    "tag": "405",
    "total_cost_by_ms": 8.194999694824219,
    "wait_cost": 0.16099929809570313
}
