{
    "child_model_execute_cost_by_ms": [
        10.04699993133545
    ],
    "child_model_run_time": [
        [
            17020846,
            17030893
        ]
    ],
    "execute_cost": 10.04699993133545,
    "finish_time": 17030900,
    "limit_cost_by_ms": 8.588333129882813,
    "model_name": "googlenet",
    "recv_time": 17020683,
    "tag": "416",
    "total_cost_by_ms": 10.217000007629395,
    "wait_cost": 0.1700000762939453
}
