{
    "child_model_execute_cost_by_ms": [
        8.187000274658203
    ],
    "child_model_run_time": [
        [
            17155153,
            17163340
        ]
    ],
    "execute_cost": 8.187000274658203,
    "finish_time": 17163351,
    "limit_cost_by_ms": 7.207666873931885,
    "model_name": "squeezenetv1",
    "recv_time": 17154974,
    "tag": "422",
    "total_cost_by_ms": 8.376999855041504,
    "wait_cost": 0.18999958038330078
}
