{
    "child_model_execute_cost_by_ms": [
        18.658000946044922,
        18.913000106811523,
        19.92799949645996
    ],
    "child_model_run_time": [
        [
            18544595,
            18563253
        ],
        [
            18586403,
            18605316
        ],
        [
            18623153,
            18643081
        ]
    ],
    "execute_cost": 57.499000549316406,
    "finish_time": 18643085,
    "limit_cost_by_ms": 46.7933349609375,
    "model_name": "vgg19",
    "recv_time": 18544500,
    "tag": "486",
    "total_cost_by_ms": 98.58499908447266,
    "wait_cost": 41.08599853515625
}
