{
    "child_model_execute_cost_by_ms": [
        8.211000442504883
    ],
    "child_model_run_time": [
        [
            21645212,
            21653423
        ]
    ],
    "execute_cost": 8.211000442504883,
    "finish_time": 21653430,
    "limit_cost_by_ms": 7.207666873931885,
    "model_name": "squeezenetv1",
    "recv_time": 21641256,
    "tag": "628",
    "total_cost_by_ms": 12.173999786376953,
    "wait_cost": 3.9629993438720703
}
