{
    "child_model_execute_cost_by_ms": [
        9.697999954223633
    ],
    "child_model_run_time": [
        [
            22129443,
            22139141
        ]
    ],
    "execute_cost": 9.697999954223633,
    "finish_time": 22139149,
    "limit_cost_by_ms": 8.588333129882813,
    "model_name": "googlenet",
    "recv_time": 22129305,
    "tag": "650",
    "total_cost_by_ms": 9.843999862670898,
    "wait_cost": 0.14599990844726563
}
