{
    "child_model_execute_cost_by_ms": [
        9.699999809265137
    ],
    "child_model_run_time": [
        [
            22929587,
            22939287
        ]
    ],
    "execute_cost": 9.699999809265137,
    "finish_time": 22939300,
    "limit_cost_by_ms": 8.588333129882813,
    "model_name": "googlenet",
    "recv_time": 22926804,
    "tag": "688",
    "total_cost_by_ms": 12.496000289916992,
    "wait_cost": 2.7960004806518555
}
