{
    "child_model_execute_cost_by_ms": [
        14.428999900817871,
        8.637999534606934
    ],
    "child_model_run_time": [
        [
            26127936,
            26142365
        ],
        [
            26142454,
            26151092
        ]
    ],
    "execute_cost": 23.066999435424805,
    "finish_time": 26151097,
    "limit_cost_by_ms": 18.959333419799805,
    "model_name": "resnet50",
    "recv_time": 26127807,
    "tag": "833",
    "total_cost_by_ms": 23.290000915527344,
    "wait_cost": 0.22300148010253906
}
