{
    "child_model_execute_cost_by_ms": [
        18.503999710083008,
        16.934999465942383,
        19.457000732421875
    ],
    "child_model_run_time": [
        [
            26723058,
            26741562
        ],
        [
            26741652,
            26758587
        ],
        [
            26758629,
            26778086
        ]
    ],
    "execute_cost": 54.895999908447266,
    "finish_time": 26778091,
    "limit_cost_by_ms": 46.7933349609375,
    "model_name": "vgg19",
    "recv_time": 26722938,
    "tag": "861",
    "total_cost_by_ms": 55.15299987792969,
    "wait_cost": 0.2569999694824219
}
