{
    "child_model_execute_cost_by_ms": [
        14.928999900817871,
        8.387999534606934
    ],
    "child_model_run_time": [
        [
            27579296,
            27594225
        ],
        [
            27594311,
            27602699
        ]
    ],
    "execute_cost": 23.316999435424805,
    "finish_time": 27602705,
    "limit_cost_by_ms": 18.959333419799805,
    "model_name": "resnet50",
    "recv_time": 27569689,
    "tag": "899",
    "total_cost_by_ms": 33.01599884033203,
    "wait_cost": 9.698999404907227
}
