{
    "child_model_execute_cost_by_ms": [
        9.59000015258789
    ],
    "child_model_run_time": [
        [
            28522391,
            28531981
        ]
    ],
    "execute_cost": 9.59000015258789,
    "finish_time": 28531989,
    "limit_cost_by_ms": 8.588333129882813,
    "model_name": "googlenet",
    "recv_time": 28522222,
    "tag": "941",
    "total_cost_by_ms": 9.767000198364258,
    "wait_cost": 0.1770000457763672
}
