{
    "child_model_execute_cost_by_ms": [
        18.722000122070313,
        16.899999618530273,
        19.35099983215332
    ],
    "child_model_run_time": [
        [
            29774137,
            29792859
        ],
        [
            29792951,
            29809851
        ],
        [
            29809933,
            29829284
        ]
    ],
    "execute_cost": 54.972999572753906,
    "finish_time": 29829289,
    "limit_cost_by_ms": 46.7933349609375,
    "model_name": "vgg19",
    "recv_time": 29773992,
    "tag": "999",
    "total_cost_by_ms": 55.297000885009766,
    "wait_cost": 0.3240013122558594
}
