{
    "child_model_execute_cost_by_ms": [
        14.937999725341797,
        8.38599967956543
    ],
    "child_model_run_time": [
        [
            10183013,
            10197951
        ],
        [
            10198049,
            10206435
        ]
    ],
    "execute_cost": 23.323999404907227,
    "finish_time": 10206442,
    "limit_cost_by_ms": 18.96466636657715,
    "model_name": "resnet50",
    "recv_time": 10182951,
    "tag": "112",
    "total_cost_by_ms": 23.490999221801758,
    "wait_cost": 0.16699981689453125
}
