{
    "child_model_execute_cost_by_ms": [
        9.354000091552734
    ],
    "child_model_run_time": [
        [
            12130633,
            12139987
        ]
    ],
    "execute_cost": 9.354000091552734,
    "finish_time": 12139992,
    "limit_cost_by_ms": 8.897333145141602,
    "model_name": "googlenet",
    "recv_time": 12121822,
    "tag": "200",
    "total_cost_by_ms": 18.170000076293945,
    "wait_cost": 8.815999984741211
}
