{
    "child_model_execute_cost_by_ms": [
        18.506000518798828,
        16.770999908447266,
        19.447999954223633
    ],
    "child_model_run_time": [
        [
            8332380,
            8350886
        ],
        [
            8350929,
            8367700
        ],
        [
            8367786,
            8387234
        ]
    ],
    "execute_cost": 54.724998474121094,
    "finish_time": 8387241,
    "limit_cost_by_ms": 47.064998626708984,
    "model_name": "vgg19",
    "recv_time": 8332239,
    "tag": "28",
    "total_cost_by_ms": 55.00199890136719,
    "wait_cost": 0.27700042724609375
}
