{
    "child_model_execute_cost_by_ms": [
        10.177000045776367
    ],
    "child_model_run_time": [
        [
            14756574,
            14766751
        ]
    ],
    "execute_cost": 10.177000045776367,
    "finish_time": 14766763,
    "limit_cost_by_ms": 8.897333145141602,
    "model_name": "googlenet",
    "recv_time": 14756475,
    "tag": "320",
    "total_cost_by_ms": 10.288000106811523,
    "wait_cost": 0.11100006103515625
}
