{
    "child_model_execute_cost_by_ms": [
        9.612000465393066
    ],
    "child_model_run_time": [
        [
            17164642,
            17174254
        ]
    ],
    "execute_cost": 9.612000465393066,
    "finish_time": 17174261,
    "limit_cost_by_ms": 8.897333145141602,
    "model_name": "googlenet",
    "recv_time": 17164542,
    "tag": "431",
    "total_cost_by_ms": 9.718999862670898,
    "wait_cost": 0.10699939727783203
}
