{
    "child_model_execute_cost_by_ms": [
        18.13599967956543,
        16.740999221801758,
        19.448999404907227
    ],
    "child_model_run_time": [
        [
            21275863,
            21293999
        ],
        [
            21294082,
            21310823
        ],
        [
            21310909,
            21330358
        ]
    ],
    "execute_cost": 54.32599639892578,
    "finish_time": 21330364,
    "limit_cost_by_ms": 47.064998626708984,
    "model_name": "vgg19",
    "recv_time": 21275720,
    "tag": "619",
    "total_cost_by_ms": 54.64400100708008,
    "wait_cost": 0.3180046081542969
}
