{
    "child_model_execute_cost_by_ms": [
        7.961999893188477
    ],
    "child_model_run_time": [
        [
            23011124,
            23019086
        ]
    ],
    "execute_cost": 7.961999893188477,
    "finish_time": 23019099,
    "limit_cost_by_ms": 7.026333332061768,
    "model_name": "squeezenetv1",
    "recv_time": 23000532,
    "tag": "698",
    "total_cost_by_ms": 18.566999435424805,
    "wait_cost": 10.604999542236328
}
