{
    "child_model_execute_cost_by_ms": [
        7.921000003814697
    ],
    "child_model_run_time": [
        [
            23619773,
            23627694
        ]
    ],
    "execute_cost": 7.921000003814697,
    "finish_time": 23627711,
    "limit_cost_by_ms": 7.026333332061768,
    "model_name": "squeezenetv1",
    "recv_time": 23619702,
    "tag": "725",
    "total_cost_by_ms": 8.008999824523926,
    "wait_cost": 0.08799982070922852
}
