{
    "child_model_execute_cost_by_ms": [
        14.58899974822998,
        8.47599983215332
    ],
    "child_model_run_time": [
        [
            25120236,
            25134825
        ],
        [
            25134916,
            25143392
        ]
    ],
    "execute_cost": 23.064998626708984,
    "finish_time": 25143401,
    "limit_cost_by_ms": 18.96466636657715,
    "model_name": "resnet50",
    "recv_time": 25109570,
    "tag": "794",
    "total_cost_by_ms": 33.83100128173828,
    "wait_cost": 10.766002655029297
}
