{
    "child_model_execute_cost_by_ms": [
        9.626999855041504
    ],
    "child_model_run_time": [
        [
            25510497,
            25520124
        ]
    ],
    "execute_cost": 9.626999855041504,
    "finish_time": 25520136,
    "limit_cost_by_ms": 8.897333145141602,
    "model_name": "googlenet",
    "recv_time": 25504367,
    "tag": "812",
    "total_cost_by_ms": 15.769000053405762,
    "wait_cost": 6.142000198364258
}
