{
    "child_model_execute_cost_by_ms": [
        18.452999114990234,
        16.691999435424805,
        19.479999542236328
    ],
    "child_model_run_time": [
        [
            27498042,
            27516495
        ],
        [
            27516539,
            27533231
        ],
        [
            27533310,
            27552790
        ]
    ],
    "execute_cost": 54.624996185302734,
    "finish_time": 27552795,
    "limit_cost_by_ms": 47.064998626708984,
    "model_name": "vgg19",
    "recv_time": 27497863,
    "tag": "902",
    "total_cost_by_ms": 54.93199920654297,
    "wait_cost": 0.3070030212402344
}
