{
    "child_model_execute_cost_by_ms": [
        6.474999904632568
    ],
    "child_model_run_time": [
        [
            21056834,
            21063309
        ]
    ],
    "execute_cost": 6.474999904632568,
    "finish_time": 21063319,
    "limit_cost_by_ms": 6.073333263397217,
    "model_name": "yolov2",
    "recv_time": 21041640,
    "tag": "119",
    "total_cost_by_ms": 21.679000854492188,
    "wait_cost": 15.204000473022461
}
