{
    "child_model_execute_cost_by_ms": [
        17.968000411987305,
        18.148000717163086,
        20.81599998474121
    ],
    "child_model_run_time": [
        [
            21339857,
            21357825
        ],
        [
            21402364,
            21420512
        ],
        [
            21420596,
            21441412
        ]
    ],
    "execute_cost": 56.93199920654297,
    "finish_time": 21441416,
    "limit_cost_by_ms": 46.66600036621094,
    "model_name": "vgg19",
    "recv_time": 21339805,
    "tag": "131",
    "total_cost_by_ms": 101.61100006103516,
    "wait_cost": 44.67900085449219
}
