{
    "child_model_execute_cost_by_ms": [
        6.491000175476074
    ],
    "child_model_run_time": [
        [
            21952962,
            21959453
        ]
    ],
    "execute_cost": 6.491000175476074,
    "finish_time": 21959463,
    "limit_cost_by_ms": 6.073333263397217,
    "model_name": "yolov2",
    "recv_time": 21943867,
    "tag": "159",
    "total_cost_by_ms": 15.595999717712402,
    "wait_cost": 9.104999542236328
}
