{
    "child_model_execute_cost_by_ms": [
        19.072999954223633,
        19.375999450683594,
        22.788000106811523
    ],
    "child_model_run_time": [
        [
            22438498,
            22457571
        ],
        [
            22463944,
            22483320
        ],
        [
            22496844,
            22519632
        ]
    ],
    "execute_cost": 61.23699951171875,
    "finish_time": 22519636,
    "limit_cost_by_ms": 46.66600036621094,
    "model_name": "vgg19",
    "recv_time": 22438403,
    "tag": "178",
    "total_cost_by_ms": 81.23300170898438,
    "wait_cost": 19.996002197265625
}
