{
    "child_model_execute_cost_by_ms": [
        10.154999732971191
    ],
    "child_model_run_time": [
        [
            27114656,
            27124811
        ]
    ],
    "execute_cost": 10.154999732971191,
    "finish_time": 27124815,
    "limit_cost_by_ms": 8.874333381652832,
    "model_name": "googlenet",
    "recv_time": 27114612,
    "tag": "373",
    "total_cost_by_ms": 10.20300006866455,
    "wait_cost": 0.048000335693359375
}
