{
    "child_model_execute_cost_by_ms": [
        10.218999862670898
    ],
    "child_model_run_time": [
        [
            31753010,
            31763229
        ]
    ],
    "execute_cost": 10.218999862670898,
    "finish_time": 31763234,
    "limit_cost_by_ms": 8.874333381652832,
    "model_name": "googlenet",
    "recv_time": 31752955,
    "tag": "568",
    "total_cost_by_ms": 10.279000282287598,
    "wait_cost": 0.06000041961669922
}
