{
    "child_model_execute_cost_by_ms": [
        6.576000213623047
    ],
    "child_model_run_time": [
        [
            33314170,
            33320746
        ]
    ],
    "execute_cost": 6.576000213623047,
    "finish_time": 33320751,
    "limit_cost_by_ms": 6.073333263397217,
    "model_name": "yolov2",
    "recv_time": 33302223,
    "tag": "634",
    "total_cost_by_ms": 18.527999877929688,
    "wait_cost": 11.95199966430664
}
