{
    "child_model_execute_cost_by_ms": [
        18.03499984741211,
        17.124000549316406,
        20.573999404907227
    ],
    "child_model_run_time": [
        [
            10489848,
            10507883
        ],
        [
            10507969,
            10525093
        ],
        [
            10544240,
            10564814
        ]
    ],
    "execute_cost": 55.733001708984375,
    "finish_time": 10564821,
    "limit_cost_by_ms": 47.64500045776367,
    "model_name": "vgg19",
    "recv_time": 10467133,
    "tag": "143",
    "total_cost_by_ms": 97.68800354003906,
    "wait_cost": 41.95500183105469
}
