{
    "child_model_execute_cost_by_ms": [
        9.616000175476074
    ],
    "child_model_run_time": [
        [
            7952394,
            7962010
        ]
    ],
    "execute_cost": 9.616000175476074,
    "finish_time": 7962022,
    "limit_cost_by_ms": 9.044333457946777,
    "model_name": "googlenet",
    "recv_time": 7940223,
    "tag": "21",
    "total_cost_by_ms": 21.798999786376953,
    "wait_cost": 12.182999610900879
}
