{
    "child_model_execute_cost_by_ms": [
        10.395999908447266
    ],
    "child_model_run_time": [
        [
            11570851,
            11581247
        ]
    ],
    "execute_cost": 10.395999908447266,
    "finish_time": 11581253,
    "limit_cost_by_ms": 9.044333457946777,
    "model_name": "googlenet",
    "recv_time": 11560182,
    "tag": "193",
    "total_cost_by_ms": 21.070999145507813,
    "wait_cost": 10.674999237060547
}
