{
    "child_model_execute_cost_by_ms": [
        8.14900016784668
    ],
    "child_model_run_time": [
        [
            12754563,
            12762712
        ]
    ],
    "execute_cost": 8.14900016784668,
    "finish_time": 12762723,
    "limit_cost_by_ms": 7.320333480834961,
    "model_name": "squeezenetv1",
    "recv_time": 12754408,
    "tag": "250",
    "total_cost_by_ms": 8.3149995803833,
    "wait_cost": 0.1659994125366211
}
