{
    "child_model_execute_cost_by_ms": [
        17.910999298095703,
        18.46299934387207,
        20.753999710083008
    ],
    "child_model_run_time": [
        [
            15892415,
            15910326
        ],
        [
            15942917,
            15961380
        ],
        [
            15971258,
            15992012
        ]
    ],
    "execute_cost": 57.12799835205078,
    "finish_time": 15992018,
    "limit_cost_by_ms": 47.223331451416016,
    "model_name": "vgg19",
    "recv_time": 15892262,
    "tag": "390",
    "total_cost_by_ms": 99.75599670410156,
    "wait_cost": 42.62799835205078
}
