{
    "child_model_execute_cost_by_ms": [
        10.020000457763672
    ],
    "child_model_run_time": [
        [
            16748300,
            16758320
        ]
    ],
    "execute_cost": 10.020000457763672,
    "finish_time": 16758326,
    "limit_cost_by_ms": 9.044333457946777,
    "model_name": "googlenet",
    "recv_time": 16748155,
    "tag": "437",
    "total_cost_by_ms": 10.170999526977539,
    "wait_cost": 0.1509990692138672
}
