{
    "child_model_execute_cost_by_ms": [
        10.322999954223633
    ],
    "child_model_run_time": [
        [
            8767021,
            8777344
        ]
    ],
    "execute_cost": 10.322999954223633,
    "finish_time": 8777355,
    "limit_cost_by_ms": 9.044333457946777,
    "model_name": "googlenet",
    "recv_time": 8755301,
    "tag": "59",
    "total_cost_by_ms": 22.054000854492188,
    "wait_cost": 11.731000900268555
}
