{
    "child_model_execute_cost_by_ms": [
        8.303999900817871
    ],
    "child_model_run_time": [
        [
            9074174,
            9082478
        ]
    ],
    "execute_cost": 8.303999900817871,
    "finish_time": 9082488,
    "limit_cost_by_ms": 7.345333099365234,
    "model_name": "squeezenetv1",
    "recv_time": 9062021,
    "tag": "61",
    "total_cost_by_ms": 20.466999053955078,
    "wait_cost": 12.162999153137207
}
