{
    "child_model_execute_cost_by_ms": [
        19.56100082397461,
        18.099000930786133,
        21.933000564575195
    ],
    "child_model_run_time": [
        [
            20658341,
            20677902
        ],
        [
            20677991,
            20696090
        ],
        [
            20738205,
            20760138
        ]
    ],
    "execute_cost": 59.59300231933594,
    "finish_time": 20760143,
    "limit_cost_by_ms": 47.64500045776367,
    "model_name": "vgg19",
    "recv_time": 20658179,
    "tag": "621",
    "total_cost_by_ms": 101.96399688720703,
    "wait_cost": 42.370994567871094
}
