{
    "child_model_execute_cost_by_ms": [
        10.112000465393066
    ],
    "child_model_run_time": [
        [
            21235257,
            21245369
        ]
    ],
    "execute_cost": 10.112000465393066,
    "finish_time": 21245383,
    "limit_cost_by_ms": 8.859333038330078,
    "model_name": "googlenet",
    "recv_time": 21226597,
    "tag": "641",
    "total_cost_by_ms": 18.785999298095703,
    "wait_cost": 8.673998832702637
}
