{
    "child_model_execute_cost_by_ms": [
        14.267000198364258,
        8.854000091552734
    ],
    "child_model_run_time": [
        [
            21687115,
            21701382
        ],
        [
            21701465,
            21710319
        ]
    ],
    "execute_cost": 23.121000289916992,
    "finish_time": 21710326,
    "limit_cost_by_ms": 18.875667572021484,
    "model_name": "resnet50",
    "recv_time": 21671752,
    "tag": "670",
    "total_cost_by_ms": 38.57400131225586,
    "wait_cost": 15.453001022338867
}
