{
    "child_model_execute_cost_by_ms": [
        8.137999534606934
    ],
    "child_model_run_time": [
        [
            22109471,
            22117609
        ]
    ],
    "execute_cost": 8.137999534606934,
    "finish_time": 22117619,
    "limit_cost_by_ms": 7.320333480834961,
    "model_name": "squeezenetv1",
    "recv_time": 22104809,
    "tag": "690",
    "total_cost_by_ms": 12.8100004196167,
    "wait_cost": 4.672000885009766
}
