{
    "child_model_execute_cost_by_ms": [
        19.121999740600586,
        18.63599967956543,
        21.06599998474121
    ],
    "child_model_run_time": [
        [
            22552207,
            22571329
        ],
        [
            22579518,
            22598154
        ],
        [
            22640602,
            22661668
        ]
    ],
    "execute_cost": 58.823997497558594,
    "finish_time": 22661673,
    "limit_cost_by_ms": 47.223331451416016,
    "model_name": "vgg19",
    "recv_time": 22552188,
    "tag": "702",
    "total_cost_by_ms": 109.48500061035156,
    "wait_cost": 50.66100311279297
}
