{
    "child_model_execute_cost_by_ms": [
        8.824999809265137
    ],
    "child_model_run_time": [
        [
            24172599,
            24181424
        ]
    ],
    "execute_cost": 8.824999809265137,
    "finish_time": 24181436,
    "limit_cost_by_ms": 7.320333480834961,
    "model_name": "squeezenetv1",
    "recv_time": 24153522,
    "tag": "788",
    "total_cost_by_ms": 27.913999557495117,
    "wait_cost": 19.089000701904297
}
