{
    "child_model_execute_cost_by_ms": [
        8.586999893188477
    ],
    "child_model_run_time": [
        [
            25022514,
            25031101
        ]
    ],
    "execute_cost": 8.586999893188477,
    "finish_time": 25031110,
    "limit_cost_by_ms": 7.320333480834961,
    "model_name": "squeezenetv1",
    "recv_time": 25006471,
    "tag": "827",
    "total_cost_by_ms": 24.638999938964844,
    "wait_cost": 16.052000045776367
}
