{
    "child_model_execute_cost_by_ms": [
        18.309999465942383,
        17.597000122070313,
        21.98200035095215
    ],
    "child_model_run_time": [
        [
            25041465,
            25059775
        ],
        [
            25059865,
            25077462
        ],
        [
            25120411,
            25142393
        ]
    ],
    "execute_cost": 57.888999938964844,
    "finish_time": 25142398,
    "limit_cost_by_ms": 47.64500045776367,
    "model_name": "vgg19",
    "recv_time": 25041367,
    "tag": "828",
    "total_cost_by_ms": 101.03099822998047,
    "wait_cost": 43.141998291015625
}
