{
    "child_model_execute_cost_by_ms": [
        14.829999923706055,
        9.293000221252441
    ],
    "child_model_run_time": [
        [
            27466975,
            27481805
        ],
        [
            27490218,
            27499511
        ]
    ],
    "execute_cost": 24.123001098632813,
    "finish_time": 27499514,
    "limit_cost_by_ms": 18.875667572021484,
    "model_name": "resnet50",
    "recv_time": 27464100,
    "tag": "940",
    "total_cost_by_ms": 35.41400146484375,
    "wait_cost": 11.291000366210938
}
