{
    "child_model_execute_cost_by_ms": [
        8.289999961853027
    ],
    "child_model_run_time": [
        [
            27950696,
            27958986
        ]
    ],
    "execute_cost": 8.289999961853027,
    "finish_time": 27958997,
    "limit_cost_by_ms": 7.320333480834961,
    "model_name": "squeezenetv1",
    "recv_time": 27942337,
    "tag": "963",
    "total_cost_by_ms": 16.65999984741211,
    "wait_cost": 8.369999885559082
}
