{
    "child_model_execute_cost_by_ms": [
        18.381000518798828,
        16.9950008392334,
        20.04400062561035
    ],
    "child_model_run_time": [
        [
            11816674,
            11835055
        ],
        [
            11835086,
            11852081
        ],
        [
            11852111,
            11872155
        ]
    ],
    "execute_cost": 55.41999816894531,
    "finish_time": 11872158,
    "limit_cost_by_ms": 47.05500030517578,
    "model_name": "vgg19",
    "recv_time": 11816566,
    "tag": "175",
    "total_cost_by_ms": 55.59199905395508,
    "wait_cost": 0.17200088500976563
}
