{
    "child_model_execute_cost_by_ms": [
        8.088000297546387
    ],
    "child_model_run_time": [
        [
            15723833,
            15731921
        ]
    ],
    "execute_cost": 8.088000297546387,
    "finish_time": 15731927,
    "limit_cost_by_ms": 7.23799991607666,
    "model_name": "squeezenetv1",
    "recv_time": 15723731,
    "tag": "352",
    "total_cost_by_ms": 8.196000099182129,
    "wait_cost": 0.10799980163574219
}
