{
    "child_model_execute_cost_by_ms": [
        19.062999725341797,
        17.489999771118164,
        19.76799964904785
    ],
    "child_model_run_time": [
        [
            8684787,
            8703850
        ],
        [
            8703881,
            8721371
        ],
        [
            8721398,
            8741166
        ]
    ],
    "execute_cost": 56.32099914550781,
    "finish_time": 8741171,
    "limit_cost_by_ms": 47.05500030517578,
    "model_name": "vgg19",
    "recv_time": 8675445,
    "tag": "40",
    "total_cost_by_ms": 65.72599792480469,
    "wait_cost": 9.404998779296875
}
