{
    "child_model_execute_cost_by_ms": [
        14.645999908447266,
        8.538000106811523
    ],
    "child_model_run_time": [
        [
            17875272,
            17889918
        ],
        [
            17890011,
            17898549
        ]
    ],
    "execute_cost": 23.18400001525879,
    "finish_time": 17898553,
    "limit_cost_by_ms": 18.511667251586914,
    "model_name": "resnet50",
    "recv_time": 17875092,
    "tag": "444",
    "total_cost_by_ms": 23.461000442504883,
    "wait_cost": 0.27700042724609375
}
