{
    "child_model_execute_cost_by_ms": [
        9.96500015258789
    ],
    "child_model_run_time": [
        [
            18223323,
            18233288
        ]
    ],
    "execute_cost": 9.96500015258789,
    "finish_time": 18233294,
    "limit_cost_by_ms": 8.824999809265137,
    "model_name": "googlenet",
    "recv_time": 18223309,
    "tag": "458",
    "total_cost_by_ms": 9.984999656677246,
    "wait_cost": 0.01999950408935547
}
