{
    "child_model_execute_cost_by_ms": [
        15.059000015258789,
        8.937999725341797
    ],
    "child_model_run_time": [
        [
            18467189,
            18482248
        ],
        [
            18482295,
            18491233
        ]
    ],
    "execute_cost": 23.996999740600586,
    "finish_time": 18491238,
    "limit_cost_by_ms": 18.511667251586914,
    "model_name": "resnet50",
    "recv_time": 18467015,
    "tag": "469",
    "total_cost_by_ms": 24.222999572753906,
    "wait_cost": 0.2259998321533203
}
