{
    "child_model_execute_cost_by_ms": [
        8.284000396728516
    ],
    "child_model_run_time": [
        [
            18992763,
            19001047
        ]
    ],
    "execute_cost": 8.284000396728516,
    "finish_time": 19001052,
    "limit_cost_by_ms": 7.23799991607666,
    "model_name": "squeezenetv1",
    "recv_time": 18984250,
    "tag": "492",
    "total_cost_by_ms": 16.802000045776367,
    "wait_cost": 8.517999649047852
}
