{
    "child_model_execute_cost_by_ms": [
        9.593999862670898
    ],
    "child_model_run_time": [
        [
            19350646,
            19360240
        ]
    ],
    "execute_cost": 9.593999862670898,
    "finish_time": 19360247,
    "limit_cost_by_ms": 8.824999809265137,
    "model_name": "googlenet",
    "recv_time": 19350552,
    "tag": "507",
    "total_cost_by_ms": 9.694999694824219,
    "wait_cost": 0.10099983215332031
}
