{
    "child_model_execute_cost_by_ms": [
        18.48900032043457,
        16.788000106811523,
        19.714000701904297
    ],
    "child_model_run_time": [
        [
            20451266,
            20469755
        ],
        [
            20469846,
            20486634
        ],
        [
            20486720,
            20506434
        ]
    ],
    "execute_cost": 54.99100112915039,
    "finish_time": 20506440,
    "limit_cost_by_ms": 47.0706672668457,
    "model_name": "vgg19",
    "recv_time": 20451075,
    "tag": "554",
    "total_cost_by_ms": 55.3650016784668,
    "wait_cost": 0.37400054931640625
}
