{
    "child_model_execute_cost_by_ms": [
        8.34000015258789
    ],
    "child_model_run_time": [
        [
            20566110,
            20574450
        ]
    ],
    "execute_cost": 8.34000015258789,
    "finish_time": 20574463,
    "limit_cost_by_ms": 7.23799991607666,
    "model_name": "squeezenetv1",
    "recv_time": 20558367,
    "tag": "559",
    "total_cost_by_ms": 16.09600067138672,
    "wait_cost": 7.756000518798828
}
