{
    "child_model_execute_cost_by_ms": [
        7.758999824523926
    ],
    "child_model_run_time": [
        [
            22807759,
            22815518
        ]
    ],
    "execute_cost": 7.758999824523926,
    "finish_time": 22815523,
    "limit_cost_by_ms": 7.23799991607666,
    "model_name": "squeezenetv1",
    "recv_time": 22807593,
    "tag": "654",
    "total_cost_by_ms": 7.929999828338623,
    "wait_cost": 0.17100000381469727
}
