{
    "child_model_execute_cost_by_ms": [
        14.786999702453613,
        8.786999702453613
    ],
    "child_model_run_time": [
        [
            23427542,
            23442329
        ],
        [
            23442419,
            23451206
        ]
    ],
    "execute_cost": 23.573999404907227,
    "finish_time": 23451214,
    "limit_cost_by_ms": 18.511667251586914,
    "model_name": "resnet50",
    "recv_time": 23427383,
    "tag": "681",
    "total_cost_by_ms": 23.83099937438965,
    "wait_cost": 0.2569999694824219
}
