{
    "child_model_execute_cost_by_ms": [
        8.159000396728516
    ],
    "child_model_run_time": [
        [
            23658587,
            23666746
        ]
    ],
    "execute_cost": 8.159000396728516,
    "finish_time": 23666757,
    "limit_cost_by_ms": 7.145666599273682,
    "model_name": "squeezenetv1",
    "recv_time": 23639664,
    "tag": "684",
    "total_cost_by_ms": 27.093000411987305,
    "wait_cost": 18.93400001525879
}
