{
    "child_model_execute_cost_by_ms": [
        14.8100004196167,
        8.968000411987305
    ],
    "child_model_run_time": [
        [
            24617815,
            24632625
        ],
        [
            24641050,
            24650018
        ]
    ],
    "execute_cost": 23.777999877929688,
    "finish_time": 24650024,
    "limit_cost_by_ms": 18.511667251586914,
    "model_name": "resnet50",
    "recv_time": 24617708,
    "tag": "732",
    "total_cost_by_ms": 32.316001892089844,
    "wait_cost": 8.538002014160156
}
