{
    "child_model_execute_cost_by_ms": [
        18.941999435424805,
        17.03700065612793,
        20.025999069213867
    ],
    "child_model_run_time": [
        [
            25386826,
            25405768
        ],
        [
            25405861,
            25422898
        ],
        [
            25422914,
            25442940
        ]
    ],
    "execute_cost": 56.00499725341797,
    "finish_time": 25442945,
    "limit_cost_by_ms": 47.0706672668457,
    "model_name": "vgg19",
    "recv_time": 25386709,
    "tag": "766",
    "total_cost_by_ms": 56.236000061035156,
    "wait_cost": 0.2310028076171875
}
