{
    "child_model_execute_cost_by_ms": [
        9.800999641418457
    ],
    "child_model_run_time": [
        [
            25611820,
            25621621
        ]
    ],
    "execute_cost": 9.800999641418457,
    "finish_time": 25621632,
    "limit_cost_by_ms": 8.824999809265137,
    "model_name": "googlenet",
    "recv_time": 25611641,
    "tag": "775",
    "total_cost_by_ms": 9.991000175476074,
    "wait_cost": 0.1900005340576172
}
