{
    "child_model_execute_cost_by_ms": [
        20.642000198364258
    ],
    "child_model_run_time": [
        [
            16608609,
            16629251
        ]
    ],
    "execute_cost": 20.642000198364258,
    "finish_time": 16629257,
    "limit_cost_by_ms": 19.030000686645508,
    "model_name": "resnet50",
    "recv_time": 16548055,
    "tag": "475",
    "total_cost_by_ms": 81.2020034790039,
    "wait_cost": 60.56000518798828
}
