{
    "child_model_execute_cost_by_ms": [
        9.619999885559082
    ],
    "child_model_run_time": [
        [
            10903222,
            10912842
        ]
    ],
    "execute_cost": 9.619999885559082,
    "finish_time": 10912848,
    "limit_cost_by_ms": 9.156332969665527,
    "model_name": "googlenet",
    "recv_time": 10903050,
    "tag": "131",
    "total_cost_by_ms": 9.79800033569336,
    "wait_cost": 0.17800045013427734
}
