{
    "child_model_execute_cost_by_ms": [
        19.18000030517578
    ],
    "child_model_run_time": [
        [
            15129806,
            15148986
        ]
    ],
    "execute_cost": 19.18000030517578,
    "finish_time": 15148992,
    "limit_cost_by_ms": 18.983333587646484,
    "model_name": "resnet50",
    "recv_time": 15129683,
    "tag": "304",
    "total_cost_by_ms": 19.30900001525879,
    "wait_cost": 0.1289997100830078
}
