{
    "child_model_execute_cost_by_ms": [
        8.57800006866455
    ],
    "child_model_run_time": [
        [
            15497855,
            15506433
        ]
    ],
    "execute_cost": 8.57800006866455,
    "finish_time": 15506440,
    "limit_cost_by_ms": 7.424666881561279,
    "model_name": "squeezenetv1",
    "recv_time": 15497768,
    "tag": "318",
    "total_cost_by_ms": 8.67199993133545,
    "wait_cost": 0.09399986267089844
}
