{
    "child_model_execute_cost_by_ms": [
        47.01900100708008
    ],
    "child_model_run_time": [
        [
            16054664,
            16101683
        ]
    ],
    "execute_cost": 47.01900100708008,
    "finish_time": 16101690,
    "limit_cost_by_ms": 47.39799880981445,
    "model_name": "vgg19",
    "recv_time": 16054512,
    "tag": "333",
    "total_cost_by_ms": 47.178001403808594,
    "wait_cost": 0.15900039672851563
}
