{
    "child_model_execute_cost_by_ms": [
        47.54399871826172
    ],
    "child_model_run_time": [
        [
            16331542,
            16379086
        ]
    ],
    "execute_cost": 47.54399871826172,
    "finish_time": 16379092,
    "limit_cost_by_ms": 47.79833221435547,
    "model_name": "vgg19",
    "recv_time": 16331452,
    "tag": "353",
    "total_cost_by_ms": 47.63999938964844,
    "wait_cost": 0.09600067138671875
}
