{
    "child_model_execute_cost_by_ms": [
        8.265999794006348
    ],
    "child_model_run_time": [
        [
            17519603,
            17527869
        ]
    ],
    "execute_cost": 8.265999794006348,
    "finish_time": 17527878,
    "limit_cost_by_ms": 7.424666881561279,
    "model_name": "squeezenetv1",
    "recv_time": 17519505,
    "tag": "401",
    "total_cost_by_ms": 8.373000144958496,
    "wait_cost": 0.10700035095214844
}
