{
    "child_model_execute_cost_by_ms": [
        8.71399974822998
    ],
    "child_model_run_time": [
        [
            19249992,
            19258706
        ]
    ],
    "execute_cost": 8.71399974822998,
    "finish_time": 19258714,
    "limit_cost_by_ms": 7.424666881561279,
    "model_name": "squeezenetv1",
    "recv_time": 19218761,
    "tag": "471",
    "total_cost_by_ms": 39.952999114990234,
    "wait_cost": 31.238998413085938
}
