{
    "child_model_execute_cost_by_ms": [
        46.16400146484375
    ],
    "child_model_run_time": [
        [
            20852102,
            20898266
        ]
    ],
    "execute_cost": 46.16400146484375,
    "finish_time": 20898273,
    "limit_cost_by_ms": 47.79833221435547,
    "model_name": "vgg19",
    "recv_time": 20852017,
    "tag": "536",
    "total_cost_by_ms": 46.25600051879883,
    "wait_cost": 0.09199905395507813
}
