{
    "child_model_execute_cost_by_ms": [
        20.58099937438965
    ],
    "child_model_run_time": [
        [
            21704257,
            21724838
        ]
    ],
    "execute_cost": 20.58099937438965,
    "finish_time": 21724848,
    "limit_cost_by_ms": 18.92566680908203,
    "model_name": "resnet50",
    "recv_time": 21670584,
    "tag": "561",
    "total_cost_by_ms": 54.263999938964844,
    "wait_cost": 33.68299865722656
}
