{
    "child_model_execute_cost_by_ms": [
        10.583999633789063
    ],
    "child_model_run_time": [
        [
            24054286,
            24064870
        ]
    ],
    "execute_cost": 10.583999633789063,
    "finish_time": 24064879,
    "limit_cost_by_ms": 8.973666191101074,
    "model_name": "googlenet",
    "recv_time": 24040557,
    "tag": "657",
    "total_cost_by_ms": 24.32200050354004,
    "wait_cost": 13.738000869750977
}
