{
    "child_model_execute_cost_by_ms": [
        46.66899871826172
    ],
    "child_model_run_time": [
        [
            9372571,
            9419240
        ]
    ],
    "execute_cost": 46.66899871826172,
    "finish_time": 9419244,
    "limit_cost_by_ms": 47.79833221435547,
    "model_name": "vgg19",
    "recv_time": 9372478,
    "tag": "69",
    "total_cost_by_ms": 46.76599884033203,
    "wait_cost": 0.0970001220703125
}
