{
    "child_model_execute_cost_by_ms": [
        49.391998291015625
    ],
    "child_model_run_time": [
        [
            25977113,
            26026505
        ]
    ],
    "execute_cost": 49.391998291015625,
    "finish_time": 26026511,
    "limit_cost_by_ms": 47.79833221435547,
    "model_name": "vgg19",
    "recv_time": 25977013,
    "tag": "741",
    "total_cost_by_ms": 49.49800109863281,
    "wait_cost": 0.1060028076171875
}
