{
    "child_model_execute_cost_by_ms": [
        45.48400115966797
    ],
    "child_model_run_time": [
        [
            9611281,
            9656765
        ]
    ],
    "execute_cost": 45.48400115966797,
    "finish_time": 9656768,
    "limit_cost_by_ms": 47.79833221435547,
    "model_name": "vgg19",
    "recv_time": 9611143,
    "tag": "79",
    "total_cost_by_ms": 45.625,
    "wait_cost": 0.14099884033203125
}
