{
    "child_model_execute_cost_by_ms": [
        10.61400032043457
    ],
    "child_model_run_time": [
        [
            27333016,
            27343630
        ]
    ],
    "execute_cost": 10.61400032043457,
    "finish_time": 27343637,
    "limit_cost_by_ms": 9.156332969665527,
    "model_name": "googlenet",
    "recv_time": 27332972,
    "tag": "794",
    "total_cost_by_ms": 10.664999961853027,
    "wait_cost": 0.05099964141845703
}
