{
    "child_model_execute_cost_by_ms": [
        11.119999885559082
    ],
    "child_model_run_time": [
        [
            29497633,
            29508753
        ]
    ],
    "execute_cost": 11.119999885559082,
    "finish_time": 29508761,
    "limit_cost_by_ms": 9.156332969665527,
    "model_name": "googlenet",
    "recv_time": 29497595,
    "tag": "880",
    "total_cost_by_ms": 11.166000366210938,
    "wait_cost": 0.04600048065185547
}
