{
    "child_model_execute_cost_by_ms": [
        44.63199996948242
    ],
    "child_model_run_time": [
        [
            11795747,
            11840379
        ]
    ],
    "execute_cost": 44.63199996948242,
    "finish_time": 11840380,
    "limit_cost_by_ms": 47.05099868774414,
    "model_name": "vgg19",
    "recv_time": 11795590,
    "tag": "162",
    "total_cost_by_ms": 44.790000915527344,
    "wait_cost": 0.15800094604492188
}
