{
    "child_model_execute_cost_by_ms": [
        44.5629997253418
    ],
    "child_model_run_time": [
        [
            12355341,
            12399904
        ]
    ],
    "execute_cost": 44.5629997253418,
    "finish_time": 12399906,
    "limit_cost_by_ms": 47.05099868774414,
    "model_name": "vgg19",
    "recv_time": 12355207,
    "tag": "186",
    "total_cost_by_ms": 44.69900131225586,
    "wait_cost": 0.1360015869140625
}
