{
    "child_model_execute_cost_by_ms": [
        61.573001861572266
    ],
    "child_model_run_time": [
        [
            14119507,
            14181080
        ]
    ],
    "execute_cost": 61.573001861572266,
    "finish_time": 14181084,
    "limit_cost_by_ms": 47.05099868774414,
    "model_name": "vgg19",
    "recv_time": 14119418,
    "tag": "257",
    "total_cost_by_ms": 61.66600036621094,
    "wait_cost": 0.09299850463867188
}
