{
    "child_model_execute_cost_by_ms": [
        10.039999961853027
    ],
    "child_model_run_time": [
        [
            17460826,
            17470866
        ]
    ],
    "execute_cost": 10.039999961853027,
    "finish_time": 17470871,
    "limit_cost_by_ms": 8.904000282287598,
    "model_name": "googlenet",
    "recv_time": 17460641,
    "tag": "393",
    "total_cost_by_ms": 10.229999542236328,
    "wait_cost": 0.18999958038330078
}
