{
    "child_model_execute_cost_by_ms": [
        10.923999786376953
    ],
    "child_model_run_time": [
        [
            22170661,
            22181585
        ]
    ],
    "execute_cost": 10.923999786376953,
    "finish_time": 22181590,
    "limit_cost_by_ms": 8.904000282287598,
    "model_name": "googlenet",
    "recv_time": 22170640,
    "tag": "585",
    "total_cost_by_ms": 10.949999809265137,
    "wait_cost": 0.026000022888183594
}
