{
    "child_model_execute_cost_by_ms": [
        24.58099937438965
    ],
    "child_model_run_time": [
        [
            24174996,
            24199577
        ]
    ],
    "execute_cost": 24.58099937438965,
    "finish_time": 24199582,
    "limit_cost_by_ms": 7.227666854858398,
    "model_name": "squeezenetv1",
    "recv_time": 24174902,
    "tag": "669",
    "total_cost_by_ms": 24.68000030517578,
    "wait_cost": 0.09900093078613281
}
