{
    "child_model_execute_cost_by_ms": [
        44.78499984741211
    ],
    "child_model_run_time": [
        [
            25876471,
            25921256
        ]
    ],
    "execute_cost": 44.78499984741211,
    "finish_time": 25921262,
    "limit_cost_by_ms": 47.05099868774414,
    "model_name": "vgg19",
    "recv_time": 25876315,
    "tag": "738",
    "total_cost_by_ms": 44.946998596191406,
    "wait_cost": 0.16199874877929688
}
