{
    "child_model_execute_cost_by_ms": [
        67.48600006103516
    ],
    "child_model_run_time": [
        [
            10065365,
            10132851
        ]
    ],
    "execute_cost": 67.48600006103516,
    "finish_time": 10132856,
    "limit_cost_by_ms": 19.13599967956543,
    "model_name": "resnet50",
    "recv_time": 10065201,
    "tag": "92",
    "total_cost_by_ms": 67.65499877929688,
    "wait_cost": 0.16899871826171875
}
