{
    "child_model_execute_cost_by_ms": [
        7.86899995803833
    ],
    "child_model_run_time": [
        [
            23214807,
            23222676
        ]
    ],
    "execute_cost": 7.86899995803833,
    "finish_time": 23222687,
    "limit_cost_by_ms": 7.39466667175293,
    "model_name": "squeezenetv1",
    "recv_time": 23198963,
    "tag": "529",
    "total_cost_by_ms": 23.724000930786133,
    "wait_cost": 15.855001449584961
}
