{
    "child_model_execute_cost_by_ms": [
        8.442000389099121
    ],
    "child_model_run_time": [
        [
            24309578,
            24318020
        ]
    ],
    "execute_cost": 8.442000389099121,
    "finish_time": 24318027,
    "limit_cost_by_ms": 7.39466667175293,
    "model_name": "squeezenetv1",
    "recv_time": 24309420,
    "tag": "566",
    "total_cost_by_ms": 8.607000350952148,
    "wait_cost": 0.16499996185302734
}
