{
    "child_model_execute_cost_by_ms": [
        15.454999923706055,
        9.53600025177002
    ],
    "child_model_run_time": [
        [
            36539771,
            36555226
        ],
        [
            36555325,
            36564861
        ]
    ],
    "execute_cost": 24.99100112915039,
    "finish_time": 36564867,
    "limit_cost_by_ms": 18.867666244506836,
    "model_name": "resnet50",
    "recv_time": 36536698,
    "tag": "978",
    "total_cost_by_ms": 28.16900062561035,
    "wait_cost": 3.177999496459961
}
