{
    "child_model_execute_cost_by_ms": [
        45.30400085449219
    ],
    "child_model_run_time": [
        [
            29780048,
            29825352
        ]
    ],
    "execute_cost": 45.30400085449219,
    "finish_time": 29825360,
    "limit_cost_by_ms": 47.33366775512695,
    "model_name": "vgg19",
    "recv_time": 29770512,
    "tag": "909",
    "total_cost_by_ms": 54.847999572753906,
    "wait_cost": 9.543998718261719
}
