{
    "child_model_execute_cost_by_ms": [
        8.670999526977539
    ],
    "child_model_run_time": [
        [
            11342524,
            11351195
        ]
    ],
    "execute_cost": 8.670999526977539,
    "finish_time": 11351206,
    "limit_cost_by_ms": 7.303333282470703,
    "model_name": "squeezenetv1",
    "recv_time": 11337303,
    "tag": "150",
    "total_cost_by_ms": 13.902999877929688,
    "wait_cost": 5.232000350952148
}
