{
    "child_model_execute_cost_by_ms": [
        44.481998443603516
    ],
    "child_model_run_time": [
        [
            16063690,
            16108172
        ]
    ],
    "execute_cost": 44.481998443603516,
    "finish_time": 16108177,
    "limit_cost_by_ms": 47.198665618896484,
    "model_name": "vgg19",
    "recv_time": 16063606,
    "tag": "313",
    "total_cost_by_ms": 44.57099914550781,
    "wait_cost": 0.08900070190429688
}
