{
    "child_model_execute_cost_by_ms": [
        45.56700134277344
    ],
    "child_model_run_time": [
        [
            24304278,
            24349845
        ]
    ],
    "execute_cost": 45.56700134277344,
    "finish_time": 24349851,
    "limit_cost_by_ms": 47.198665618896484,
    "model_name": "vgg19",
    "recv_time": 24304186,
    "tag": "642",
    "total_cost_by_ms": 45.665000915527344,
    "wait_cost": 0.09799957275390625
}
