{
    "child_model_execute_cost_by_ms": [
        47.07899856567383
    ],
    "child_model_run_time": [
        [
            28066904,
            28113983
        ]
    ],
    "execute_cost": 47.07899856567383,
    "finish_time": 28113985,
    "limit_cost_by_ms": 47.198665618896484,
    "model_name": "vgg19",
    "recv_time": 28066885,
    "tag": "792",
    "total_cost_by_ms": 47.099998474121094,
    "wait_cost": 0.020999908447265625
}
