{
    "child_model_execute_cost_by_ms": [
        8.527999877929688
    ],
    "child_model_run_time": [
        [
            29820475,
            29829003
        ]
    ],
    "execute_cost": 8.527999877929688,
    "finish_time": 29829012,
    "limit_cost_by_ms": 7.327333450317383,
    "model_name": "squeezenetv1",
    "recv_time": 29820461,
    "tag": "861",
    "total_cost_by_ms": 8.550999641418457,
    "wait_cost": 0.02299976348876953
}
