{
    "child_model_execute_cost_by_ms": [
        22.46500015258789
    ],
    "child_model_run_time": [
        [
            21733741,
            21756206
        ]
    ],
    "execute_cost": 22.46500015258789,
    "finish_time": 21756208,
    "limit_cost_by_ms": 8.84433364868164,
    "model_name": "googlenet",
    "recv_time": 21733734,
    "tag": "670",
    "total_cost_by_ms": 22.474000930786133,
    "wait_cost": 0.009000778198242188
}
