{
    "child_model_execute_cost_by_ms": [
        67.52799987792969
    ],
    "child_model_run_time": [
        [
            26452681,
            26520209
        ]
    ],
    "execute_cost": 67.52799987792969,
    "finish_time": 26520215,
    "limit_cost_by_ms": 19.05266761779785,
    "model_name": "resnet50",
    "recv_time": 26452663,
    "tag": "910",
    "total_cost_by_ms": 67.552001953125,
    "wait_cost": 0.0240020751953125
}
