{
    "child_model_execute_cost_by_ms": [
        32.500999450683594
    ],
    "child_model_run_time": [
        [
            26529783,
            26562284
        ]
    ],
    "execute_cost": 32.500999450683594,
    "finish_time": 26562290,
    "limit_cost_by_ms": 19.05266761779785,
    "model_name": "resnet50",
    "recv_time": 26529770,
    "tag": "914",
    "total_cost_by_ms": 32.52000045776367,
    "wait_cost": 0.019001007080078125
}
