{
    "child_model_execute_cost_by_ms": [
        19.076000213623047
    ],
    "child_model_run_time": [
        [
            16767212,
            16786288
        ]
    ],
    "execute_cost": 19.076000213623047,
    "finish_time": 16786301,
    "limit_cost_by_ms": 18.857666015625,
    "model_name": "resnet50",
    "recv_time": 16767042,
    "tag": "397",
    "total_cost_by_ms": 19.259000778198242,
    "wait_cost": 0.1830005645751953
}
