{
    "child_model_execute_cost_by_ms": [
        8.258000373840332
    ],
    "child_model_run_time": [
        [
            21181473,
            21189731
        ]
    ],
    "execute_cost": 8.258000373840332,
    "finish_time": 21189738,
    "limit_cost_by_ms": 7.215333461761475,
    "model_name": "squeezenetv1",
    "recv_time": 21181376,
    "tag": "592",
    "total_cost_by_ms": 8.362000465393066,
    "wait_cost": 0.10400009155273438
}
