{
    "child_model_execute_cost_by_ms": [
        19.867000579833984
    ],
    "child_model_run_time": [
        [
            20507160,
            20527027
        ]
    ],
    "execute_cost": 19.867000579833984,
    "finish_time": 20527034,
    "limit_cost_by_ms": 18.937665939331055,
    "model_name": "resnet50",
    "recv_time": 20507146,
    "tag": "596",
    "total_cost_by_ms": 19.88800048828125,
    "wait_cost": 0.020999908447265625
}
