{
    "child_model_execute_cost_by_ms": [
        10.098999977111816
    ],
    "child_model_run_time": [
        [
            23053165,
            23063264
        ]
    ],
    "execute_cost": 10.098999977111816,
    "finish_time": 23063270,
    "limit_cost_by_ms": 8.812666893005371,
    "model_name": "googlenet",
    "recv_time": 23053151,
    "tag": "722",
    "total_cost_by_ms": 10.119000434875488,
    "wait_cost": 0.020000457763671875
}
