{
    "child_model_execute_cost_by_ms": [
        46.57099914550781
    ],
    "child_model_run_time": [
        [
            19348946,
            19395517
        ]
    ],
    "execute_cost": 46.57099914550781,
    "finish_time": 19395523,
    "limit_cost_by_ms": 47.39833450317383,
    "model_name": "vgg19",
    "recv_time": 19339750,
    "tag": "469",
    "total_cost_by_ms": 55.77299880981445,
    "wait_cost": 9.20199966430664
}
