{
    "child_model_execute_cost_by_ms": [
        19.908000946044922
    ],
    "child_model_run_time": [
        [
            21450446,
            21470354
        ]
    ],
    "execute_cost": 19.908000946044922,
    "finish_time": 21470361,
    "limit_cost_by_ms": 18.945999145507813,
    "model_name": "resnet50",
    "recv_time": 21450270,
    "tag": "554",
    "total_cost_by_ms": 20.090999603271484,
    "wait_cost": 0.1829986572265625
}
