{
    "child_model_execute_cost_by_ms": [
        7.88700008392334
    ],
    "child_model_run_time": [
        [
            26154413,
            26162300
        ]
    ],
    "execute_cost": 7.88700008392334,
    "finish_time": 26162303,
    "limit_cost_by_ms": 7.473999977111816,
    "model_name": "squeezenetv1",
    "recv_time": 26147019,
    "tag": "743",
    "total_cost_by_ms": 15.284000396728516,
    "wait_cost": 7.397000312805176
}
