kind, gpt128v2, yolov2, googlenet, resnet50, vgg19, total
DLIR, 1.0138476196027946, 0.8514936314398189, 1.0789189045897425, 0.7270702726244435, 0.7782758589599126, 0.9389437709435436
OYST, 0.8208591319808007, 0.834742429783707, 0.8758901969955857, 0.6951396569404077, 1.125360054766654, 0.8923514841796654
ClockWork, 2.3498718394566853, 2.5793734527311325, 1.9035294980126276, 0.9451766654092806, 0.18680484294646685, 2.2774126504523435
PREMA, 1.8576294865458256, 1.993817840409517, 2.015832912268576, 1.2512775279816644, 0.2833802953958867, 1.8809648505100385
MPS, 5.127836091368145, 2.9976675775942936, 2.5522726740536363, 1.1952935719114821, 0.1872681746191893, 3.717527623871549
