kind, gpt128v2, yolov2, googlenet, resnet50, vgg19, total
DLIR, 5.951105943541289, 5.3297516124911475, 5.895703818922794, 4.351597808072333, 4.938143230133806, 5.951105943541289
OYST, 5.016311627287123, 5.506430452141502, 5.430983029370961, 4.377082888045159, 5.464935690199597, 5.506430452141502
ClockWork, 10.850011199466252, 11.169895917795454, 11.275247358055724, 5.199254244993134, 2.1944838374047175, 11.275247358055724
PREMA, 9.470751551992006, 8.953080703317708, 8.740310612673682, 5.284419047022725, 2.426788541262191, 9.470751551992006
MPS, 29.293737235378593, 14.16653724470353, 11.979423592182163, 5.239529544890242, 1.984604798448401, 29.293737235378593
