kind, gpt128v2, yolov2, googlenet, resnet50, vgg19, total
DLIR, 3.305224004339952, 2.8221991952680447, 2.8443260091845666, 2.512729410124089, 2.613492951448373, 2.8192848442878606
OYST, 3.0161492627334976, 2.712998764630219, 2.6853759043051064, 2.591076062855771, 2.856044994905405, 2.7722070751842267
ClockWork, 3.9006705658210863, 4.980810629623949, 3.6786689450272405, 2.1803396944649402, 1.107656886602967, 3.16682887337288
PREMA, 3.47609033875389, 3.587322232063383, 3.601600621108395, 2.340905831573355, 1.1594793587797465, 2.8318332600552645
MPS, 7.717505547549861, 5.31509965795113, 4.807232816981887, 2.558742494619954, 1.134961641470856, 4.303952074551408
