kind, gpt128v2, yolov2, googlenet, resnet50, vgg19, total
DLIR, 1.4368268944957907, 1.0356864910083727, 1.172292531404657, 1.2948537901719088, 1.1358287529025592, 1.0356864910083727
OYST, 1.1175100446357962, 1.0395857673307052, 1.117024810365358, 1.4256460331742888, 1.1729960083008242, 1.0395857673307052
ClockWork, 1.2613326777192666, 1.0584534131520358, 1.037572325983807, 1.0178912951475652, 1.0, 1.0
PREMA, 1.3184777440073276, 1.0317248392356497, 1.109614001210033, 1.0, 1.0, 1.0
MPS, 1.7044477614141214, 1.0590085977560648, 1.111365091342151, 1.0167166645636343, 1.0, 1.0
