{
    "child_model_execute_cost_by_ms": [
        8.118000030517578
    ],
    "child_model_run_time": [
        [
            11029192,
            11037310
        ]
    ],
    "execute_cost": 8.118000030517578,
    "finish_time": 11037316,
    "limit_cost_by_ms": 7.145666599273682,
    "model_name": "squeezenetv1",
    "recv_time": 11029081,
    "tag": "163",
    "total_cost_by_ms": 8.234999656677246,
    "wait_cost": 0.11699962615966797
}
