{
    "child_model_execute_cost_by_ms": [
        9.751999855041504
    ],
    "child_model_run_time": [
        [
            16910604,
            16920356
        ]
    ],
    "execute_cost": 9.751999855041504,
    "finish_time": 16920361,
    "limit_cost_by_ms": 8.75,
    "model_name": "googlenet",
    "recv_time": 16910489,
    "tag": "459",
    "total_cost_by_ms": 9.871999740600586,
    "wait_cost": 0.11999988555908203
}
