{
    "child_model_execute_cost_by_ms": [
        44.29499816894531
    ],
    "child_model_run_time": [
        [
            26552874,
            26597169
        ]
    ],
    "execute_cost": 44.29499816894531,
    "finish_time": 26597176,
    "limit_cost_by_ms": 47.15800094604492,
    "model_name": "vgg19",
    "recv_time": 26552700,
    "tag": "947",
    "total_cost_by_ms": 44.47600173950195,
    "wait_cost": 0.18100357055664063
}
