{
    "child_model_execute_cost_by_ms": [
        8.625
    ],
    "child_model_run_time": [
        [
            27412019,
            27420644
        ]
    ],
    "execute_cost": 8.625,
    "finish_time": 27420651,
    "limit_cost_by_ms": 7.145666599273682,
    "model_name": "squeezenetv1",
    "recv_time": 27411966,
    "tag": "990",
    "total_cost_by_ms": 8.6850004196167,
    "wait_cost": 0.06000041961669922
}
