{
    "child_model_execute_cost_by_ms": [
        15.086999893188477,
        8.729999542236328
    ],
    "child_model_run_time": [
        [
            11418686,
            11433773
        ],
        [
            11433809,
            11442539
        ]
    ],
    "execute_cost": 23.816999435424805,
    "finish_time": 11442547,
    "limit_cost_by_ms": 18.867666244506836,
    "model_name": "resnet50",
    "recv_time": 11409238,
    "tag": "127",
    "total_cost_by_ms": 33.308998107910156,
    "wait_cost": 9.491998672485352
}
