{
    "child_model_execute_cost_by_ms": [
        7.508999824523926
    ],
    "child_model_run_time": [
        [
            14085589,
            14093098
        ]
    ],
    "execute_cost": 7.508999824523926,
    "finish_time": 14093101,
    "limit_cost_by_ms": 7.452000141143799,
    "model_name": "squeezenetv1",
    "recv_time": 14085430,
    "tag": "217",
    "total_cost_by_ms": 7.671000003814697,
    "wait_cost": 0.16200017929077148
}
