{
    "child_model_execute_cost_by_ms": [
        13.880999565124512,
        8.86299991607666
    ],
    "child_model_run_time": [
        [
            16051775,
            16065656
        ],
        [
            16065750,
            16074613
        ]
    ],
    "execute_cost": 22.743999481201172,
    "finish_time": 16074618,
    "limit_cost_by_ms": 19.031999588012695,
    "model_name": "resnet50",
    "recv_time": 16034832,
    "tag": "285",
    "total_cost_by_ms": 39.7859992980957,
    "wait_cost": 17.04199981689453
}
