{
    "child_model_execute_cost_by_ms": [
        17.910999298095703,
        17.93000030517578,
        21.30900001525879
    ],
    "child_model_run_time": [
        [
            17620781,
            17638692
        ],
        [
            17646320,
            17664250
        ],
        [
            17674915,
            17696224
        ]
    ],
    "execute_cost": 57.150001525878906,
    "finish_time": 17696228,
    "limit_cost_by_ms": 47.71799850463867,
    "model_name": "vgg19",
    "recv_time": 17620704,
    "tag": "339",
    "total_cost_by_ms": 75.52400207519531,
    "wait_cost": 18.374000549316406
}
