{
    "child_model_execute_cost_by_ms": [
        10.133000373840332
    ],
    "child_model_run_time": [
        [
            19481029,
            19491162
        ]
    ],
    "execute_cost": 10.133000373840332,
    "finish_time": 19491174,
    "limit_cost_by_ms": 9.308333396911621,
    "model_name": "googlenet",
    "recv_time": 19478983,
    "tag": "406",
    "total_cost_by_ms": 12.190999984741211,
    "wait_cost": 2.057999610900879
}
