{
    "child_model_execute_cost_by_ms": [
        8.560999870300293
    ],
    "child_model_run_time": [
        [
            23082387,
            23090948
        ]
    ],
    "execute_cost": 8.560999870300293,
    "finish_time": 23090957,
    "limit_cost_by_ms": 7.452000141143799,
    "model_name": "squeezenetv1",
    "recv_time": 23068568,
    "tag": "529",
    "total_cost_by_ms": 22.388999938964844,
    "wait_cost": 13.82800006866455
}
