{
    "child_model_execute_cost_by_ms": [
        8.465999603271484
    ],
    "child_model_run_time": [
        [
            24196521,
            24204987
        ]
    ],
    "execute_cost": 8.465999603271484,
    "finish_time": 24204994,
    "limit_cost_by_ms": 7.452000141143799,
    "model_name": "squeezenetv1",
    "recv_time": 24196366,
    "tag": "566",
    "total_cost_by_ms": 8.628000259399414,
    "wait_cost": 0.1620006561279297
}
