{
    "child_model_execute_cost_by_ms": [
        15.222000122070313,
        9.390000343322754
    ],
    "child_model_run_time": [
        [
            25647112,
            25662334
        ],
        [
            25662432,
            25671822
        ]
    ],
    "execute_cost": 24.61199951171875,
    "finish_time": 25671828,
    "limit_cost_by_ms": 18.867666244506836,
    "model_name": "resnet50",
    "recv_time": 25647017,
    "tag": "611",
    "total_cost_by_ms": 24.81100082397461,
    "wait_cost": 0.19900131225585938
}
