{
    "child_model_execute_cost_by_ms": [
        18.006000518798828,
        17.45800018310547,
        20.648000717163086
    ],
    "child_model_run_time": [
        [
            27996375,
            28014381
        ],
        [
            28014404,
            28031862
        ],
        [
            28031884,
            28052532
        ]
    ],
    "execute_cost": 56.11199951171875,
    "finish_time": 28052537,
    "limit_cost_by_ms": 47.71799850463867,
    "model_name": "vgg19",
    "recv_time": 27996250,
    "tag": "696",
    "total_cost_by_ms": 56.2869987487793,
    "wait_cost": 0.17499923706054688
}
