{
    "child_model_execute_cost_by_ms": [
        9.954999923706055
    ],
    "child_model_run_time": [
        [
            28067489,
            28077444
        ]
    ],
    "execute_cost": 9.954999923706055,
    "finish_time": 28077453,
    "limit_cost_by_ms": 9.308333396911621,
    "model_name": "googlenet",
    "recv_time": 28060357,
    "tag": "698",
    "total_cost_by_ms": 17.09600067138672,
    "wait_cost": 7.141000747680664
}
