{
    "child_model_execute_cost_by_ms": [
        14.366999626159668,
        9.104000091552734
    ],
    "child_model_run_time": [
        [
            29479697,
            29494064
        ],
        [
            29494145,
            29503249
        ]
    ],
    "execute_cost": 23.47100067138672,
    "finish_time": 29503253,
    "limit_cost_by_ms": 19.031999588012695,
    "model_name": "resnet50",
    "recv_time": 29479590,
    "tag": "746",
    "total_cost_by_ms": 23.663000106811523,
    "wait_cost": 0.1919994354248047
}
