{
    "child_model_execute_cost_by_ms": [
        10.213000297546387
    ],
    "child_model_run_time": [
        [
            10046532,
            10056745
        ]
    ],
    "execute_cost": 10.213000297546387,
    "finish_time": 10056754,
    "limit_cost_by_ms": 9.308333396911621,
    "model_name": "googlenet",
    "recv_time": 10046354,
    "tag": "77",
    "total_cost_by_ms": 10.399999618530273,
    "wait_cost": 0.18699932098388672
}
