{
    "child_model_execute_cost_by_ms": [
        11.220000267028809
    ],
    "child_model_run_time": [
        [
            32687414,
            32698634
        ]
    ],
    "execute_cost": 11.220000267028809,
    "finish_time": 32698645,
    "limit_cost_by_ms": 9.308333396911621,
    "model_name": "googlenet",
    "recv_time": 32677634,
    "tag": "854",
    "total_cost_by_ms": 21.01099967956543,
    "wait_cost": 9.790999412536621
}
