{
    "child_model_execute_cost_by_ms": [
        13.972000122070313,
        8.887999534606934
    ],
    "child_model_run_time": [
        [
            32945833,
            32959805
        ],
        [
            32959894,
            32968782
        ]
    ],
    "execute_cost": 22.860000610351563,
    "finish_time": 32968788,
    "limit_cost_by_ms": 19.031999588012695,
    "model_name": "resnet50",
    "recv_time": 32941690,
    "tag": "863",
    "total_cost_by_ms": 27.097999572753906,
    "wait_cost": 4.237998962402344
}
