{
    "child_model_execute_cost_by_ms": [
        8.354999542236328
    ],
    "child_model_run_time": [
        [
            11667365,
            11675720
        ]
    ],
    "execute_cost": 8.354999542236328,
    "finish_time": 11675731,
    "limit_cost_by_ms": 7.183666706085205,
    "model_name": "squeezenetv1",
    "recv_time": 11657375,
    "tag": "163",
    "total_cost_by_ms": 18.356000900268555,
    "wait_cost": 10.001001358032227
}
