{
    "child_model_execute_cost_by_ms": [
        15.057000160217285,
        8.954000473022461
    ],
    "child_model_run_time": [
        [
            18901532,
            18916589
        ],
        [
            18916677,
            18925631
        ]
    ],
    "execute_cost": 24.011001586914063,
    "finish_time": 18925639,
    "limit_cost_by_ms": 18.889999389648438,
    "model_name": "resnet50",
    "recv_time": 18886652,
    "tag": "468",
    "total_cost_by_ms": 38.98699951171875,
    "wait_cost": 14.975997924804688
}
