{
    "child_model_execute_cost_by_ms": [
        10.104000091552734
    ],
    "child_model_run_time": [
        [
            23271758,
            23281862
        ]
    ],
    "execute_cost": 10.104000091552734,
    "finish_time": 23281878,
    "limit_cost_by_ms": 9.079000473022461,
    "model_name": "googlenet",
    "recv_time": 23268801,
    "tag": "655",
    "total_cost_by_ms": 13.07699966430664,
    "wait_cost": 2.9729995727539063
}
