{
    "child_model_execute_cost_by_ms": [
        10.156000137329102
    ],
    "child_model_run_time": [
        [
            24009375,
            24019531
        ]
    ],
    "execute_cost": 10.156000137329102,
    "finish_time": 24019545,
    "limit_cost_by_ms": 9.079000473022461,
    "model_name": "googlenet",
    "recv_time": 23999953,
    "tag": "687",
    "total_cost_by_ms": 19.591999053955078,
    "wait_cost": 9.435998916625977
}
