{
    "child_model_execute_cost_by_ms": [
        10.536999702453613
    ],
    "child_model_run_time": [
        [
            31227044,
            31237581
        ]
    ],
    "execute_cost": 10.536999702453613,
    "finish_time": 31237592,
    "limit_cost_by_ms": 9.079000473022461,
    "model_name": "googlenet",
    "recv_time": 31224569,
    "tag": "981",
    "total_cost_by_ms": 13.02299976348877,
    "wait_cost": 2.4860000610351563
}
