{
    "child_model_execute_cost_by_ms": [
        45.6510009765625
    ],
    "child_model_run_time": [
        [
            10936884,
            10982535
        ]
    ],
    "execute_cost": 45.6510009765625,
    "finish_time": 10982537,
    "limit_cost_by_ms": 47.29033279418945,
    "model_name": "vgg19",
    "recv_time": 10936726,
    "tag": "135",
    "total_cost_by_ms": 45.81100082397461,
    "wait_cost": 0.15999984741210938
}
