{
    "child_model_execute_cost_by_ms": [
        65.01499938964844
    ],
    "child_model_run_time": [
        [
            8479637,
            8544652
        ]
    ],
    "execute_cost": 65.01499938964844,
    "finish_time": 8544656,
    "limit_cost_by_ms": 8.860666275024414,
    "model_name": "googlenet",
    "recv_time": 8479538,
    "tag": "30",
    "total_cost_by_ms": 65.11799621582031,
    "wait_cost": 0.102996826171875
}
