{
    "child_model_execute_cost_by_ms": [
        7.629000186920166
    ],
    "child_model_run_time": [
        [
            24811935,
            24819564
        ]
    ],
    "execute_cost": 7.629000186920166,
    "finish_time": 24819569,
    "limit_cost_by_ms": 7.184333324432373,
    "model_name": "squeezenetv1",
    "recv_time": 24811783,
    "tag": "726",
    "total_cost_by_ms": 7.785999774932861,
    "wait_cost": 0.1569995880126953
}
