{
    "child_model_execute_cost_by_ms": [
        55.68299865722656
    ],
    "child_model_run_time": [
        [
            27420393,
            27476076
        ]
    ],
    "execute_cost": 55.68299865722656,
    "finish_time": 27476080,
    "limit_cost_by_ms": 47.29033279418945,
    "model_name": "vgg19",
    "recv_time": 27420272,
    "tag": "839",
    "total_cost_by_ms": 55.80799865722656,
    "wait_cost": 0.125
}
