{
    "child_model_execute_cost_by_ms": [
        10.152999877929688
    ],
    "child_model_run_time": [
        [
            12265786,
            12275939
        ]
    ],
    "execute_cost": 10.152999877929688,
    "finish_time": 12275947,
    "limit_cost_by_ms": 8.98799991607666,
    "model_name": "googlenet",
    "recv_time": 12265772,
    "tag": "188",
    "total_cost_by_ms": 10.175000190734863,
    "wait_cost": 0.02200031280517578
}
