{
    "child_model_execute_cost_by_ms": [
        10.666000366210938
    ],
    "child_model_run_time": [
        [
            17127065,
            17137731
        ]
    ],
    "execute_cost": 10.666000366210938,
    "finish_time": 17137735,
    "limit_cost_by_ms": 8.98799991607666,
    "model_name": "googlenet",
    "recv_time": 17127048,
    "tag": "422",
    "total_cost_by_ms": 10.687000274658203,
    "wait_cost": 0.020999908447265625
}
