{
    "child_model_execute_cost_by_ms": [
        7.814000129699707
    ],
    "child_model_run_time": [
        [
            22824545,
            22832359
        ]
    ],
    "execute_cost": 7.814000129699707,
    "finish_time": 22832364,
    "limit_cost_by_ms": 7.351333141326904,
    "model_name": "squeezenetv1",
    "recv_time": 22824536,
    "tag": "696",
    "total_cost_by_ms": 7.828000068664551,
    "wait_cost": 0.01399993896484375
}
