{
    "child_model_execute_cost_by_ms": [
        17.586999893188477,
        16.517000198364258,
        19.08799934387207
    ],
    "child_model_run_time": [
        [
            15859637,
            15877224
        ],
        [
            15877309,
            15893826
        ],
        [
            15893855,
            15912943
        ]
    ],
    "execute_cost": 53.19200134277344,
    "finish_time": 15912949,
    "limit_cost_by_ms": 45.38966751098633,
    "model_name": "vgg19",
    "recv_time": 15859518,
    "tag": "319",
    "total_cost_by_ms": 53.430999755859375,
    "wait_cost": 0.2389984130859375
}
