{
    "child_model_execute_cost_by_ms": [
        18.541000366210938,
        17.71500015258789,
        20.06599998474121
    ],
    "child_model_run_time": [
        [
            23688648,
            23707189
        ],
        [
            23707276,
            23724991
        ],
        [
            23725084,
            23745150
        ]
    ],
    "execute_cost": 56.321998596191406,
    "finish_time": 23745154,
    "limit_cost_by_ms": 47.05400085449219,
    "model_name": "vgg19",
    "recv_time": 23680279,
    "tag": "581",
    "total_cost_by_ms": 64.875,
    "wait_cost": 8.553001403808594
}
