{
    "child_model_execute_cost_by_ms": [
        10.055000305175781
    ],
    "child_model_run_time": [
        [
            23613530,
            23623585
        ]
    ],
    "execute_cost": 10.055000305175781,
    "finish_time": 23623595,
    "limit_cost_by_ms": 8.71066665649414,
    "model_name": "googlenet",
    "recv_time": 23596687,
    "tag": "607",
    "total_cost_by_ms": 26.908000946044922,
    "wait_cost": 16.85300064086914
}
