{
    "child_model_execute_cost_by_ms": [
        14.871000289916992,
        8.739999771118164
    ],
    "child_model_run_time": [
        [
            9244445,
            9259316
        ],
        [
            9259400,
            9268140
        ]
    ],
    "execute_cost": 23.611000061035156,
    "finish_time": 9268144,
    "limit_cost_by_ms": 18.360666275024414,
    "model_name": "resnet50",
    "recv_time": 9224873,
    "tag": "65",
    "total_cost_by_ms": 43.270999908447266,
    "wait_cost": 19.65999984741211
}
