{
    "child_model_execute_cost_by_ms": [
        9.85200023651123
    ],
    "child_model_run_time": [
        [
            24552924,
            24562776
        ]
    ],
    "execute_cost": 9.85200023651123,
    "finish_time": 24562788,
    "limit_cost_by_ms": 8.71066665649414,
    "model_name": "googlenet",
    "recv_time": 24542992,
    "tag": "642",
    "total_cost_by_ms": 19.79599952697754,
    "wait_cost": 9.943999290466309
}
