{
    "child_model_execute_cost_by_ms": [
        7.640999794006348
    ],
    "child_model_run_time": [
        [
            26246945,
            26254586
        ]
    ],
    "execute_cost": 7.640999794006348,
    "finish_time": 26254596,
    "limit_cost_by_ms": 7.253333568572998,
    "model_name": "squeezenetv1",
    "recv_time": 26237041,
    "tag": "675",
    "total_cost_by_ms": 17.55500030517578,
    "wait_cost": 9.914000511169434
}
