{
    "child_model_execute_cost_by_ms": [
        9.843999862670898
    ],
    "child_model_run_time": [
        [
            28623091,
            28632935
        ]
    ],
    "execute_cost": 9.843999862670898,
    "finish_time": 28632942,
    "limit_cost_by_ms": 8.71066665649414,
    "model_name": "googlenet",
    "recv_time": 28623011,
    "tag": "793",
    "total_cost_by_ms": 9.930999755859375,
    "wait_cost": 0.08699989318847656
}
