{
    "child_model_execute_cost_by_ms": [
        92.23100280761719
    ],
    "child_model_run_time": [
        [
            19036624,
            19128855
        ]
    ],
    "execute_cost": 92.23100280761719,
    "finish_time": 19128858,
    "limit_cost_by_ms": 8.32699966430664,
    "model_name": "googlenet",
    "recv_time": 19036618,
    "tag": "17",
    "total_cost_by_ms": 92.23999786376953,
    "wait_cost": 0.00899505615234375
}
