{
    "child_model_execute_cost_by_ms": [
        26.341999053955078
    ],
    "child_model_run_time": [
        [
            23981042,
            24007384
        ]
    ],
    "execute_cost": 26.341999053955078,
    "finish_time": 24007389,
    "limit_cost_by_ms": 7.019000053405762,
    "model_name": "gpt128v2",
    "recv_time": 23980940,
    "tag": "246",
    "total_cost_by_ms": 26.448999404907227,
    "wait_cost": 0.10700035095214844
}
