{
    "child_model_execute_cost_by_ms": [
        47.2400016784668
    ],
    "child_model_run_time": [
        [
            24902433,
            24949673
        ]
    ],
    "execute_cost": 47.2400016784668,
    "finish_time": 24949677,
    "limit_cost_by_ms": 17.96383285522461,
    "model_name": "resnet50",
    "recv_time": 24902427,
    "tag": "291",
    "total_cost_by_ms": 47.25,
    "wait_cost": 0.009998321533203125
}
