{
    "child_model_execute_cost_by_ms": [
        32.1510009765625
    ],
    "child_model_run_time": [
        [
            25024304,
            25056455
        ]
    ],
    "execute_cost": 32.1510009765625,
    "finish_time": 25056457,
    "limit_cost_by_ms": 5.7826666831970215,
    "model_name": "yolov2",
    "recv_time": 25024299,
    "tag": "297",
    "total_cost_by_ms": 32.15800094604492,
    "wait_cost": 0.006999969482421875
}
