{
    "child_model_execute_cost_by_ms": [
        19.83300018310547
    ],
    "child_model_run_time": [
        [
            25235947,
            25255780
        ]
    ],
    "execute_cost": 19.83300018310547,
    "finish_time": 25255782,
    "limit_cost_by_ms": 17.96383285522461,
    "model_name": "resnet50",
    "recv_time": 25235884,
    "tag": "305",
    "total_cost_by_ms": 19.898000717163086,
    "wait_cost": 0.06500053405761719
}
