{
    "child_model_execute_cost_by_ms": [
        51.87200164794922
    ],
    "child_model_run_time": [
        [
            30840967,
            30892839
        ]
    ],
    "execute_cost": 51.87200164794922,
    "finish_time": 30892842,
    "limit_cost_by_ms": 5.7826666831970215,
    "model_name": "yolov2",
    "recv_time": 30840930,
    "tag": "571",
    "total_cost_by_ms": 51.9119987487793,
    "wait_cost": 0.039997100830078125
}
