{
    "child_model_execute_cost_by_ms": [
        10.321999549865723
    ],
    "child_model_run_time": [
        [
            31691713,
            31702035
        ]
    ],
    "execute_cost": 10.321999549865723,
    "finish_time": 31702037,
    "limit_cost_by_ms": 5.7826666831970215,
    "model_name": "yolov2",
    "recv_time": 31691670,
    "tag": "609",
    "total_cost_by_ms": 10.366999626159668,
    "wait_cost": 0.04500007629394531
}
