{
    "child_model_execute_cost_by_ms": [
        40.902000427246094
    ],
    "child_model_run_time": [
        [
            32112006,
            32152908
        ]
    ],
    "execute_cost": 40.902000427246094,
    "finish_time": 32152911,
    "limit_cost_by_ms": 17.96383285522461,
    "model_name": "resnet50",
    "recv_time": 32111961,
    "tag": "628",
    "total_cost_by_ms": 40.95000076293945,
    "wait_cost": 0.048000335693359375
}
