{
    "child_model_execute_cost_by_ms": [
        43.93000030517578
    ],
    "child_model_run_time": [
        [
            33451053,
            33494983
        ]
    ],
    "execute_cost": 43.93000030517578,
    "finish_time": 33494984,
    "limit_cost_by_ms": 44.08355712890625,
    "model_name": "vgg19",
    "recv_time": 33450895,
    "tag": "692",
    "total_cost_by_ms": 44.0890007019043,
    "wait_cost": 0.15900039672851563
}
