{
    "child_model_execute_cost_by_ms": [
        60.766998291015625
    ],
    "child_model_run_time": [
        [
            35062533,
            35123300
        ]
    ],
    "execute_cost": 60.766998291015625,
    "finish_time": 35123302,
    "limit_cost_by_ms": 44.08355712890625,
    "model_name": "vgg19",
    "recv_time": 35062484,
    "tag": "766",
    "total_cost_by_ms": 60.81800079345703,
    "wait_cost": 0.05100250244140625
}
