{
    "child_model_execute_cost_by_ms": [
        18.652999877929688,
        18.832000732421875,
        19.884000778198242
    ],
    "child_model_run_time": [
        [
            21683795,
            21702448
        ],
        [
            21709019,
            21727851
        ],
        [
            21727887,
            21747771
        ]
    ],
    "execute_cost": 57.36900329589844,
    "finish_time": 21747773,
    "limit_cost_by_ms": 46.6870002746582,
    "model_name": "vgg19",
    "recv_time": 21635038,
    "tag": "147",
    "total_cost_by_ms": 112.73500061035156,
    "wait_cost": 55.365997314453125
}
