{
    "child_model_execute_cost_by_ms": [
        10.423999786376953
    ],
    "child_model_run_time": [
        [
            18493410,
            18503834
        ]
    ],
    "execute_cost": 10.423999786376953,
    "finish_time": 18503844,
    "limit_cost_by_ms": 9.069666862487793,
    "model_name": "googlenet",
    "recv_time": 18493355,
    "tag": "16",
    "total_cost_by_ms": 10.48900032043457,
    "wait_cost": 0.06500053405761719
}
