{
    "child_model_execute_cost_by_ms": [
        6.931000232696533
    ],
    "child_model_run_time": [
        [
            24410319,
            24417250
        ]
    ],
    "execute_cost": 6.931000232696533,
    "finish_time": 24417260,
    "limit_cost_by_ms": 6.035999774932861,
    "model_name": "yolov2",
    "recv_time": 24408901,
    "tag": "263",
    "total_cost_by_ms": 8.359000205993652,
    "wait_cost": 1.4279999732971191
}
