{
    "child_model_execute_cost_by_ms": [
        13.17300033569336
    ],
    "child_model_run_time": [
        [
            24612152,
            24625325
        ]
    ],
    "execute_cost": 13.17300033569336,
    "finish_time": 24625337,
    "limit_cost_by_ms": 7.314000129699707,
    "model_name": "gpt128v2",
    "recv_time": 24608879,
    "tag": "270",
    "total_cost_by_ms": 16.45800018310547,
    "wait_cost": 3.2849998474121094
}
