{
    "child_model_execute_cost_by_ms": [
        17.98699951171875,
        19.02199935913086,
        19.73900032043457
    ],
    "child_model_run_time": [
        [
            28480229,
            28498216
        ],
        [
            28564289,
            28583311
        ],
        [
            28583347,
            28603086
        ]
    ],
    "execute_cost": 56.74800109863281,
    "finish_time": 28603088,
    "limit_cost_by_ms": 46.6870002746582,
    "model_name": "vgg19",
    "recv_time": 28468396,
    "tag": "434",
    "total_cost_by_ms": 134.69200134277344,
    "wait_cost": 77.94400024414063
}
