{
    "child_model_execute_cost_by_ms": [
        10.53600025177002
    ],
    "child_model_run_time": [
        [
            39863789,
            39874325
        ]
    ],
    "execute_cost": 10.53600025177002,
    "finish_time": 39874336,
    "limit_cost_by_ms": 9.069666862487793,
    "model_name": "googlenet",
    "recv_time": 39856769,
    "tag": "918",
    "total_cost_by_ms": 17.566999435424805,
    "wait_cost": 7.030999183654785
}
