{
    "child_model_execute_cost_by_ms": [
        19.11400032043457
    ],
    "child_model_run_time": [
        [
            10634145,
            10653259
        ]
    ],
    "execute_cost": 19.11400032043457,
    "finish_time": 10653266,
    "limit_cost_by_ms": 18.680665969848633,
    "model_name": "resnet50",
    "recv_time": 10634126,
    "tag": "101",
    "total_cost_by_ms": 19.139999389648438,
    "wait_cost": 0.025999069213867188
}
