{
    "child_model_execute_cost_by_ms": [
        46.494998931884766
    ],
    "child_model_run_time": [
        [
            10760960,
            10807455
        ]
    ],
    "execute_cost": 46.494998931884766,
    "finish_time": 10807460,
    "limit_cost_by_ms": 46.121334075927734,
    "model_name": "vgg19",
    "recv_time": 10760812,
    "tag": "108",
    "total_cost_by_ms": 46.64799880981445,
    "wait_cost": 0.1529998779296875
}
