{
    "child_model_execute_cost_by_ms": [
        14.909000396728516,
        8.574000358581543
    ],
    "child_model_run_time": [
        [
            11265465,
            11280374
        ],
        [
            11280411,
            11288985
        ]
    ],
    "execute_cost": 23.483001708984375,
    "finish_time": 11288990,
    "limit_cost_by_ms": 18.889667510986328,
    "model_name": "resnet50",
    "recv_time": 11265314,
    "tag": "123",
    "total_cost_by_ms": 23.676000595092773,
    "wait_cost": 0.19299888610839844
}
