{
    "child_model_execute_cost_by_ms": [
        10.23799991607666
    ],
    "child_model_run_time": [
        [
            20414191,
            20424429
        ]
    ],
    "execute_cost": 10.23799991607666,
    "finish_time": 20424437,
    "limit_cost_by_ms": 8.881999969482422,
    "model_name": "googlenet",
    "recv_time": 20414176,
    "tag": "441",
    "total_cost_by_ms": 10.26099967956543,
    "wait_cost": 0.02299976348876953
}
