{
    "child_model_execute_cost_by_ms": [
        19.235000610351563,
        17.204999923706055,
        19.785999298095703
    ],
    "child_model_run_time": [
        [
            10265181,
            10284416
        ],
        [
            10284502,
            10301707
        ],
        [
            10311906,
            10331692
        ]
    ],
    "execute_cost": 56.22600173950195,
    "finish_time": 10331695,
    "limit_cost_by_ms": 47.01166534423828,
    "model_name": "vgg19",
    "recv_time": 10241794,
    "tag": "88",
    "total_cost_by_ms": 89.9010009765625,
    "wait_cost": 33.67499923706055
}
