{
    "child_model_execute_cost_by_ms": [
        7.9670000076293945
    ],
    "child_model_run_time": [
        [
            36267550,
            36275517
        ]
    ],
    "execute_cost": 7.9670000076293945,
    "finish_time": 36275529,
    "limit_cost_by_ms": 7.203666687011719,
    "model_name": "squeezenetv1",
    "recv_time": 36249091,
    "tag": "991",
    "total_cost_by_ms": 26.437999725341797,
    "wait_cost": 18.47100067138672
}
