{
    "child_model_execute_cost_by_ms": [
        44.0880012512207
    ],
    "child_model_run_time": [
        [
            8371196,
            8415284
        ]
    ],
    "execute_cost": 44.0880012512207,
    "finish_time": 8415292,
    "limit_cost_by_ms": 47.39799880981445,
    "model_name": "vgg19",
    "recv_time": 8370945,
    "tag": "17",
    "total_cost_by_ms": 44.34700012207031,
    "wait_cost": 0.2589988708496094
}
