{
    "child_model_execute_cost_by_ms": [
        20.726999282836914
    ],
    "child_model_run_time": [
        [
            26463668,
            26484395
        ]
    ],
    "execute_cost": 20.726999282836914,
    "finish_time": 26484402,
    "limit_cost_by_ms": 18.92566680908203,
    "model_name": "resnet50",
    "recv_time": 26454876,
    "tag": "755",
    "total_cost_by_ms": 29.525999069213867,
    "wait_cost": 8.798999786376953
}
