{
    "child_model_execute_cost_by_ms": [
        46.630001068115234
    ],
    "child_model_run_time": [
        [
            29872986,
            29919616
        ]
    ],
    "execute_cost": 46.630001068115234,
    "finish_time": 29919628,
    "limit_cost_by_ms": 47.39799880981445,
    "model_name": "vgg19",
    "recv_time": 29864321,
    "tag": "891",
    "total_cost_by_ms": 55.30699920654297,
    "wait_cost": 8.676998138427734
}
