{
    "child_model_execute_cost_by_ms": [
        55.50199890136719
    ],
    "child_model_run_time": [
        [
            12293386,
            12348888
        ]
    ],
    "execute_cost": 55.50199890136719,
    "finish_time": 12348889,
    "limit_cost_by_ms": 47.13666534423828,
    "model_name": "vgg19",
    "recv_time": 12293291,
    "tag": "229",
    "total_cost_by_ms": 55.597999572753906,
    "wait_cost": 0.09600067138671875
}
