{
    "child_model_execute_cost_by_ms": [
        74.59600067138672
    ],
    "child_model_run_time": [
        [
            20503696,
            20578292
        ]
    ],
    "execute_cost": 74.59600067138672,
    "finish_time": 20578295,
    "limit_cost_by_ms": 47.13666534423828,
    "model_name": "vgg19",
    "recv_time": 20503596,
    "tag": "655",
    "total_cost_by_ms": 74.6989974975586,
    "wait_cost": 0.102996826171875
}
