{
    "child_model_execute_cost_by_ms": [
        45.084999084472656
    ],
    "child_model_run_time": [
        [
            27132457,
            27177542
        ]
    ],
    "execute_cost": 45.084999084472656,
    "finish_time": 27177544,
    "limit_cost_by_ms": 47.13666534423828,
    "model_name": "vgg19",
    "recv_time": 27132308,
    "tag": "990",
    "total_cost_by_ms": 45.236000061035156,
    "wait_cost": 0.1510009765625
}
