{
    "child_model_execute_cost_by_ms": [
        8.088000297546387
    ],
    "child_model_run_time": [
        [
            11707108,
            11715196
        ]
    ],
    "execute_cost": 8.088000297546387,
    "finish_time": 11715203,
    "limit_cost_by_ms": 7.111999988555908,
    "model_name": "squeezenetv1",
    "recv_time": 11706939,
    "tag": "182",
    "total_cost_by_ms": 8.263999938964844,
    "wait_cost": 0.17599964141845703
}
