{
    "child_model_execute_cost_by_ms": [
        8.479000091552734
    ],
    "child_model_run_time": [
        [
            13830179,
            13838658
        ]
    ],
    "execute_cost": 8.479000091552734,
    "finish_time": 13838665,
    "limit_cost_by_ms": 7.111999988555908,
    "model_name": "squeezenetv1",
    "recv_time": 13815845,
    "tag": "278",
    "total_cost_by_ms": 22.81999969482422,
    "wait_cost": 14.340999603271484
}
