{
    "child_model_execute_cost_by_ms": [
        15.317999839782715,
        9.486000061035156
    ],
    "child_model_run_time": [
        [
            16327164,
            16342482
        ],
        [
            16352939,
            16362425
        ]
    ],
    "execute_cost": 24.804000854492188,
    "finish_time": 16362430,
    "limit_cost_by_ms": 18.887666702270508,
    "model_name": "resnet50",
    "recv_time": 16316857,
    "tag": "391",
    "total_cost_by_ms": 45.573001861572266,
    "wait_cost": 20.769001007080078
}
