{
    "child_model_execute_cost_by_ms": [
        7.980000019073486
    ],
    "child_model_run_time": [
        [
            16706715,
            16714695
        ]
    ],
    "execute_cost": 7.980000019073486,
    "finish_time": 16714706,
    "limit_cost_by_ms": 7.111999988555908,
    "model_name": "squeezenetv1",
    "recv_time": 16691446,
    "tag": "410",
    "total_cost_by_ms": 23.260000228881836,
    "wait_cost": 15.280000686645508
}
