{
    "child_model_execute_cost_by_ms": [
        18.770999908447266,
        16.98900032043457,
        19.68899917602539
    ],
    "child_model_run_time": [
        [
            17502773,
            17521544
        ],
        [
            17521633,
            17538622
        ],
        [
            17538704,
            17558393
        ]
    ],
    "execute_cost": 55.44900131225586,
    "finish_time": 17558397,
    "limit_cost_by_ms": 47.08133316040039,
    "model_name": "vgg19",
    "recv_time": 17500518,
    "tag": "446",
    "total_cost_by_ms": 57.87900161743164,
    "wait_cost": 2.4300003051757813
}
