{
    "child_model_execute_cost_by_ms": [
        18.618999481201172,
        16.927000045776367,
        19.983999252319336
    ],
    "child_model_run_time": [
        [
            8704882,
            8723501
        ],
        [
            8723612,
            8740539
        ],
        [
            8740625,
            8760609
        ]
    ],
    "execute_cost": 55.529998779296875,
    "finish_time": 8760613,
    "limit_cost_by_ms": 47.08133316040039,
    "model_name": "vgg19",
    "recv_time": 8688257,
    "tag": "47",
    "total_cost_by_ms": 72.35600280761719,
    "wait_cost": 16.826004028320313
}
