{
    "child_model_execute_cost_by_ms": [
        8.253000259399414
    ],
    "child_model_run_time": [
        [
            18840059,
            18848312
        ]
    ],
    "execute_cost": 8.253000259399414,
    "finish_time": 18848324,
    "limit_cost_by_ms": 7.111999988555908,
    "model_name": "squeezenetv1",
    "recv_time": 18834161,
    "tag": "506",
    "total_cost_by_ms": 14.163000106811523,
    "wait_cost": 5.909999847412109
}
