{
    "child_model_execute_cost_by_ms": [
        15.01099967956543,
        9.043999671936035
    ],
    "child_model_run_time": [
        [
            19023183,
            19038194
        ],
        [
            19046558,
            19055602
        ]
    ],
    "execute_cost": 24.05500030517578,
    "finish_time": 19055607,
    "limit_cost_by_ms": 18.887666702270508,
    "model_name": "resnet50",
    "recv_time": 19023129,
    "tag": "513",
    "total_cost_by_ms": 32.47800064086914,
    "wait_cost": 8.42300033569336
}
