{
    "child_model_execute_cost_by_ms": [
        18.409000396728516,
        16.718000411987305,
        19.511999130249023
    ],
    "child_model_run_time": [
        [
            20283630,
            20302039
        ],
        [
            20302083,
            20318801
        ],
        [
            20318885,
            20338397
        ]
    ],
    "execute_cost": 54.638999938964844,
    "finish_time": 20338401,
    "limit_cost_by_ms": 47.08133316040039,
    "model_name": "vgg19",
    "recv_time": 20283448,
    "tag": "571",
    "total_cost_by_ms": 54.952999114990234,
    "wait_cost": 0.3139991760253906
}
