{
    "child_model_execute_cost_by_ms": [
        9.506999969482422
    ],
    "child_model_run_time": [
        [
            22541477,
            22550984
        ]
    ],
    "execute_cost": 9.506999969482422,
    "finish_time": 22550995,
    "limit_cost_by_ms": 8.585000038146973,
    "model_name": "googlenet",
    "recv_time": 22538953,
    "tag": "674",
    "total_cost_by_ms": 12.041999816894531,
    "wait_cost": 2.5349998474121094
}
