{
    "child_model_execute_cost_by_ms": [
        14.82699966430664,
        8.571000099182129
    ],
    "child_model_run_time": [
        [
            25399468,
            25414295
        ],
        [
            25414396,
            25422967
        ]
    ],
    "execute_cost": 23.397998809814453,
    "finish_time": 25422971,
    "limit_cost_by_ms": 18.887666702270508,
    "model_name": "resnet50",
    "recv_time": 25399370,
    "tag": "802",
    "total_cost_by_ms": 23.60099983215332,
    "wait_cost": 0.2030010223388672
}
