{
    "child_model_execute_cost_by_ms": [
        46.16699981689453
    ],
    "child_model_run_time": [
        [
            10255105,
            10301272
        ]
    ],
    "execute_cost": 46.16699981689453,
    "finish_time": 10301274,
    "limit_cost_by_ms": 47.62333297729492,
    "model_name": "vgg19",
    "recv_time": 10255016,
    "tag": "110",
    "total_cost_by_ms": 46.257999420166016,
    "wait_cost": 0.09099960327148438
}
