{
    "child_model_execute_cost_by_ms": [
        37.1609992980957
    ],
    "child_model_run_time": [
        [
            12733603,
            12770764
        ]
    ],
    "execute_cost": 37.1609992980957,
    "finish_time": 12770769,
    "limit_cost_by_ms": 7.427333354949951,
    "model_name": "squeezenetv1",
    "recv_time": 12733589,
    "tag": "209",
    "total_cost_by_ms": 37.18000030517578,
    "wait_cost": 0.019001007080078125
}
