{
    "child_model_execute_cost_by_ms": [
        47.42399978637695
    ],
    "child_model_run_time": [
        [
            13496653,
            13544077
        ]
    ],
    "execute_cost": 47.42399978637695,
    "finish_time": 13544080,
    "limit_cost_by_ms": 47.62333297729492,
    "model_name": "vgg19",
    "recv_time": 13496642,
    "tag": "239",
    "total_cost_by_ms": 47.4379997253418,
    "wait_cost": 0.01399993896484375
}
