{
    "child_model_execute_cost_by_ms": [
        78.43399810791016
    ],
    "child_model_run_time": [
        [
            8374117,
            8452551
        ]
    ],
    "execute_cost": 78.43399810791016,
    "finish_time": 8452554,
    "limit_cost_by_ms": 8.936333656311035,
    "model_name": "googlenet",
    "recv_time": 8374038,
    "tag": "35",
    "total_cost_by_ms": 78.51599884033203,
    "wait_cost": 0.082000732421875
}
