{
    "child_model_execute_cost_by_ms": [
        29.229000091552734
    ],
    "child_model_run_time": [
        [
            19754914,
            19784143
        ]
    ],
    "execute_cost": 29.229000091552734,
    "finish_time": 19784148,
    "limit_cost_by_ms": 7.427333354949951,
    "model_name": "squeezenetv1",
    "recv_time": 19754823,
    "tag": "481",
    "total_cost_by_ms": 29.325000762939453,
    "wait_cost": 0.09600067138671875
}
