{
    "child_model_execute_cost_by_ms": [
        52.89699935913086
    ],
    "child_model_run_time": [
        [
            21914923,
            21967820
        ]
    ],
    "execute_cost": 52.89699935913086,
    "finish_time": 21967822,
    "limit_cost_by_ms": 47.62333297729492,
    "model_name": "vgg19",
    "recv_time": 21914758,
    "tag": "564",
    "total_cost_by_ms": 53.06399917602539,
    "wait_cost": 0.16699981689453125
}
