{
    "child_model_execute_cost_by_ms": [
        63.28300094604492
    ],
    "child_model_run_time": [
        [
            9016700,
            9079983
        ]
    ],
    "execute_cost": 63.28300094604492,
    "finish_time": 9079986,
    "limit_cost_by_ms": 8.936333656311035,
    "model_name": "googlenet",
    "recv_time": 9016684,
    "tag": "60",
    "total_cost_by_ms": 63.301998138427734,
    "wait_cost": 0.0189971923828125
}
