{
    "child_model_execute_cost_by_ms": [
        32.77199935913086
    ],
    "child_model_run_time": [
        [
            23351376,
            23384148
        ]
    ],
    "execute_cost": 32.77199935913086,
    "finish_time": 23384152,
    "limit_cost_by_ms": 19.114999771118164,
    "model_name": "resnet50",
    "recv_time": 23351251,
    "tag": "613",
    "total_cost_by_ms": 32.9010009765625,
    "wait_cost": 0.12900161743164063
}
