{
    "child_model_execute_cost_by_ms": [
        73.6760025024414
    ],
    "child_model_run_time": [
        [
            24200031,
            24273707
        ]
    ],
    "execute_cost": 73.6760025024414,
    "finish_time": 24273709,
    "limit_cost_by_ms": 47.481666564941406,
    "model_name": "vgg19",
    "recv_time": 24199953,
    "tag": "646",
    "total_cost_by_ms": 73.75599670410156,
    "wait_cost": 0.07999420166015625
}
