{
    "child_model_execute_cost_by_ms": [
        151.04200744628906
    ],
    "child_model_run_time": [
        [
            24281453,
            24432495
        ]
    ],
    "execute_cost": 151.04200744628906,
    "finish_time": 24432499,
    "limit_cost_by_ms": 8.936333656311035,
    "model_name": "googlenet",
    "recv_time": 24243736,
    "tag": "654",
    "total_cost_by_ms": 188.76300048828125,
    "wait_cost": 37.72099304199219
}
