{
    "child_model_execute_cost_by_ms": [
        55.09400177001953
    ],
    "child_model_run_time": [
        [
            26809303,
            26864397
        ]
    ],
    "execute_cost": 55.09400177001953,
    "finish_time": 26864399,
    "limit_cost_by_ms": 47.62333297729492,
    "model_name": "vgg19",
    "recv_time": 26809155,
    "tag": "749",
    "total_cost_by_ms": 55.24399948120117,
    "wait_cost": 0.14999771118164063
}
