{
    "child_model_execute_cost_by_ms": [
        50.95600128173828
    ],
    "child_model_run_time": [
        [
            27736176,
            27787132
        ]
    ],
    "execute_cost": 50.95600128173828,
    "finish_time": 27787135,
    "limit_cost_by_ms": 8.936333656311035,
    "model_name": "googlenet",
    "recv_time": 27736167,
    "tag": "784",
    "total_cost_by_ms": 50.96799850463867,
    "wait_cost": 0.011997222900390625
}
