{
    "child_model_execute_cost_by_ms": [
        61.25400161743164
    ],
    "child_model_run_time": [
        [
            28118606,
            28179860
        ]
    ],
    "execute_cost": 61.25400161743164,
    "finish_time": 28179865,
    "limit_cost_by_ms": 7.518666744232178,
    "model_name": "squeezenetv1",
    "recv_time": 28118597,
    "tag": "791",
    "total_cost_by_ms": 61.268001556396484,
    "wait_cost": 0.01399993896484375
}
