{
    "child_model_execute_cost_by_ms": [
        81.35900115966797
    ],
    "child_model_run_time": [
        [
            32202907,
            32284266
        ]
    ],
    "execute_cost": 81.35900115966797,
    "finish_time": 32284270,
    "limit_cost_by_ms": 8.936333656311035,
    "model_name": "googlenet",
    "recv_time": 32202749,
    "tag": "951",
    "total_cost_by_ms": 81.52100372314453,
    "wait_cost": 0.1620025634765625
}
