{
    "child_model_execute_cost_by_ms": [
        14.715999603271484,
        8.579000473022461
    ],
    "child_model_run_time": [
        [
            16603501,
            16618217
        ],
        [
            16618311,
            16626890
        ]
    ],
    "execute_cost": 23.295000076293945,
    "finish_time": 16626893,
    "limit_cost_by_ms": 18.774999618530273,
    "model_name": "resnet50",
    "recv_time": 16603298,
    "tag": "323",
    "total_cost_by_ms": 23.594999313354492,
    "wait_cost": 0.2999992370605469
}
