{
    "child_model_execute_cost_by_ms": [
        9.034000396728516
    ],
    "child_model_run_time": [
        [
            26185803,
            26194837
        ]
    ],
    "execute_cost": 9.034000396728516,
    "finish_time": 26194844,
    "limit_cost_by_ms": 8.488333702087402,
    "model_name": "googlenet",
    "recv_time": 26169884,
    "tag": "677",
    "total_cost_by_ms": 24.959999084472656,
    "wait_cost": 15.92599868774414
}
