{
    "child_model_execute_cost_by_ms": [
        45.17399978637695
    ],
    "child_model_run_time": [
        [
            8790109,
            8835283
        ]
    ],
    "execute_cost": 45.17399978637695,
    "finish_time": 8835287,
    "limit_cost_by_ms": 47.13666534423828,
    "model_name": "vgg19",
    "recv_time": 8789957,
    "tag": "50",
    "total_cost_by_ms": 45.33000183105469,
    "wait_cost": 0.15600204467773438
}
