{
    "child_model_execute_cost_by_ms": [
        8.284000396728516
    ],
    "child_model_run_time": [
        [
            21682555,
            21690839
        ]
    ],
    "execute_cost": 8.284000396728516,
    "finish_time": 21690843,
    "limit_cost_by_ms": 7.199999809265137,
    "model_name": "squeezenetv1",
    "recv_time": 21682382,
    "tag": "712",
    "total_cost_by_ms": 8.461000442504883,
    "wait_cost": 0.1770000457763672
}
