{
    "child_model_execute_cost_by_ms": [
        28.77199935913086
    ],
    "child_model_run_time": [
        [
            26369756,
            26398528
        ]
    ],
    "execute_cost": 28.77199935913086,
    "finish_time": 26398531,
    "limit_cost_by_ms": 18.996000289916992,
    "model_name": "resnet50",
    "recv_time": 26369610,
    "tag": "952",
    "total_cost_by_ms": 28.92099952697754,
    "wait_cost": 0.1490001678466797
}
