{
    "child_model_execute_cost_by_ms": [
        19.319000244140625
    ],
    "child_model_run_time": [
        [
            8006151,
            8025470
        ]
    ],
    "execute_cost": 19.319000244140625,
    "finish_time": 8025475,
    "limit_cost_by_ms": 18.862333297729492,
    "model_name": "resnet50",
    "recv_time": 7999209,
    "tag": "12",
    "total_cost_by_ms": 26.266000747680664,
    "wait_cost": 6.947000503540039
}
