{
    "child_model_execute_cost_by_ms": [
        18.91200065612793
    ],
    "child_model_run_time": [
        [
            10123908,
            10142820
        ]
    ],
    "execute_cost": 18.91200065612793,
    "finish_time": 10142825,
    "limit_cost_by_ms": 18.862333297729492,
    "model_name": "resnet50",
    "recv_time": 10123755,
    "tag": "119",
    "total_cost_by_ms": 19.06999969482422,
    "wait_cost": 0.15799903869628906
}
