{
    "child_model_execute_cost_by_ms": [
        18.790000915527344
    ],
    "child_model_run_time": [
        [
            12046020,
            12064810
        ]
    ],
    "execute_cost": 18.790000915527344,
    "finish_time": 12064815,
    "limit_cost_by_ms": 18.862333297729492,
    "model_name": "resnet50",
    "recv_time": 12045872,
    "tag": "218",
    "total_cost_by_ms": 18.94300079345703,
    "wait_cost": 0.1529998779296875
}
