{
    "child_model_execute_cost_by_ms": [
        19.207000732421875
    ],
    "child_model_run_time": [
        [
            13915283,
            13934490
        ]
    ],
    "execute_cost": 19.207000732421875,
    "finish_time": 13934495,
    "limit_cost_by_ms": 18.862333297729492,
    "model_name": "resnet50",
    "recv_time": 13912783,
    "tag": "313",
    "total_cost_by_ms": 21.711999893188477,
    "wait_cost": 2.5049991607666016
}
