{
    "child_model_execute_cost_by_ms": [
        8.097000122070313
    ],
    "child_model_run_time": [
        [
            14335041,
            14343138
        ]
    ],
    "execute_cost": 8.097000122070313,
    "finish_time": 14343144,
    "limit_cost_by_ms": 7.109333515167236,
    "model_name": "squeezenetv1",
    "recv_time": 14334876,
    "tag": "334",
    "total_cost_by_ms": 8.267999649047852,
    "wait_cost": 0.17099952697753906
}
