{
    "child_model_execute_cost_by_ms": [
        45.196998596191406
    ],
    "child_model_run_time": [
        [
            15639510,
            15684707
        ]
    ],
    "execute_cost": 45.196998596191406,
    "finish_time": 15684714,
    "limit_cost_by_ms": 47.26300048828125,
    "model_name": "vgg19",
    "recv_time": 15639344,
    "tag": "401",
    "total_cost_by_ms": 45.369998931884766,
    "wait_cost": 0.17300033569335938
}
