{
    "child_model_execute_cost_by_ms": [
        8.963000297546387
    ],
    "child_model_run_time": [
        [
            15778192,
            15787155
        ]
    ],
    "execute_cost": 8.963000297546387,
    "finish_time": 15787167,
    "limit_cost_by_ms": 7.420666694641113,
    "model_name": "squeezenetv1",
    "recv_time": 15747368,
    "tag": "402",
    "total_cost_by_ms": 39.79899978637695,
    "wait_cost": 30.83599853515625
}
