{
    "child_model_execute_cost_by_ms": [
        8.15999984741211
    ],
    "child_model_run_time": [
        [
            15954956,
            15963116
        ]
    ],
    "execute_cost": 8.15999984741211,
    "finish_time": 15963127,
    "limit_cost_by_ms": 7.109333515167236,
    "model_name": "squeezenetv1",
    "recv_time": 15954814,
    "tag": "417",
    "total_cost_by_ms": 8.312999725341797,
    "wait_cost": 0.1529998779296875
}
