{
    "child_model_execute_cost_by_ms": [
        10.178000450134277
    ],
    "child_model_run_time": [
        [
            21652216,
            21662394
        ]
    ],
    "execute_cost": 10.178000450134277,
    "finish_time": 21662400,
    "limit_cost_by_ms": 8.833000183105469,
    "model_name": "googlenet",
    "recv_time": 21652056,
    "tag": "703",
    "total_cost_by_ms": 10.343999862670898,
    "wait_cost": 0.1659994125366211
}
