{
    "child_model_execute_cost_by_ms": [
        44.250999450683594
    ],
    "child_model_run_time": [
        [
            9206445,
            9250696
        ]
    ],
    "execute_cost": 44.250999450683594,
    "finish_time": 9250701,
    "limit_cost_by_ms": 47.26300048828125,
    "model_name": "vgg19",
    "recv_time": 9206384,
    "tag": "73",
    "total_cost_by_ms": 44.31700134277344,
    "wait_cost": 0.06600189208984375
}
