{
    "child_model_execute_cost_by_ms": [
        10.178000450134277
    ],
    "child_model_run_time": [
        [
            24036098,
            24046276
        ]
    ],
    "execute_cost": 10.178000450134277,
    "finish_time": 24046282,
    "limit_cost_by_ms": 8.833000183105469,
    "model_name": "googlenet",
    "recv_time": 24036006,
    "tag": "822",
    "total_cost_by_ms": 10.276000022888184,
    "wait_cost": 0.09799957275390625
}
