{
    "child_model_execute_cost_by_ms": [
        9.954000473022461
    ],
    "child_model_run_time": [
        [
            26154821,
            26164775
        ]
    ],
    "execute_cost": 9.954000473022461,
    "finish_time": 26164782,
    "limit_cost_by_ms": 8.833000183105469,
    "model_name": "googlenet",
    "recv_time": 26154659,
    "tag": "928",
    "total_cost_by_ms": 10.123000144958496,
    "wait_cost": 0.16899967193603516
}
