{
    "child_model_execute_cost_by_ms": [
        20.719999313354492
    ],
    "child_model_run_time": [
        [
            26337450,
            26358170
        ]
    ],
    "execute_cost": 20.719999313354492,
    "finish_time": 26358175,
    "limit_cost_by_ms": 18.862333297729492,
    "model_name": "resnet50",
    "recv_time": 26320589,
    "tag": "937",
    "total_cost_by_ms": 37.58599853515625,
    "wait_cost": 16.865999221801758
}
