{
    "child_model_execute_cost_by_ms": [
        9.373000144958496
    ],
    "child_model_run_time": [
        [
            10975346,
            10984719
        ]
    ],
    "execute_cost": 9.373000144958496,
    "finish_time": 10984728,
    "limit_cost_by_ms": 8.86400032043457,
    "model_name": "googlenet",
    "recv_time": 10971482,
    "tag": "144",
    "total_cost_by_ms": 13.246000289916992,
    "wait_cost": 3.873000144958496
}
