{
    "child_model_execute_cost_by_ms": [
        14.847999572753906,
        8.791999816894531
    ],
    "child_model_run_time": [
        [
            11539024,
            11553872
        ],
        [
            11563648,
            11572440
        ]
    ],
    "execute_cost": 23.639999389648438,
    "finish_time": 11572444,
    "limit_cost_by_ms": 18.964000701904297,
    "model_name": "resnet50",
    "recv_time": 11538929,
    "tag": "167",
    "total_cost_by_ms": 33.51499938964844,
    "wait_cost": 9.875
}
