{
    "child_model_execute_cost_by_ms": [
        14.406000137329102,
        8.880000114440918
    ],
    "child_model_run_time": [
        [
            11600419,
            11614825
        ],
        [
            11614857,
            11623737
        ]
    ],
    "execute_cost": 23.285999298095703,
    "finish_time": 11623747,
    "limit_cost_by_ms": 18.964000701904297,
    "model_name": "resnet50",
    "recv_time": 11593399,
    "tag": "171",
    "total_cost_by_ms": 30.347999572753906,
    "wait_cost": 7.062000274658203
}
