{
    "child_model_execute_cost_by_ms": [
        9.89799976348877
    ],
    "child_model_run_time": [
        [
            12572900,
            12582798
        ]
    ],
    "execute_cost": 9.89799976348877,
    "finish_time": 12582805,
    "limit_cost_by_ms": 8.86400032043457,
    "model_name": "googlenet",
    "recv_time": 12572710,
    "tag": "213",
    "total_cost_by_ms": 10.095000267028809,
    "wait_cost": 0.19700050354003906
}
