{
    "child_model_execute_cost_by_ms": [
        15.163999557495117,
        8.770000457763672
    ],
    "child_model_run_time": [
        [
            13650698,
            13665862
        ],
        [
            13665961,
            13674731
        ]
    ],
    "execute_cost": 23.93400001525879,
    "finish_time": 13674738,
    "limit_cost_by_ms": 18.964000701904297,
    "model_name": "resnet50",
    "recv_time": 13650609,
    "tag": "259",
    "total_cost_by_ms": 24.128999710083008,
    "wait_cost": 0.19499969482421875
}
