{
    "child_model_execute_cost_by_ms": [
        10.572999954223633
    ],
    "child_model_run_time": [
        [
            14247028,
            14257601
        ]
    ],
    "execute_cost": 10.572999954223633,
    "finish_time": 14257608,
    "limit_cost_by_ms": 8.86400032043457,
    "model_name": "googlenet",
    "recv_time": 14231448,
    "tag": "284",
    "total_cost_by_ms": 26.15999984741211,
    "wait_cost": 15.586999893188477
}
