{
    "child_model_execute_cost_by_ms": [
        8.413000106811523
    ],
    "child_model_run_time": [
        [
            16421813,
            16430226
        ]
    ],
    "execute_cost": 8.413000106811523,
    "finish_time": 16430237,
    "limit_cost_by_ms": 7.273666858673096,
    "model_name": "squeezenetv1",
    "recv_time": 16405060,
    "tag": "381",
    "total_cost_by_ms": 25.177000045776367,
    "wait_cost": 16.763999938964844
}
