{
    "child_model_execute_cost_by_ms": [
        14.791000366210938,
        8.996999740600586
    ],
    "child_model_run_time": [
        [
            20016081,
            20030872
        ],
        [
            20030911,
            20039908
        ]
    ],
    "execute_cost": 23.788000106811523,
    "finish_time": 20039917,
    "limit_cost_by_ms": 18.964000701904297,
    "model_name": "resnet50",
    "recv_time": 19998066,
    "tag": "536",
    "total_cost_by_ms": 41.85100173950195,
    "wait_cost": 18.06300163269043
}
