{
    "child_model_execute_cost_by_ms": [
        9.156000137329102
    ],
    "child_model_run_time": [
        [
            24207386,
            24216542
        ]
    ],
    "execute_cost": 9.156000137329102,
    "finish_time": 24216549,
    "limit_cost_by_ms": 8.86400032043457,
    "model_name": "googlenet",
    "recv_time": 24197357,
    "tag": "716",
    "total_cost_by_ms": 19.191999435424805,
    "wait_cost": 10.035999298095703
}
