{
    "child_model_execute_cost_by_ms": [
        9.800999641418457
    ],
    "child_model_run_time": [
        [
            26067662,
            26077463
        ]
    ],
    "execute_cost": 9.800999641418457,
    "finish_time": 26077469,
    "limit_cost_by_ms": 8.852666854858398,
    "model_name": "googlenet",
    "recv_time": 26067474,
    "tag": "789",
    "total_cost_by_ms": 9.994999885559082,
    "wait_cost": 0.194000244140625
}
