{
    "child_model_execute_cost_by_ms": [
        9.069999694824219
    ],
    "child_model_run_time": [
        [
            26043135,
            26052205
        ]
    ],
    "execute_cost": 9.069999694824219,
    "finish_time": 26052209,
    "limit_cost_by_ms": 8.86400032043457,
    "model_name": "googlenet",
    "recv_time": 26043097,
    "tag": "795",
    "total_cost_by_ms": 9.112000465393066,
    "wait_cost": 0.042000770568847656
}
