{
    "child_model_execute_cost_by_ms": [
        19.259000778198242,
        18.893999099731445,
        20.378000259399414
    ],
    "child_model_run_time": [
        [
            27180131,
            27199390
        ],
        [
            27208772,
            27227666
        ],
        [
            27227692,
            27248070
        ]
    ],
    "execute_cost": 58.53099822998047,
    "finish_time": 27248075,
    "limit_cost_by_ms": 47.259334564208984,
    "model_name": "vgg19",
    "recv_time": 27172440,
    "tag": "844",
    "total_cost_by_ms": 75.63500213623047,
    "wait_cost": 17.10400390625
}
