{
    "child_model_execute_cost_by_ms": [
        8.482999801635742
    ],
    "child_model_run_time": [
        [
            11113857,
            11122340
        ]
    ],
    "execute_cost": 8.482999801635742,
    "finish_time": 11122348,
    "limit_cost_by_ms": 7.102666854858398,
    "model_name": "squeezenetv1",
    "recv_time": 11113751,
    "tag": "177",
    "total_cost_by_ms": 8.597000122070313,
    "wait_cost": 0.11400032043457031
}
