{
    "child_model_execute_cost_by_ms": [
        46.2400016784668
    ],
    "child_model_run_time": [
        [
            12385866,
            12432106
        ]
    ],
    "execute_cost": 46.2400016784668,
    "finish_time": 12432112,
    "limit_cost_by_ms": 47.3206672668457,
    "model_name": "vgg19",
    "recv_time": 12385853,
    "tag": "242",
    "total_cost_by_ms": 46.25899887084961,
    "wait_cost": 0.0189971923828125
}
