{
    "child_model_execute_cost_by_ms": [
        10.168000221252441
    ],
    "child_model_run_time": [
        [
            13729319,
            13739487
        ]
    ],
    "execute_cost": 10.168000221252441,
    "finish_time": 13739498,
    "limit_cost_by_ms": 8.937000274658203,
    "model_name": "googlenet",
    "recv_time": 13727390,
    "tag": "309",
    "total_cost_by_ms": 12.107999801635742,
    "wait_cost": 1.9399995803833008
}
