{
    "child_model_execute_cost_by_ms": [
        44.63800048828125
    ],
    "child_model_run_time": [
        [
            15923044,
            15967682
        ]
    ],
    "execute_cost": 44.63800048828125,
    "finish_time": 15967693,
    "limit_cost_by_ms": 47.14400100708008,
    "model_name": "vgg19",
    "recv_time": 15922938,
    "tag": "410",
    "total_cost_by_ms": 44.755001068115234,
    "wait_cost": 0.11700057983398438
}
