{
    "child_model_execute_cost_by_ms": [
        19.357999801635742
    ],
    "child_model_run_time": [
        [
            16931835,
            16951193
        ]
    ],
    "execute_cost": 19.357999801635742,
    "finish_time": 16951201,
    "limit_cost_by_ms": 18.96733283996582,
    "model_name": "resnet50",
    "recv_time": 16931817,
    "tag": "461",
    "total_cost_by_ms": 19.384000778198242,
    "wait_cost": 0.0260009765625
}
