{
    "child_model_execute_cost_by_ms": [
        9.465999603271484
    ],
    "child_model_run_time": [
        [
            16960972,
            16970438
        ]
    ],
    "execute_cost": 9.465999603271484,
    "finish_time": 16970446,
    "limit_cost_by_ms": 8.937000274658203,
    "model_name": "googlenet",
    "recv_time": 16960812,
    "tag": "471",
    "total_cost_by_ms": 9.633999824523926,
    "wait_cost": 0.1680002212524414
}
