{
    "child_model_execute_cost_by_ms": [
        45.452999114990234
    ],
    "child_model_run_time": [
        [
            20905101,
            20950554
        ]
    ],
    "execute_cost": 45.452999114990234,
    "finish_time": 20950560,
    "limit_cost_by_ms": 47.3206672668457,
    "model_name": "vgg19",
    "recv_time": 20904947,
    "tag": "668",
    "total_cost_by_ms": 45.612998962402344,
    "wait_cost": 0.15999984741210938
}
