{
    "child_model_execute_cost_by_ms": [
        8.618000030517578
    ],
    "child_model_run_time": [
        [
            21799810,
            21808428
        ]
    ],
    "execute_cost": 8.618000030517578,
    "finish_time": 21808434,
    "limit_cost_by_ms": 7.331999778747559,
    "model_name": "squeezenetv1",
    "recv_time": 21799681,
    "tag": "705",
    "total_cost_by_ms": 8.753000259399414,
    "wait_cost": 0.13500022888183594
}
