{
    "child_model_execute_cost_by_ms": [
        9.756999969482422
    ],
    "child_model_run_time": [
        [
            22860390,
            22870147
        ]
    ],
    "execute_cost": 9.756999969482422,
    "finish_time": 22870153,
    "limit_cost_by_ms": 8.937000274658203,
    "model_name": "googlenet",
    "recv_time": 22853030,
    "tag": "765",
    "total_cost_by_ms": 17.12299919128418,
    "wait_cost": 7.365999221801758
}
