{
    "child_model_execute_cost_by_ms": [
        8.46500015258789
    ],
    "child_model_run_time": [
        [
            22917459,
            22925924
        ]
    ],
    "execute_cost": 8.46500015258789,
    "finish_time": 22925934,
    "limit_cost_by_ms": 7.102666854858398,
    "model_name": "squeezenetv1",
    "recv_time": 22917297,
    "tag": "767",
    "total_cost_by_ms": 8.63700008392334,
    "wait_cost": 0.17199993133544922
}
