{
    "child_model_execute_cost_by_ms": [
        19.2810001373291
    ],
    "child_model_run_time": [
        [
            23262913,
            23282194
        ]
    ],
    "execute_cost": 19.2810001373291,
    "finish_time": 23282203,
    "limit_cost_by_ms": 18.96733283996582,
    "model_name": "resnet50",
    "recv_time": 23262797,
    "tag": "779",
    "total_cost_by_ms": 19.4060001373291,
    "wait_cost": 0.125
}
