{
    "child_model_execute_cost_by_ms": [
        9.904000282287598
    ],
    "child_model_run_time": [
        [
            25323518,
            25333422
        ]
    ],
    "execute_cost": 9.904000282287598,
    "finish_time": 25333428,
    "limit_cost_by_ms": 8.937000274658203,
    "model_name": "googlenet",
    "recv_time": 25323426,
    "tag": "886",
    "total_cost_by_ms": 10.001999855041504,
    "wait_cost": 0.09799957275390625
}
