{
    "child_model_execute_cost_by_ms": [
        8.567000389099121
    ],
    "child_model_run_time": [
        [
            26310866,
            26319433
        ]
    ],
    "execute_cost": 8.567000389099121,
    "finish_time": 26319439,
    "limit_cost_by_ms": 7.102666854858398,
    "model_name": "squeezenetv1",
    "recv_time": 26306635,
    "tag": "936",
    "total_cost_by_ms": 12.803999900817871,
    "wait_cost": 4.23699951171875
}
