{
    "child_model_execute_cost_by_ms": [
        8.338000297546387
    ],
    "child_model_run_time": [
        [
            9568506,
            9576844
        ]
    ],
    "execute_cost": 8.338000297546387,
    "finish_time": 9576854,
    "limit_cost_by_ms": 7.102666854858398,
    "model_name": "squeezenetv1",
    "recv_time": 9568491,
    "tag": "99",
    "total_cost_by_ms": 8.36299991607666,
    "wait_cost": 0.024999618530273438
}
