{
    "child_model_execute_cost_by_ms": [
        10.175999641418457
    ],
    "child_model_run_time": [
        [
            21670635,
            21680811
        ]
    ],
    "execute_cost": 10.175999641418457,
    "finish_time": 21680817,
    "limit_cost_by_ms": 8.852666854858398,
    "model_name": "googlenet",
    "recv_time": 21670475,
    "tag": "601",
    "total_cost_by_ms": 10.342000007629395,
    "wait_cost": 0.1660003662109375
}
