{
    "child_model_execute_cost_by_ms": [
        15.182999610900879,
        9.086000442504883
    ],
    "child_model_run_time": [
        [
            22707320,
            22722503
        ],
        [
            22722602,
            22731688
        ]
    ],
    "execute_cost": 24.269001007080078,
    "finish_time": 22731695,
    "limit_cost_by_ms": 18.868000030517578,
    "model_name": "resnet50",
    "recv_time": 22707228,
    "tag": "647",
    "total_cost_by_ms": 24.466999053955078,
    "wait_cost": 0.197998046875
}
