{
    "child_model_execute_cost_by_ms": [
        10.211999893188477
    ],
    "child_model_run_time": [
        [
            10574911,
            10585123
        ]
    ],
    "execute_cost": 10.211999893188477,
    "finish_time": 10585137,
    "limit_cost_by_ms": 8.78066635131836,
    "model_name": "googlenet",
    "recv_time": 10555049,
    "tag": "152",
    "total_cost_by_ms": 30.08799934387207,
    "wait_cost": 19.875999450683594
}
