{
    "child_model_execute_cost_by_ms": [
        10.715999603271484
    ],
    "child_model_run_time": [
        [
            11057586,
            11068302
        ]
    ],
    "execute_cost": 10.715999603271484,
    "finish_time": 11068314,
    "limit_cost_by_ms": 8.78066635131836,
    "model_name": "googlenet",
    "recv_time": 11017105,
    "tag": "175",
    "total_cost_by_ms": 51.20899963378906,
    "wait_cost": 40.49300003051758
}
