{
    "child_model_execute_cost_by_ms": [
        46.74300003051758
    ],
    "child_model_run_time": [
        [
            11871615,
            11918358
        ]
    ],
    "execute_cost": 46.74300003051758,
    "finish_time": 11918364,
    "limit_cost_by_ms": 47.49399948120117,
    "model_name": "vgg19",
    "recv_time": 11871432,
    "tag": "218",
    "total_cost_by_ms": 46.93199920654297,
    "wait_cost": 0.18899917602539063
}
