{
    "child_model_execute_cost_by_ms": [
        10.187999725341797
    ],
    "child_model_run_time": [
        [
            8434149,
            8444337
        ]
    ],
    "execute_cost": 10.187999725341797,
    "finish_time": 8444347,
    "limit_cost_by_ms": 8.810333251953125,
    "model_name": "googlenet",
    "recv_time": 8433991,
    "tag": "29",
    "total_cost_by_ms": 10.355999946594238,
    "wait_cost": 0.1680002212524414
}
