{
    "child_model_execute_cost_by_ms": [
        20.347999572753906
    ],
    "child_model_run_time": [
        [
            18537250,
            18557598
        ]
    ],
    "execute_cost": 20.347999572753906,
    "finish_time": 18557603,
    "limit_cost_by_ms": 18.829334259033203,
    "model_name": "resnet50",
    "recv_time": 18526801,
    "tag": "549",
    "total_cost_by_ms": 30.802000045776367,
    "wait_cost": 10.454000473022461
}
