{
    "child_model_execute_cost_by_ms": [
        18.746999740600586
    ],
    "child_model_run_time": [
        [
            20196468,
            20215215
        ]
    ],
    "execute_cost": 18.746999740600586,
    "finish_time": 20215219,
    "limit_cost_by_ms": 18.829334259033203,
    "model_name": "resnet50",
    "recv_time": 20194126,
    "tag": "632",
    "total_cost_by_ms": 21.093000411987305,
    "wait_cost": 2.3460006713867188
}
