{
    "child_model_execute_cost_by_ms": [
        10.54699993133545
    ],
    "child_model_run_time": [
        [
            20490883,
            20501430
        ]
    ],
    "execute_cost": 10.54699993133545,
    "finish_time": 20501443,
    "limit_cost_by_ms": 8.78066635131836,
    "model_name": "googlenet",
    "recv_time": 20460721,
    "tag": "645",
    "total_cost_by_ms": 40.72200012207031,
    "wait_cost": 30.174999237060547
}
