{
    "child_model_execute_cost_by_ms": [
        49.11800003051758
    ],
    "child_model_run_time": [
        [
            21075405,
            21124523
        ]
    ],
    "execute_cost": 49.11800003051758,
    "finish_time": 21124528,
    "limit_cost_by_ms": 47.49399948120117,
    "model_name": "vgg19",
    "recv_time": 21075329,
    "tag": "675",
    "total_cost_by_ms": 49.19900131225586,
    "wait_cost": 0.08100128173828125
}
