{
    "child_model_execute_cost_by_ms": [
        8.734000205993652
    ],
    "child_model_run_time": [
        [
            22798885,
            22807619
        ]
    ],
    "execute_cost": 8.734000205993652,
    "finish_time": 22807629,
    "limit_cost_by_ms": 7.423333168029785,
    "model_name": "squeezenetv1",
    "recv_time": 22798712,
    "tag": "759",
    "total_cost_by_ms": 8.916999816894531,
    "wait_cost": 0.1829996109008789
}
