{
    "child_model_execute_cost_by_ms": [
        48.49599838256836
    ],
    "child_model_run_time": [
        [
            23242795,
            23291291
        ]
    ],
    "execute_cost": 48.49599838256836,
    "finish_time": 23291299,
    "limit_cost_by_ms": 47.49399948120117,
    "model_name": "vgg19",
    "recv_time": 23223656,
    "tag": "781",
    "total_cost_by_ms": 67.64299774169922,
    "wait_cost": 19.14699935913086
}
