{
    "child_model_execute_cost_by_ms": [
        20.683000564575195
    ],
    "child_model_run_time": [
        [
            23820007,
            23840690
        ]
    ],
    "execute_cost": 20.683000564575195,
    "finish_time": 23840697,
    "limit_cost_by_ms": 18.829334259033203,
    "model_name": "resnet50",
    "recv_time": 23790560,
    "tag": "808",
    "total_cost_by_ms": 50.137001037597656,
    "wait_cost": 29.45400047302246
}
