{
    "child_model_execute_cost_by_ms": [
        18.7450008392334
    ],
    "child_model_run_time": [
        [
            9385062,
            9403807
        ]
    ],
    "execute_cost": 18.7450008392334,
    "finish_time": 9403813,
    "limit_cost_by_ms": 18.829334259033203,
    "model_name": "resnet50",
    "recv_time": 9384986,
    "tag": "93",
    "total_cost_by_ms": 18.82699966430664,
    "wait_cost": 0.08199882507324219
}
