{
    "child_model_execute_cost_by_ms": [
        20.38599967956543
    ],
    "child_model_run_time": [
        [
            26140793,
            26161179
        ]
    ],
    "execute_cost": 20.38599967956543,
    "finish_time": 26161184,
    "limit_cost_by_ms": 18.829334259033203,
    "model_name": "resnet50",
    "recv_time": 26134670,
    "tag": "922",
    "total_cost_by_ms": 26.513999938964844,
    "wait_cost": 6.128000259399414
}
