{
    "child_model_execute_cost_by_ms": [
        11.010000228881836
    ],
    "child_model_run_time": [
        [
            26248140,
            26259150
        ]
    ],
    "execute_cost": 11.010000228881836,
    "finish_time": 26259156,
    "limit_cost_by_ms": 8.78066635131836,
    "model_name": "googlenet",
    "recv_time": 26211770,
    "tag": "927",
    "total_cost_by_ms": 47.38600158691406,
    "wait_cost": 36.375999450683594
}
