{
    "child_model_execute_cost_by_ms": [
        9.597000122070313
    ],
    "child_model_run_time": [
        [
            14449347,
            14458944
        ]
    ],
    "execute_cost": 9.597000122070313,
    "finish_time": 14458952,
    "limit_cost_by_ms": 8.539999961853027,
    "model_name": "googlenet",
    "recv_time": 14449243,
    "tag": "271",
    "total_cost_by_ms": 9.708999633789063,
    "wait_cost": 0.11199951171875
}
