{
    "child_model_execute_cost_by_ms": [
        19.420000076293945,
        18.231000900268555,
        20.020999908447266
    ],
    "child_model_run_time": [
        [
            29469237,
            29488657
        ],
        [
            29506724,
            29524955
        ],
        [
            29525042,
            29545063
        ]
    ],
    "execute_cost": 57.672000885009766,
    "finish_time": 29545067,
    "limit_cost_by_ms": 46.84299850463867,
    "model_name": "vgg19",
    "recv_time": 29469061,
    "tag": "882",
    "total_cost_by_ms": 76.00599670410156,
    "wait_cost": 18.333995819091797
}
