{
    "child_model_execute_cost_by_ms": [
        19.030000686645508
    ],
    "child_model_run_time": [
        [
            9221942,
            9240972
        ]
    ],
    "execute_cost": 19.030000686645508,
    "finish_time": 9240975,
    "limit_cost_by_ms": 18.954666137695313,
    "model_name": "resnet50",
    "recv_time": 9221793,
    "tag": "69",
    "total_cost_by_ms": 19.18199920654297,
    "wait_cost": 0.15199851989746094
}
