{
    "child_model_execute_cost_by_ms": [
        54.24100112915039
    ],
    "child_model_run_time": [
        [
            15310156,
            15364397
        ]
    ],
    "execute_cost": 54.24100112915039,
    "finish_time": 15364400,
    "limit_cost_by_ms": 46.05066680908203,
    "model_name": "vgg19",
    "recv_time": 15310061,
    "tag": "379",
    "total_cost_by_ms": 54.3390007019043,
    "wait_cost": 0.09799957275390625
}
