{
    "child_model_execute_cost_by_ms": [
        50.33100128173828
    ],
    "child_model_run_time": [
        [
            15434032,
            15484363
        ]
    ],
    "execute_cost": 50.33100128173828,
    "finish_time": 15484367,
    "limit_cost_by_ms": 46.05066680908203,
    "model_name": "vgg19",
    "recv_time": 15433935,
    "tag": "385",
    "total_cost_by_ms": 50.43199920654297,
    "wait_cost": 0.1009979248046875
}
