{
    "child_model_execute_cost_by_ms": [
        47.882999420166016
    ],
    "child_model_run_time": [
        [
            18351862,
            18399745
        ]
    ],
    "execute_cost": 47.882999420166016,
    "finish_time": 18399748,
    "limit_cost_by_ms": 46.05066680908203,
    "model_name": "vgg19",
    "recv_time": 18351678,
    "tag": "533",
    "total_cost_by_ms": 48.06999969482422,
    "wait_cost": 0.18700027465820313
}
