{
    "child_model_execute_cost_by_ms": [
        9.970999717712402
    ],
    "child_model_run_time": [
        [
            8671687,
            8681658
        ]
    ],
    "execute_cost": 9.970999717712402,
    "finish_time": 8681664,
    "limit_cost_by_ms": 8.665666580200195,
    "model_name": "googlenet",
    "recv_time": 8671580,
    "tag": "45",
    "total_cost_by_ms": 10.083999633789063,
    "wait_cost": 0.11299991607666016
}
