{
    "child_model_execute_cost_by_ms": [
        8.347999572753906
    ],
    "child_model_run_time": [
        [
            9041793,
            9050141
        ]
    ],
    "execute_cost": 8.347999572753906,
    "finish_time": 9050149,
    "limit_cost_by_ms": 7.116333484649658,
    "model_name": "squeezenetv1",
    "recv_time": 9041632,
    "tag": "64",
    "total_cost_by_ms": 8.517000198364258,
    "wait_cost": 0.16900062561035156
}
