{
    "child_model_execute_cost_by_ms": [
        7.63100004196167
    ],
    "child_model_run_time": [
        [
            21591224,
            21598855
        ]
    ],
    "execute_cost": 7.63100004196167,
    "finish_time": 21598859,
    "limit_cost_by_ms": 7.116333484649658,
    "model_name": "squeezenetv1",
    "recv_time": 21591101,
    "tag": "716",
    "total_cost_by_ms": 7.757999897003174,
    "wait_cost": 0.1269998550415039
}
