{
    "child_model_execute_cost_by_ms": [
        8.515999794006348
    ],
    "child_model_run_time": [
        [
            23935139,
            23943655
        ]
    ],
    "execute_cost": 8.515999794006348,
    "finish_time": 23943664,
    "limit_cost_by_ms": 7.116333484649658,
    "model_name": "squeezenetv1",
    "recv_time": 23935010,
    "tag": "839",
    "total_cost_by_ms": 8.654000282287598,
    "wait_cost": 0.13800048828125
}
