{
    "child_model_execute_cost_by_ms": [
        8.550999641418457
    ],
    "child_model_run_time": [
        [
            25721571,
            25730122
        ]
    ],
    "execute_cost": 8.550999641418457,
    "finish_time": 25730131,
    "limit_cost_by_ms": 7.116333484649658,
    "model_name": "squeezenetv1",
    "recv_time": 25721462,
    "tag": "934",
    "total_cost_by_ms": 8.668999671936035,
    "wait_cost": 0.11800003051757813
}
