{
    "child_model_execute_cost_by_ms": [
        18.839000701904297
    ],
    "child_model_run_time": [
        [
            19779992,
            19798831
        ]
    ],
    "execute_cost": 18.839000701904297,
    "finish_time": 19798837,
    "limit_cost_by_ms": 18.834667205810547,
    "model_name": "resnet50",
    "recv_time": 19779875,
    "tag": "496",
    "total_cost_by_ms": 18.961999893188477,
    "wait_cost": 0.12299919128417969
}
