{
    "child_model_execute_cost_by_ms": [
        18.972999572753906
    ],
    "child_model_run_time": [
        [
            9109350,
            9128323
        ]
    ],
    "execute_cost": 18.972999572753906,
    "finish_time": 9128332,
    "limit_cost_by_ms": 18.834667205810547,
    "model_name": "resnet50",
    "recv_time": 9109227,
    "tag": "52",
    "total_cost_by_ms": 19.104999542236328,
    "wait_cost": 0.13199996948242188
}
