{
    "child_model_execute_cost_by_ms": [
        19.240999221801758
    ],
    "child_model_run_time": [
        [
            29638256,
            29657497
        ]
    ],
    "execute_cost": 19.240999221801758,
    "finish_time": 29657506,
    "limit_cost_by_ms": 18.834667205810547,
    "model_name": "resnet50",
    "recv_time": 29638120,
    "tag": "908",
    "total_cost_by_ms": 19.38599967956543,
    "wait_cost": 0.14500045776367188
}
