{
    "child_model_execute_cost_by_ms": [
        44.89699935913086
    ],
    "child_model_run_time": [
        [
            30184173,
            30229070
        ]
    ],
    "execute_cost": 44.89699935913086,
    "finish_time": 30229079,
    "limit_cost_by_ms": 46.69933319091797,
    "model_name": "vgg19",
    "recv_time": 30184054,
    "tag": "931",
    "total_cost_by_ms": 45.025001525878906,
    "wait_cost": 0.12800216674804688
}
