{
    "child_model_execute_cost_by_ms": [
        9.776000022888184
    ],
    "child_model_run_time": [
        [
            17896043,
            17905819
        ]
    ],
    "execute_cost": 9.776000022888184,
    "finish_time": 17905831,
    "limit_cost_by_ms": 8.737333297729492,
    "model_name": "googlenet",
    "recv_time": 17894371,
    "tag": "482",
    "total_cost_by_ms": 11.460000038146973,
    "wait_cost": 1.684000015258789
}
