{
    "child_model_execute_cost_by_ms": [
        8.142000198364258
    ],
    "child_model_run_time": [
        [
            20768730,
            20776872
        ]
    ],
    "execute_cost": 8.142000198364258,
    "finish_time": 20776880,
    "limit_cost_by_ms": 7.215666770935059,
    "model_name": "squeezenetv1",
    "recv_time": 20768564,
    "tag": "618",
    "total_cost_by_ms": 8.315999984741211,
    "wait_cost": 0.17399978637695313
}
