{
    "child_model_execute_cost_by_ms": [
        8.074000358581543
    ],
    "child_model_run_time": [
        [
            9533704,
            9541778
        ]
    ],
    "execute_cost": 8.074000358581543,
    "finish_time": 9541789,
    "limit_cost_by_ms": 7.215666770935059,
    "model_name": "squeezenetv1",
    "recv_time": 9533404,
    "tag": "82",
    "total_cost_by_ms": 8.385000228881836,
    "wait_cost": 0.31099987030029297
}
