{
    "child_model_execute_cost_by_ms": [
        44.14699935913086
    ],
    "child_model_run_time": [
        [
            13567136,
            13611283
        ]
    ],
    "execute_cost": 44.14699935913086,
    "finish_time": 13611286,
    "limit_cost_by_ms": 47.266334533691406,
    "model_name": "vgg19",
    "recv_time": 13567070,
    "tag": "320",
    "total_cost_by_ms": 44.215999603271484,
    "wait_cost": 0.069000244140625
}
