{
    "child_model_execute_cost_by_ms": [
        7.927000045776367
    ],
    "child_model_run_time": [
        [
            17372234,
            17380161
        ]
    ],
    "execute_cost": 7.927000045776367,
    "finish_time": 17380167,
    "limit_cost_by_ms": 7.418666839599609,
    "model_name": "squeezenetv1",
    "recv_time": 17372224,
    "tag": "527",
    "total_cost_by_ms": 7.942999839782715,
    "wait_cost": 0.015999794006347656
}
