{
    "child_model_execute_cost_by_ms": [
        21.267000198364258
    ],
    "child_model_run_time": [
        [
            22050783,
            22072050
        ]
    ],
    "execute_cost": 21.267000198364258,
    "finish_time": 22072055,
    "limit_cost_by_ms": 18.887666702270508,
    "model_name": "resnet50",
    "recv_time": 22032942,
    "tag": "782",
    "total_cost_by_ms": 39.112998962402344,
    "wait_cost": 17.845998764038086
}
