{
    "child_model_execute_cost_by_ms": [
        19.93199920654297
    ],
    "child_model_run_time": [
        [
            23653972,
            23673904
        ]
    ],
    "execute_cost": 19.93199920654297,
    "finish_time": 23673911,
    "limit_cost_by_ms": 18.887666702270508,
    "model_name": "resnet50",
    "recv_time": 23653831,
    "tag": "869",
    "total_cost_by_ms": 20.079999923706055,
    "wait_cost": 0.14800071716308594
}
