{
    "child_model_execute_cost_by_ms": [
        10.935999870300293
    ],
    "child_model_run_time": [
        [
            17732920,
            17743856
        ]
    ],
    "execute_cost": 10.935999870300293,
    "finish_time": 17743863,
    "limit_cost_by_ms": 8.806333541870117,
    "model_name": "googlenet",
    "recv_time": 17728317,
    "tag": "546",
    "total_cost_by_ms": 15.545999526977539,
    "wait_cost": 4.609999656677246
}
