{
    "child_model_execute_cost_by_ms": [
        7.979000091552734
    ],
    "child_model_run_time": [
        [
            20013021,
            20021000
        ]
    ],
    "execute_cost": 7.979000091552734,
    "finish_time": 20021008,
    "limit_cost_by_ms": 7.173333168029785,
    "model_name": "squeezenetv1",
    "recv_time": 20012862,
    "tag": "670",
    "total_cost_by_ms": 8.145999908447266,
    "wait_cost": 0.16699981689453125
}
