{
    "child_model_execute_cost_by_ms": [
        9.74899959564209
    ],
    "child_model_run_time": [
        [
            22174079,
            22183828
        ]
    ],
    "execute_cost": 9.74899959564209,
    "finish_time": 22183836,
    "limit_cost_by_ms": 8.806333541870117,
    "model_name": "googlenet",
    "recv_time": 22173913,
    "tag": "789",
    "total_cost_by_ms": 9.92300033569336,
    "wait_cost": 0.17400074005126953
}
