{
    "child_model_execute_cost_by_ms": [
        9.76099967956543
    ],
    "child_model_run_time": [
        [
            8956177,
            8965938
        ]
    ],
    "execute_cost": 9.76099967956543,
    "finish_time": 8965943,
    "limit_cost_by_ms": 8.97266674041748,
    "model_name": "googlenet",
    "recv_time": 8956065,
    "tag": "47",
    "total_cost_by_ms": 9.878000259399414,
    "wait_cost": 0.11700057983398438
}
