{
    "child_model_execute_cost_by_ms": [
        20.773000717163086
    ],
    "child_model_run_time": [
        [
            8192095,
            8212868
        ]
    ],
    "execute_cost": 20.773000717163086,
    "finish_time": 8212880,
    "limit_cost_by_ms": 18.95133399963379,
    "model_name": "resnet50",
    "recv_time": 8154771,
    "tag": "20",
    "total_cost_by_ms": 58.10900115966797,
    "wait_cost": 37.33599853515625
}
