{
    "child_model_execute_cost_by_ms": [
        8.270000457763672
    ],
    "child_model_run_time": [
        [
            8413271,
            8421541
        ]
    ],
    "execute_cost": 8.270000457763672,
    "finish_time": 8421549,
    "limit_cost_by_ms": 7.173333168029785,
    "model_name": "squeezenetv1",
    "recv_time": 8413248,
    "tag": "32",
    "total_cost_by_ms": 8.300999641418457,
    "wait_cost": 0.030999183654785156
}
