{
    "child_model_execute_cost_by_ms": [
        9.670999526977539
    ],
    "child_model_run_time": [
        [
            16615122,
            16624793
        ]
    ],
    "execute_cost": 9.670999526977539,
    "finish_time": 16624800,
    "limit_cost_by_ms": 8.806333541870117,
    "model_name": "googlenet",
    "recv_time": 16615049,
    "tag": "486",
    "total_cost_by_ms": 9.75100040435791,
    "wait_cost": 0.0800008773803711
}
