{
    "child_model_execute_cost_by_ms": [
        9.699000358581543
    ],
    "child_model_run_time": [
        [
            20314272,
            20323971
        ]
    ],
    "execute_cost": 9.699000358581543,
    "finish_time": 20323978,
    "limit_cost_by_ms": 8.806333541870117,
    "model_name": "googlenet",
    "recv_time": 20314136,
    "tag": "687",
    "total_cost_by_ms": 9.842000007629395,
    "wait_cost": 0.14299964904785156
}
