{
    "child_model_execute_cost_by_ms": [
        9.845000267028809
    ],
    "child_model_run_time": [
        [
            21585513,
            21595358
        ]
    ],
    "execute_cost": 9.845000267028809,
    "finish_time": 21595367,
    "limit_cost_by_ms": 8.806333541870117,
    "model_name": "googlenet",
    "recv_time": 21585497,
    "tag": "757",
    "total_cost_by_ms": 9.869999885559082,
    "wait_cost": 0.024999618530273438
}
