{
    "child_model_execute_cost_by_ms": [
        8.677000045776367
    ],
    "child_model_run_time": [
        [
            13686567,
            13695244
        ]
    ],
    "execute_cost": 8.677000045776367,
    "finish_time": 13695251,
    "limit_cost_by_ms": 7.241666793823242,
    "model_name": "squeezenetv1",
    "recv_time": 13674469,
    "tag": "287",
    "total_cost_by_ms": 20.781999588012695,
    "wait_cost": 12.104999542236328
}
