{
    "child_model_execute_cost_by_ms": [
        8.5600004196167
    ],
    "child_model_run_time": [
        [
            19084013,
            19092573
        ]
    ],
    "execute_cost": 8.5600004196167,
    "finish_time": 19092580,
    "limit_cost_by_ms": 7.241666793823242,
    "model_name": "squeezenetv1",
    "recv_time": 19083996,
    "tag": "544",
    "total_cost_by_ms": 8.583999633789063,
    "wait_cost": 0.02399921417236328
}
