{
    "child_model_execute_cost_by_ms": [
        20.83300018310547
    ],
    "child_model_run_time": [
        [
            17806711,
            17827544
        ]
    ],
    "execute_cost": 20.83300018310547,
    "finish_time": 17827550,
    "limit_cost_by_ms": 18.834667205810547,
    "model_name": "resnet50",
    "recv_time": 17772166,
    "tag": "414",
    "total_cost_by_ms": 55.38399887084961,
    "wait_cost": 34.55099868774414
}
