{
    "child_model_execute_cost_by_ms": [
        20.041000366210938
    ],
    "child_model_run_time": [
        [
            17838333,
            17858374
        ]
    ],
    "execute_cost": 20.041000366210938,
    "finish_time": 17858382,
    "limit_cost_by_ms": 18.834667205810547,
    "model_name": "resnet50",
    "recv_time": 17838211,
    "tag": "416",
    "total_cost_by_ms": 20.17099952697754,
    "wait_cost": 0.12999916076660156
}
