{
    "child_model_execute_cost_by_ms": [
        18.843000411987305,
        17.538999557495117,
        20.645000457763672
    ],
    "child_model_run_time": [
        [
            13951766,
            13970609
        ],
        [
            13970647,
            13988186
        ],
        [
            13988211,
            14008856
        ]
    ],
    "execute_cost": 57.027000427246094,
    "finish_time": 14008862,
    "limit_cost_by_ms": 47.31800079345703,
    "model_name": "vgg19",
    "recv_time": 13951608,
    "tag": "267",
    "total_cost_by_ms": 57.25400161743164,
    "wait_cost": 0.22700119018554688
}
