{
    "child_model_execute_cost_by_ms": [
        10.598999977111816
    ],
    "child_model_run_time": [
        [
            20113919,
            20124518
        ]
    ],
    "execute_cost": 10.598999977111816,
    "finish_time": 20124524,
    "limit_cost_by_ms": 9.022666931152344,
    "model_name": "googlenet",
    "recv_time": 20110460,
    "tag": "531",
    "total_cost_by_ms": 14.064000129699707,
    "wait_cost": 3.4650001525878906
}
