{
    "child_model_execute_cost_by_ms": [
        9.673999786376953
    ],
    "child_model_run_time": [
        [
            21141870,
            21151544
        ]
    ],
    "execute_cost": 9.673999786376953,
    "finish_time": 21151549,
    "limit_cost_by_ms": 9.022666931152344,
    "model_name": "googlenet",
    "recv_time": 21141722,
    "tag": "575",
    "total_cost_by_ms": 9.82699966430664,
    "wait_cost": 0.1529998779296875
}
