{
    "child_model_execute_cost_by_ms": [
        15.241999626159668,
        9.185999870300293
    ],
    "child_model_run_time": [
        [
            22920979,
            22936221
        ],
        [
            22946233,
            22955419
        ]
    ],
    "execute_cost": 24.42799949645996,
    "finish_time": 22955430,
    "limit_cost_by_ms": 19.00200080871582,
    "model_name": "resnet50",
    "recv_time": 22920829,
    "tag": "652",
    "total_cost_by_ms": 34.60100173950195,
    "wait_cost": 10.173002243041992
}
