{
    "child_model_execute_cost_by_ms": [
        8.222999572753906
    ],
    "child_model_run_time": [
        [
            25041820,
            25050043
        ]
    ],
    "execute_cost": 8.222999572753906,
    "finish_time": 25050055,
    "limit_cost_by_ms": 7.353000164031982,
    "model_name": "squeezenetv1",
    "recv_time": 25035880,
    "tag": "743",
    "total_cost_by_ms": 14.175000190734863,
    "wait_cost": 5.952000617980957
}
