{
    "child_model_execute_cost_by_ms": [
        9.961999893188477
    ],
    "child_model_run_time": [
        [
            30260633,
            30270595
        ]
    ],
    "execute_cost": 9.961999893188477,
    "finish_time": 30270601,
    "limit_cost_by_ms": 9.022666931152344,
    "model_name": "googlenet",
    "recv_time": 30260480,
    "tag": "967",
    "total_cost_by_ms": 10.121000289916992,
    "wait_cost": 0.15900039672851563
}
