{
    "child_model_execute_cost_by_ms": [
        18.940000534057617
    ],
    "child_model_run_time": [
        [
            10065781,
            10084721
        ]
    ],
    "execute_cost": 18.940000534057617,
    "finish_time": 10084732,
    "limit_cost_by_ms": 18.801332473754883,
    "model_name": "resnet50",
    "recv_time": 10065770,
    "tag": "109",
    "total_cost_by_ms": 18.961999893188477,
    "wait_cost": 0.021999359130859375
}
