{
    "child_model_execute_cost_by_ms": [
        10.14900016784668
    ],
    "child_model_run_time": [
        [
            12856084,
            12866233
        ]
    ],
    "execute_cost": 10.14900016784668,
    "finish_time": 12866239,
    "limit_cost_by_ms": 8.75100040435791,
    "model_name": "googlenet",
    "recv_time": 12855998,
    "tag": "247",
    "total_cost_by_ms": 10.241000175476074,
    "wait_cost": 0.09200000762939453
}
