{
    "child_model_execute_cost_by_ms": [
        19.974000930786133
    ],
    "child_model_run_time": [
        [
            21475970,
            21495944
        ]
    ],
    "execute_cost": 19.974000930786133,
    "finish_time": 21495955,
    "limit_cost_by_ms": 18.801332473754883,
    "model_name": "resnet50",
    "recv_time": 21475888,
    "tag": "660",
    "total_cost_by_ms": 20.066999435424805,
    "wait_cost": 0.09299850463867188
}
