{
    "child_model_execute_cost_by_ms": [
        8.548999786376953
    ],
    "child_model_run_time": [
        [
            9679255,
            9687804
        ]
    ],
    "execute_cost": 8.548999786376953,
    "finish_time": 9687809,
    "limit_cost_by_ms": 7.241666793823242,
    "model_name": "squeezenetv1",
    "recv_time": 9679174,
    "tag": "90",
    "total_cost_by_ms": 8.635000228881836,
    "wait_cost": 0.08600044250488281
}
