{
    "child_model_execute_cost_by_ms": [
        18.625,
        17.28700065612793,
        20.639999389648438
    ],
    "child_model_run_time": [
        [
            14159982,
            14178607
        ],
        [
            14187010,
            14204297
        ],
        [
            14214294,
            14234934
        ]
    ],
    "execute_cost": 56.552001953125,
    "finish_time": 14234939,
    "limit_cost_by_ms": 47.14699935913086,
    "model_name": "vgg19",
    "recv_time": 14136016,
    "tag": "229",
    "total_cost_by_ms": 98.9229965209961,
    "wait_cost": 42.370994567871094
}
