{
    "child_model_execute_cost_by_ms": [
        18.42099952697754,
        17.389999389648438,
        20.17799949645996
    ],
    "child_model_run_time": [
        [
            22574955,
            22593376
        ],
        [
            22593471,
            22610861
        ],
        [
            22610949,
            22631127
        ]
    ],
    "execute_cost": 55.98899841308594,
    "finish_time": 22631132,
    "limit_cost_by_ms": 47.14699935913086,
    "model_name": "vgg19",
    "recv_time": 22574780,
    "tag": "535",
    "total_cost_by_ms": 56.35200119018555,
    "wait_cost": 0.3630027770996094
}
