{
    "child_model_execute_cost_by_ms": [
        7.808000087738037
    ],
    "child_model_run_time": [
        [
            10684713,
            10692521
        ]
    ],
    "execute_cost": 7.808000087738037,
    "finish_time": 10692527,
    "limit_cost_by_ms": 7.183666706085205,
    "model_name": "squeezenetv1",
    "recv_time": 10664524,
    "tag": "120",
    "total_cost_by_ms": 28.003000259399414,
    "wait_cost": 20.19499969482422
}
