{
    "child_model_execute_cost_by_ms": [
        18.94300079345703,
        19.215999603271484,
        20.868999481201172
    ],
    "child_model_run_time": [
        [
            12657678,
            12676621
        ],
        [
            12721057,
            12740273
        ],
        [
            12740358,
            12761227
        ]
    ],
    "execute_cost": 59.02799987792969,
    "finish_time": 12761233,
    "limit_cost_by_ms": 47.271331787109375,
    "model_name": "vgg19",
    "recv_time": 12657549,
    "tag": "204",
    "total_cost_by_ms": 103.68399810791016,
    "wait_cost": 44.65599822998047
}
