{
    "child_model_execute_cost_by_ms": [
        9.82699966430664
    ],
    "child_model_run_time": [
        [
            16770367,
            16780194
        ]
    ],
    "execute_cost": 9.82699966430664,
    "finish_time": 16780203,
    "limit_cost_by_ms": 9.079000473022461,
    "model_name": "googlenet",
    "recv_time": 16766202,
    "tag": "380",
    "total_cost_by_ms": 14.00100040435791,
    "wait_cost": 4.1740007400512695
}
