{
    "child_model_execute_cost_by_ms": [
        14.206000328063965,
        8.795000076293945
    ],
    "child_model_run_time": [
        [
            9496258,
            9510464
        ],
        [
            9510493,
            9519288
        ]
    ],
    "execute_cost": 23.000999450683594,
    "finish_time": 9519294,
    "limit_cost_by_ms": 18.889999389648438,
    "model_name": "resnet50",
    "recv_time": 9482051,
    "tag": "70",
    "total_cost_by_ms": 37.24300003051758,
    "wait_cost": 14.242000579833984
}
