{
    "child_model_execute_cost_by_ms": [
        15.652999877929688,
        9.498000144958496
    ],
    "child_model_run_time": [
        [
            27097706,
            27113359
        ],
        [
            27113407,
            27122905
        ]
    ],
    "execute_cost": 25.1510009765625,
    "finish_time": 27122912,
    "limit_cost_by_ms": 18.889999389648438,
    "model_name": "resnet50",
    "recv_time": 27076647,
    "tag": "811",
    "total_cost_by_ms": 46.26499938964844,
    "wait_cost": 21.113998413085938
}
