{
    "child_model_execute_cost_by_ms": [
        48.02299880981445
    ],
    "child_model_run_time": [
        [
            19051438,
            19099461
        ]
    ],
    "execute_cost": 48.02299880981445,
    "finish_time": 19099465,
    "limit_cost_by_ms": 46.42399978637695,
    "model_name": "vgg19",
    "recv_time": 19051266,
    "tag": "504",
    "total_cost_by_ms": 48.19900131225586,
    "wait_cost": 0.17600250244140625
}
