{
    "child_model_execute_cost_by_ms": [
        19.58300018310547
    ],
    "child_model_run_time": [
        [
            27011396,
            27030979
        ]
    ],
    "execute_cost": 19.58300018310547,
    "finish_time": 27030981,
    "limit_cost_by_ms": 18.743999481201172,
    "model_name": "resnet50",
    "recv_time": 27011303,
    "tag": "861",
    "total_cost_by_ms": 19.67799949645996,
    "wait_cost": 0.09499931335449219
}
