{
    "child_model_execute_cost_by_ms": [
        48.65399932861328
    ],
    "child_model_run_time": [
        [
            9007331,
            9055985
        ]
    ],
    "execute_cost": 48.65399932861328,
    "finish_time": 9055990,
    "limit_cost_by_ms": 46.79533386230469,
    "model_name": "vgg19",
    "recv_time": 9007316,
    "tag": "23",
    "total_cost_by_ms": 48.67399978637695,
    "wait_cost": 0.020000457763671875
}
