{
    "child_model_execute_cost_by_ms": [
        29.972999572753906
    ],
    "child_model_run_time": [
        [
            13971624,
            14001597
        ]
    ],
    "execute_cost": 29.972999572753906,
    "finish_time": 14001604,
    "limit_cost_by_ms": 7.276000022888184,
    "model_name": "squeezenetv1",
    "recv_time": 13971611,
    "tag": "241",
    "total_cost_by_ms": 29.993000030517578,
    "wait_cost": 0.020000457763671875
}
