{
    "child_model_execute_cost_by_ms": [
        19.075000762939453
    ],
    "child_model_run_time": [
        [
            10873108,
            10892183
        ]
    ],
    "execute_cost": 19.075000762939453,
    "finish_time": 10892188,
    "limit_cost_by_ms": 18.810667037963867,
    "model_name": "resnet50",
    "recv_time": 10872954,
    "tag": "123",
    "total_cost_by_ms": 19.233999252319336,
    "wait_cost": 0.1589984893798828
}
