{
    "child_model_execute_cost_by_ms": [
        21.687000274658203
    ],
    "child_model_run_time": [
        [
            12128120,
            12149807
        ]
    ],
    "execute_cost": 21.687000274658203,
    "finish_time": 12149811,
    "limit_cost_by_ms": 8.795332908630371,
    "model_name": "googlenet",
    "recv_time": 12128105,
    "tag": "174",
    "total_cost_by_ms": 21.70599937438965,
    "wait_cost": 0.018999099731445313
}
