{
    "child_model_execute_cost_by_ms": [
        18.5,
        17.145999908447266,
        19.98699951171875
    ],
    "child_model_run_time": [
        [
            8745737,
            8764237
        ],
        [
            8764324,
            8781470
        ],
        [
            8816270,
            8836257
        ]
    ],
    "execute_cost": 55.632999420166016,
    "finish_time": 8836262,
    "limit_cost_by_ms": 47.08766555786133,
    "model_name": "vgg19",
    "recv_time": 8745632,
    "tag": "29",
    "total_cost_by_ms": 90.62999725341797,
    "wait_cost": 34.99699783325195
}
