{
    "child_model_execute_cost_by_ms": [
        9.845000267028809
    ],
    "child_model_run_time": [
        [
            17508370,
            17518215
        ]
    ],
    "execute_cost": 9.845000267028809,
    "finish_time": 17518228,
    "limit_cost_by_ms": 8.786333084106445,
    "model_name": "googlenet",
    "recv_time": 17501537,
    "tag": "336",
    "total_cost_by_ms": 16.69099998474121,
    "wait_cost": 6.845999717712402
}
