{
    "child_model_execute_cost_by_ms": [
        8.45300006866455
    ],
    "child_model_run_time": [
        [
            15751123,
            15759576
        ]
    ],
    "execute_cost": 8.45300006866455,
    "finish_time": 15759581,
    "limit_cost_by_ms": 7.145666599273682,
    "model_name": "squeezenetv1",
    "recv_time": 15751019,
    "tag": "344",
    "total_cost_by_ms": 8.562000274658203,
    "wait_cost": 0.10900020599365234
}
