{
    "child_model_execute_cost_by_ms": [
        8.041000366210938
    ],
    "child_model_run_time": [
        [
            8800127,
            8808168
        ]
    ],
    "execute_cost": 8.041000366210938,
    "finish_time": 8808180,
    "limit_cost_by_ms": 7.145666599273682,
    "model_name": "squeezenetv1",
    "recv_time": 8793834,
    "tag": "46",
    "total_cost_by_ms": 14.345999717712402,
    "wait_cost": 6.304999351501465
}
