{
    "child_model_execute_cost_by_ms": [
        9.76200008392334
    ],
    "child_model_run_time": [
        [
            19979325,
            19989087
        ]
    ],
    "execute_cost": 9.76200008392334,
    "finish_time": 19989093,
    "limit_cost_by_ms": 8.607666969299316,
    "model_name": "googlenet",
    "recv_time": 19979162,
    "tag": "655",
    "total_cost_by_ms": 9.930999755859375,
    "wait_cost": 0.16899967193603516
}
