{
    "child_model_execute_cost_by_ms": [
        45.625
    ],
    "child_model_run_time": [
        [
            24011149,
            24056774
        ]
    ],
    "execute_cost": 45.625,
    "finish_time": 24056775,
    "limit_cost_by_ms": 46.89033508300781,
    "model_name": "vgg19",
    "recv_time": 24011051,
    "tag": "871",
    "total_cost_by_ms": 45.7239990234375,
    "wait_cost": 0.0989990234375
}
