{
    "child_model_execute_cost_by_ms": [
        44.948001861572266
    ],
    "child_model_run_time": [
        [
            24111912,
            24156860
        ]
    ],
    "execute_cost": 44.948001861572266,
    "finish_time": 24156863,
    "limit_cost_by_ms": 46.89033508300781,
    "model_name": "vgg19",
    "recv_time": 24111817,
    "tag": "876",
    "total_cost_by_ms": 45.04600143432617,
    "wait_cost": 0.09799957275390625
}
