{
    "child_model_execute_cost_by_ms": [
        30.81800079345703
    ],
    "child_model_run_time": [
        [
            13068278,
            13099096
        ]
    ],
    "execute_cost": 30.81800079345703,
    "finish_time": 13099100,
    "limit_cost_by_ms": 7.313666820526123,
    "model_name": "squeezenetv1",
    "recv_time": 13068198,
    "tag": "246",
    "total_cost_by_ms": 30.902000427246094,
    "wait_cost": 0.0839996337890625
}
