{
    "child_model_execute_cost_by_ms": [
        19.490999221801758
    ],
    "child_model_run_time": [
        [
            17893246,
            17912737
        ]
    ],
    "execute_cost": 19.490999221801758,
    "finish_time": 17912739,
    "limit_cost_by_ms": 18.88166618347168,
    "model_name": "resnet50",
    "recv_time": 17893144,
    "tag": "470",
    "total_cost_by_ms": 19.594999313354492,
    "wait_cost": 0.10400009155273438
}
