{
    "child_model_execute_cost_by_ms": [
        66.63500213623047
    ],
    "child_model_run_time": [
        [
            19600607,
            19667242
        ]
    ],
    "execute_cost": 66.63500213623047,
    "finish_time": 19667247,
    "limit_cost_by_ms": 9.218000411987305,
    "model_name": "googlenet",
    "recv_time": 19600456,
    "tag": "552",
    "total_cost_by_ms": 66.79100036621094,
    "wait_cost": 0.15599822998046875
}
