{
    "child_model_execute_cost_by_ms": [
        52.729000091552734
    ],
    "child_model_run_time": [
        [
            20712298,
            20765027
        ]
    ],
    "execute_cost": 52.729000091552734,
    "finish_time": 20765030,
    "limit_cost_by_ms": 7.313666820526123,
    "model_name": "squeezenetv1",
    "recv_time": 20712142,
    "tag": "603",
    "total_cost_by_ms": 52.88800048828125,
    "wait_cost": 0.15900039672851563
}
