{
    "child_model_execute_cost_by_ms": [
        14.920999526977539,
        8.604999542236328
    ],
    "child_model_run_time": [
        [
            15082009,
            15096930
        ],
        [
            15096971,
            15105576
        ]
    ],
    "execute_cost": 23.525999069213867,
    "finish_time": 15105582,
    "limit_cost_by_ms": 18.882333755493164,
    "model_name": "resnet50",
    "recv_time": 15081993,
    "tag": "316",
    "total_cost_by_ms": 23.589000701904297,
    "wait_cost": 0.06300163269042969
}
