{
    "child_model_execute_cost_by_ms": [
        8.175999641418457
    ],
    "child_model_run_time": [
        [
            19770761,
            19778937
        ]
    ],
    "execute_cost": 8.175999641418457,
    "finish_time": 19778944,
    "limit_cost_by_ms": 7.063333511352539,
    "model_name": "squeezenetv1",
    "recv_time": 19770741,
    "tag": "517",
    "total_cost_by_ms": 8.20300006866455,
    "wait_cost": 0.02700042724609375
}
