{
    "child_model_execute_cost_by_ms": [
        9.989999771118164
    ],
    "child_model_run_time": [
        [
            20816171,
            20826161
        ]
    ],
    "execute_cost": 9.989999771118164,
    "finish_time": 20826168,
    "limit_cost_by_ms": 8.795000076293945,
    "model_name": "googlenet",
    "recv_time": 20816035,
    "tag": "561",
    "total_cost_by_ms": 10.133000373840332,
    "wait_cost": 0.14300060272216797
}
