{
    "child_model_execute_cost_by_ms": [
        9.401000022888184
    ],
    "child_model_run_time": [
        [
            21001204,
            21010605
        ]
    ],
    "execute_cost": 9.401000022888184,
    "finish_time": 21010616,
    "limit_cost_by_ms": 8.795000076293945,
    "model_name": "googlenet",
    "recv_time": 20990548,
    "tag": "570",
    "total_cost_by_ms": 20.06800079345703,
    "wait_cost": 10.667000770568848
}
