{
    "child_model_execute_cost_by_ms": [
        10.406999588012695
    ],
    "child_model_run_time": [
        [
            22896716,
            22907123
        ]
    ],
    "execute_cost": 10.406999588012695,
    "finish_time": 22907133,
    "limit_cost_by_ms": 8.671667098999023,
    "model_name": "googlenet",
    "recv_time": 22892488,
    "tag": "242",
    "total_cost_by_ms": 14.645000457763672,
    "wait_cost": 4.238000869750977
}
