{
    "child_model_execute_cost_by_ms": [
        45.60900115966797
    ],
    "child_model_run_time": [
        [
            25475093,
            25520702
        ]
    ],
    "execute_cost": 45.60900115966797,
    "finish_time": 25520707,
    "limit_cost_by_ms": 46.76433181762695,
    "model_name": "vgg19",
    "recv_time": 25475032,
    "tag": "374",
    "total_cost_by_ms": 45.67499923706055,
    "wait_cost": 0.06599807739257813
}
