{
    "child_model_execute_cost_by_ms": [
        10.3149995803833
    ],
    "child_model_run_time": [
        [
            27857541,
            27867856
        ]
    ],
    "execute_cost": 10.3149995803833,
    "finish_time": 27867862,
    "limit_cost_by_ms": 8.671667098999023,
    "model_name": "googlenet",
    "recv_time": 27857473,
    "tag": "492",
    "total_cost_by_ms": 10.388999938964844,
    "wait_cost": 0.07400035858154297
}
