{
    "child_model_execute_cost_by_ms": [
        44.91600036621094
    ],
    "child_model_run_time": [
        [
            29495400,
            29540316
        ]
    ],
    "execute_cost": 44.91600036621094,
    "finish_time": 29540318,
    "limit_cost_by_ms": 46.76433181762695,
    "model_name": "vgg19",
    "recv_time": 29495337,
    "tag": "575",
    "total_cost_by_ms": 44.98099899291992,
    "wait_cost": 0.06499862670898438
}
