{
    "child_model_execute_cost_by_ms": [
        6.534999847412109
    ],
    "child_model_run_time": [
        [
            30270046,
            30276581
        ]
    ],
    "execute_cost": 6.534999847412109,
    "finish_time": 30276586,
    "limit_cost_by_ms": 6.017666816711426,
    "model_name": "yolov2",
    "recv_time": 30259828,
    "tag": "613",
    "total_cost_by_ms": 16.757999420166016,
    "wait_cost": 10.222999572753906
}
