{
    "child_model_execute_cost_by_ms": [
        6.815000057220459
    ],
    "child_model_run_time": [
        [
            30565668,
            30572483
        ]
    ],
    "execute_cost": 6.815000057220459,
    "finish_time": 30572488,
    "limit_cost_by_ms": 6.017666816711426,
    "model_name": "yolov2",
    "recv_time": 30565601,
    "tag": "627",
    "total_cost_by_ms": 6.88700008392334,
    "wait_cost": 0.07200002670288086
}
