{
    "child_model_execute_cost_by_ms": [
        13.96500015258789
    ],
    "child_model_run_time": [
        [
            31388548,
            31402513
        ]
    ],
    "execute_cost": 13.96500015258789,
    "finish_time": 31402516,
    "limit_cost_by_ms": 8.671667098999023,
    "model_name": "googlenet",
    "recv_time": 31368202,
    "tag": "668",
    "total_cost_by_ms": 34.31399917602539,
    "wait_cost": 20.3489990234375
}
