{
    "child_model_execute_cost_by_ms": [
        46.31399917602539
    ],
    "child_model_run_time": [
        [
            34430017,
            34476331
        ]
    ],
    "execute_cost": 46.31399917602539,
    "finish_time": 34476337,
    "limit_cost_by_ms": 46.76433181762695,
    "model_name": "vgg19",
    "recv_time": 34429960,
    "tag": "818",
    "total_cost_by_ms": 46.37699890136719,
    "wait_cost": 0.06299972534179688
}
