{
    "child_model_execute_cost_by_ms": [
        10.288999557495117
    ],
    "child_model_run_time": [
        [
            34522819,
            34533108
        ]
    ],
    "execute_cost": 10.288999557495117,
    "finish_time": 34533112,
    "limit_cost_by_ms": 8.671667098999023,
    "model_name": "googlenet",
    "recv_time": 34503040,
    "tag": "822",
    "total_cost_by_ms": 30.07200050354004,
    "wait_cost": 19.783000946044922
}
