{
    "child_model_execute_cost_by_ms": [
        19.496000289916992
    ],
    "child_model_run_time": [
        [
            19815552,
            19835048
        ]
    ],
    "execute_cost": 19.496000289916992,
    "finish_time": 19835056,
    "limit_cost_by_ms": 19.07466697692871,
    "model_name": "resnet50",
    "recv_time": 19815501,
    "tag": "86",
    "total_cost_by_ms": 19.55500030517578,
    "wait_cost": 0.05900001525878906
}
