{
    "child_model_execute_cost_by_ms": [
        13.526000022888184
    ],
    "child_model_run_time": [
        [
            19899009,
            19912535
        ]
    ],
    "execute_cost": 13.526000022888184,
    "finish_time": 19912540,
    "limit_cost_by_ms": 6.99066686630249,
    "model_name": "gpt128v2",
    "recv_time": 19898954,
    "tag": "90",
    "total_cost_by_ms": 13.586000442504883,
    "wait_cost": 0.06000041961669922
}
