{
    "child_model_execute_cost_by_ms": [
        62.48099899291992
    ],
    "child_model_run_time": [
        [
            10209702,
            10272183
        ]
    ],
    "execute_cost": 62.48099899291992,
    "finish_time": 10272187,
    "limit_cost_by_ms": 18.958999633789063,
    "model_name": "resnet50",
    "recv_time": 10209535,
    "tag": "101",
    "total_cost_by_ms": 62.652000427246094,
    "wait_cost": 0.17100143432617188
}
