{
    "child_model_execute_cost_by_ms": [
        25.55900001525879
    ],
    "child_model_run_time": [
        [
            17397230,
            17422789
        ]
    ],
    "execute_cost": 25.55900001525879,
    "finish_time": 17422793,
    "limit_cost_by_ms": 7.245333194732666,
    "model_name": "squeezenetv1",
    "recv_time": 17397029,
    "tag": "402",
    "total_cost_by_ms": 25.763999938964844,
    "wait_cost": 0.2049999237060547
}
