{
    "child_model_execute_cost_by_ms": [
        45.119998931884766
    ],
    "child_model_run_time": [
        [
            9020145,
            9065265
        ]
    ],
    "execute_cost": 45.119998931884766,
    "finish_time": 9065268,
    "limit_cost_by_ms": 47.28666687011719,
    "model_name": "vgg19",
    "recv_time": 9020043,
    "tag": "51",
    "total_cost_by_ms": 45.224998474121094,
    "wait_cost": 0.10499954223632813
}
