{
    "child_model_execute_cost_by_ms": [
        45.0359992980957
    ],
    "child_model_run_time": [
        [
            26860502,
            26905538
        ]
    ],
    "execute_cost": 45.0359992980957,
    "finish_time": 26905539,
    "limit_cost_by_ms": 47.28666687011719,
    "model_name": "vgg19",
    "recv_time": 26860346,
    "tag": "797",
    "total_cost_by_ms": 45.19300079345703,
    "wait_cost": 0.15700149536132813
}
