{
    "child_model_execute_cost_by_ms": [
        8.730999946594238
    ],
    "child_model_run_time": [
        [
            18890382,
            18899113
        ]
    ],
    "execute_cost": 8.730999946594238,
    "finish_time": 18899119,
    "limit_cost_by_ms": 7.473999977111816,
    "model_name": "squeezenetv1",
    "recv_time": 18876151,
    "tag": "450",
    "total_cost_by_ms": 22.968000411987305,
    "wait_cost": 14.237000465393066
}
