{
    "child_model_execute_cost_by_ms": [
        44.50199890136719
    ],
    "child_model_run_time": [
        [
            21768574,
            21813076
        ]
    ],
    "execute_cost": 44.50199890136719,
    "finish_time": 21813084,
    "limit_cost_by_ms": 47.39833450317383,
    "model_name": "vgg19",
    "recv_time": 21768400,
    "tag": "567",
    "total_cost_by_ms": 44.683998107910156,
    "wait_cost": 0.18199920654296875
}
