{
    "child_model_execute_cost_by_ms": [
        49.084999084472656
    ],
    "child_model_run_time": [
        [
            24079597,
            24128682
        ]
    ],
    "execute_cost": 49.084999084472656,
    "finish_time": 24128688,
    "limit_cost_by_ms": 47.39833450317383,
    "model_name": "vgg19",
    "recv_time": 24079532,
    "tag": "660",
    "total_cost_by_ms": 49.15599822998047,
    "wait_cost": 0.0709991455078125
}
