{
    "child_model_execute_cost_by_ms": [
        14.944000244140625,
        8.91100025177002
    ],
    "child_model_run_time": [
        [
            12243176,
            12258120
        ],
        [
            12258169,
            12267080
        ]
    ],
    "execute_cost": 23.854999542236328,
    "finish_time": 12267089,
    "limit_cost_by_ms": 18.889667510986328,
    "model_name": "resnet50",
    "recv_time": 12232830,
    "tag": "157",
    "total_cost_by_ms": 34.25899887084961,
    "wait_cost": 10.403999328613281
}
