{
    "child_model_execute_cost_by_ms": [
        7.978000164031982
    ],
    "child_model_run_time": [
        [
            22011509,
            22019487
        ]
    ],
    "execute_cost": 7.978000164031982,
    "finish_time": 22019497,
    "limit_cost_by_ms": 7.203666687011719,
    "model_name": "squeezenetv1",
    "recv_time": 22008835,
    "tag": "497",
    "total_cost_by_ms": 10.661999702453613,
    "wait_cost": 2.683999538421631
}
