{
    "child_model_execute_cost_by_ms": [
        17.441999435424805,
        16.339000701904297,
        19.687000274658203
    ],
    "child_model_run_time": [
        [
            27903082,
            27920524
        ],
        [
            27920610,
            27936949
        ],
        [
            27936964,
            27956651
        ]
    ],
    "execute_cost": 53.46799850463867,
    "finish_time": 27956656,
    "limit_cost_by_ms": 47.01166534423828,
    "model_name": "vgg19",
    "recv_time": 27902968,
    "tag": "702",
    "total_cost_by_ms": 53.6879997253418,
    "wait_cost": 0.220001220703125
}
