{
    "child_model_execute_cost_by_ms": [
        8.378999710083008
    ],
    "child_model_run_time": [
        [
            31686349,
            31694728
        ]
    ],
    "execute_cost": 8.378999710083008,
    "finish_time": 31694734,
    "limit_cost_by_ms": 7.203666687011719,
    "model_name": "squeezenetv1",
    "recv_time": 31686188,
    "tag": "832",
    "total_cost_by_ms": 8.545999526977539,
    "wait_cost": 0.16699981689453125
}
