{
    "child_model_execute_cost_by_ms": [
        6.061999797821045
    ],
    "child_model_run_time": [
        [
            21248198,
            21254260
        ]
    ],
    "execute_cost": 6.061999797821045,
    "finish_time": 21254263,
    "limit_cost_by_ms": 5.9666666984558105,
    "model_name": "yolov2",
    "recv_time": 21248099,
    "tag": "157",
    "total_cost_by_ms": 6.164000034332275,
    "wait_cost": 0.10200023651123047
}
