{
    "child_model_execute_cost_by_ms": [
        14.79699993133545
    ],
    "child_model_run_time": [
        [
            23401750,
            23416547
        ]
    ],
    "execute_cost": 14.79699993133545,
    "finish_time": 23416558,
    "limit_cost_by_ms": 6.97599983215332,
    "model_name": "gpt128v2",
    "recv_time": 23385002,
    "tag": "265",
    "total_cost_by_ms": 31.555999755859375,
    "wait_cost": 16.75899887084961
}
