{
    "child_model_execute_cost_by_ms": [
        9.91100025177002
    ],
    "child_model_run_time": [
        [
            25948472,
            25958383
        ]
    ],
    "execute_cost": 9.91100025177002,
    "finish_time": 25958388,
    "limit_cost_by_ms": 9.178999900817871,
    "model_name": "googlenet",
    "recv_time": 25948400,
    "tag": "393",
    "total_cost_by_ms": 9.98799991607666,
    "wait_cost": 0.07699966430664063
}
