{
    "child_model_execute_cost_by_ms": [
        14.513999938964844
    ],
    "child_model_run_time": [
        [
            26349167,
            26363681
        ]
    ],
    "execute_cost": 14.513999938964844,
    "finish_time": 26363698,
    "limit_cost_by_ms": 6.97599983215332,
    "model_name": "gpt128v2",
    "recv_time": 26349149,
    "tag": "413",
    "total_cost_by_ms": 14.548999786376953,
    "wait_cost": 0.034999847412109375
}
