{
    "child_model_execute_cost_by_ms": [
        9.907999992370605
    ],
    "child_model_run_time": [
        [
            26470792,
            26480700
        ]
    ],
    "execute_cost": 9.907999992370605,
    "finish_time": 26480710,
    "limit_cost_by_ms": 9.178999900817871,
    "model_name": "googlenet",
    "recv_time": 26470744,
    "tag": "419",
    "total_cost_by_ms": 9.965999603271484,
    "wait_cost": 0.057999610900878906
}
