{
    "child_model_execute_cost_by_ms": [
        45.665000915527344
    ],
    "child_model_run_time": [
        [
            26507046,
            26552711
        ]
    ],
    "execute_cost": 45.665000915527344,
    "finish_time": 26552714,
    "limit_cost_by_ms": 46.658668518066406,
    "model_name": "vgg19",
    "recv_time": 26506992,
    "tag": "422",
    "total_cost_by_ms": 45.72200012207031,
    "wait_cost": 0.05699920654296875
}
