{
    "child_model_execute_cost_by_ms": [
        13.930000305175781
    ],
    "child_model_run_time": [
        [
            26554223,
            26568153
        ]
    ],
    "execute_cost": 13.930000305175781,
    "finish_time": 26568159,
    "limit_cost_by_ms": 6.97599983215332,
    "model_name": "gpt128v2",
    "recv_time": 26554158,
    "tag": "423",
    "total_cost_by_ms": 14.00100040435791,
    "wait_cost": 0.0710000991821289
}
