{
    "child_model_execute_cost_by_ms": [
        19.20599937438965
    ],
    "child_model_run_time": [
        [
            26587335,
            26606541
        ]
    ],
    "execute_cost": 19.20599937438965,
    "finish_time": 26606545,
    "limit_cost_by_ms": 19.05466651916504,
    "model_name": "resnet50",
    "recv_time": 26580830,
    "tag": "426",
    "total_cost_by_ms": 25.71500015258789,
    "wait_cost": 6.509000778198242
}
