{
    "child_model_execute_cost_by_ms": [
        45.23400115966797
    ],
    "child_model_run_time": [
        [
            26606897,
            26652131
        ]
    ],
    "execute_cost": 45.23400115966797,
    "finish_time": 26652134,
    "limit_cost_by_ms": 46.658668518066406,
    "model_name": "vgg19",
    "recv_time": 26606836,
    "tag": "427",
    "total_cost_by_ms": 45.29800033569336,
    "wait_cost": 0.06399917602539063
}
