{
    "child_model_execute_cost_by_ms": [
        8.364999771118164
    ],
    "child_model_run_time": [
        [
            28279094,
            28287459
        ]
    ],
    "execute_cost": 8.364999771118164,
    "finish_time": 28287467,
    "limit_cost_by_ms": 5.9666666984558105,
    "model_name": "yolov2",
    "recv_time": 28265999,
    "tag": "509",
    "total_cost_by_ms": 21.468000411987305,
    "wait_cost": 13.10300064086914
}
