{
    "child_model_execute_cost_by_ms": [
        14.10099983215332
    ],
    "child_model_run_time": [
        [
            32985624,
            32999725
        ]
    ],
    "execute_cost": 14.10099983215332,
    "finish_time": 32999736,
    "limit_cost_by_ms": 6.97599983215332,
    "model_name": "gpt128v2",
    "recv_time": 32982497,
    "tag": "742",
    "total_cost_by_ms": 17.23900032043457,
    "wait_cost": 3.13800048828125
}
