{
    "child_model_execute_cost_by_ms": [
        19.165000915527344
    ],
    "child_model_run_time": [
        [
            33212267,
            33231432
        ]
    ],
    "execute_cost": 19.165000915527344,
    "finish_time": 33231436,
    "limit_cost_by_ms": 19.05466651916504,
    "model_name": "resnet50",
    "recv_time": 33212197,
    "tag": "754",
    "total_cost_by_ms": 19.23900032043457,
    "wait_cost": 0.07399940490722656
}
