{
    "child_model_execute_cost_by_ms": [
        9.609000205993652
    ],
    "child_model_run_time": [
        [
            37838322,
            37847931
        ]
    ],
    "execute_cost": 9.609000205993652,
    "finish_time": 37847934,
    "limit_cost_by_ms": 9.178999900817871,
    "model_name": "googlenet",
    "recv_time": 37838258,
    "tag": "983",
    "total_cost_by_ms": 9.675999641418457,
    "wait_cost": 0.06699943542480469
}
