{
    "child_model_execute_cost_by_ms": [
        10.145000457763672
    ],
    "child_model_run_time": [
        [
            15479055,
            15489200
        ]
    ],
    "execute_cost": 10.145000457763672,
    "finish_time": 15489206,
    "limit_cost_by_ms": 8.904333114624023,
    "model_name": "googlenet",
    "recv_time": 15478984,
    "tag": "307",
    "total_cost_by_ms": 10.222000122070313,
    "wait_cost": 0.07699966430664063
}
