{
    "child_model_execute_cost_by_ms": [
        9.814000129699707
    ],
    "child_model_run_time": [
        [
            16865357,
            16875171
        ]
    ],
    "execute_cost": 9.814000129699707,
    "finish_time": 16875182,
    "limit_cost_by_ms": 8.904333114624023,
    "model_name": "googlenet",
    "recv_time": 16865185,
    "tag": "363",
    "total_cost_by_ms": 9.996999740600586,
    "wait_cost": 0.1829996109008789
}
