{
    "child_model_execute_cost_by_ms": [
        15.062000274658203,
        8.861000061035156
    ],
    "child_model_run_time": [
        [
            10475087,
            10490149
        ],
        [
            10490186,
            10499047
        ]
    ],
    "execute_cost": 23.92300033569336,
    "finish_time": 10499052,
    "limit_cost_by_ms": 18.8266658782959,
    "model_name": "resnet50",
    "recv_time": 10475072,
    "tag": "131",
    "total_cost_by_ms": 23.979999542236328,
    "wait_cost": 0.05699920654296875
}
