{
    "child_model_execute_cost_by_ms": [
        9.505000114440918
    ],
    "child_model_run_time": [
        [
            22651507,
            22661012
        ]
    ],
    "execute_cost": 9.505000114440918,
    "finish_time": 22661021,
    "limit_cost_by_ms": 8.694666862487793,
    "model_name": "googlenet",
    "recv_time": 22638359,
    "tag": "712",
    "total_cost_by_ms": 22.66200065612793,
    "wait_cost": 13.157000541687012
}
