{
    "child_model_execute_cost_by_ms": [
        8.024999618530273
    ],
    "child_model_run_time": [
        [
            23025673,
            23033698
        ]
    ],
    "execute_cost": 8.024999618530273,
    "finish_time": 23033708,
    "limit_cost_by_ms": 7.229000091552734,
    "model_name": "squeezenetv1",
    "recv_time": 23011618,
    "tag": "730",
    "total_cost_by_ms": 22.09000015258789,
    "wait_cost": 14.065000534057617
}
