{
    "child_model_execute_cost_by_ms": [
        8.053999900817871
    ],
    "child_model_run_time": [
        [
            24893221,
            24901275
        ]
    ],
    "execute_cost": 8.053999900817871,
    "finish_time": 24901284,
    "limit_cost_by_ms": 7.229000091552734,
    "model_name": "squeezenetv1",
    "recv_time": 24892000,
    "tag": "821",
    "total_cost_by_ms": 9.284000396728516,
    "wait_cost": 1.2300004959106445
}
