{
    "child_model_execute_cost_by_ms": [
        10.791999816894531
    ],
    "child_model_run_time": [
        [
            21166147,
            21176939
        ]
    ],
    "execute_cost": 10.791999816894531,
    "finish_time": 21176948,
    "limit_cost_by_ms": 9.016666412353516,
    "model_name": "googlenet",
    "recv_time": 21140525,
    "tag": "158",
    "total_cost_by_ms": 36.42300033569336,
    "wait_cost": 25.631000518798828
}
