{
    "child_model_execute_cost_by_ms": [
        44.678001403808594
    ],
    "child_model_run_time": [
        [
            18347834,
            18392512
        ]
    ],
    "execute_cost": 44.678001403808594,
    "finish_time": 18392517,
    "limit_cost_by_ms": 46.73699951171875,
    "model_name": "vgg19",
    "recv_time": 18341428,
    "tag": "18",
    "total_cost_by_ms": 51.0890007019043,
    "wait_cost": 6.410999298095703
}
