{
    "child_model_execute_cost_by_ms": [
        47.520999908447266
    ],
    "child_model_run_time": [
        [
            21657345,
            21704866
        ]
    ],
    "execute_cost": 47.520999908447266,
    "finish_time": 21704871,
    "limit_cost_by_ms": 46.73699951171875,
    "model_name": "vgg19",
    "recv_time": 21634481,
    "tag": "182",
    "total_cost_by_ms": 70.38999938964844,
    "wait_cost": 22.868999481201172
}
