{
    "child_model_execute_cost_by_ms": [
        10.08899974822998
    ],
    "child_model_run_time": [
        [
            22343362,
            22353451
        ]
    ],
    "execute_cost": 10.08899974822998,
    "finish_time": 22353456,
    "limit_cost_by_ms": 9.016666412353516,
    "model_name": "googlenet",
    "recv_time": 22325641,
    "tag": "217",
    "total_cost_by_ms": 27.815000534057617,
    "wait_cost": 17.726001739501953
}
