{
    "child_model_execute_cost_by_ms": [
        12.914999961853027
    ],
    "child_model_run_time": [
        [
            25508501,
            25521416
        ]
    ],
    "execute_cost": 12.914999961853027,
    "finish_time": 25521426,
    "limit_cost_by_ms": 7.035666465759277,
    "model_name": "gpt128v2",
    "recv_time": 25500956,
    "tag": "377",
    "total_cost_by_ms": 20.469999313354492,
    "wait_cost": 7.554999351501465
}
