{
    "child_model_execute_cost_by_ms": [
        19.801000595092773
    ],
    "child_model_run_time": [
        [
            27534591,
            27554392
        ]
    ],
    "execute_cost": 19.801000595092773,
    "finish_time": 27554398,
    "limit_cost_by_ms": 18.751667022705078,
    "model_name": "resnet50",
    "recv_time": 27534464,
    "tag": "478",
    "total_cost_by_ms": 19.93400001525879,
    "wait_cost": 0.13299942016601563
}
