{
    "child_model_execute_cost_by_ms": [
        44.60100173950195
    ],
    "child_model_run_time": [
        [
            27584752,
            27629353
        ]
    ],
    "execute_cost": 44.60100173950195,
    "finish_time": 27629355,
    "limit_cost_by_ms": 46.73699951171875,
    "model_name": "vgg19",
    "recv_time": 27584689,
    "tag": "482",
    "total_cost_by_ms": 44.66600036621094,
    "wait_cost": 0.06499862670898438
}
