{
    "child_model_execute_cost_by_ms": [
        10.993000030517578
    ],
    "child_model_run_time": [
        [
            27726460,
            27737453
        ]
    ],
    "execute_cost": 10.993000030517578,
    "finish_time": 27737463,
    "limit_cost_by_ms": 9.016666412353516,
    "model_name": "googlenet",
    "recv_time": 27726402,
    "tag": "488",
    "total_cost_by_ms": 11.060999870300293,
    "wait_cost": 0.06799983978271484
}
