{
    "child_model_execute_cost_by_ms": [
        9.802000045776367
    ],
    "child_model_run_time": [
        [
            28834949,
            28844751
        ]
    ],
    "execute_cost": 9.802000045776367,
    "finish_time": 28844759,
    "limit_cost_by_ms": 7.035666465759277,
    "model_name": "gpt128v2",
    "recv_time": 28825456,
    "tag": "544",
    "total_cost_by_ms": 19.30299949645996,
    "wait_cost": 9.500999450683594
}
