{
    "child_model_execute_cost_by_ms": [
        13.92300033569336
    ],
    "child_model_run_time": [
        [
            32176496,
            32190419
        ]
    ],
    "execute_cost": 13.92300033569336,
    "finish_time": 32190424,
    "limit_cost_by_ms": 7.035666465759277,
    "model_name": "gpt128v2",
    "recv_time": 32176444,
    "tag": "714",
    "total_cost_by_ms": 13.979999542236328,
    "wait_cost": 0.05699920654296875
}
