{
    "child_model_execute_cost_by_ms": [
        47.321998596191406
    ],
    "child_model_run_time": [
        [
            32294237,
            32341559
        ]
    ],
    "execute_cost": 47.321998596191406,
    "finish_time": 32341564,
    "limit_cost_by_ms": 46.73699951171875,
    "model_name": "vgg19",
    "recv_time": 32287486,
    "tag": "720",
    "total_cost_by_ms": 54.077999114990234,
    "wait_cost": 6.756000518798828
}
