{
    "child_model_execute_cost_by_ms": [
        13.670000076293945
    ],
    "child_model_run_time": [
        [
            35094672,
            35108342
        ]
    ],
    "execute_cost": 13.670000076293945,
    "finish_time": 35108353,
    "limit_cost_by_ms": 7.035666465759277,
    "model_name": "gpt128v2",
    "recv_time": 35094625,
    "tag": "858",
    "total_cost_by_ms": 13.727999687194824,
    "wait_cost": 0.057999610900878906
}
