{
    "child_model_execute_cost_by_ms": [
        14.168000221252441
    ],
    "child_model_run_time": [
        [
            35388807,
            35402975
        ]
    ],
    "execute_cost": 14.168000221252441,
    "finish_time": 35402987,
    "limit_cost_by_ms": 7.035666465759277,
    "model_name": "gpt128v2",
    "recv_time": 35374912,
    "tag": "873",
    "total_cost_by_ms": 28.075000762939453,
    "wait_cost": 13.907000541687012
}
