{
    "child_model_execute_cost_by_ms": [
        46.90399932861328
    ],
    "child_model_run_time": [
        [
            37629684,
            37676588
        ]
    ],
    "execute_cost": 46.90399932861328,
    "finish_time": 37676593,
    "limit_cost_by_ms": 46.73699951171875,
    "model_name": "vgg19",
    "recv_time": 37616503,
    "tag": "985",
    "total_cost_by_ms": 60.09000015258789,
    "wait_cost": 13.18600082397461
}
