{
    "child_model_execute_cost_by_ms": [
        10.298999786376953
    ],
    "child_model_run_time": [
        [
            17976390,
            17986689
        ]
    ],
    "execute_cost": 10.298999786376953,
    "finish_time": 17986700,
    "limit_cost_by_ms": 8.79800033569336,
    "model_name": "googlenet",
    "recv_time": 17976262,
    "tag": "371",
    "total_cost_by_ms": 10.437999725341797,
    "wait_cost": 0.13899993896484375
}
