{
    "child_model_execute_cost_by_ms": [
        9.892000198364258
    ],
    "child_model_run_time": [
        [
            27259719,
            27269611
        ]
    ],
    "execute_cost": 9.892000198364258,
    "finish_time": 27269618,
    "limit_cost_by_ms": 8.79800033569336,
    "model_name": "googlenet",
    "recv_time": 27259648,
    "tag": "710",
    "total_cost_by_ms": 9.970000267028809,
    "wait_cost": 0.07800006866455078
}
