{
    "child_model_execute_cost_by_ms": [
        8.538999557495117
    ],
    "child_model_run_time": [
        [
            10444893,
            10453432
        ]
    ],
    "execute_cost": 8.538999557495117,
    "finish_time": 10453437,
    "limit_cost_by_ms": 7.294000148773193,
    "model_name": "squeezenetv1",
    "recv_time": 10444785,
    "tag": "112",
    "total_cost_by_ms": 8.652000427246094,
    "wait_cost": 0.11300086975097656
}
