{
    "child_model_execute_cost_by_ms": [
        10.555000305175781
    ],
    "child_model_run_time": [
        [
            15327905,
            15338460
        ]
    ],
    "execute_cost": 10.555000305175781,
    "finish_time": 15338465,
    "limit_cost_by_ms": 8.589666366577148,
    "model_name": "googlenet",
    "recv_time": 15320032,
    "tag": "338",
    "total_cost_by_ms": 18.433000564575195,
    "wait_cost": 7.878000259399414
}
