{
    "child_model_execute_cost_by_ms": [
        9.84000015258789
    ],
    "child_model_run_time": [
        [
            18261476,
            18271316
        ]
    ],
    "execute_cost": 9.84000015258789,
    "finish_time": 18271329,
    "limit_cost_by_ms": 8.881999969482422,
    "model_name": "googlenet",
    "recv_time": 18244029,
    "tag": "367",
    "total_cost_by_ms": 27.299999237060547,
    "wait_cost": 17.459999084472656
}
