{
    "child_model_execute_cost_by_ms": [
        14.621000289916992,
        8.506999969482422
    ],
    "child_model_run_time": [
        [
            24669183,
            24683804
        ],
        [
            24683894,
            24692401
        ]
    ],
    "execute_cost": 23.128000259399414,
    "finish_time": 24692406,
    "limit_cost_by_ms": 18.889667510986328,
    "model_name": "resnet50",
    "recv_time": 24669037,
    "tag": "589",
    "total_cost_by_ms": 23.368999481201172,
    "wait_cost": 0.2409992218017578
}
