{
    "child_model_execute_cost_by_ms": [
        14.666999816894531,
        8.821999549865723
    ],
    "child_model_run_time": [
        [
            28671168,
            28685835
        ],
        [
            28685878,
            28694700
        ]
    ],
    "execute_cost": 23.488998413085938,
    "finish_time": 28694708,
    "limit_cost_by_ms": 18.889667510986328,
    "model_name": "resnet50",
    "recv_time": 28654537,
    "tag": "729",
    "total_cost_by_ms": 40.17100143432617,
    "wait_cost": 16.682003021240234
}
