{
    "child_model_execute_cost_by_ms": [
        57.112998962402344
    ],
    "child_model_run_time": [
        [
            14644368,
            14701481
        ]
    ],
    "execute_cost": 57.112998962402344,
    "finish_time": 14701486,
    "limit_cost_by_ms": 7.50433349609375,
    "model_name": "squeezenetv1",
    "recv_time": 14644207,
    "tag": "281",
    "total_cost_by_ms": 57.27899932861328,
    "wait_cost": 0.1660003662109375
}
