{
    "child_model_execute_cost_by_ms": [
        45.29600143432617
    ],
    "child_model_run_time": [
        [
            8616019,
            8661315
        ]
    ],
    "execute_cost": 45.29600143432617,
    "finish_time": 8661319,
    "limit_cost_by_ms": 47.30066680908203,
    "model_name": "vgg19",
    "recv_time": 8615929,
    "tag": "33",
    "total_cost_by_ms": 45.38999938964844,
    "wait_cost": 0.09399795532226563
}
