{
    "child_model_execute_cost_by_ms": [
        10.487000465393066
    ],
    "child_model_run_time": [
        [
            8661735,
            8672222
        ]
    ],
    "execute_cost": 10.487000465393066,
    "finish_time": 8672227,
    "limit_cost_by_ms": 8.951333045959473,
    "model_name": "googlenet",
    "recv_time": 8661715,
    "tag": "34",
    "total_cost_by_ms": 10.51200008392334,
    "wait_cost": 0.024999618530273438
}
