{
    "child_model_execute_cost_by_ms": [
        74.58399963378906
    ],
    "child_model_run_time": [
        [
            17599081,
            17673665
        ]
    ],
    "execute_cost": 74.58399963378906,
    "finish_time": 17673668,
    "limit_cost_by_ms": 7.50433349609375,
    "model_name": "squeezenetv1",
    "recv_time": 17598929,
    "tag": "402",
    "total_cost_by_ms": 74.73899841308594,
    "wait_cost": 0.154998779296875
}
