{
    "child_model_execute_cost_by_ms": [
        55.09400177001953
    ],
    "child_model_run_time": [
        [
            18866857,
            18921951
        ]
    ],
    "execute_cost": 55.09400177001953,
    "finish_time": 18921954,
    "limit_cost_by_ms": 7.50433349609375,
    "model_name": "squeezenetv1",
    "recv_time": 18866776,
    "tag": "453",
    "total_cost_by_ms": 55.178001403808594,
    "wait_cost": 0.0839996337890625
}
