{
    "child_model_execute_cost_by_ms": [
        46.07099914550781
    ],
    "child_model_run_time": [
        [
            9046631,
            9092702
        ]
    ],
    "execute_cost": 46.07099914550781,
    "finish_time": 9092705,
    "limit_cost_by_ms": 8.951333045959473,
    "model_name": "googlenet",
    "recv_time": 9046615,
    "tag": "51",
    "total_cost_by_ms": 46.09000015258789,
    "wait_cost": 0.019001007080078125
}
