{
    "child_model_execute_cost_by_ms": [
        95.23999786376953
    ],
    "child_model_run_time": [
        [
            25260316,
            25355556
        ]
    ],
    "execute_cost": 95.23999786376953,
    "finish_time": 25355559,
    "limit_cost_by_ms": 8.951333045959473,
    "model_name": "googlenet",
    "recv_time": 25260126,
    "tag": "713",
    "total_cost_by_ms": 95.43299865722656,
    "wait_cost": 0.19300079345703125
}
