{
    "child_model_execute_cost_by_ms": [
        51.20600128173828
    ],
    "child_model_run_time": [
        [
            25506470,
            25557676
        ]
    ],
    "execute_cost": 51.20600128173828,
    "finish_time": 25557679,
    "limit_cost_by_ms": 47.30066680908203,
    "model_name": "vgg19",
    "recv_time": 25506464,
    "tag": "722",
    "total_cost_by_ms": 51.21500015258789,
    "wait_cost": 0.008998870849609375
}
