{
    "child_model_execute_cost_by_ms": [
        55.46099853515625
    ],
    "child_model_run_time": [
        [
            10278153,
            10333614
        ]
    ],
    "execute_cost": 55.46099853515625,
    "finish_time": 10333617,
    "limit_cost_by_ms": 47.30066680908203,
    "model_name": "vgg19",
    "recv_time": 10278077,
    "tag": "101",
    "total_cost_by_ms": 55.540000915527344,
    "wait_cost": 0.07900238037109375
}
