{
    "child_model_execute_cost_by_ms": [
        13.366999626159668
    ],
    "child_model_run_time": [
        [
            20822985,
            20836352
        ]
    ],
    "execute_cost": 13.366999626159668,
    "finish_time": 20836364,
    "limit_cost_by_ms": 7.015999794006348,
    "model_name": "gpt128v2",
    "recv_time": 20822936,
    "tag": "115",
    "total_cost_by_ms": 13.428000450134277,
    "wait_cost": 0.061000823974609375
}
