{
    "child_model_execute_cost_by_ms": [
        6.426000118255615
    ],
    "child_model_run_time": [
        [
            21152735,
            21159161
        ]
    ],
    "execute_cost": 6.426000118255615,
    "finish_time": 21159171,
    "limit_cost_by_ms": 5.9116668701171875,
    "model_name": "yolov2",
    "recv_time": 21135108,
    "tag": "129",
    "total_cost_by_ms": 24.062999725341797,
    "wait_cost": 17.636999130249023
}
