{
    "child_model_execute_cost_by_ms": [
        13.095000267028809
    ],
    "child_model_run_time": [
        [
            22806964,
            22820059
        ]
    ],
    "execute_cost": 13.095000267028809,
    "finish_time": 22820068,
    "limit_cost_by_ms": 7.015999794006348,
    "model_name": "gpt128v2",
    "recv_time": 22798123,
    "tag": "200",
    "total_cost_by_ms": 21.94499969482422,
    "wait_cost": 8.84999942779541
}
