{
    "child_model_execute_cost_by_ms": [
        6.557000160217285
    ],
    "child_model_run_time": [
        [
            24890401,
            24896958
        ]
    ],
    "execute_cost": 6.557000160217285,
    "finish_time": 24896963,
    "limit_cost_by_ms": 5.9116668701171875,
    "model_name": "yolov2",
    "recv_time": 24878527,
    "tag": "288",
    "total_cost_by_ms": 18.43600082397461,
    "wait_cost": 11.879000663757324
}
