{
    "child_model_execute_cost_by_ms": [
        13.479999542236328
    ],
    "child_model_run_time": [
        [
            26760891,
            26774371
        ]
    ],
    "execute_cost": 13.479999542236328,
    "finish_time": 26774384,
    "limit_cost_by_ms": 7.015999794006348,
    "model_name": "gpt128v2",
    "recv_time": 26750120,
    "tag": "367",
    "total_cost_by_ms": 24.263999938964844,
    "wait_cost": 10.784000396728516
}
