{
    "child_model_execute_cost_by_ms": [
        10.394000053405762
    ],
    "child_model_run_time": [
        [
            26812011,
            26822405
        ]
    ],
    "execute_cost": 10.394000053405762,
    "finish_time": 26822410,
    "limit_cost_by_ms": 9.277999877929688,
    "model_name": "googlenet",
    "recv_time": 26793228,
    "tag": "368",
    "total_cost_by_ms": 29.18199920654297,
    "wait_cost": 18.78799819946289
}
