{
    "child_model_execute_cost_by_ms": [
        6.052999973297119
    ],
    "child_model_run_time": [
        [
            27843059,
            27849112
        ]
    ],
    "execute_cost": 6.052999973297119,
    "finish_time": 27849119,
    "limit_cost_by_ms": 5.9116668701171875,
    "model_name": "yolov2",
    "recv_time": 27839932,
    "tag": "412",
    "total_cost_by_ms": 9.187000274658203,
    "wait_cost": 3.134000301361084
}
