{
    "child_model_execute_cost_by_ms": [
        12.008000373840332
    ],
    "child_model_run_time": [
        [
            32373927,
            32385935
        ]
    ],
    "execute_cost": 12.008000373840332,
    "finish_time": 32385946,
    "limit_cost_by_ms": 9.277999877929688,
    "model_name": "googlenet",
    "recv_time": 32355115,
    "tag": "602",
    "total_cost_by_ms": 30.83099937438965,
    "wait_cost": 18.822998046875
}
