{
    "child_model_execute_cost_by_ms": [
        14.630999565124512,
        12.977999687194824
    ],
    "child_model_run_time": [
        [
            33401875,
            33416506
        ],
        [
            33416542,
            33429520
        ]
    ],
    "execute_cost": 27.608999252319336,
    "finish_time": 33429525,
    "limit_cost_by_ms": 18.706666946411133,
    "model_name": "resnet50",
    "recv_time": 33396172,
    "tag": "650",
    "total_cost_by_ms": 33.35300064086914,
    "wait_cost": 5.744001388549805
}
