{
    "child_model_execute_cost_by_ms": [
        18.538999557495117,
        18.399999618530273,
        22.937000274658203
    ],
    "child_model_run_time": [
        [
            38810644,
            38829183
        ],
        [
            38829276,
            38847676
        ],
        [
            38860619,
            38883556
        ]
    ],
    "execute_cost": 59.875999450683594,
    "finish_time": 38883561,
    "limit_cost_by_ms": 46.569332122802734,
    "model_name": "vgg19",
    "recv_time": 38810588,
    "tag": "875",
    "total_cost_by_ms": 72.9729995727539,
    "wait_cost": 13.097000122070313
}
