{
    "child_model_execute_cost_by_ms": [
        6.729000091552734
    ],
    "child_model_run_time": [
        [
            41329467,
            41336196
        ]
    ],
    "execute_cost": 6.729000091552734,
    "finish_time": 41336204,
    "limit_cost_by_ms": 5.9116668701171875,
    "model_name": "yolov2",
    "recv_time": 41317627,
    "tag": "982",
    "total_cost_by_ms": 18.57699966430664,
    "wait_cost": 11.847999572753906
}
