{
    "child_model_execute_cost_by_ms": [
        9.82800006866455
    ],
    "child_model_run_time": [
        [
            9838006,
            9847834
        ]
    ],
    "execute_cost": 9.82800006866455,
    "finish_time": 9847840,
    "limit_cost_by_ms": 8.59766674041748,
    "model_name": "googlenet",
    "recv_time": 9837828,
    "tag": "102",
    "total_cost_by_ms": 10.01200008392334,
    "wait_cost": 0.18400001525878906
}
