{
    "child_model_execute_cost_by_ms": [
        45.933998107910156
    ],
    "child_model_run_time": [
        [
            10416565,
            10462499
        ]
    ],
    "execute_cost": 45.933998107910156,
    "finish_time": 10462506,
    "limit_cost_by_ms": 47.198665618896484,
    "model_name": "vgg19",
    "recv_time": 10397789,
    "tag": "133",
    "total_cost_by_ms": 64.71700286865234,
    "wait_cost": 18.783004760742188
}
