{
    "child_model_execute_cost_by_ms": [
        44.2760009765625
    ],
    "child_model_run_time": [
        [
            15226784,
            15271060
        ]
    ],
    "execute_cost": 44.2760009765625,
    "finish_time": 15271071,
    "limit_cost_by_ms": 47.198665618896484,
    "model_name": "vgg19",
    "recv_time": 15226605,
    "tag": "380",
    "total_cost_by_ms": 44.465999603271484,
    "wait_cost": 0.18999862670898438
}
