{
    "child_model_execute_cost_by_ms": [
        44.46799850463867
    ],
    "child_model_run_time": [
        [
            18558715,
            18603183
        ]
    ],
    "execute_cost": 44.46799850463867,
    "finish_time": 18603189,
    "limit_cost_by_ms": 47.198665618896484,
    "model_name": "vgg19",
    "recv_time": 18558695,
    "tag": "550",
    "total_cost_by_ms": 44.49399948120117,
    "wait_cost": 0.0260009765625
}
