{
    "child_model_execute_cost_by_ms": [
        44.31100082397461
    ],
    "child_model_run_time": [
        [
            18873132,
            18917443
        ]
    ],
    "execute_cost": 44.31100082397461,
    "finish_time": 18917448,
    "limit_cost_by_ms": 47.198665618896484,
    "model_name": "vgg19",
    "recv_time": 18872950,
    "tag": "566",
    "total_cost_by_ms": 44.49800109863281,
    "wait_cost": 0.18700027465820313
}
