{
    "child_model_execute_cost_by_ms": [
        9.661999702453613
    ],
    "child_model_run_time": [
        [
            22507327,
            22516989
        ]
    ],
    "execute_cost": 9.661999702453613,
    "finish_time": 22516997,
    "limit_cost_by_ms": 8.59766674041748,
    "model_name": "googlenet",
    "recv_time": 22507144,
    "tag": "751",
    "total_cost_by_ms": 9.852999687194824,
    "wait_cost": 0.19099998474121094
}
