{
    "child_model_execute_cost_by_ms": [
        19.238000869750977
    ],
    "child_model_run_time": [
        [
            15761016,
            15780254
        ]
    ],
    "execute_cost": 19.238000869750977,
    "finish_time": 15780258,
    "limit_cost_by_ms": 18.98699951171875,
    "model_name": "resnet50",
    "recv_time": 15761000,
    "tag": "395",
    "total_cost_by_ms": 19.257999420166016,
    "wait_cost": 0.019998550415039063
}
