{
    "child_model_execute_cost_by_ms": [
        19.768999099731445,
        20.327999114990234,
        19.506999969482422
    ],
    "child_model_run_time": [
        [
            22153531,
            22173300
        ],
        [
            22186057,
            22206385
        ],
        [
            22206425,
            22225932
        ]
    ],
    "execute_cost": 59.604000091552734,
    "finish_time": 22225934,
    "limit_cost_by_ms": 46.767333984375,
    "model_name": "vgg19",
    "recv_time": 22112154,
    "tag": "172",
    "total_cost_by_ms": 113.77999877929688,
    "wait_cost": 54.17599868774414
}
