{
    "child_model_execute_cost_by_ms": [
        15.192000389099121,
        14.937000274658203
    ],
    "child_model_run_time": [
        [
            23164078,
            23179270
        ],
        [
            23189269,
            23204206
        ]
    ],
    "execute_cost": 30.12900161743164,
    "finish_time": 23204212,
    "limit_cost_by_ms": 19.060333251953125,
    "model_name": "resnet50",
    "recv_time": 23159730,
    "tag": "217",
    "total_cost_by_ms": 44.481998443603516,
    "wait_cost": 14.352996826171875
}
