{
    "child_model_execute_cost_by_ms": [
        9.461999893188477
    ],
    "child_model_run_time": [
        [
            23757732,
            23767194
        ]
    ],
    "execute_cost": 9.461999893188477,
    "finish_time": 23767199,
    "limit_cost_by_ms": 8.897666931152344,
    "model_name": "googlenet",
    "recv_time": 23742783,
    "tag": "242",
    "total_cost_by_ms": 24.416000366210938,
    "wait_cost": 14.954000473022461
}
