{
    "child_model_execute_cost_by_ms": [
        10.069000244140625
    ],
    "child_model_run_time": [
        [
            24669636,
            24679705
        ]
    ],
    "execute_cost": 10.069000244140625,
    "finish_time": 24679716,
    "limit_cost_by_ms": 8.897666931152344,
    "model_name": "googlenet",
    "recv_time": 24661061,
    "tag": "281",
    "total_cost_by_ms": 18.655000686645508,
    "wait_cost": 8.586000442504883
}
