{
    "child_model_execute_cost_by_ms": [
        13.67300033569336
    ],
    "child_model_run_time": [
        [
            29044750,
            29058423
        ]
    ],
    "execute_cost": 13.67300033569336,
    "finish_time": 29058435,
    "limit_cost_by_ms": 6.981333255767822,
    "model_name": "gpt128v2",
    "recv_time": 29044697,
    "tag": "463",
    "total_cost_by_ms": 13.73799991607666,
    "wait_cost": 0.06499958038330078
}
