{
    "child_model_execute_cost_by_ms": [
        7.026000022888184
    ],
    "child_model_run_time": [
        [
            31826250,
            31833276
        ]
    ],
    "execute_cost": 7.026000022888184,
    "finish_time": 31833285,
    "limit_cost_by_ms": 6.0883331298828125,
    "model_name": "yolov2",
    "recv_time": 31817978,
    "tag": "584",
    "total_cost_by_ms": 15.307000160217285,
    "wait_cost": 8.281000137329102
}
