{
    "child_model_execute_cost_by_ms": [
        21.06800079345703,
        17.176000595092773,
        19.85700035095215
    ],
    "child_model_run_time": [
        [
            19565525,
            19586593
        ],
        [
            19630501,
            19647677
        ],
        [
            19647783,
            19667640
        ]
    ],
    "execute_cost": 58.10100555419922,
    "finish_time": 19667642,
    "limit_cost_by_ms": 46.767333984375,
    "model_name": "vgg19",
    "recv_time": 19559679,
    "tag": "61",
    "total_cost_by_ms": 107.96299743652344,
    "wait_cost": 49.86199188232422
}
