{
    "child_model_execute_cost_by_ms": [
        13.829000473022461,
        12.96500015258789
    ],
    "child_model_run_time": [
        [
            35448122,
            35461951
        ],
        [
            35461984,
            35474949
        ]
    ],
    "execute_cost": 26.79400062561035,
    "finish_time": 35474954,
    "limit_cost_by_ms": 19.060333251953125,
    "model_name": "resnet50",
    "recv_time": 35448112,
    "tag": "740",
    "total_cost_by_ms": 26.841999053955078,
    "wait_cost": 0.04799842834472656
}
