{
    "child_model_execute_cost_by_ms": [
        9.640000343322754
    ],
    "child_model_run_time": [
        [
            36336403,
            36346043
        ]
    ],
    "execute_cost": 9.640000343322754,
    "finish_time": 36346053,
    "limit_cost_by_ms": 8.897666931152344,
    "model_name": "googlenet",
    "recv_time": 36326793,
    "tag": "778",
    "total_cost_by_ms": 19.260000228881836,
    "wait_cost": 9.619999885559082
}
