{
    "child_model_execute_cost_by_ms": [
        9.458999633789063
    ],
    "child_model_run_time": [
        [
            36436601,
            36446060
        ]
    ],
    "execute_cost": 9.458999633789063,
    "finish_time": 36446071,
    "limit_cost_by_ms": 8.897666931152344,
    "model_name": "googlenet",
    "recv_time": 36418733,
    "tag": "783",
    "total_cost_by_ms": 27.33799934387207,
    "wait_cost": 17.878999710083008
}
