{
    "child_model_execute_cost_by_ms": [
        9.76200008392334
    ],
    "child_model_run_time": [
        [
            20139337,
            20149099
        ]
    ],
    "execute_cost": 9.76200008392334,
    "finish_time": 20149104,
    "limit_cost_by_ms": 8.897666931152344,
    "model_name": "googlenet",
    "recv_time": 20139326,
    "tag": "86",
    "total_cost_by_ms": 9.777999877929688,
    "wait_cost": 0.015999794006347656
}
