{
    "child_model_execute_cost_by_ms": [
        6.315999984741211
    ],
    "child_model_run_time": [
        [
            38072473,
            38078789
        ]
    ],
    "execute_cost": 6.315999984741211,
    "finish_time": 38078799,
    "limit_cost_by_ms": 6.0883331298828125,
    "model_name": "yolov2",
    "recv_time": 38057536,
    "tag": "852",
    "total_cost_by_ms": 21.26300048828125,
    "wait_cost": 14.947000503540039
}
