{
    "child_model_execute_cost_by_ms": [
        15.194999694824219,
        9.461000442504883
    ],
    "child_model_run_time": [
        [
            10096184,
            10111379
        ],
        [
            10121888,
            10131349
        ]
    ],
    "execute_cost": 24.6560001373291,
    "finish_time": 10131357,
    "limit_cost_by_ms": 19.025999069213867,
    "model_name": "resnet50",
    "recv_time": 10066869,
    "tag": "103",
    "total_cost_by_ms": 64.48799896240234,
    "wait_cost": 39.832000732421875
}
