{
    "child_model_execute_cost_by_ms": [
        17.9060001373291,
        18.490999221801758,
        20.854000091552734
    ],
    "child_model_run_time": [
        [
            10950709,
            10968615
        ],
        [
            11003840,
            11022331
        ],
        [
            11022430,
            11043284
        ]
    ],
    "execute_cost": 57.250999450683594,
    "finish_time": 11043289,
    "limit_cost_by_ms": 47.35933303833008,
    "model_name": "vgg19",
    "recv_time": 10928737,
    "tag": "132",
    "total_cost_by_ms": 114.552001953125,
    "wait_cost": 57.301002502441406
}
