{
    "child_model_execute_cost_by_ms": [
        9.91100025177002
    ],
    "child_model_run_time": [
        [
            11284594,
            11294505
        ]
    ],
    "execute_cost": 9.91100025177002,
    "finish_time": 11294511,
    "limit_cost_by_ms": 8.99233341217041,
    "model_name": "googlenet",
    "recv_time": 11266207,
    "tag": "155",
    "total_cost_by_ms": 28.304000854492188,
    "wait_cost": 18.393001556396484
}
