{
    "child_model_execute_cost_by_ms": [
        15.517000198364258,
        9.583000183105469
    ],
    "child_model_run_time": [
        [
            11639887,
            11655404
        ],
        [
            11666138,
            11675721
        ]
    ],
    "execute_cost": 25.100000381469727,
    "finish_time": 11675729,
    "limit_cost_by_ms": 19.025999069213867,
    "model_name": "resnet50",
    "recv_time": 11632224,
    "tag": "171",
    "total_cost_by_ms": 43.505001068115234,
    "wait_cost": 18.405000686645508
}
