{
    "child_model_execute_cost_by_ms": [
        19.10700035095215,
        17.72800064086914,
        20.58799934387207
    ],
    "child_model_run_time": [
        [
            11808055,
            11827162
        ],
        [
            11836803,
            11854531
        ],
        [
            11887529,
            11908117
        ]
    ],
    "execute_cost": 57.422996520996094,
    "finish_time": 11908123,
    "limit_cost_by_ms": 47.41600036621094,
    "model_name": "vgg19",
    "recv_time": 11778318,
    "tag": "179",
    "total_cost_by_ms": 129.80499267578125,
    "wait_cost": 72.38199615478516
}
