{
    "child_model_execute_cost_by_ms": [
        7.5229997634887695
    ],
    "child_model_run_time": [
        [
            12515777,
            12523300
        ]
    ],
    "execute_cost": 7.5229997634887695,
    "finish_time": 12523307,
    "limit_cost_by_ms": 7.323999881744385,
    "model_name": "squeezenetv1",
    "recv_time": 12505821,
    "tag": "209",
    "total_cost_by_ms": 17.486000061035156,
    "wait_cost": 9.963000297546387
}
