{
    "child_model_execute_cost_by_ms": [
        7.7210001945495605
    ],
    "child_model_run_time": [
        [
            12625840,
            12633561
        ]
    ],
    "execute_cost": 7.7210001945495605,
    "finish_time": 12633566,
    "limit_cost_by_ms": 7.323999881744385,
    "model_name": "squeezenetv1",
    "recv_time": 12612391,
    "tag": "214",
    "total_cost_by_ms": 21.174999237060547,
    "wait_cost": 13.453998565673828
}
