{
    "child_model_execute_cost_by_ms": [
        15.532999992370605,
        8.937999725341797
    ],
    "child_model_run_time": [
        [
            12780473,
            12796006
        ],
        [
            12796034,
            12804972
        ]
    ],
    "execute_cost": 24.47100067138672,
    "finish_time": 12804977,
    "limit_cost_by_ms": 18.94266700744629,
    "model_name": "resnet50",
    "recv_time": 12770127,
    "tag": "221",
    "total_cost_by_ms": 34.849998474121094,
    "wait_cost": 10.378997802734375
}
