{
    "child_model_execute_cost_by_ms": [
        15.142999649047852,
        9.477999687194824
    ],
    "child_model_run_time": [
        [
            14023507,
            14038650
        ],
        [
            14048981,
            14058459
        ]
    ],
    "execute_cost": 24.62099838256836,
    "finish_time": 14058470,
    "limit_cost_by_ms": 18.94266700744629,
    "model_name": "resnet50",
    "recv_time": 14004672,
    "tag": "274",
    "total_cost_by_ms": 53.79800033569336,
    "wait_cost": 29.177001953125
}
