{
    "child_model_execute_cost_by_ms": [
        15.633999824523926,
        9.678000450134277
    ],
    "child_model_run_time": [
        [
            14733178,
            14748812
        ],
        [
            14767789,
            14777467
        ]
    ],
    "execute_cost": 25.312000274658203,
    "finish_time": 14777477,
    "limit_cost_by_ms": 18.94266700744629,
    "model_name": "resnet50",
    "recv_time": 14721621,
    "tag": "303",
    "total_cost_by_ms": 55.85599899291992,
    "wait_cost": 30.54399871826172
}
