{
    "child_model_execute_cost_by_ms": [
        18.322999954223633,
        19.22800064086914,
        20.711000442504883
    ],
    "child_model_run_time": [
        [
            14974627,
            14992950
        ],
        [
            15035268,
            15054496
        ],
        [
            15054585,
            15075296
        ]
    ],
    "execute_cost": 58.262001037597656,
    "finish_time": 15075302,
    "limit_cost_by_ms": 47.29133224487305,
    "model_name": "vgg19",
    "recv_time": 14974479,
    "tag": "315",
    "total_cost_by_ms": 100.822998046875,
    "wait_cost": 42.560997009277344
}
