{
    "child_model_execute_cost_by_ms": [
        9.920999526977539
    ],
    "child_model_run_time": [
        [
            16695421,
            16705342
        ]
    ],
    "execute_cost": 9.920999526977539,
    "finish_time": 16705350,
    "limit_cost_by_ms": 8.99233341217041,
    "model_name": "googlenet",
    "recv_time": 16692787,
    "tag": "389",
    "total_cost_by_ms": 12.562999725341797,
    "wait_cost": 2.642000198364258
}
