{
    "child_model_execute_cost_by_ms": [
        15.107000350952148,
        8.772000312805176
    ],
    "child_model_run_time": [
        [
            17079005,
            17094112
        ],
        [
            17094206,
            17102978
        ]
    ],
    "execute_cost": 23.87900161743164,
    "finish_time": 17102985,
    "limit_cost_by_ms": 18.94266700744629,
    "model_name": "resnet50",
    "recv_time": 17078847,
    "tag": "402",
    "total_cost_by_ms": 24.13800048828125,
    "wait_cost": 0.2589988708496094
}
