{
    "child_model_execute_cost_by_ms": [
        15.03600025177002,
        9.015999794006348
    ],
    "child_model_run_time": [
        [
            17614327,
            17629363
        ],
        [
            17629454,
            17638470
        ]
    ],
    "execute_cost": 24.052000045776367,
    "finish_time": 17638477,
    "limit_cost_by_ms": 18.94266700744629,
    "model_name": "resnet50",
    "recv_time": 17586476,
    "tag": "425",
    "total_cost_by_ms": 52.000999450683594,
    "wait_cost": 27.948999404907227
}
