{
    "child_model_execute_cost_by_ms": [
        15.0600004196167,
        8.932999610900879
    ],
    "child_model_run_time": [
        [
            18562671,
            18577731
        ],
        [
            18577824,
            18586757
        ]
    ],
    "execute_cost": 23.993000030517578,
    "finish_time": 18586762,
    "limit_cost_by_ms": 18.94266700744629,
    "model_name": "resnet50",
    "recv_time": 18547912,
    "tag": "464",
    "total_cost_by_ms": 38.849998474121094,
    "wait_cost": 14.856998443603516
}
