{
    "child_model_execute_cost_by_ms": [
        15.869999885559082,
        9.697999954223633
    ],
    "child_model_run_time": [
        [
            18903600,
            18919470
        ],
        [
            18929872,
            18939570
        ]
    ],
    "execute_cost": 25.56800079345703,
    "finish_time": 18939580,
    "limit_cost_by_ms": 18.94266700744629,
    "model_name": "resnet50",
    "recv_time": 18892533,
    "tag": "479",
    "total_cost_by_ms": 47.047000885009766,
    "wait_cost": 21.479000091552734
}
