{
    "child_model_execute_cost_by_ms": [
        19.41900062561035,
        18.204999923706055,
        21.172000885009766
    ],
    "child_model_run_time": [
        [
            18819048,
            18838467
        ],
        [
            18838561,
            18856766
        ],
        [
            18901184,
            18922356
        ]
    ],
    "execute_cost": 58.79600143432617,
    "finish_time": 18922364,
    "limit_cost_by_ms": 47.29133224487305,
    "model_name": "vgg19",
    "recv_time": 18798942,
    "tag": "477",
    "total_cost_by_ms": 123.4219970703125,
    "wait_cost": 64.62599182128906
}
