{
    "child_model_execute_cost_by_ms": [
        7.625999927520752
    ],
    "child_model_run_time": [
        [
            18940810,
            18948436
        ]
    ],
    "execute_cost": 7.625999927520752,
    "finish_time": 18948445,
    "limit_cost_by_ms": 7.37333345413208,
    "model_name": "squeezenetv1",
    "recv_time": 18925790,
    "tag": "483",
    "total_cost_by_ms": 22.655000686645508,
    "wait_cost": 15.029001235961914
}
