{
    "child_model_execute_cost_by_ms": [
        19.107999801635742,
        18.226999282836914,
        21.621000289916992
    ],
    "child_model_run_time": [
        [
            19431695,
            19450803
        ],
        [
            19459443,
            19477670
        ],
        [
            19512478,
            19534099
        ]
    ],
    "execute_cost": 58.95600128173828,
    "finish_time": 19534108,
    "limit_cost_by_ms": 47.29133224487305,
    "model_name": "vgg19",
    "recv_time": 19415669,
    "tag": "502",
    "total_cost_by_ms": 118.43900299072266,
    "wait_cost": 59.483001708984375
}
