{
    "child_model_execute_cost_by_ms": [
        15.642000198364258,
        9.777999877929688
    ],
    "child_model_run_time": [
        [
            9003093,
            9018735
        ],
        [
            9018839,
            9028617
        ]
    ],
    "execute_cost": 25.420000076293945,
    "finish_time": 9028624,
    "limit_cost_by_ms": 19.025999069213867,
    "model_name": "resnet50",
    "recv_time": 8982465,
    "tag": "57",
    "total_cost_by_ms": 46.159000396728516,
    "wait_cost": 20.73900032043457
}
