{
    "child_model_execute_cost_by_ms": [
        10.32699966430664
    ],
    "child_model_run_time": [
        [
            22143463,
            22153790
        ]
    ],
    "execute_cost": 10.32699966430664,
    "finish_time": 22153802,
    "limit_cost_by_ms": 8.976666450500488,
    "model_name": "googlenet",
    "recv_time": 22131497,
    "tag": "617",
    "total_cost_by_ms": 22.30500030517578,
    "wait_cost": 11.97800064086914
}
