{
    "child_model_execute_cost_by_ms": [
        8.418999671936035
    ],
    "child_model_run_time": [
        [
            22529476,
            22537895
        ]
    ],
    "execute_cost": 8.418999671936035,
    "finish_time": 22537907,
    "limit_cost_by_ms": 7.37333345413208,
    "model_name": "squeezenetv1",
    "recv_time": 22511135,
    "tag": "632",
    "total_cost_by_ms": 26.77199935913086,
    "wait_cost": 18.35300064086914
}
