{
    "child_model_execute_cost_by_ms": [
        10.428000450134277
    ],
    "child_model_run_time": [
        [
            22756200,
            22766628
        ]
    ],
    "execute_cost": 10.428000450134277,
    "finish_time": 22766641,
    "limit_cost_by_ms": 8.976666450500488,
    "model_name": "googlenet",
    "recv_time": 22745904,
    "tag": "642",
    "total_cost_by_ms": 20.73699951171875,
    "wait_cost": 10.308999061584473
}
