{
    "child_model_execute_cost_by_ms": [
        18.702999114990234,
        17.590999603271484,
        21.055999755859375
    ],
    "child_model_run_time": [
        [
            9345687,
            9364390
        ],
        [
            9364476,
            9382067
        ],
        [
            9425495,
            9446551
        ]
    ],
    "execute_cost": 57.349998474121094,
    "finish_time": 9446560,
    "limit_cost_by_ms": 47.35933303833008,
    "model_name": "vgg19",
    "recv_time": 9319557,
    "tag": "65",
    "total_cost_by_ms": 127.00299835205078,
    "wait_cost": 69.65299987792969
}
