{
    "child_model_execute_cost_by_ms": [
        8.406999588012695
    ],
    "child_model_run_time": [
        [
            24957446,
            24965853
        ]
    ],
    "execute_cost": 8.406999588012695,
    "finish_time": 24965862,
    "limit_cost_by_ms": 7.37333345413208,
    "model_name": "squeezenetv1",
    "recv_time": 24955831,
    "tag": "734",
    "total_cost_by_ms": 10.031000137329102,
    "wait_cost": 1.6240005493164063
}
