{
    "child_model_execute_cost_by_ms": [
        14.98799991607666,
        9.029000282287598
    ],
    "child_model_run_time": [
        [
            25237903,
            25252891
        ],
        [
            25252976,
            25262005
        ]
    ],
    "execute_cost": 24.017000198364258,
    "finish_time": 25262009,
    "limit_cost_by_ms": 18.94266700744629,
    "model_name": "resnet50",
    "recv_time": 25200286,
    "tag": "744",
    "total_cost_by_ms": 61.722999572753906,
    "wait_cost": 37.70600128173828
}
