{
    "child_model_execute_cost_by_ms": [
        10.378999710083008
    ],
    "child_model_run_time": [
        [
            25613220,
            25623599
        ]
    ],
    "execute_cost": 10.378999710083008,
    "finish_time": 25623611,
    "limit_cost_by_ms": 8.99233341217041,
    "model_name": "googlenet",
    "recv_time": 25608788,
    "tag": "761",
    "total_cost_by_ms": 14.822999954223633,
    "wait_cost": 4.444000244140625
}
