{
    "child_model_execute_cost_by_ms": [
        14.9350004196167,
        8.942999839782715
    ],
    "child_model_run_time": [
        [
            27227020,
            27241955
        ],
        [
            27241984,
            27250927
        ]
    ],
    "execute_cost": 23.878000259399414,
    "finish_time": 27250932,
    "limit_cost_by_ms": 19.025999069213867,
    "model_name": "resnet50",
    "recv_time": 27198493,
    "tag": "825",
    "total_cost_by_ms": 52.43899917602539,
    "wait_cost": 28.560998916625977
}
