{
    "child_model_execute_cost_by_ms": [
        8.586000442504883
    ],
    "child_model_run_time": [
        [
            27902543,
            27911129
        ]
    ],
    "execute_cost": 8.586000442504883,
    "finish_time": 27911136,
    "limit_cost_by_ms": 7.323999881744385,
    "model_name": "squeezenetv1",
    "recv_time": 27891757,
    "tag": "858",
    "total_cost_by_ms": 19.378999710083008,
    "wait_cost": 10.792999267578125
}
