{
    "child_model_execute_cost_by_ms": [
        8.506999969482422
    ],
    "child_model_run_time": [
        [
            29122277,
            29130784
        ]
    ],
    "execute_cost": 8.506999969482422,
    "finish_time": 29130790,
    "limit_cost_by_ms": 7.323999881744385,
    "model_name": "squeezenetv1",
    "recv_time": 29113369,
    "tag": "911",
    "total_cost_by_ms": 17.42099952697754,
    "wait_cost": 8.913999557495117
}
