{
    "child_model_execute_cost_by_ms": [
        15.277999877929688,
        9.281999588012695
    ],
    "child_model_run_time": [
        [
            30042157,
            30057435
        ],
        [
            30057479,
            30066761
        ]
    ],
    "execute_cost": 24.559999465942383,
    "finish_time": 30066768,
    "limit_cost_by_ms": 19.025999069213867,
    "model_name": "resnet50",
    "recv_time": 30042000,
    "tag": "942",
    "total_cost_by_ms": 24.76799964904785,
    "wait_cost": 0.20800018310546875
}
