{
    "child_model_execute_cost_by_ms": [
        10.58899974822998
    ],
    "child_model_run_time": [
        [
            30853041,
            30863630
        ]
    ],
    "execute_cost": 10.58899974822998,
    "finish_time": 30863640,
    "limit_cost_by_ms": 8.976666450500488,
    "model_name": "googlenet",
    "recv_time": 30848762,
    "tag": "984",
    "total_cost_by_ms": 14.878000259399414,
    "wait_cost": 4.289000511169434
}
