{
    "child_model_execute_cost_by_ms": [
        20.143999099731445
    ],
    "child_model_run_time": [
        [
            26136096,
            26156240
        ]
    ],
    "execute_cost": 20.143999099731445,
    "finish_time": 26156247,
    "limit_cost_by_ms": 18.81100082397461,
    "model_name": "resnet50",
    "recv_time": 26135910,
    "tag": "782",
    "total_cost_by_ms": 20.336999893188477,
    "wait_cost": 0.19300079345703125
}
