{
    "child_model_execute_cost_by_ms": [
        11.862000465393066
    ],
    "child_model_run_time": [
        [
            18157886,
            18169748
        ]
    ],
    "execute_cost": 11.862000465393066,
    "finish_time": 18169757,
    "limit_cost_by_ms": 9.04366683959961,
    "model_name": "googlenet",
    "recv_time": 18147163,
    "tag": "5",
    "total_cost_by_ms": 22.5939998626709,
    "wait_cost": 10.731999397277832
}
