{
    "child_model_execute_cost_by_ms": [
        7.53000020980835
    ],
    "child_model_run_time": [
        [
            24839081,
            24846611
        ]
    ],
    "execute_cost": 7.53000020980835,
    "finish_time": 24846622,
    "limit_cost_by_ms": 5.986999988555908,
    "model_name": "yolov2",
    "recv_time": 24824528,
    "tag": "286",
    "total_cost_by_ms": 22.0939998626709,
    "wait_cost": 14.56399917602539
}
