{
    "child_model_execute_cost_by_ms": [
        10.027000427246094
    ],
    "child_model_run_time": [
        [
            27311179,
            27321206
        ]
    ],
    "execute_cost": 10.027000427246094,
    "finish_time": 27321215,
    "limit_cost_by_ms": 9.04366683959961,
    "model_name": "googlenet",
    "recv_time": 27302820,
    "tag": "393",
    "total_cost_by_ms": 18.395000457763672,
    "wait_cost": 8.368000030517578
}
