{
    "child_model_execute_cost_by_ms": [
        11.895000457763672
    ],
    "child_model_run_time": [
        [
            32160768,
            32172663
        ]
    ],
    "execute_cost": 11.895000457763672,
    "finish_time": 32172673,
    "limit_cost_by_ms": 9.04366683959961,
    "model_name": "googlenet",
    "recv_time": 32142366,
    "tag": "600",
    "total_cost_by_ms": 30.30699920654297,
    "wait_cost": 18.411998748779297
}
