{
    "child_model_execute_cost_by_ms": [
        18.829999923706055,
        16.81100082397461,
        22.642000198364258
    ],
    "child_model_run_time": [
        [
            32416645,
            32435475
        ],
        [
            32435510,
            32452321
        ],
        [
            32511025,
            32533667
        ]
    ],
    "execute_cost": 58.282997131347656,
    "finish_time": 32533673,
    "limit_cost_by_ms": 46.6523323059082,
    "model_name": "vgg19",
    "recv_time": 32416589,
    "tag": "612",
    "total_cost_by_ms": 117.08399963378906,
    "wait_cost": 58.801002502441406
}
