{
    "child_model_execute_cost_by_ms": [
        12.282999992370605
    ],
    "child_model_run_time": [
        [
            32837241,
            32849524
        ]
    ],
    "execute_cost": 12.282999992370605,
    "finish_time": 32849532,
    "limit_cost_by_ms": 7.00933313369751,
    "model_name": "gpt128v2",
    "recv_time": 32825402,
    "tag": "630",
    "total_cost_by_ms": 24.1299991607666,
    "wait_cost": 11.846999168395996
}
