{
    "child_model_execute_cost_by_ms": [
        6.816999912261963
    ],
    "child_model_run_time": [
        [
            33377692,
            33384509
        ]
    ],
    "execute_cost": 6.816999912261963,
    "finish_time": 33384519,
    "limit_cost_by_ms": 5.986999988555908,
    "model_name": "yolov2",
    "recv_time": 33363334,
    "tag": "654",
    "total_cost_by_ms": 21.184999465942383,
    "wait_cost": 14.368000030517578
}
