{
    "child_model_execute_cost_by_ms": [
        13.065999984741211
    ],
    "child_model_run_time": [
        [
            33835390,
            33848456
        ]
    ],
    "execute_cost": 13.065999984741211,
    "finish_time": 33848466,
    "limit_cost_by_ms": 7.00933313369751,
    "model_name": "gpt128v2",
    "recv_time": 33833502,
    "tag": "674",
    "total_cost_by_ms": 14.96399974822998,
    "wait_cost": 1.8979997634887695
}
