{
    "child_model_execute_cost_by_ms": [
        12.984000205993652
    ],
    "child_model_run_time": [
        [
            41344620,
            41357604
        ]
    ],
    "execute_cost": 12.984000205993652,
    "finish_time": 41357614,
    "limit_cost_by_ms": 9.04366683959961,
    "model_name": "googlenet",
    "recv_time": 41334765,
    "tag": "993",
    "total_cost_by_ms": 22.849000930786133,
    "wait_cost": 9.86500072479248
}
