{
    "child_model_execute_cost_by_ms": [
        20.570999145507813
    ],
    "child_model_run_time": [
        [
            13321342,
            13341913
        ]
    ],
    "execute_cost": 20.570999145507813,
    "finish_time": 13341923,
    "limit_cost_by_ms": 18.898332595825195,
    "model_name": "resnet50",
    "recv_time": 13268406,
    "tag": "230",
    "total_cost_by_ms": 73.51699829101563,
    "wait_cost": 52.94599914550781
}
