{
    "child_model_execute_cost_by_ms": [
        8.949000358581543
    ],
    "child_model_run_time": [
        [
            29299791,
            29308740
        ]
    ],
    "execute_cost": 8.949000358581543,
    "finish_time": 29308749,
    "limit_cost_by_ms": 7.425666809082031,
    "model_name": "squeezenetv1",
    "recv_time": 29117556,
    "tag": "877",
    "total_cost_by_ms": 191.1929931640625,
    "wait_cost": 182.24398803710938
}
