{
    "child_model_execute_cost_by_ms": [
        8.388999938964844
    ],
    "child_model_run_time": [
        [
            19183049,
            19191438
        ]
    ],
    "execute_cost": 8.388999938964844,
    "finish_time": 19191449,
    "limit_cost_by_ms": 7.206333160400391,
    "model_name": "squeezenetv1",
    "recv_time": 19176266,
    "tag": "546",
    "total_cost_by_ms": 15.182999610900879,
    "wait_cost": 6.793999671936035
}
