{
    "child_model_execute_cost_by_ms": [
        9.944999694824219
    ],
    "child_model_run_time": [
        [
            17358207,
            17368152
        ]
    ],
    "execute_cost": 9.944999694824219,
    "finish_time": 17368162,
    "limit_cost_by_ms": 8.803999900817871,
    "model_name": "googlenet",
    "recv_time": 17358026,
    "tag": "418",
    "total_cost_by_ms": 10.13599967956543,
    "wait_cost": 0.19099998474121094
}
