{
    "child_model_execute_cost_by_ms": [
        44.91400146484375
    ],
    "child_model_run_time": [
        [
            28348751,
            28393665
        ]
    ],
    "execute_cost": 44.91400146484375,
    "finish_time": 28393670,
    "limit_cost_by_ms": 47.34299850463867,
    "model_name": "vgg19",
    "recv_time": 28348518,
    "tag": "902",
    "total_cost_by_ms": 45.152000427246094,
    "wait_cost": 0.23799896240234375
}
