{
    "child_model_execute_cost_by_ms": [
        15.597000122070313,
        9.230999946594238
    ],
    "child_model_run_time": [
        [
            14544801,
            14560398
        ],
        [
            14560448,
            14569679
        ]
    ],
    "execute_cost": 24.827999114990234,
    "finish_time": 14569687,
    "limit_cost_by_ms": 18.999332427978516,
    "model_name": "resnet50",
    "recv_time": 14531171,
    "tag": "269",
    "total_cost_by_ms": 38.51599884033203,
    "wait_cost": 13.687999725341797
}
