{
    "child_model_execute_cost_by_ms": [
        15.208000183105469,
        8.57699966430664
    ],
    "child_model_run_time": [
        [
            21780570,
            21795778
        ],
        [
            21795870,
            21804447
        ]
    ],
    "execute_cost": 23.78499984741211,
    "finish_time": 21804453,
    "limit_cost_by_ms": 18.999332427978516,
    "model_name": "resnet50",
    "recv_time": 21780421,
    "tag": "561",
    "total_cost_by_ms": 24.031999588012695,
    "wait_cost": 0.24699974060058594
}
