{
    "child_model_execute_cost_by_ms": [
        10.133000373840332
    ],
    "child_model_run_time": [
        [
            9348125,
            9358258
        ]
    ],
    "execute_cost": 10.133000373840332,
    "finish_time": 9358265,
    "limit_cost_by_ms": 8.904333114624023,
    "model_name": "googlenet",
    "recv_time": 9347997,
    "tag": "61",
    "total_cost_by_ms": 10.267999649047852,
    "wait_cost": 0.13499927520751953
}
