{
    "child_model_execute_cost_by_ms": [
        8.508000373840332
    ],
    "child_model_run_time": [
        [
            31428382,
            31436890
        ]
    ],
    "execute_cost": 8.508000373840332,
    "finish_time": 31436904,
    "limit_cost_by_ms": 7.2756667137146,
    "model_name": "squeezenetv1",
    "recv_time": 31416922,
    "tag": "945",
    "total_cost_by_ms": 19.98200035095215,
    "wait_cost": 11.473999977111816
}
