{
    "child_model_execute_cost_by_ms": [
        8.824000358581543
    ],
    "child_model_run_time": [
        [
            10748480,
            10757304
        ]
    ],
    "execute_cost": 8.824000358581543,
    "finish_time": 10757317,
    "limit_cost_by_ms": 7.3416666984558105,
    "model_name": "squeezenetv1",
    "recv_time": 10723549,
    "tag": "134",
    "total_cost_by_ms": 33.768001556396484,
    "wait_cost": 24.944000244140625
}
