{
    "child_model_execute_cost_by_ms": [
        10.074000358581543
    ],
    "child_model_run_time": [
        [
            12413237,
            12423311
        ]
    ],
    "execute_cost": 10.074000358581543,
    "finish_time": 12423319,
    "limit_cost_by_ms": 9.093667030334473,
    "model_name": "googlenet",
    "recv_time": 12401592,
    "tag": "206",
    "total_cost_by_ms": 21.726999282836914,
    "wait_cost": 11.652998924255371
}
