{
    "child_model_execute_cost_by_ms": [
        8.045999526977539
    ],
    "child_model_run_time": [
        [
            13418502,
            13426548
        ]
    ],
    "execute_cost": 8.045999526977539,
    "finish_time": 13426555,
    "limit_cost_by_ms": 7.3416666984558105,
    "model_name": "squeezenetv1",
    "recv_time": 13409789,
    "tag": "251",
    "total_cost_by_ms": 16.766000747680664,
    "wait_cost": 8.720001220703125
}
