{
    "child_model_execute_cost_by_ms": [
        49.98500061035156
    ],
    "child_model_run_time": [
        [
            13808565,
            13858550
        ]
    ],
    "execute_cost": 49.98500061035156,
    "finish_time": 13858556,
    "limit_cost_by_ms": 47.59700012207031,
    "model_name": "vgg19",
    "recv_time": 13783032,
    "tag": "266",
    "total_cost_by_ms": 75.52400207519531,
    "wait_cost": 25.53900146484375
}
