{
    "child_model_execute_cost_by_ms": [
        8.6899995803833
    ],
    "child_model_run_time": [
        [
            8560595,
            8569285
        ]
    ],
    "execute_cost": 8.6899995803833,
    "finish_time": 8569300,
    "limit_cost_by_ms": 7.3416666984558105,
    "model_name": "squeezenetv1",
    "recv_time": 8548853,
    "tag": "41",
    "total_cost_by_ms": 20.44700050354004,
    "wait_cost": 11.757000923156738
}
