{
    "child_model_execute_cost_by_ms": [
        9.128000259399414
    ],
    "child_model_run_time": [
        [
            19502569,
            19511697
        ]
    ],
    "execute_cost": 9.128000259399414,
    "finish_time": 19511709,
    "limit_cost_by_ms": 7.3416666984558105,
    "model_name": "squeezenetv1",
    "recv_time": 19482477,
    "tag": "503",
    "total_cost_by_ms": 29.23200035095215,
    "wait_cost": 20.104000091552734
}
