{
    "child_model_execute_cost_by_ms": [
        8.939000129699707
    ],
    "child_model_run_time": [
        [
            21405551,
            21414490
        ]
    ],
    "execute_cost": 8.939000129699707,
    "finish_time": 21414502,
    "limit_cost_by_ms": 7.35966682434082,
    "model_name": "squeezenetv1",
    "recv_time": 21371503,
    "tag": "584",
    "total_cost_by_ms": 42.999000549316406,
    "wait_cost": 34.060001373291016
}
