{
    "child_model_execute_cost_by_ms": [
        50.74800109863281
    ],
    "child_model_run_time": [
        [
            21973156,
            22023904
        ]
    ],
    "execute_cost": 50.74800109863281,
    "finish_time": 22023908,
    "limit_cost_by_ms": 47.59700012207031,
    "model_name": "vgg19",
    "recv_time": 21946256,
    "tag": "605",
    "total_cost_by_ms": 77.6520004272461,
    "wait_cost": 26.90399932861328
}
