{
    "child_model_execute_cost_by_ms": [
        10.729999542236328
    ],
    "child_model_run_time": [
        [
            24138138,
            24148868
        ]
    ],
    "execute_cost": 10.729999542236328,
    "finish_time": 24148880,
    "limit_cost_by_ms": 9.093667030334473,
    "model_name": "googlenet",
    "recv_time": 23930444,
    "tag": "692",
    "total_cost_by_ms": 218.43600463867188,
    "wait_cost": 207.7060089111328
}
