{
    "child_model_execute_cost_by_ms": [
        49.69499969482422
    ],
    "child_model_run_time": [
        [
            24768511,
            24818206
        ]
    ],
    "execute_cost": 49.69499969482422,
    "finish_time": 24818213,
    "limit_cost_by_ms": 47.59700012207031,
    "model_name": "vgg19",
    "recv_time": 24441983,
    "tag": "716",
    "total_cost_by_ms": 376.2300109863281,
    "wait_cost": 326.5350036621094
}
