{
    "child_model_execute_cost_by_ms": [
        10.871000289916992
    ],
    "child_model_run_time": [
        [
            26364027,
            26374898
        ]
    ],
    "execute_cost": 10.871000289916992,
    "finish_time": 26374910,
    "limit_cost_by_ms": 9.093667030334473,
    "model_name": "googlenet",
    "recv_time": 26311057,
    "tag": "793",
    "total_cost_by_ms": 63.85300064086914,
    "wait_cost": 52.98200225830078
}
