{
    "child_model_execute_cost_by_ms": [
        10.934000015258789
    ],
    "child_model_run_time": [
        [
            28001867,
            28012801
        ]
    ],
    "execute_cost": 10.934000015258789,
    "finish_time": 28012813,
    "limit_cost_by_ms": 9.093667030334473,
    "model_name": "googlenet",
    "recv_time": 27975584,
    "tag": "862",
    "total_cost_by_ms": 37.229000091552734,
    "wait_cost": 26.295000076293945
}
