{
    "child_model_execute_cost_by_ms": [
        8.895000457763672
    ],
    "child_model_run_time": [
        [
            28239502,
            28248397
        ]
    ],
    "execute_cost": 8.895000457763672,
    "finish_time": 28248408,
    "limit_cost_by_ms": 7.3416666984558105,
    "model_name": "squeezenetv1",
    "recv_time": 28217574,
    "tag": "871",
    "total_cost_by_ms": 30.833999633789063,
    "wait_cost": 21.93899917602539
}
