{
    "child_model_execute_cost_by_ms": [
        51.39099884033203
    ],
    "child_model_run_time": [
        [
            30337823,
            30389214
        ]
    ],
    "execute_cost": 51.39099884033203,
    "finish_time": 30389220,
    "limit_cost_by_ms": 47.59700012207031,
    "model_name": "vgg19",
    "recv_time": 29837955,
    "tag": "937",
    "total_cost_by_ms": 551.2650146484375,
    "wait_cost": 499.8740234375
}
