{
    "child_model_execute_cost_by_ms": [
        50.98899841308594
    ],
    "child_model_run_time": [
        [
            30729514,
            30780503
        ]
    ],
    "execute_cost": 50.98899841308594,
    "finish_time": 30780509,
    "limit_cost_by_ms": 47.59700012207031,
    "model_name": "vgg19",
    "recv_time": 30200345,
    "tag": "953",
    "total_cost_by_ms": 580.1640014648438,
    "wait_cost": 529.1749877929688
}
