{
    "child_model_execute_cost_by_ms": [
        44.77299880981445
    ],
    "child_model_run_time": [
        [
            12103922,
            12148695
        ]
    ],
    "execute_cost": 44.77299880981445,
    "finish_time": 12148699,
    "limit_cost_by_ms": 47.27466583251953,
    "model_name": "vgg19",
    "recv_time": 12103755,
    "tag": "186",
    "total_cost_by_ms": 44.944000244140625,
    "wait_cost": 0.17100143432617188
}
