{
    "child_model_execute_cost_by_ms": [
        8.121999740600586
    ],
    "child_model_run_time": [
        [
            8488993,
            8497115
        ]
    ],
    "execute_cost": 8.121999740600586,
    "finish_time": 8497124,
    "limit_cost_by_ms": 7.119999885559082,
    "model_name": "squeezenetv1",
    "recv_time": 8488885,
    "tag": "28",
    "total_cost_by_ms": 8.23900032043457,
    "wait_cost": 0.11700057983398438
}
