{
    "child_model_execute_cost_by_ms": [
        8.781000137329102
    ],
    "child_model_run_time": [
        [
            15769214,
            15777995
        ]
    ],
    "execute_cost": 8.781000137329102,
    "finish_time": 15778001,
    "limit_cost_by_ms": 7.119999885559082,
    "model_name": "squeezenetv1",
    "recv_time": 15763788,
    "tag": "344",
    "total_cost_by_ms": 14.213000297546387,
    "wait_cost": 5.432000160217285
}
