{
    "child_model_execute_cost_by_ms": [
        20.867000579833984
    ],
    "child_model_run_time": [
        [
            16739363,
            16760230
        ]
    ],
    "execute_cost": 20.867000579833984,
    "finish_time": 16760235,
    "limit_cost_by_ms": 18.888334274291992,
    "model_name": "resnet50",
    "recv_time": 16695690,
    "tag": "386",
    "total_cost_by_ms": 64.54499816894531,
    "wait_cost": 43.67799758911133
}
