{
    "child_model_execute_cost_by_ms": [
        8.717000007629395
    ],
    "child_model_run_time": [
        [
            16814738,
            16823455
        ]
    ],
    "execute_cost": 8.717000007629395,
    "finish_time": 16823461,
    "limit_cost_by_ms": 7.119999885559082,
    "model_name": "squeezenetv1",
    "recv_time": 16776202,
    "tag": "389",
    "total_cost_by_ms": 47.25899887084961,
    "wait_cost": 38.54199981689453
}
