{
    "child_model_execute_cost_by_ms": [
        53.87900161743164
    ],
    "child_model_run_time": [
        [
            7924588,
            7978467
        ]
    ],
    "execute_cost": 53.87900161743164,
    "finish_time": 7978472,
    "limit_cost_by_ms": 47.27466583251953,
    "model_name": "vgg19",
    "recv_time": 7924532,
    "tag": "5",
    "total_cost_by_ms": 53.939998626708984,
    "wait_cost": 0.06099700927734375
}
