{
    "child_model_execute_cost_by_ms": [
        45.14099884033203
    ],
    "child_model_run_time": [
        [
            17485505,
            17530646
        ]
    ],
    "execute_cost": 45.14099884033203,
    "finish_time": 17530650,
    "limit_cost_by_ms": 47.27466583251953,
    "model_name": "vgg19",
    "recv_time": 17485341,
    "tag": "419",
    "total_cost_by_ms": 45.308998107910156,
    "wait_cost": 0.167999267578125
}
