{
    "child_model_execute_cost_by_ms": [
        9.817999839782715
    ],
    "child_model_run_time": [
        [
            9208118,
            9217936
        ]
    ],
    "execute_cost": 9.817999839782715,
    "finish_time": 9217948,
    "limit_cost_by_ms": 8.60966682434082,
    "model_name": "googlenet",
    "recv_time": 9207999,
    "tag": "59",
    "total_cost_by_ms": 9.949000358581543,
    "wait_cost": 0.13100051879882813
}
