{
    "child_model_execute_cost_by_ms": [
        9.842000007629395
    ],
    "child_model_run_time": [
        [
            15160040,
            15169882
        ]
    ],
    "execute_cost": 9.842000007629395,
    "finish_time": 15169894,
    "limit_cost_by_ms": 8.710000038146973,
    "model_name": "googlenet",
    "recv_time": 15140754,
    "tag": "314",
    "total_cost_by_ms": 29.139999389648438,
    "wait_cost": 19.29800033569336
}
