{
    "child_model_execute_cost_by_ms": [
        44.641998291015625
    ],
    "child_model_run_time": [
        [
            22723787,
            22768429
        ]
    ],
    "execute_cost": 44.641998291015625,
    "finish_time": 22768437,
    "limit_cost_by_ms": 46.8553352355957,
    "model_name": "vgg19",
    "recv_time": 22723771,
    "tag": "635",
    "total_cost_by_ms": 44.66600036621094,
    "wait_cost": 0.0240020751953125
}
