{
    "child_model_execute_cost_by_ms": [
        10.574999809265137
    ],
    "child_model_run_time": [
        [
            23718024,
            23728599
        ]
    ],
    "execute_cost": 10.574999809265137,
    "finish_time": 23728605,
    "limit_cost_by_ms": 8.710000038146973,
    "model_name": "googlenet",
    "recv_time": 23680662,
    "tag": "677",
    "total_cost_by_ms": 47.94300079345703,
    "wait_cost": 37.36800003051758
}
