{
    "child_model_execute_cost_by_ms": [
        19.579999923706055,
        17.554000854492188,
        19.538000106811523
    ],
    "child_model_run_time": [
        [
            15932946,
            15952526
        ],
        [
            15952574,
            15970128
        ],
        [
            15970212,
            15989750
        ]
    ],
    "execute_cost": 56.67200469970703,
    "finish_time": 15989758,
    "limit_cost_by_ms": 46.520668029785156,
    "model_name": "vgg19",
    "recv_time": 15922842,
    "tag": "391",
    "total_cost_by_ms": 66.91600036621094,
    "wait_cost": 10.243995666503906
}
