{
    "child_model_execute_cost_by_ms": [
        8.152000427246094
    ],
    "child_model_run_time": [
        [
            16908876,
            16917028
        ]
    ],
    "execute_cost": 8.152000427246094,
    "finish_time": 16917035,
    "limit_cost_by_ms": 7.229000091552734,
    "model_name": "squeezenetv1",
    "recv_time": 16908721,
    "tag": "436",
    "total_cost_by_ms": 8.314000129699707,
    "wait_cost": 0.16199970245361328
}
