{
    "child_model_execute_cost_by_ms": [
        47.11899948120117
    ],
    "child_model_run_time": [
        [
            15370225,
            15417344
        ]
    ],
    "execute_cost": 47.11899948120117,
    "finish_time": 15417353,
    "limit_cost_by_ms": 47.16533279418945,
    "model_name": "vgg19",
    "recv_time": 15370108,
    "tag": "308",
    "total_cost_by_ms": 47.244998931884766,
    "wait_cost": 0.12599945068359375
}
