{
    "child_model_execute_cost_by_ms": [
        8.925999641418457
    ],
    "child_model_run_time": [
        [
            16476492,
            16485418
        ]
    ],
    "execute_cost": 8.925999641418457,
    "finish_time": 16485429,
    "limit_cost_by_ms": 7.529666900634766,
    "model_name": "squeezenetv1",
    "recv_time": 16461848,
    "tag": "353",
    "total_cost_by_ms": 23.58099937438965,
    "wait_cost": 14.654999732971191
}
