{
    "child_model_execute_cost_by_ms": [
        8.359000205993652
    ],
    "child_model_run_time": [
        [
            17478130,
            17486489
        ]
    ],
    "execute_cost": 8.359000205993652,
    "finish_time": 17486502,
    "limit_cost_by_ms": 7.2126665115356445,
    "model_name": "squeezenetv1",
    "recv_time": 17469332,
    "tag": "412",
    "total_cost_by_ms": 17.170000076293945,
    "wait_cost": 8.810999870300293
}
