{
    "child_model_execute_cost_by_ms": [
        18.652999877929688,
        18.81100082397461,
        20.125999450683594
    ],
    "child_model_run_time": [
        [
            8879043,
            8897696
        ],
        [
            8921865,
            8940676
        ],
        [
            8940758,
            8960884
        ]
    ],
    "execute_cost": 57.59000015258789,
    "finish_time": 8960889,
    "limit_cost_by_ms": 47.1793327331543,
    "model_name": "vgg19",
    "recv_time": 8878875,
    "tag": "44",
    "total_cost_by_ms": 82.01399993896484,
    "wait_cost": 24.423999786376953
}
