{
    "child_model_execute_cost_by_ms": [
        8.149999618530273
    ],
    "child_model_run_time": [
        [
            23909536,
            23917686
        ]
    ],
    "execute_cost": 8.149999618530273,
    "finish_time": 23917691,
    "limit_cost_by_ms": 7.2126665115356445,
    "model_name": "squeezenetv1",
    "recv_time": 23909463,
    "tag": "687",
    "total_cost_by_ms": 8.227999687194824,
    "wait_cost": 0.07800006866455078
}
