{
    "child_model_execute_cost_by_ms": [
        9.64799976348877
    ],
    "child_model_run_time": [
        [
            28189046,
            28198694
        ]
    ],
    "execute_cost": 9.64799976348877,
    "finish_time": 28198710,
    "limit_cost_by_ms": 8.746999740600586,
    "model_name": "googlenet",
    "recv_time": 28183016,
    "tag": "870",
    "total_cost_by_ms": 15.694000244140625,
    "wait_cost": 6.0460004806518555
}
