{
    "child_model_execute_cost_by_ms": [
        45.733001708984375
    ],
    "child_model_run_time": [
        [
            10756378,
            10802111
        ]
    ],
    "execute_cost": 45.733001708984375,
    "finish_time": 10802115,
    "limit_cost_by_ms": 46.55933380126953,
    "model_name": "vgg19",
    "recv_time": 10756362,
    "tag": "125",
    "total_cost_by_ms": 45.75299835205078,
    "wait_cost": 0.01999664306640625
}
