{
    "child_model_execute_cost_by_ms": [
        10.036999702453613
    ],
    "child_model_run_time": [
        [
            28287601,
            28297638
        ]
    ],
    "execute_cost": 10.036999702453613,
    "finish_time": 28297646,
    "limit_cost_by_ms": 8.635000228881836,
    "model_name": "googlenet",
    "recv_time": 28287583,
    "tag": "872",
    "total_cost_by_ms": 10.062999725341797,
    "wait_cost": 0.026000022888183594
}
