{
    "child_model_execute_cost_by_ms": [
        28.964000701904297
    ],
    "child_model_run_time": [
        [
            11190039,
            11219003
        ]
    ],
    "execute_cost": 28.964000701904297,
    "finish_time": 11219004,
    "limit_cost_by_ms": 7.309000015258789,
    "model_name": "squeezenetv1",
    "recv_time": 11190000,
    "tag": "171",
    "total_cost_by_ms": 29.003999710083008,
    "wait_cost": 0.03999900817871094
}
