{
    "child_model_execute_cost_by_ms": [
        19.408000946044922
    ],
    "child_model_run_time": [
        [
            13644906,
            13664314
        ]
    ],
    "execute_cost": 19.408000946044922,
    "finish_time": 13664317,
    "limit_cost_by_ms": 18.889999389648438,
    "model_name": "resnet50",
    "recv_time": 13644878,
    "tag": "292",
    "total_cost_by_ms": 19.43899917602539,
    "wait_cost": 0.03099822998046875
}
