{
    "child_model_execute_cost_by_ms": [
        45.042999267578125
    ],
    "child_model_run_time": [
        [
            13884011,
            13929054
        ]
    ],
    "execute_cost": 45.042999267578125,
    "finish_time": 13929057,
    "limit_cost_by_ms": 47.48933410644531,
    "model_name": "vgg19",
    "recv_time": 13883901,
    "tag": "304",
    "total_cost_by_ms": 45.15599822998047,
    "wait_cost": 0.11299896240234375
}
