{
    "child_model_execute_cost_by_ms": [
        19.424999237060547
    ],
    "child_model_run_time": [
        [
            15082563,
            15101988
        ]
    ],
    "execute_cost": 19.424999237060547,
    "finish_time": 15101989,
    "limit_cost_by_ms": 18.889999389648438,
    "model_name": "resnet50",
    "recv_time": 15082552,
    "tag": "362",
    "total_cost_by_ms": 19.437000274658203,
    "wait_cost": 0.01200103759765625
}
