{
    "child_model_execute_cost_by_ms": [
        14.359999656677246
    ],
    "child_model_run_time": [
        [
            16411877,
            16426237
        ]
    ],
    "execute_cost": 14.359999656677246,
    "finish_time": 16426241,
    "limit_cost_by_ms": 7.309000015258789,
    "model_name": "squeezenetv1",
    "recv_time": 16411701,
    "tag": "425",
    "total_cost_by_ms": 14.539999961853027,
    "wait_cost": 0.18000030517578125
}
