{
    "child_model_execute_cost_by_ms": [
        51.0260009765625
    ],
    "child_model_run_time": [
        [
            17889843,
            17940869
        ]
    ],
    "execute_cost": 51.0260009765625,
    "finish_time": 17940872,
    "limit_cost_by_ms": 19.168333053588867,
    "model_name": "resnet50",
    "recv_time": 17889830,
    "tag": "482",
    "total_cost_by_ms": 51.04199981689453,
    "wait_cost": 0.01599884033203125
}
