{
    "child_model_execute_cost_by_ms": [
        10.498000144958496
    ],
    "child_model_run_time": [
        [
            18379080,
            18389578
        ]
    ],
    "execute_cost": 10.498000144958496,
    "finish_time": 18389582,
    "limit_cost_by_ms": 8.936333656311035,
    "model_name": "googlenet",
    "recv_time": 18379047,
    "tag": "518",
    "total_cost_by_ms": 10.53499984741211,
    "wait_cost": 0.03699970245361328
}
