{
    "child_model_execute_cost_by_ms": [
        31.965999603271484
    ],
    "child_model_run_time": [
        [
            19164691,
            19196657
        ]
    ],
    "execute_cost": 31.965999603271484,
    "finish_time": 19196659,
    "limit_cost_by_ms": 18.889999389648438,
    "model_name": "resnet50",
    "recv_time": 19164549,
    "tag": "555",
    "total_cost_by_ms": 32.11000061035156,
    "wait_cost": 0.14400100708007813
}
