{
    "child_model_execute_cost_by_ms": [
        8.277999877929688
    ],
    "child_model_run_time": [
        [
            9102659,
            9110937
        ]
    ],
    "execute_cost": 8.277999877929688,
    "finish_time": 9110943,
    "limit_cost_by_ms": 7.309000015258789,
    "model_name": "squeezenetv1",
    "recv_time": 9102560,
    "tag": "70",
    "total_cost_by_ms": 8.383000373840332,
    "wait_cost": 0.10500049591064453
}
