{
    "child_model_execute_cost_by_ms": [
        84.4000015258789
    ],
    "child_model_run_time": [
        [
            25978679,
            26063079
        ]
    ],
    "execute_cost": 84.4000015258789,
    "finish_time": 26063082,
    "limit_cost_by_ms": 18.889999389648438,
    "model_name": "resnet50",
    "recv_time": 25978646,
    "tag": "871",
    "total_cost_by_ms": 84.43599700927734,
    "wait_cost": 0.0359954833984375
}
