{
    "child_model_execute_cost_by_ms": [
        44.79999923706055
    ],
    "child_model_run_time": [
        [
            9683336,
            9728136
        ]
    ],
    "execute_cost": 44.79999923706055,
    "finish_time": 9728139,
    "limit_cost_by_ms": 47.48933410644531,
    "model_name": "vgg19",
    "recv_time": 9683229,
    "tag": "99",
    "total_cost_by_ms": 44.90999984741211,
    "wait_cost": 0.1100006103515625
}
