{
    "child_model_execute_cost_by_ms": [
        10.33899974822998
    ],
    "child_model_run_time": [
        [
            8892052,
            8902391
        ]
    ],
    "execute_cost": 10.33899974822998,
    "finish_time": 8902399,
    "limit_cost_by_ms": 8.993332862854004,
    "model_name": "googlenet",
    "recv_time": 8891979,
    "tag": "23",
    "total_cost_by_ms": 10.420000076293945,
    "wait_cost": 0.08100032806396484
}
