{
    "child_model_execute_cost_by_ms": [
        48.04600143432617
    ],
    "child_model_run_time": [
        [
            17693565,
            17741611
        ]
    ],
    "execute_cost": 48.04600143432617,
    "finish_time": 17741618,
    "limit_cost_by_ms": 19.038000106811523,
    "model_name": "resnet50",
    "recv_time": 17693554,
    "tag": "498",
    "total_cost_by_ms": 48.06399917602539,
    "wait_cost": 0.01799774169921875
}
