{
    "child_model_execute_cost_by_ms": [
        18.878999710083008
    ],
    "child_model_run_time": [
        [
            26312865,
            26331744
        ]
    ],
    "execute_cost": 18.878999710083008,
    "finish_time": 26331750,
    "limit_cost_by_ms": 19.038000106811523,
    "model_name": "resnet50",
    "recv_time": 26312858,
    "tag": "968",
    "total_cost_by_ms": 18.892000198364258,
    "wait_cost": 0.01300048828125
}
