{
    "child_model_execute_cost_by_ms": [
        17.341999053955078
    ],
    "child_model_run_time": [
        [
            18155358,
            18172700
        ]
    ],
    "execute_cost": 17.341999053955078,
    "finish_time": 18172703,
    "limit_cost_by_ms": 6.000999927520752,
    "model_name": "yolov2",
    "recv_time": 18155309,
    "tag": "17",
    "total_cost_by_ms": 17.393999099731445,
    "wait_cost": 0.05200004577636719
}
