{
    "child_model_execute_cost_by_ms": [
        77.74600219726563
    ],
    "child_model_run_time": [
        [
            21232921,
            21310667
        ]
    ],
    "execute_cost": 77.74600219726563,
    "finish_time": 21310672,
    "limit_cost_by_ms": 8.786666870117188,
    "model_name": "googlenet",
    "recv_time": 21228859,
    "tag": "163",
    "total_cost_by_ms": 81.81300354003906,
    "wait_cost": 4.0670013427734375
}
