{
    "child_model_execute_cost_by_ms": [
        68.18699645996094
    ],
    "child_model_run_time": [
        [
            21956824,
            22025011
        ]
    ],
    "execute_cost": 68.18699645996094,
    "finish_time": 22025013,
    "limit_cost_by_ms": 6.000999927520752,
    "model_name": "yolov2",
    "recv_time": 21956808,
    "tag": "198",
    "total_cost_by_ms": 68.20500183105469,
    "wait_cost": 0.01800537109375
}
