{
    "child_model_execute_cost_by_ms": [
        14.282999992370605
    ],
    "child_model_run_time": [
        [
            22616280,
            22630563
        ]
    ],
    "execute_cost": 14.282999992370605,
    "finish_time": 22630567,
    "limit_cost_by_ms": 6.000999927520752,
    "model_name": "yolov2",
    "recv_time": 22616268,
    "tag": "228",
    "total_cost_by_ms": 14.298999786376953,
    "wait_cost": 0.015999794006347656
}
