{
    "child_model_execute_cost_by_ms": [
        43.76300048828125
    ],
    "child_model_run_time": [
        [
            18466249,
            18510012
        ]
    ],
    "execute_cost": 43.76300048828125,
    "finish_time": 18510013,
    "limit_cost_by_ms": 46.555667877197266,
    "model_name": "vgg19",
    "recv_time": 18466202,
    "tag": "32",
    "total_cost_by_ms": 43.81100082397461,
    "wait_cost": 0.048000335693359375
}
