{
    "child_model_execute_cost_by_ms": [
        78.59400177001953
    ],
    "child_model_run_time": [
        [
            24758796,
            24837390
        ]
    ],
    "execute_cost": 78.59400177001953,
    "finish_time": 24837394,
    "limit_cost_by_ms": 7.044333457946777,
    "model_name": "gpt128v2",
    "recv_time": 24758789,
    "tag": "325",
    "total_cost_by_ms": 78.6050033569336,
    "wait_cost": 0.0110015869140625
}
