{
    "child_model_execute_cost_by_ms": [
        45.63199996948242
    ],
    "child_model_run_time": [
        [
            26710906,
            26756538
        ]
    ],
    "execute_cost": 45.63199996948242,
    "finish_time": 26756539,
    "limit_cost_by_ms": 46.555667877197266,
    "model_name": "vgg19",
    "recv_time": 26710849,
    "tag": "414",
    "total_cost_by_ms": 45.689998626708984,
    "wait_cost": 0.0579986572265625
}
