{
    "child_model_execute_cost_by_ms": [
        19.48200035095215
    ],
    "child_model_run_time": [
        [
            31046714,
            31066196
        ]
    ],
    "execute_cost": 19.48200035095215,
    "finish_time": 31066204,
    "limit_cost_by_ms": 19.100000381469727,
    "model_name": "resnet50",
    "recv_time": 31046703,
    "tag": "617",
    "total_cost_by_ms": 19.500999450683594,
    "wait_cost": 0.018999099731445313
}
