{
    "child_model_execute_cost_by_ms": [
        13.031000137329102
    ],
    "child_model_run_time": [
        [
            32642958,
            32655989
        ]
    ],
    "execute_cost": 13.031000137329102,
    "finish_time": 32655993,
    "limit_cost_by_ms": 7.044333457946777,
    "model_name": "gpt128v2",
    "recv_time": 32642947,
    "tag": "691",
    "total_cost_by_ms": 13.045999526977539,
    "wait_cost": 0.0149993896484375
}
