{
    "child_model_execute_cost_by_ms": [
        40.755001068115234
    ],
    "child_model_run_time": [
        [
            32710181,
            32750936
        ]
    ],
    "execute_cost": 40.755001068115234,
    "finish_time": 32750939,
    "limit_cost_by_ms": 19.100000381469727,
    "model_name": "resnet50",
    "recv_time": 32710126,
    "tag": "695",
    "total_cost_by_ms": 40.8129997253418,
    "wait_cost": 0.0579986572265625
}
