{
    "child_model_execute_cost_by_ms": [
        55.92300033569336
    ],
    "child_model_run_time": [
        [
            32882278,
            32938201
        ]
    ],
    "execute_cost": 55.92300033569336,
    "finish_time": 32938203,
    "limit_cost_by_ms": 6.000999927520752,
    "model_name": "yolov2",
    "recv_time": 32882269,
    "tag": "704",
    "total_cost_by_ms": 55.933998107910156,
    "wait_cost": 0.010997772216796875
}
