{
    "child_model_execute_cost_by_ms": [
        19.290000915527344
    ],
    "child_model_run_time": [
        [
            33251865,
            33271155
        ]
    ],
    "execute_cost": 19.290000915527344,
    "finish_time": 33271157,
    "limit_cost_by_ms": 19.100000381469727,
    "model_name": "resnet50",
    "recv_time": 33251815,
    "tag": "720",
    "total_cost_by_ms": 19.341999053955078,
    "wait_cost": 0.051998138427734375
}
