{
    "child_model_execute_cost_by_ms": [
        19.96500015258789
    ],
    "child_model_run_time": [
        [
            33671999,
            33691964
        ]
    ],
    "execute_cost": 19.96500015258789,
    "finish_time": 33691967,
    "limit_cost_by_ms": 19.100000381469727,
    "model_name": "resnet50",
    "recv_time": 33671942,
    "tag": "740",
    "total_cost_by_ms": 20.024999618530273,
    "wait_cost": 0.05999946594238281
}
