{
    "child_model_execute_cost_by_ms": [
        18.077999114990234
    ],
    "child_model_run_time": [
        [
            33748486,
            33766564
        ]
    ],
    "execute_cost": 18.077999114990234,
    "finish_time": 33766568,
    "limit_cost_by_ms": 6.000999927520752,
    "model_name": "yolov2",
    "recv_time": 33748287,
    "tag": "744",
    "total_cost_by_ms": 18.2810001373291,
    "wait_cost": 0.2030010223388672
}
