{
    "child_model_execute_cost_by_ms": [
        13.519000053405762
    ],
    "child_model_run_time": [
        [
            34942027,
            34955546
        ]
    ],
    "execute_cost": 13.519000053405762,
    "finish_time": 34955551,
    "limit_cost_by_ms": 7.044333457946777,
    "model_name": "gpt128v2",
    "recv_time": 34942016,
    "tag": "799",
    "total_cost_by_ms": 13.53499984741211,
    "wait_cost": 0.015999794006347656
}
