{
    "child_model_execute_cost_by_ms": [
        10.279000282287598
    ],
    "child_model_run_time": [
        [
            35886843,
            35897122
        ]
    ],
    "execute_cost": 10.279000282287598,
    "finish_time": 35897126,
    "limit_cost_by_ms": 6.000999927520752,
    "model_name": "yolov2",
    "recv_time": 35886817,
    "tag": "844",
    "total_cost_by_ms": 10.309000015258789,
    "wait_cost": 0.029999732971191406
}
