{
    "child_model_execute_cost_by_ms": [
        48.625999450683594
    ],
    "child_model_run_time": [
        [
            36575875,
            36624501
        ]
    ],
    "execute_cost": 48.625999450683594,
    "finish_time": 36624504,
    "limit_cost_by_ms": 46.555667877197266,
    "model_name": "vgg19",
    "recv_time": 36575819,
    "tag": "878",
    "total_cost_by_ms": 48.685001373291016,
    "wait_cost": 0.059001922607421875
}
