{
    "child_model_execute_cost_by_ms": [
        12.642999649047852
    ],
    "child_model_run_time": [
        [
            19723422,
            19736065
        ]
    ],
    "execute_cost": 12.642999649047852,
    "finish_time": 19736069,
    "limit_cost_by_ms": 7.044333457946777,
    "model_name": "gpt128v2",
    "recv_time": 19723410,
    "tag": "90",
    "total_cost_by_ms": 12.659000396728516,
    "wait_cost": 0.016000747680664063
}
