{
    "child_model_execute_cost_by_ms": [
        31.614999771118164
    ],
    "child_model_run_time": [
        [
            38991345,
            39022960
        ]
    ],
    "execute_cost": 31.614999771118164,
    "finish_time": 39022964,
    "limit_cost_by_ms": 19.100000381469727,
    "model_name": "resnet50",
    "recv_time": 38991186,
    "tag": "990",
    "total_cost_by_ms": 31.777999877929688,
    "wait_cost": 0.16300010681152344
}
