{
    "child_model_execute_cost_by_ms": [
        53.36199951171875
    ],
    "child_model_run_time": [
        [
            39219452,
            39272814
        ]
    ],
    "execute_cost": 53.36199951171875,
    "finish_time": 39272815,
    "limit_cost_by_ms": 46.555667877197266,
    "model_name": "vgg19",
    "recv_time": 39219442,
    "tag": "1000",
    "total_cost_by_ms": 53.37300109863281,
    "wait_cost": 0.0110015869140625
}
