{
    "child_model_execute_cost_by_ms": [
        43.763999938964844
    ],
    "child_model_run_time": [
        [
            14492574,
            14536338
        ]
    ],
    "execute_cost": 43.763999938964844,
    "finish_time": 14536342,
    "limit_cost_by_ms": 47.13133239746094,
    "model_name": "vgg19",
    "recv_time": 14492417,
    "tag": "279",
    "total_cost_by_ms": 43.92499923706055,
    "wait_cost": 0.16099929809570313
}
