{
    "child_model_execute_cost_by_ms": [
        8.710000038146973
    ],
    "child_model_run_time": [
        [
            22060424,
            22069134
        ]
    ],
    "execute_cost": 8.710000038146973,
    "finish_time": 22069140,
    "limit_cost_by_ms": 7.158666610717773,
    "model_name": "squeezenetv1",
    "recv_time": 22045546,
    "tag": "594",
    "total_cost_by_ms": 23.5939998626709,
    "wait_cost": 14.883999824523926
}
