{
    "child_model_execute_cost_by_ms": [
        20.270000457763672
    ],
    "child_model_run_time": [
        [
            24751104,
            24771374
        ]
    ],
    "execute_cost": 20.270000457763672,
    "finish_time": 24771379,
    "limit_cost_by_ms": 19.011333465576172,
    "model_name": "resnet50",
    "recv_time": 24750951,
    "tag": "707",
    "total_cost_by_ms": 20.42799949645996,
    "wait_cost": 0.15799903869628906
}
