{
    "child_model_execute_cost_by_ms": [
        19.33799934387207
    ],
    "child_model_run_time": [
        [
            27549283,
            27568621
        ]
    ],
    "execute_cost": 19.33799934387207,
    "finish_time": 27568630,
    "limit_cost_by_ms": 19.011333465576172,
    "model_name": "resnet50",
    "recv_time": 27549269,
    "tag": "823",
    "total_cost_by_ms": 19.361000061035156,
    "wait_cost": 0.023000717163085938
}
