{
    "child_model_execute_cost_by_ms": [
        15.529999732971191,
        9.970999717712402
    ],
    "child_model_run_time": [
        [
            22081836,
            22097366
        ],
        [
            22107832,
            22117803
        ]
    ],
    "execute_cost": 25.500999450683594,
    "finish_time": 22117811,
    "limit_cost_by_ms": 18.952667236328125,
    "model_name": "resnet50",
    "recv_time": 22069214,
    "tag": "600",
    "total_cost_by_ms": 48.59700012207031,
    "wait_cost": 23.09600067138672
}
