{
    "child_model_execute_cost_by_ms": [
        19.481000900268555,
        17.483999252319336,
        19.768999099731445
    ],
    "child_model_run_time": [
        [
            7708949,
            7728430
        ],
        [
            7754265,
            7771749
        ],
        [
            7771835,
            7791604
        ]
    ],
    "execute_cost": 56.73400115966797,
    "finish_time": 7791611,
    "limit_cost_by_ms": 47.46033477783203,
    "model_name": "vgg19",
    "recv_time": 7648438,
    "tag": "6",
    "total_cost_by_ms": 143.17300415039063,
    "wait_cost": 86.43900299072266
}
