{
    "child_model_execute_cost_by_ms": [
        15.847999572753906,
        9.802000045776367
    ],
    "child_model_run_time": [
        [
            27220989,
            27236837
        ],
        [
            27247779,
            27257581
        ]
    ],
    "execute_cost": 25.649999618530273,
    "finish_time": 27257592,
    "limit_cost_by_ms": 18.952667236328125,
    "model_name": "resnet50",
    "recv_time": 27208916,
    "tag": "818",
    "total_cost_by_ms": 48.67599868774414,
    "wait_cost": 23.025999069213867
}
