{
    "child_model_execute_cost_by_ms": [
        8.486000061035156
    ],
    "child_model_run_time": [
        [
            28937544,
            28946030
        ]
    ],
    "execute_cost": 8.486000061035156,
    "finish_time": 28946042,
    "limit_cost_by_ms": 7.293666839599609,
    "model_name": "squeezenetv1",
    "recv_time": 28926942,
    "tag": "889",
    "total_cost_by_ms": 19.100000381469727,
    "wait_cost": 10.61400032043457
}
