{
    "child_model_execute_cost_by_ms": [
        10.404999732971191
    ],
    "child_model_run_time": [
        [
            29997855,
            30008260
        ]
    ],
    "execute_cost": 10.404999732971191,
    "finish_time": 30008270,
    "limit_cost_by_ms": 8.99899959564209,
    "model_name": "googlenet",
    "recv_time": 29989753,
    "tag": "931",
    "total_cost_by_ms": 18.517000198364258,
    "wait_cost": 8.112000465393066
}
