{
    "child_model_execute_cost_by_ms": [
        8.579000473022461
    ],
    "child_model_run_time": [
        [
            30012589,
            30021168
        ]
    ],
    "execute_cost": 8.579000473022461,
    "finish_time": 30021179,
    "limit_cost_by_ms": 7.303333282470703,
    "model_name": "squeezenetv1",
    "recv_time": 30000282,
    "tag": "924",
    "total_cost_by_ms": 20.89699935913086,
    "wait_cost": 12.317998886108398
}
