{
    "child_model_execute_cost_by_ms": [
        18.599000930786133,
        18.575000762939453,
        22.266000747680664
    ],
    "child_model_run_time": [
        [
            33769143,
            33787742
        ],
        [
            33787757,
            33806332
        ],
        [
            33806415,
            33828681
        ]
    ],
    "execute_cost": 59.44000244140625,
    "finish_time": 33828688,
    "limit_cost_by_ms": 47.46033477783203,
    "model_name": "vgg19",
    "recv_time": 27004390,
    "tag": "810",
    "total_cost_by_ms": 6824.2978515625,
    "wait_cost": 6764.85791015625
}
