{
    "child_model_execute_cost_by_ms": [
        10.980999946594238
    ],
    "child_model_run_time": [
        [
            31481562,
            31492543
        ]
    ],
    "execute_cost": 10.980999946594238,
    "finish_time": 31492555,
    "limit_cost_by_ms": 8.854999542236328,
    "model_name": "googlenet",
    "recv_time": 31480881,
    "tag": "985",
    "total_cost_by_ms": 11.673999786376953,
    "wait_cost": 0.6929998397827148
}
