{
    "child_model_execute_cost_by_ms": [
        18.70800018310547,
        18.673999786376953,
        22.367000579833984
    ],
    "child_model_run_time": [
        [
            36604517,
            36623225
        ],
        [
            36623263,
            36641937
        ],
        [
            36642029,
            36664396
        ]
    ],
    "execute_cost": 59.749000549316406,
    "finish_time": 36664404,
    "limit_cost_by_ms": 47.46033477783203,
    "model_name": "vgg19",
    "recv_time": 30789569,
    "tag": "964",
    "total_cost_by_ms": 5874.8349609375,
    "wait_cost": 5815.0859375
}
