{
    "child_model_execute_cost_by_ms": [
        7.550000190734863
    ],
    "child_model_run_time": [
        [
            12108003,
            12115553
        ]
    ],
    "execute_cost": 7.550000190734863,
    "finish_time": 12115556,
    "limit_cost_by_ms": 7.291333198547363,
    "model_name": "squeezenetv1",
    "recv_time": 12107996,
    "tag": "160",
    "total_cost_by_ms": 7.559999942779541,
    "wait_cost": 0.009999752044677734
}
