{
    "child_model_execute_cost_by_ms": [
        17.454999923706055,
        16.591999053955078,
        19.902000427246094
    ],
    "child_model_run_time": [
        [
            16206730,
            16224185
        ],
        [
            16224204,
            16240796
        ],
        [
            16240812,
            16260714
        ]
    ],
    "execute_cost": 53.948997497558594,
    "finish_time": 16260720,
    "limit_cost_by_ms": 47.12900161743164,
    "model_name": "vgg19",
    "recv_time": 16206687,
    "tag": "314",
    "total_cost_by_ms": 54.03300094604492,
    "wait_cost": 0.08400344848632813
}
