{
    "child_model_execute_cost_by_ms": [
        8.031000137329102
    ],
    "child_model_run_time": [
        [
            19393907,
            19401938
        ]
    ],
    "execute_cost": 8.031000137329102,
    "finish_time": 19401941,
    "limit_cost_by_ms": 7.291333198547363,
    "model_name": "squeezenetv1",
    "recv_time": 19388725,
    "tag": "430",
    "total_cost_by_ms": 13.215999603271484,
    "wait_cost": 5.184999465942383
}
