{
    "child_model_execute_cost_by_ms": [
        7.486999988555908
    ],
    "child_model_run_time": [
        [
            19704117,
            19711604
        ]
    ],
    "execute_cost": 7.486999988555908,
    "finish_time": 19711610,
    "limit_cost_by_ms": 7.291333198547363,
    "model_name": "squeezenetv1",
    "recv_time": 19693734,
    "tag": "443",
    "total_cost_by_ms": 17.875999450683594,
    "wait_cost": 10.388999938964844
}
