{
    "child_model_execute_cost_by_ms": [
        18.98699951171875,
        17.027000427246094,
        19.488000869750977
    ],
    "child_model_run_time": [
        [
            19759818,
            19778805
        ],
        [
            19778848,
            19795875
        ],
        [
            19795893,
            19815381
        ]
    ],
    "execute_cost": 55.50199890136719,
    "finish_time": 19815386,
    "limit_cost_by_ms": 47.12900161743164,
    "model_name": "vgg19",
    "recv_time": 19759657,
    "tag": "444",
    "total_cost_by_ms": 55.729000091552734,
    "wait_cost": 0.22700119018554688
}
