{
    "child_model_execute_cost_by_ms": [
        8.003000259399414
    ],
    "child_model_run_time": [
        [
            9339690,
            9347693
        ]
    ],
    "execute_cost": 8.003000259399414,
    "finish_time": 9347699,
    "limit_cost_by_ms": 7.291333198547363,
    "model_name": "squeezenetv1",
    "recv_time": 9339584,
    "tag": "57",
    "total_cost_by_ms": 8.114999771118164,
    "wait_cost": 0.11199951171875
}
