{
    "child_model_execute_cost_by_ms": [
        9.82699966430664
    ],
    "child_model_run_time": [
        [
            29391516,
            29401343
        ]
    ],
    "execute_cost": 9.82699966430664,
    "finish_time": 29401356,
    "limit_cost_by_ms": 8.798999786376953,
    "model_name": "googlenet",
    "recv_time": 29381368,
    "tag": "792",
    "total_cost_by_ms": 19.988000869750977,
    "wait_cost": 10.161001205444336
}
