{
    "child_model_execute_cost_by_ms": [
        44.571998596191406
    ],
    "child_model_run_time": [
        [
            10770792,
            10815364
        ]
    ],
    "execute_cost": 44.571998596191406,
    "finish_time": 10815370,
    "limit_cost_by_ms": 8.6676664352417,
    "model_name": "googlenet",
    "recv_time": 10770775,
    "tag": "139",
    "total_cost_by_ms": 44.595001220703125,
    "wait_cost": 0.02300262451171875
}
