{
    "child_model_execute_cost_by_ms": [
        27.243000030517578
    ],
    "child_model_run_time": [
        [
            21848665,
            21875908
        ]
    ],
    "execute_cost": 27.243000030517578,
    "finish_time": 21875913,
    "limit_cost_by_ms": 18.895000457763672,
    "model_name": "resnet50",
    "recv_time": 21848658,
    "tag": "674",
    "total_cost_by_ms": 27.2549991607666,
    "wait_cost": 0.011999130249023438
}
