{
    "child_model_execute_cost_by_ms": [
        48.5989990234375
    ],
    "child_model_run_time": [
        [
            9666617,
            9715216
        ]
    ],
    "execute_cost": 48.5989990234375,
    "finish_time": 9715220,
    "limit_cost_by_ms": 46.0086669921875,
    "model_name": "vgg19",
    "recv_time": 9666487,
    "tag": "87",
    "total_cost_by_ms": 48.733001708984375,
    "wait_cost": 0.134002685546875
}
