{
    "child_model_execute_cost_by_ms": [
        38.44200134277344
    ],
    "child_model_run_time": [
        [
            26811971,
            26850413
        ]
    ],
    "execute_cost": 38.44200134277344,
    "finish_time": 26850420,
    "limit_cost_by_ms": 7.146999835968018,
    "model_name": "squeezenetv1",
    "recv_time": 26811787,
    "tag": "909",
    "total_cost_by_ms": 38.632999420166016,
    "wait_cost": 0.19099807739257813
}
