{
    "child_model_execute_cost_by_ms": [
        19.983999252319336
    ],
    "child_model_run_time": [
        [
            10543591,
            10563575
        ]
    ],
    "execute_cost": 19.983999252319336,
    "finish_time": 10563579,
    "limit_cost_by_ms": 19.029666900634766,
    "model_name": "resnet50",
    "recv_time": 10543479,
    "tag": "139",
    "total_cost_by_ms": 20.100000381469727,
    "wait_cost": 0.11600112915039063
}
