{
    "child_model_execute_cost_by_ms": [
        9.800999641418457
    ],
    "child_model_run_time": [
        [
            11020207,
            11030008
        ]
    ],
    "execute_cost": 9.800999641418457,
    "finish_time": 11030016,
    "limit_cost_by_ms": 8.741999626159668,
    "model_name": "googlenet",
    "recv_time": 11020197,
    "tag": "164",
    "total_cost_by_ms": 9.819000244140625,
    "wait_cost": 0.01800060272216797
}
