{
    "child_model_execute_cost_by_ms": [
        21.0049991607666
    ],
    "child_model_run_time": [
        [
            14155034,
            14176039
        ]
    ],
    "execute_cost": 21.0049991607666,
    "finish_time": 14176043,
    "limit_cost_by_ms": 7.166666507720947,
    "model_name": "squeezenetv1",
    "recv_time": 14155014,
    "tag": "327",
    "total_cost_by_ms": 21.02899932861328,
    "wait_cost": 0.024000167846679688
}
