{
    "child_model_execute_cost_by_ms": [
        19.108999252319336
    ],
    "child_model_run_time": [
        [
            16725376,
            16744485
        ]
    ],
    "execute_cost": 19.108999252319336,
    "finish_time": 16744491,
    "limit_cost_by_ms": 19.029666900634766,
    "model_name": "resnet50",
    "recv_time": 16725362,
    "tag": "460",
    "total_cost_by_ms": 19.128999710083008,
    "wait_cost": 0.020000457763671875
}
