{
    "child_model_execute_cost_by_ms": [
        18.913000106811523
    ],
    "child_model_run_time": [
        [
            17069594,
            17088507
        ]
    ],
    "execute_cost": 18.913000106811523,
    "finish_time": 17088512,
    "limit_cost_by_ms": 19.029666900634766,
    "model_name": "resnet50",
    "recv_time": 17069480,
    "tag": "478",
    "total_cost_by_ms": 19.031999588012695,
    "wait_cost": 0.11899948120117188
}
