{
    "child_model_execute_cost_by_ms": [
        18.920000076293945
    ],
    "child_model_run_time": [
        [
            8792186,
            8811106
        ]
    ],
    "execute_cost": 18.920000076293945,
    "finish_time": 8811110,
    "limit_cost_by_ms": 19.029666900634766,
    "model_name": "resnet50",
    "recv_time": 8792090,
    "tag": "52",
    "total_cost_by_ms": 19.020000457763672,
    "wait_cost": 0.10000038146972656
}
