{
    "child_model_execute_cost_by_ms": [
        10.47700023651123
    ],
    "child_model_run_time": [
        [
            19405963,
            19416440
        ]
    ],
    "execute_cost": 10.47700023651123,
    "finish_time": 19416446,
    "limit_cost_by_ms": 8.741999626159668,
    "model_name": "googlenet",
    "recv_time": 19405874,
    "tag": "599",
    "total_cost_by_ms": 10.571999549865723,
    "wait_cost": 0.09499931335449219
}
