{
    "child_model_execute_cost_by_ms": [
        14.786999702453613
    ],
    "child_model_run_time": [
        [
            22929823,
            22944610
        ]
    ],
    "execute_cost": 14.786999702453613,
    "finish_time": 22944614,
    "limit_cost_by_ms": 7.166666507720947,
    "model_name": "squeezenetv1",
    "recv_time": 22929725,
    "tag": "777",
    "total_cost_by_ms": 14.888999938964844,
    "wait_cost": 0.10200023651123047
}
