{
    "child_model_execute_cost_by_ms": [
        44.10499954223633
    ],
    "child_model_run_time": [
        [
            23336409,
            23380514
        ]
    ],
    "execute_cost": 44.10499954223633,
    "finish_time": 23380516,
    "limit_cost_by_ms": 46.95333480834961,
    "model_name": "vgg19",
    "recv_time": 23336294,
    "tag": "798",
    "total_cost_by_ms": 44.22200012207031,
    "wait_cost": 0.11700057983398438
}
