{
    "child_model_execute_cost_by_ms": [
        10.006999969482422
    ],
    "child_model_run_time": [
        [
            11744423,
            11754430
        ]
    ],
    "execute_cost": 10.006999969482422,
    "finish_time": 11754435,
    "limit_cost_by_ms": 8.812666893005371,
    "model_name": "googlenet",
    "recv_time": 11744417,
    "tag": "147",
    "total_cost_by_ms": 10.017999649047852,
    "wait_cost": 0.010999679565429688
}
