{
    "child_model_execute_cost_by_ms": [
        48.56999969482422
    ],
    "child_model_run_time": [
        [
            12841779,
            12890349
        ]
    ],
    "execute_cost": 48.56999969482422,
    "finish_time": 12890354,
    "limit_cost_by_ms": 45.946998596191406,
    "model_name": "vgg19",
    "recv_time": 12841663,
    "tag": "196",
    "total_cost_by_ms": 48.691001892089844,
    "wait_cost": 0.121002197265625
}
