{
    "child_model_execute_cost_by_ms": [
        12.21399974822998
    ],
    "child_model_run_time": [
        [
            15090279,
            15102493
        ]
    ],
    "execute_cost": 12.21399974822998,
    "finish_time": 15102498,
    "limit_cost_by_ms": 7.308333396911621,
    "model_name": "squeezenetv1",
    "recv_time": 15090124,
    "tag": "296",
    "total_cost_by_ms": 12.37399959564209,
    "wait_cost": 0.15999984741210938
}
