{
    "child_model_execute_cost_by_ms": [
        45.071998596191406
    ],
    "child_model_run_time": [
        [
            17850996,
            17896068
        ]
    ],
    "execute_cost": 45.071998596191406,
    "finish_time": 17896076,
    "limit_cost_by_ms": 7.308333396911621,
    "model_name": "squeezenetv1",
    "recv_time": 17850982,
    "tag": "421",
    "total_cost_by_ms": 45.09400177001953,
    "wait_cost": 0.022003173828125
}
