{
    "child_model_execute_cost_by_ms": [
        10.01200008392334
    ],
    "child_model_run_time": [
        [
            21325248,
            21335260
        ]
    ],
    "execute_cost": 10.01200008392334,
    "finish_time": 21335265,
    "limit_cost_by_ms": 8.812666893005371,
    "model_name": "googlenet",
    "recv_time": 21325244,
    "tag": "575",
    "total_cost_by_ms": 10.020999908447266,
    "wait_cost": 0.008999824523925781
}
