{
    "child_model_execute_cost_by_ms": [
        25.381999969482422
    ],
    "child_model_run_time": [
        [
            23160497,
            23185879
        ]
    ],
    "execute_cost": 25.381999969482422,
    "finish_time": 23185885,
    "limit_cost_by_ms": 8.812666893005371,
    "model_name": "googlenet",
    "recv_time": 23160493,
    "tag": "659",
    "total_cost_by_ms": 25.392000198364258,
    "wait_cost": 0.010000228881835938
}
