{
    "child_model_execute_cost_by_ms": [
        41.30400085449219
    ],
    "child_model_run_time": [
        [
            25323368,
            25364672
        ]
    ],
    "execute_cost": 41.30400085449219,
    "finish_time": 25364679,
    "limit_cost_by_ms": 8.812666893005371,
    "model_name": "googlenet",
    "recv_time": 25323363,
    "tag": "755",
    "total_cost_by_ms": 41.316001892089844,
    "wait_cost": 0.01200103759765625
}
