{
    "child_model_execute_cost_by_ms": [
        47.52299880981445
    ],
    "child_model_run_time": [
        [
            28058317,
            28105840
        ]
    ],
    "execute_cost": 47.52299880981445,
    "finish_time": 28105847,
    "limit_cost_by_ms": 45.946998596191406,
    "model_name": "vgg19",
    "recv_time": 28058311,
    "tag": "876",
    "total_cost_by_ms": 47.5359992980957,
    "wait_cost": 0.01300048828125
}
