{
    "child_model_execute_cost_by_ms": [
        8.206000328063965
    ],
    "child_model_run_time": [
        [
            12932611,
            12940817
        ]
    ],
    "execute_cost": 8.206000328063965,
    "finish_time": 12940828,
    "limit_cost_by_ms": 7.205666542053223,
    "model_name": "squeezenetv1",
    "recv_time": 12921873,
    "tag": "245",
    "total_cost_by_ms": 18.954999923706055,
    "wait_cost": 10.74899959564209
}
