{
    "child_model_execute_cost_by_ms": [
        8.192999839782715
    ],
    "child_model_run_time": [
        [
            25175834,
            25184027
        ]
    ],
    "execute_cost": 8.192999839782715,
    "finish_time": 25184035,
    "limit_cost_by_ms": 7.205666542053223,
    "model_name": "squeezenetv1",
    "recv_time": 25175708,
    "tag": "826",
    "total_cost_by_ms": 8.32699966430664,
    "wait_cost": 0.13399982452392578
}
