{
    "child_model_execute_cost_by_ms": [
        8.307999610900879
    ],
    "child_model_run_time": [
        [
            12806999,
            12815307
        ]
    ],
    "execute_cost": 8.307999610900879,
    "finish_time": 12815312,
    "limit_cost_by_ms": 7.3470001220703125,
    "model_name": "squeezenetv1",
    "recv_time": 12806847,
    "tag": "239",
    "total_cost_by_ms": 8.46500015258789,
    "wait_cost": 0.15700054168701172
}
