{
    "child_model_execute_cost_by_ms": [
        10.194000244140625
    ],
    "child_model_run_time": [
        [
            12833648,
            12843842
        ]
    ],
    "execute_cost": 10.194000244140625,
    "finish_time": 12843852,
    "limit_cost_by_ms": 9.099666595458984,
    "model_name": "googlenet",
    "recv_time": 12829841,
    "tag": "241",
    "total_cost_by_ms": 14.01099967956543,
    "wait_cost": 3.8169994354248047
}
