{
    "googlenet": {
        "min": 1.0189310392087927,
        "avg": 2.219551970300213,
        "max": 10.535202275283027,
        "std": 1.0293729456340874
    },
    "squeezenetv1": {
        "min": 1.06687856940155,
        "avg": 2.3812115568482626,
        "max": 10.426558083701032,
        "std": 0.9903487741003602
    },
    "vgg19": {
        "min": 1.180423360000385,
        "avg": 1.8967208057104357,
        "max": 3.1337771558540575,
        "std": 0.36817687597005083
    },
    "resnet50": {
        "min": 1.2016857047641618,
        "avg": 2.0854974801039985,
        "max": 3.5196579613408794,
        "std": 0.588006739578277
    },
    "total": {
        "min": 1.0189310392087927,
        "avg": 2.1850642397057127,
        "max": 10.535202275283027,
        "std": 0.8699400664759854
    }
}