kind, gpt128v2, yolov2, googlenet, resnet50, vgg19, total
DLIR, 1.083545206969996, 1.3781409165663165, 1.3894652414295077, 1.642855847142192, 4.742102917488297, 1.083545206969996
OYST, 1.1931270442650073, 1.1569760849812583, 1.3202507281843412, 1.6119932061445408, 4.467132048148232, 1.1569760849812583
ClockWork, 1.3537875324273136, 1.0912986360000143, 1.0993292370612926, 1.041311631469456, 1.0, 1.0
PREMA, 1.2851415329611997, 1.1214689615128266, 1.1793514041756656, 1.0603446397626395, 1.0, 1.0
MPS, 1.8384385502357012, 1.1218007787662225, 1.1710100633431262, 1.0710965403024053, 1.0, 1.0
