kind, gpt128v2, yolov2, googlenet, resnet50, vgg19, total
DLIR, 3.9237176881984315, 3.7466570074534395, 3.7098562935576784, 3.4553850075516057, 7.015083417484381, 4.366580184439172
OYST, 3.1178714312373983, 2.940785543123242, 2.887357018901953, 2.883215367244685, 45.001632052528066, 11.32405386592178
ClockWork, 4.663859349926152, 5.296404554163939, 3.712620961266796, 2.119146119283698, 1.2231614143925367, 3.403934464511515
PREMA, 3.8363785549328764, 3.537728606752381, 3.842947896791104, 2.492439352849707, 1.2386591537007057, 2.9908844932045
MPS, 8.335414526990991, 4.511546566537457, 4.644384727146287, 2.7282502163311952, 1.1969690477127253, 4.2848442981123505
