kind, gpt128v2, yolov2, googlenet, resnet50, vgg19, total
DLIR, 1.6893293477145541, 1.8935144725884976, 1.8400223774727646, 1.129676307559224, 0.706009736425696, 2.0194779781480086
OYST, 0.8628305232298943, 0.8921997040570135, 1.0913417581507536, 0.7256941231768342, 22.617910243851625, 19.598622575538375
ClockWork, 2.4985900597973973, 2.732639524310956, 2.1691254018560246, 0.9553756257934998, 0.22072934562857313, 2.4887874221810176
PREMA, 1.869928671684383, 1.994605477681877, 2.0463069298496634, 1.3108717443874858, 0.2717234728598973, 1.9213862385218683
MPS, 5.319937566520301, 3.0713254748781598, 2.6995288147750296, 1.215072066966509, 0.2143265356011345, 3.8705059730271163
