kind, gpt128v2, yolov2, googlenet, resnet50, vgg19, total
DLIR, 9.169200814632093, 9.141627423189084, 9.01716406468675, 6.068431199399169, 8.29173964417325, 9.169200814632093
OYST, 5.421613440388988, 5.325283370053944, 6.321063322443005, 4.681813119572823, 81.09080030088114, 81.09080030088114
ClockWork, 15.703624560940211, 14.27378140496935, 10.939225481702168, 4.380268863453297, 2.3447380437985945, 15.703624560940211
PREMA, 8.987255673311639, 9.350988767807834, 9.278545713271518, 5.65390188173835, 2.478002645845121, 9.350988767807834
MPS, 33.64524918970292, 14.826550484199437, 11.874024737123964, 5.631426398740654, 2.23520989526005, 33.64524918970292
