{
    "child_model_execute_cost_by_ms": [
        18.573999404907227,
        18.344999313354492,
        21.52899932861328
    ],
    "child_model_run_time": [
        [
            22077846,
            22096420
        ],
        [
            22106591,
            22124936
        ],
        [
            22131584,
            22153113
        ]
    ],
    "execute_cost": 58.447998046875,
    "finish_time": 22153118,
    "limit_cost_by_ms": 46.50899887084961,
    "model_name": "vgg19",
    "recv_time": 22060889,
    "tag": "162",
    "total_cost_by_ms": 92.22899627685547,
    "wait_cost": 33.78099822998047
}
