{
    "child_model_execute_cost_by_ms": [
        20.364999771118164,
        21.239999771118164,
        19.562999725341797
    ],
    "child_model_run_time": [
        [
            18969195,
            18989560
        ],
        [
            19002637,
            19023877
        ],
        [
            19023917,
            19043480
        ]
    ],
    "execute_cost": 61.167999267578125,
    "finish_time": 19043482,
    "limit_cost_by_ms": 46.50899887084961,
    "model_name": "vgg19",
    "recv_time": 18928824,
    "tag": "32",
    "total_cost_by_ms": 114.65799713134766,
    "wait_cost": 53.48999786376953
}
