{
    "child_model_execute_cost_by_ms": [
        18.582000732421875,
        18.979999542236328,
        20.15399932861328
    ],
    "child_model_run_time": [
        [
            28046570,
            28065152
        ],
        [
            28118905,
            28137885
        ],
        [
            28137918,
            28158072
        ]
    ],
    "execute_cost": 57.715999603271484,
    "finish_time": 28158074,
    "limit_cost_by_ms": 46.50899887084961,
    "model_name": "vgg19",
    "recv_time": 28046501,
    "tag": "414",
    "total_cost_by_ms": 111.572998046875,
    "wait_cost": 53.856998443603516
}
