{
    "child_model_execute_cost_by_ms": [
        6.270999908447266
    ],
    "child_model_run_time": [
        [
            30809174,
            30815445
        ]
    ],
    "execute_cost": 6.270999908447266,
    "finish_time": 30815450,
    "limit_cost_by_ms": 5.988999843597412,
    "model_name": "yolov2",
    "recv_time": 30809124,
    "tag": "531",
    "total_cost_by_ms": 6.326000213623047,
    "wait_cost": 0.05500030517578125
}
