{
    "child_model_execute_cost_by_ms": [
        19.54800033569336,
        18.16699981689453,
        19.933000564575195
    ],
    "child_model_run_time": [
        [
            31631501,
            31651049
        ],
        [
            31651102,
            31669269
        ],
        [
            31669353,
            31689286
        ]
    ],
    "execute_cost": 57.64800262451172,
    "finish_time": 31689290,
    "limit_cost_by_ms": 46.50899887084961,
    "model_name": "vgg19",
    "recv_time": 31631446,
    "tag": "566",
    "total_cost_by_ms": 57.84400177001953,
    "wait_cost": 0.1959991455078125
}
