{
    "child_model_execute_cost_by_ms": [
        7.150000095367432
    ],
    "child_model_run_time": [
        [
            34850295,
            34857445
        ]
    ],
    "execute_cost": 7.150000095367432,
    "finish_time": 34857455,
    "limit_cost_by_ms": 5.988999843597412,
    "model_name": "yolov2",
    "recv_time": 34840317,
    "tag": "702",
    "total_cost_by_ms": 17.13800048828125,
    "wait_cost": 9.988000869750977
}
