{
    "child_model_execute_cost_by_ms": [
        13.484000205993652
    ],
    "child_model_run_time": [
        [
            36387356,
            36400840
        ]
    ],
    "execute_cost": 13.484000205993652,
    "finish_time": 36400852,
    "limit_cost_by_ms": 7.0276665687561035,
    "model_name": "gpt128v2",
    "recv_time": 36382578,
    "tag": "767",
    "total_cost_by_ms": 18.27400016784668,
    "wait_cost": 4.789999961853027
}
