{
    "child_model_execute_cost_by_ms": [
        18.989999771118164,
        18.054000854492188,
        20.209999084472656
    ],
    "child_model_run_time": [
        [
            40226507,
            40245497
        ],
        [
            40245525,
            40263579
        ],
        [
            40273887,
            40294097
        ]
    ],
    "execute_cost": 57.253997802734375,
    "finish_time": 40294099,
    "limit_cost_by_ms": 46.50899887084961,
    "model_name": "vgg19",
    "recv_time": 40199274,
    "tag": "926",
    "total_cost_by_ms": 94.82499694824219,
    "wait_cost": 37.57099914550781
}
