{
    "child_model_execute_cost_by_ms": [
        44.29199981689453
    ],
    "child_model_run_time": [
        [
            14198871,
            14243163
        ]
    ],
    "execute_cost": 44.29199981689453,
    "finish_time": 14243168,
    "limit_cost_by_ms": 47.01900100708008,
    "model_name": "vgg19",
    "recv_time": 14198768,
    "tag": "283",
    "total_cost_by_ms": 44.400001525878906,
    "wait_cost": 0.108001708984375
}
