{
    "child_model_execute_cost_by_ms": [
        20.40399932861328
    ],
    "child_model_run_time": [
        [
            16298074,
            16318478
        ]
    ],
    "execute_cost": 20.40399932861328,
    "finish_time": 16318487,
    "limit_cost_by_ms": 18.18400001525879,
    "model_name": "resnet50",
    "recv_time": 16297965,
    "tag": "376",
    "total_cost_by_ms": 20.52199935913086,
    "wait_cost": 0.11800003051757813
}
