{
    "child_model_execute_cost_by_ms": [
        45.5620002746582
    ],
    "child_model_run_time": [
        [
            18423334,
            18468896
        ]
    ],
    "execute_cost": 45.5620002746582,
    "finish_time": 18468906,
    "limit_cost_by_ms": 47.01900100708008,
    "model_name": "vgg19",
    "recv_time": 18423273,
    "tag": "470",
    "total_cost_by_ms": 45.632999420166016,
    "wait_cost": 0.0709991455078125
}
