{
    "child_model_execute_cost_by_ms": [
        10.913999557495117
    ],
    "child_model_run_time": [
        [
            28862601,
            28873515
        ]
    ],
    "execute_cost": 10.913999557495117,
    "finish_time": 28873527,
    "limit_cost_by_ms": 8.690666198730469,
    "model_name": "googlenet",
    "recv_time": 28854255,
    "tag": "929",
    "total_cost_by_ms": 19.27199935913086,
    "wait_cost": 8.357999801635742
}
