{
    "child_model_execute_cost_by_ms": [
        54.91600036621094
    ],
    "child_model_run_time": [
        [
            21980759,
            22035675
        ]
    ],
    "execute_cost": 54.91600036621094,
    "finish_time": 22035678,
    "limit_cost_by_ms": 7.50433349609375,
    "model_name": "squeezenetv1",
    "recv_time": 21980681,
    "tag": "580",
    "total_cost_by_ms": 54.99700164794922,
    "wait_cost": 0.08100128173828125
}
