{
    "child_model_execute_cost_by_ms": [
        51.66899871826172
    ],
    "child_model_run_time": [
        [
            27355839,
            27407508
        ]
    ],
    "execute_cost": 51.66899871826172,
    "finish_time": 27407513,
    "limit_cost_by_ms": 19.012332916259766,
    "model_name": "resnet50",
    "recv_time": 27355820,
    "tag": "797",
    "total_cost_by_ms": 51.69300079345703,
    "wait_cost": 0.0240020751953125
}
