{
    "child_model_execute_cost_by_ms": [
        72.2040023803711
    ],
    "child_model_run_time": [
        [
            30807352,
            30879556
        ]
    ],
    "execute_cost": 72.2040023803711,
    "finish_time": 30879560,
    "limit_cost_by_ms": 7.50433349609375,
    "model_name": "squeezenetv1",
    "recv_time": 30807221,
    "tag": "936",
    "total_cost_by_ms": 72.33899688720703,
    "wait_cost": 0.1349945068359375
}
