{
    "child_model_execute_cost_by_ms": [
        8.37600040435791
    ],
    "child_model_run_time": [
        [
            15523966,
            15532342
        ]
    ],
    "execute_cost": 8.37600040435791,
    "finish_time": 15532350,
    "limit_cost_by_ms": 7.382999897003174,
    "model_name": "squeezenetv1",
    "recv_time": 15523950,
    "tag": "310",
    "total_cost_by_ms": 8.399999618530273,
    "wait_cost": 0.02399921417236328
}
