{
    "child_model_execute_cost_by_ms": [
        36.82699966430664
    ],
    "child_model_run_time": [
        [
            18005531,
            18042358
        ]
    ],
    "execute_cost": 36.82699966430664,
    "finish_time": 18042364,
    "limit_cost_by_ms": 7.382999897003174,
    "model_name": "squeezenetv1",
    "recv_time": 18005471,
    "tag": "419",
    "total_cost_by_ms": 36.893001556396484,
    "wait_cost": 0.06600189208984375
}
