{
    "child_model_execute_cost_by_ms": [
        44.02399826049805
    ],
    "child_model_run_time": [
        [
            20364463,
            20408487
        ]
    ],
    "execute_cost": 44.02399826049805,
    "finish_time": 20408492,
    "limit_cost_by_ms": 47.31133270263672,
    "model_name": "vgg19",
    "recv_time": 20364413,
    "tag": "523",
    "total_cost_by_ms": 44.07899856567383,
    "wait_cost": 0.05500030517578125
}
