{
    "child_model_execute_cost_by_ms": [
        10.62600040435791
    ],
    "child_model_run_time": [
        [
            21649982,
            21660608
        ]
    ],
    "execute_cost": 10.62600040435791,
    "finish_time": 21660610,
    "limit_cost_by_ms": 7.382999897003174,
    "model_name": "squeezenetv1",
    "recv_time": 21649975,
    "tag": "579",
    "total_cost_by_ms": 10.635000228881836,
    "wait_cost": 0.008999824523925781
}
