{
    "child_model_execute_cost_by_ms": [
        54.19499969482422
    ],
    "child_model_run_time": [
        [
            11205757,
            11259952
        ]
    ],
    "execute_cost": 54.19499969482422,
    "finish_time": 11259954,
    "limit_cost_by_ms": 47.30066680908203,
    "model_name": "vgg19",
    "recv_time": 11205752,
    "tag": "139",
    "total_cost_by_ms": 54.20199966430664,
    "wait_cost": 0.006999969482421875
}
