{
    "child_model_execute_cost_by_ms": [
        60.375999450683594
    ],
    "child_model_run_time": [
        [
            13414710,
            13475086
        ]
    ],
    "execute_cost": 60.375999450683594,
    "finish_time": 13475087,
    "limit_cost_by_ms": 46.797332763671875,
    "model_name": "vgg19",
    "recv_time": 13414688,
    "tag": "228",
    "total_cost_by_ms": 60.39899826049805,
    "wait_cost": 0.022998809814453125
}
