{
    "child_model_execute_cost_by_ms": [
        44.23699951171875
    ],
    "child_model_run_time": [
        [
            17752801,
            17797038
        ]
    ],
    "execute_cost": 44.23699951171875,
    "finish_time": 17797042,
    "limit_cost_by_ms": 46.797332763671875,
    "model_name": "vgg19",
    "recv_time": 17752697,
    "tag": "404",
    "total_cost_by_ms": 44.345001220703125,
    "wait_cost": 0.108001708984375
}
