{
    "child_model_execute_cost_by_ms": [
        70.41100311279297
    ],
    "child_model_run_time": [
        [
            18222808,
            18293219
        ]
    ],
    "execute_cost": 70.41100311279297,
    "finish_time": 18293220,
    "limit_cost_by_ms": 18.810667037963867,
    "model_name": "resnet50",
    "recv_time": 18218690,
    "tag": "423",
    "total_cost_by_ms": 74.52999877929688,
    "wait_cost": 4.118995666503906
}
