{
    "child_model_execute_cost_by_ms": [
        44.237998962402344
    ],
    "child_model_run_time": [
        [
            23504666,
            23548904
        ]
    ],
    "execute_cost": 44.237998962402344,
    "finish_time": 23548908,
    "limit_cost_by_ms": 46.797332763671875,
    "model_name": "vgg19",
    "recv_time": 23504659,
    "tag": "641",
    "total_cost_by_ms": 44.249000549316406,
    "wait_cost": 0.0110015869140625
}
