{
    "child_model_execute_cost_by_ms": [
        20.034000396728516
    ],
    "child_model_run_time": [
        [
            9990876,
            10010910
        ]
    ],
    "execute_cost": 20.034000396728516,
    "finish_time": 10010914,
    "limit_cost_by_ms": 18.810667037963867,
    "model_name": "resnet50",
    "recv_time": 9990709,
    "tag": "87",
    "total_cost_by_ms": 20.204999923706055,
    "wait_cost": 0.17099952697753906
}
