{
    "child_model_execute_cost_by_ms": [
        8.590999603271484
    ],
    "child_model_run_time": [
        [
            25932029,
            25940620
        ]
    ],
    "execute_cost": 8.590999603271484,
    "finish_time": 25940627,
    "limit_cost_by_ms": 7.147333145141602,
    "model_name": "squeezenetv1",
    "recv_time": 25911083,
    "tag": "852",
    "total_cost_by_ms": 29.54400062561035,
    "wait_cost": 20.953001022338867
}
