{
    "child_model_execute_cost_by_ms": [
        46.691001892089844
    ],
    "child_model_run_time": [
        [
            9595216,
            9641907
        ]
    ],
    "execute_cost": 46.691001892089844,
    "finish_time": 9641911,
    "limit_cost_by_ms": 47.441001892089844,
    "model_name": "vgg19",
    "recv_time": 9582592,
    "tag": "102",
    "total_cost_by_ms": 59.319000244140625,
    "wait_cost": 12.627998352050781
}
