{
    "child_model_execute_cost_by_ms": [
        10.944000244140625
    ],
    "child_model_run_time": [
        [
            10981407,
            10992351
        ]
    ],
    "execute_cost": 10.944000244140625,
    "finish_time": 10992363,
    "limit_cost_by_ms": 9.066333770751953,
    "model_name": "googlenet",
    "recv_time": 10934608,
    "tag": "164",
    "total_cost_by_ms": 57.755001068115234,
    "wait_cost": 46.81100082397461
}
