{
    "child_model_execute_cost_by_ms": [
        46.33399963378906
    ],
    "child_model_run_time": [
        [
            13598313,
            13644647
        ]
    ],
    "execute_cost": 46.33399963378906,
    "finish_time": 13644654,
    "limit_cost_by_ms": 47.441001892089844,
    "model_name": "vgg19",
    "recv_time": 13598152,
    "tag": "300",
    "total_cost_by_ms": 46.50199890136719,
    "wait_cost": 0.167999267578125
}
