{
    "child_model_execute_cost_by_ms": [
        8.651000022888184
    ],
    "child_model_run_time": [
        [
            17603700,
            17612351
        ]
    ],
    "execute_cost": 8.651000022888184,
    "finish_time": 17612364,
    "limit_cost_by_ms": 7.257999897003174,
    "model_name": "squeezenetv1",
    "recv_time": 17597286,
    "tag": "499",
    "total_cost_by_ms": 15.07800006866455,
    "wait_cost": 6.427000045776367
}
