{
    "child_model_execute_cost_by_ms": [
        8.609999656677246
    ],
    "child_model_run_time": [
        [
            17712119,
            17720729
        ]
    ],
    "execute_cost": 8.609999656677246,
    "finish_time": 17720740,
    "limit_cost_by_ms": 7.257999897003174,
    "model_name": "squeezenetv1",
    "recv_time": 17683170,
    "tag": "503",
    "total_cost_by_ms": 37.56999969482422,
    "wait_cost": 28.959999084472656
}
