{
    "child_model_execute_cost_by_ms": [
        20.865999221801758
    ],
    "child_model_run_time": [
        [
            17946319,
            17967185
        ]
    ],
    "execute_cost": 20.865999221801758,
    "finish_time": 17967192,
    "limit_cost_by_ms": 18.818666458129883,
    "model_name": "resnet50",
    "recv_time": 17890828,
    "tag": "514",
    "total_cost_by_ms": 76.36399841308594,
    "wait_cost": 55.49800109863281
}
