{
    "child_model_execute_cost_by_ms": [
        19.73200035095215
    ],
    "child_model_run_time": [
        [
            18085008,
            18104740
        ]
    ],
    "execute_cost": 19.73200035095215,
    "finish_time": 18104747,
    "limit_cost_by_ms": 18.818666458129883,
    "model_name": "resnet50",
    "recv_time": 18084870,
    "tag": "522",
    "total_cost_by_ms": 19.87700080871582,
    "wait_cost": 0.14500045776367188
}
