{
    "child_model_execute_cost_by_ms": [
        20.035999298095703
    ],
    "child_model_run_time": [
        [
            19023252,
            19043288
        ]
    ],
    "execute_cost": 20.035999298095703,
    "finish_time": 19043295,
    "limit_cost_by_ms": 18.944665908813477,
    "model_name": "resnet50",
    "recv_time": 19023242,
    "tag": "569",
    "total_cost_by_ms": 20.05299949645996,
    "wait_cost": 0.017000198364257813
}
