{
    "child_model_execute_cost_by_ms": [
        20.260000228881836
    ],
    "child_model_run_time": [
        [
            21148710,
            21168970
        ]
    ],
    "execute_cost": 20.260000228881836,
    "finish_time": 21168976,
    "limit_cost_by_ms": 18.818666458129883,
    "model_name": "resnet50",
    "recv_time": 21148694,
    "tag": "672",
    "total_cost_by_ms": 20.281999588012695,
    "wait_cost": 0.021999359130859375
}
