{
    "child_model_execute_cost_by_ms": [
        46.11899948120117
    ],
    "child_model_run_time": [
        [
            8939911,
            8986030
        ]
    ],
    "execute_cost": 46.11899948120117,
    "finish_time": 8986035,
    "limit_cost_by_ms": 47.441001892089844,
    "model_name": "vgg19",
    "recv_time": 8939847,
    "tag": "69",
    "total_cost_by_ms": 46.1879997253418,
    "wait_cost": 0.069000244140625
}
