{
    "child_model_execute_cost_by_ms": [
        9.939000129699707
    ],
    "child_model_run_time": [
        [
            21672463,
            21682402
        ]
    ],
    "execute_cost": 9.939000129699707,
    "finish_time": 21682406,
    "limit_cost_by_ms": 9.066333770751953,
    "model_name": "googlenet",
    "recv_time": 21672294,
    "tag": "699",
    "total_cost_by_ms": 10.112000465393066,
    "wait_cost": 0.17300033569335938
}
