{
    "child_model_execute_cost_by_ms": [
        8.86299991607666
    ],
    "child_model_run_time": [
        [
            21994611,
            22003474
        ]
    ],
    "execute_cost": 8.86299991607666,
    "finish_time": 22003486,
    "limit_cost_by_ms": 7.368000030517578,
    "model_name": "squeezenetv1",
    "recv_time": 21974229,
    "tag": "713",
    "total_cost_by_ms": 29.256999969482422,
    "wait_cost": 20.394001007080078
}
