{
    "child_model_execute_cost_by_ms": [
        8.468999862670898
    ],
    "child_model_run_time": [
        [
            23102751,
            23111220
        ]
    ],
    "execute_cost": 8.468999862670898,
    "finish_time": 23111225,
    "limit_cost_by_ms": 7.308333396911621,
    "model_name": "squeezenetv1",
    "recv_time": 23093804,
    "tag": "746",
    "total_cost_by_ms": 17.42099952697754,
    "wait_cost": 8.95199966430664
}
