{
    "child_model_execute_cost_by_ms": [
        10.418000221252441
    ],
    "child_model_run_time": [
        [
            23213456,
            23223874
        ]
    ],
    "execute_cost": 10.418000221252441,
    "finish_time": 23223880,
    "limit_cost_by_ms": 9.066333770751953,
    "model_name": "googlenet",
    "recv_time": 23190094,
    "tag": "773",
    "total_cost_by_ms": 33.7859992980957,
    "wait_cost": 23.368000030517578
}
