{
    "child_model_execute_cost_by_ms": [
        8.956000328063965
    ],
    "child_model_run_time": [
        [
            9742152,
            9751108
        ]
    ],
    "execute_cost": 8.956000328063965,
    "finish_time": 9751118,
    "limit_cost_by_ms": 7.308333396911621,
    "model_name": "squeezenetv1",
    "recv_time": 9740029,
    "tag": "87",
    "total_cost_by_ms": 11.08899974822998,
    "wait_cost": 2.1329994201660156
}
