{
    "child_model_execute_cost_by_ms": [
        8.470999717712402
    ],
    "child_model_run_time": [
        [
            25078414,
            25086885
        ]
    ],
    "execute_cost": 8.470999717712402,
    "finish_time": 25086896,
    "limit_cost_by_ms": 7.368000030517578,
    "model_name": "squeezenetv1",
    "recv_time": 25061271,
    "tag": "862",
    "total_cost_by_ms": 25.625,
    "wait_cost": 17.15399932861328
}
