{
    "child_model_execute_cost_by_ms": [
        8.711000442504883
    ],
    "child_model_run_time": [
        [
            12190105,
            12198816
        ]
    ],
    "execute_cost": 8.711000442504883,
    "finish_time": 12198823,
    "limit_cost_by_ms": 7.241666793823242,
    "model_name": "squeezenetv1",
    "recv_time": 12189923,
    "tag": "213",
    "total_cost_by_ms": 8.899999618530273,
    "wait_cost": 0.18899917602539063
}
