{
    "child_model_execute_cost_by_ms": [
        45.71699905395508
    ],
    "child_model_run_time": [
        [
            18285204,
            18330921
        ]
    ],
    "execute_cost": 45.71699905395508,
    "finish_time": 18330926,
    "limit_cost_by_ms": 46.022666931152344,
    "model_name": "vgg19",
    "recv_time": 18285021,
    "tag": "506",
    "total_cost_by_ms": 45.904998779296875,
    "wait_cost": 0.18799972534179688
}
