{
    "child_model_execute_cost_by_ms": [
        10.767000198364258
    ],
    "child_model_run_time": [
        [
            21060686,
            21071453
        ]
    ],
    "execute_cost": 10.767000198364258,
    "finish_time": 21071461,
    "limit_cost_by_ms": 8.75100040435791,
    "model_name": "googlenet",
    "recv_time": 21060672,
    "tag": "640",
    "total_cost_by_ms": 10.788999557495117,
    "wait_cost": 0.021999359130859375
}
