{
    "child_model_execute_cost_by_ms": [
        30.733999252319336
    ],
    "child_model_run_time": [
        [
            10443091,
            10473825
        ]
    ],
    "execute_cost": 30.733999252319336,
    "finish_time": 10473829,
    "limit_cost_by_ms": 18.80933380126953,
    "model_name": "resnet50",
    "recv_time": 10442991,
    "tag": "139",
    "total_cost_by_ms": 30.83799934387207,
    "wait_cost": 0.10400009155273438
}
