{
    "child_model_execute_cost_by_ms": [
        16.729999542236328
    ],
    "child_model_run_time": [
        [
            11641603,
            11658333
        ]
    ],
    "execute_cost": 16.729999542236328,
    "finish_time": 11658338,
    "limit_cost_by_ms": 7.178333282470703,
    "model_name": "squeezenetv1",
    "recv_time": 11641429,
    "tag": "203",
    "total_cost_by_ms": 16.909000396728516,
    "wait_cost": 0.1790008544921875
}
