{
    "child_model_execute_cost_by_ms": [
        19.12700080871582
    ],
    "child_model_run_time": [
        [
            12193881,
            12213008
        ]
    ],
    "execute_cost": 19.12700080871582,
    "finish_time": 12213013,
    "limit_cost_by_ms": 18.80933380126953,
    "model_name": "resnet50",
    "recv_time": 12193869,
    "tag": "231",
    "total_cost_by_ms": 19.143999099731445,
    "wait_cost": 0.016998291015625
}
