{
    "child_model_execute_cost_by_ms": [
        8.071000099182129
    ],
    "child_model_run_time": [
        [
            12335140,
            12343211
        ]
    ],
    "execute_cost": 8.071000099182129,
    "finish_time": 12343216,
    "limit_cost_by_ms": 7.178333282470703,
    "model_name": "squeezenetv1",
    "recv_time": 12334979,
    "tag": "238",
    "total_cost_by_ms": 8.237000465393066,
    "wait_cost": 0.1660003662109375
}
