{
    "child_model_execute_cost_by_ms": [
        19.07200050354004
    ],
    "child_model_run_time": [
        [
            16149811,
            16168883
        ]
    ],
    "execute_cost": 19.07200050354004,
    "finish_time": 16168888,
    "limit_cost_by_ms": 18.80933380126953,
    "model_name": "resnet50",
    "recv_time": 16149798,
    "tag": "437",
    "total_cost_by_ms": 19.09000015258789,
    "wait_cost": 0.017999649047851563
}
