{
    "child_model_execute_cost_by_ms": [
        48.07099914550781
    ],
    "child_model_run_time": [
        [
            17384870,
            17432941
        ]
    ],
    "execute_cost": 48.07099914550781,
    "finish_time": 17432946,
    "limit_cost_by_ms": 18.80933380126953,
    "model_name": "resnet50",
    "recv_time": 17384857,
    "tag": "499",
    "total_cost_by_ms": 48.0890007019043,
    "wait_cost": 0.018001556396484375
}
