{
    "child_model_execute_cost_by_ms": [
        19.142000198364258
    ],
    "child_model_run_time": [
        [
            20367906,
            20387048
        ]
    ],
    "execute_cost": 19.142000198364258,
    "finish_time": 20387053,
    "limit_cost_by_ms": 18.80933380126953,
    "model_name": "resnet50",
    "recv_time": 20367746,
    "tag": "651",
    "total_cost_by_ms": 19.30699920654297,
    "wait_cost": 0.16499900817871094
}
