{
    "child_model_execute_cost_by_ms": [
        18.82699966430664
    ],
    "child_model_run_time": [
        [
            20978351,
            20997178
        ]
    ],
    "execute_cost": 18.82699966430664,
    "finish_time": 20997183,
    "limit_cost_by_ms": 18.80933380126953,
    "model_name": "resnet50",
    "recv_time": 20978192,
    "tag": "683",
    "total_cost_by_ms": 18.990999221801758,
    "wait_cost": 0.1639995574951172
}
