{
    "child_model_execute_cost_by_ms": [
        67.6729965209961
    ],
    "child_model_run_time": [
        [
            9210228,
            9277901
        ]
    ],
    "execute_cost": 67.6729965209961,
    "finish_time": 9277903,
    "limit_cost_by_ms": 18.80933380126953,
    "model_name": "resnet50",
    "recv_time": 9210216,
    "tag": "76",
    "total_cost_by_ms": 67.68699645996094,
    "wait_cost": 0.01399993896484375
}
