{
    "child_model_execute_cost_by_ms": [
        9.619000434875488
    ],
    "child_model_run_time": [
        [
            24314977,
            24324596
        ]
    ],
    "execute_cost": 9.619000434875488,
    "finish_time": 24324601,
    "limit_cost_by_ms": 8.605999946594238,
    "model_name": "googlenet",
    "recv_time": 24314837,
    "tag": "858",
    "total_cost_by_ms": 9.763999938964844,
    "wait_cost": 0.14499950408935547
}
