{
    "child_model_execute_cost_by_ms": [
        9.609999656677246
    ],
    "child_model_run_time": [
        [
            24417318,
            24426928
        ]
    ],
    "execute_cost": 9.609999656677246,
    "finish_time": 24426934,
    "limit_cost_by_ms": 8.605999946594238,
    "model_name": "googlenet",
    "recv_time": 24417152,
    "tag": "863",
    "total_cost_by_ms": 9.781999588012695,
    "wait_cost": 0.17199993133544922
}
