{
    "child_model_execute_cost_by_ms": [
        8.017000198364258
    ],
    "child_model_run_time": [
        [
            24427235,
            24435252
        ]
    ],
    "execute_cost": 8.017000198364258,
    "finish_time": 24435257,
    "limit_cost_by_ms": 7.178333282470703,
    "model_name": "squeezenetv1",
    "recv_time": 24427142,
    "tag": "864",
    "total_cost_by_ms": 8.114999771118164,
    "wait_cost": 0.09799957275390625
}
