{
    "child_model_execute_cost_by_ms": [
        14.829999923706055,
        8.699999809265137
    ],
    "child_model_run_time": [
        [
            12066957,
            12081787
        ],
        [
            12081836,
            12090536
        ]
    ],
    "execute_cost": 23.529998779296875,
    "finish_time": 12090541,
    "limit_cost_by_ms": 18.860000610351563,
    "model_name": "resnet50",
    "recv_time": 12065742,
    "tag": "149",
    "total_cost_by_ms": 24.798999786376953,
    "wait_cost": 1.2690010070800781
}
