{
    "child_model_execute_cost_by_ms": [
        14.61400032043457,
        8.791999816894531
    ],
    "child_model_run_time": [
        [
            16416705,
            16431319
        ],
        [
            16431362,
            16440154
        ]
    ],
    "execute_cost": 23.4060001373291,
    "finish_time": 16440164,
    "limit_cost_by_ms": 18.860000610351563,
    "model_name": "resnet50",
    "recv_time": 16400089,
    "tag": "302",
    "total_cost_by_ms": 40.07500076293945,
    "wait_cost": 16.66900062561035
}
