{
    "child_model_execute_cost_by_ms": [
        17.849000930786133,
        16.47100067138672,
        19.395000457763672
    ],
    "child_model_run_time": [
        [
            17409367,
            17427216
        ],
        [
            17427261,
            17443732
        ],
        [
            17443748,
            17463143
        ]
    ],
    "execute_cost": 53.71500015258789,
    "finish_time": 17463150,
    "limit_cost_by_ms": 46.56266784667969,
    "model_name": "vgg19",
    "recv_time": 17409254,
    "tag": "336",
    "total_cost_by_ms": 53.895999908447266,
    "wait_cost": 0.180999755859375
}
