{
    "child_model_execute_cost_by_ms": [
        9.748000144958496
    ],
    "child_model_run_time": [
        [
            19389130,
            19398878
        ]
    ],
    "execute_cost": 9.748000144958496,
    "finish_time": 19398888,
    "limit_cost_by_ms": 8.477666854858398,
    "model_name": "googlenet",
    "recv_time": 19379555,
    "tag": "405",
    "total_cost_by_ms": 19.33300018310547,
    "wait_cost": 9.585000038146973
}
