{
    "child_model_execute_cost_by_ms": [
        18.500999450683594,
        17.239999771118164,
        19.503000259399414
    ],
    "child_model_run_time": [
        [
            25015734,
            25034235
        ],
        [
            25034292,
            25051532
        ],
        [
            25051565,
            25071068
        ]
    ],
    "execute_cost": 55.243995666503906,
    "finish_time": 25071072,
    "limit_cost_by_ms": 46.56266784667969,
    "model_name": "vgg19",
    "recv_time": 25015572,
    "tag": "603",
    "total_cost_by_ms": 55.5,
    "wait_cost": 0.25600433349609375
}
