{
    "child_model_execute_cost_by_ms": [
        9.760000228881836
    ],
    "child_model_run_time": [
        [
            28013525,
            28023285
        ]
    ],
    "execute_cost": 9.760000228881836,
    "finish_time": 28023294,
    "limit_cost_by_ms": 8.477666854858398,
    "model_name": "googlenet",
    "recv_time": 28013333,
    "tag": "708",
    "total_cost_by_ms": 9.961000442504883,
    "wait_cost": 0.20100021362304688
}
