{
    "child_model_execute_cost_by_ms": [
        14.03499984741211,
        8.34000015258789
    ],
    "child_model_run_time": [
        [
            34727178,
            34741213
        ],
        [
            34741255,
            34749595
        ]
    ],
    "execute_cost": 22.375,
    "finish_time": 34749601,
    "limit_cost_by_ms": 18.860000610351563,
    "model_name": "resnet50",
    "recv_time": 34727007,
    "tag": "943",
    "total_cost_by_ms": 22.5939998626709,
    "wait_cost": 0.21899986267089844
}
