{
    "child_model_execute_cost_by_ms": [
        14.496000289916992,
        8.604999542236328
    ],
    "child_model_run_time": [
        [
            35841590,
            35856086
        ],
        [
            35856122,
            35864727
        ]
    ],
    "execute_cost": 23.10099983215332,
    "finish_time": 35864736,
    "limit_cost_by_ms": 18.860000610351563,
    "model_name": "resnet50",
    "recv_time": 35823024,
    "tag": "983",
    "total_cost_by_ms": 41.71200180053711,
    "wait_cost": 18.61100196838379
}
