{
    "child_model_execute_cost_by_ms": [
        49.016998291015625
    ],
    "child_model_run_time": [
        [
            8093630,
            8142647
        ]
    ],
    "execute_cost": 49.016998291015625,
    "finish_time": 8142655,
    "limit_cost_by_ms": 46.71699905395508,
    "model_name": "vgg19",
    "recv_time": 8093456,
    "tag": "11",
    "total_cost_by_ms": 49.19900131225586,
    "wait_cost": 0.18200302124023438
}
