{
    "child_model_execute_cost_by_ms": [
        46.73699951171875
    ],
    "child_model_run_time": [
        [
            17042306,
            17089043
        ]
    ],
    "execute_cost": 46.73699951171875,
    "finish_time": 17089049,
    "limit_cost_by_ms": 46.71699905395508,
    "model_name": "vgg19",
    "recv_time": 17042245,
    "tag": "384",
    "total_cost_by_ms": 46.80400085449219,
    "wait_cost": 0.0670013427734375
}
