{
    "child_model_execute_cost_by_ms": [
        8.015000343322754
    ],
    "child_model_run_time": [
        [
            31184114,
            31192129
        ]
    ],
    "execute_cost": 8.015000343322754,
    "finish_time": 31192136,
    "limit_cost_by_ms": 7.0933332443237305,
    "model_name": "squeezenetv1",
    "recv_time": 31184013,
    "tag": "974",
    "total_cost_by_ms": 8.123000144958496,
    "wait_cost": 0.10799980163574219
}
