{
    "child_model_execute_cost_by_ms": [
        48.44300079345703
    ],
    "child_model_run_time": [
        [
            27217116,
            27265559
        ]
    ],
    "execute_cost": 48.44300079345703,
    "finish_time": 27265563,
    "limit_cost_by_ms": 46.4010009765625,
    "model_name": "vgg19",
    "recv_time": 27217100,
    "tag": "816",
    "total_cost_by_ms": 48.4630012512207,
    "wait_cost": 0.020000457763671875
}
