{
    "child_model_execute_cost_by_ms": [
        8.071999549865723
    ],
    "child_model_run_time": [
        [
            12428298,
            12436370
        ]
    ],
    "execute_cost": 8.071999549865723,
    "finish_time": 12436377,
    "limit_cost_by_ms": 7.343999862670898,
    "model_name": "squeezenetv1",
    "recv_time": 12428283,
    "tag": "194",
    "total_cost_by_ms": 8.093999862670898,
    "wait_cost": 0.02200031280517578
}
