{
    "child_model_execute_cost_by_ms": [
        9.654999732971191
    ],
    "child_model_run_time": [
        [
            8259030,
            8268685
        ]
    ],
    "execute_cost": 9.654999732971191,
    "finish_time": 8268699,
    "limit_cost_by_ms": 8.989666938781738,
    "model_name": "googlenet",
    "recv_time": 8244229,
    "tag": "26",
    "total_cost_by_ms": 24.469999313354492,
    "wait_cost": 14.8149995803833
}
