{
    "child_model_execute_cost_by_ms": [
        18.906999588012695,
        16.684999465942383,
        19.652000427246094
    ],
    "child_model_run_time": [
        [
            13482463,
            13501370
        ],
        [
            13501411,
            13518096
        ],
        [
            13541502,
            13561154
        ]
    ],
    "execute_cost": 55.24399948120117,
    "finish_time": 13561159,
    "limit_cost_by_ms": 45.143333435058594,
    "model_name": "vgg19",
    "recv_time": 13482296,
    "tag": "240",
    "total_cost_by_ms": 78.86299896240234,
    "wait_cost": 23.618999481201172
}
