{
    "child_model_execute_cost_by_ms": [
        14.715999603271484,
        9.21500015258789
    ],
    "child_model_run_time": [
        [
            13764366,
            13779082
        ],
        [
            13779175,
            13788390
        ]
    ],
    "execute_cost": 23.930999755859375,
    "finish_time": 13788401,
    "limit_cost_by_ms": 18.84666633605957,
    "model_name": "resnet50",
    "recv_time": 13752973,
    "tag": "249",
    "total_cost_by_ms": 35.428001403808594,
    "wait_cost": 11.497001647949219
}
