{
    "child_model_execute_cost_by_ms": [
        18.461999893188477,
        16.364999771118164,
        18.770999908447266
    ],
    "child_model_run_time": [
        [
            14039330,
            14057792
        ],
        [
            14088032,
            14104397
        ],
        [
            14104411,
            14123182
        ]
    ],
    "execute_cost": 53.597999572753906,
    "finish_time": 14123186,
    "limit_cost_by_ms": 44.51466751098633,
    "model_name": "vgg19",
    "recv_time": 14039173,
    "tag": "276",
    "total_cost_by_ms": 84.01300048828125,
    "wait_cost": 30.415000915527344
}
