{
    "child_model_execute_cost_by_ms": [
        14.937999725341797,
        8.842000007629395
    ],
    "child_model_run_time": [
        [
            14559181,
            14574119
        ],
        [
            14582385,
            14591227
        ]
    ],
    "execute_cost": 23.779998779296875,
    "finish_time": 14591236,
    "limit_cost_by_ms": 18.84666633605957,
    "model_name": "resnet50",
    "recv_time": 14540547,
    "tag": "281",
    "total_cost_by_ms": 50.68899917602539,
    "wait_cost": 26.909000396728516
}
