{
    "child_model_execute_cost_by_ms": [
        8.272000312805176
    ],
    "child_model_run_time": [
        [
            14348508,
            14356780
        ]
    ],
    "execute_cost": 8.272000312805176,
    "finish_time": 14356791,
    "limit_cost_by_ms": 6.9743332862854,
    "model_name": "squeezenetv1",
    "recv_time": 14340767,
    "tag": "289",
    "total_cost_by_ms": 16.02400016784668,
    "wait_cost": 7.751999855041504
}
