{
    "child_model_execute_cost_by_ms": [
        13.494999885559082,
        8.236000061035156
    ],
    "child_model_run_time": [
        [
            15031146,
            15044641
        ],
        [
            15054347,
            15062583
        ]
    ],
    "execute_cost": 21.730998992919922,
    "finish_time": 15062587,
    "limit_cost_by_ms": 18.194334030151367,
    "model_name": "resnet50",
    "recv_time": 15031140,
    "tag": "307",
    "total_cost_by_ms": 31.44700050354004,
    "wait_cost": 9.716001510620117
}
