{
    "child_model_execute_cost_by_ms": [
        7.894999980926514
    ],
    "child_model_run_time": [
        [
            15458708,
            15466603
        ]
    ],
    "execute_cost": 7.894999980926514,
    "finish_time": 15466615,
    "limit_cost_by_ms": 7.0286664962768555,
    "model_name": "squeezenetv1",
    "recv_time": 15440136,
    "tag": "326",
    "total_cost_by_ms": 26.479000091552734,
    "wait_cost": 18.583999633789063
}
