{
    "child_model_execute_cost_by_ms": [
        7.431000232696533
    ],
    "child_model_run_time": [
        [
            8484334,
            8491765
        ]
    ],
    "execute_cost": 7.431000232696533,
    "finish_time": 8491768,
    "limit_cost_by_ms": 6.9743332862854,
    "model_name": "squeezenetv1",
    "recv_time": 8473073,
    "tag": "40",
    "total_cost_by_ms": 18.69499969482422,
    "wait_cost": 11.263999938964844
}
