{
    "child_model_execute_cost_by_ms": [
        9.6850004196167
    ],
    "child_model_run_time": [
        [
            17790474,
            17800159
        ]
    ],
    "execute_cost": 9.6850004196167,
    "finish_time": 17800166,
    "limit_cost_by_ms": 8.562666893005371,
    "model_name": "googlenet",
    "recv_time": 17790394,
    "tag": "419",
    "total_cost_by_ms": 9.772000312805176,
    "wait_cost": 0.08699989318847656
}
