{
    "child_model_execute_cost_by_ms": [
        18.659000396728516,
        16.573999404907227,
        19.240999221801758
    ],
    "child_model_run_time": [
        [
            17907261,
            17925920
        ],
        [
            17948078,
            17964652
        ],
        [
            17964682,
            17983923
        ]
    ],
    "execute_cost": 54.4739990234375,
    "finish_time": 17983928,
    "limit_cost_by_ms": 45.143333435058594,
    "model_name": "vgg19",
    "recv_time": 17907133,
    "tag": "425",
    "total_cost_by_ms": 76.79499816894531,
    "wait_cost": 22.320999145507813
}
