{
    "child_model_execute_cost_by_ms": [
        16.64699935913086,
        15.87600040435791,
        18.68199920654297
    ],
    "child_model_run_time": [
        [
            18806313,
            18822960
        ],
        [
            18822977,
            18838853
        ],
        [
            18838885,
            18857567
        ]
    ],
    "execute_cost": 51.20499801635742,
    "finish_time": 18857572,
    "limit_cost_by_ms": 44.51466751098633,
    "model_name": "vgg19",
    "recv_time": 18806301,
    "tag": "478",
    "total_cost_by_ms": 51.270999908447266,
    "wait_cost": 0.06600189208984375
}
