{
    "child_model_execute_cost_by_ms": [
        8.281999588012695
    ],
    "child_model_run_time": [
        [
            9000415,
            9008697
        ]
    ],
    "execute_cost": 8.281999588012695,
    "finish_time": 9008705,
    "limit_cost_by_ms": 7.112666606903076,
    "model_name": "squeezenetv1",
    "recv_time": 8993083,
    "tag": "52",
    "total_cost_by_ms": 15.621999740600586,
    "wait_cost": 7.340000152587891
}
