{
    "child_model_execute_cost_by_ms": [
        18.5310001373291,
        17.29599952697754,
        19.687000274658203
    ],
    "child_model_run_time": [
        [
            20670685,
            20689216
        ],
        [
            20689303,
            20706599
        ],
        [
            20706685,
            20726372
        ]
    ],
    "execute_cost": 55.513999938964844,
    "finish_time": 20726377,
    "limit_cost_by_ms": 45.143333435058594,
    "model_name": "vgg19",
    "recv_time": 20653328,
    "tag": "538",
    "total_cost_by_ms": 73.04900360107422,
    "wait_cost": 17.535003662109375
}
