{
    "child_model_execute_cost_by_ms": [
        14.821999549865723,
        9.416000366210938
    ],
    "child_model_run_time": [
        [
            21174960,
            21189782
        ],
        [
            21189836,
            21199252
        ]
    ],
    "execute_cost": 24.237998962402344,
    "finish_time": 21199262,
    "limit_cost_by_ms": 18.84666633605957,
    "model_name": "resnet50",
    "recv_time": 21157887,
    "tag": "546",
    "total_cost_by_ms": 41.375,
    "wait_cost": 17.137001037597656
}
