{
    "child_model_execute_cost_by_ms": [
        8.192000389099121
    ],
    "child_model_run_time": [
        [
            21329736,
            21337928
        ]
    ],
    "execute_cost": 8.192000389099121,
    "finish_time": 21337935,
    "limit_cost_by_ms": 7.343999862670898,
    "model_name": "squeezenetv1",
    "recv_time": 21329579,
    "tag": "552",
    "total_cost_by_ms": 8.355999946594238,
    "wait_cost": 0.1639995574951172
}
