{
    "child_model_execute_cost_by_ms": [
        18.922000885009766,
        17.062999725341797,
        19.422000885009766
    ],
    "child_model_run_time": [
        [
            21350514,
            21369436
        ],
        [
            21377729,
            21394792
        ],
        [
            21394894,
            21414316
        ]
    ],
    "execute_cost": 55.40700149536133,
    "finish_time": 21414320,
    "limit_cost_by_ms": 45.143333435058594,
    "model_name": "vgg19",
    "recv_time": 21350376,
    "tag": "565",
    "total_cost_by_ms": 63.944000244140625,
    "wait_cost": 8.536998748779297
}
