{
    "child_model_execute_cost_by_ms": [
        18.60300064086914,
        16.538000106811523,
        18.655000686645508
    ],
    "child_model_run_time": [
        [
            21251236,
            21269839
        ],
        [
            21269880,
            21286418
        ],
        [
            21286502,
            21305157
        ]
    ],
    "execute_cost": 53.795997619628906,
    "finish_time": 21305162,
    "limit_cost_by_ms": 44.41466522216797,
    "model_name": "vgg19",
    "recv_time": 21249270,
    "tag": "570",
    "total_cost_by_ms": 55.891998291015625,
    "wait_cost": 2.0960006713867188
}
