{
    "child_model_execute_cost_by_ms": [
        7.908999919891357
    ],
    "child_model_run_time": [
        [
            21644359,
            21652268
        ]
    ],
    "execute_cost": 7.908999919891357,
    "finish_time": 21652274,
    "limit_cost_by_ms": 7.112666606903076,
    "model_name": "squeezenetv1",
    "recv_time": 21644243,
    "tag": "577",
    "total_cost_by_ms": 8.031000137329102,
    "wait_cost": 0.12200021743774414
}
