{
    "child_model_execute_cost_by_ms": [
        8.96399974822998
    ],
    "child_model_run_time": [
        [
            21269786,
            21278750
        ]
    ],
    "execute_cost": 8.96399974822998,
    "finish_time": 21278757,
    "limit_cost_by_ms": 8.427666664123535,
    "model_name": "googlenet",
    "recv_time": 21269777,
    "tag": "579",
    "total_cost_by_ms": 8.979999542236328,
    "wait_cost": 0.015999794006347656
}
