{
    "child_model_execute_cost_by_ms": [
        9.517999649047852
    ],
    "child_model_run_time": [
        [
            24025434,
            24034952
        ]
    ],
    "execute_cost": 9.517999649047852,
    "finish_time": 24034959,
    "limit_cost_by_ms": 8.989666938781738,
    "model_name": "googlenet",
    "recv_time": 24025272,
    "tag": "659",
    "total_cost_by_ms": 9.687000274658203,
    "wait_cost": 0.16900062561035156
}
