{
    "child_model_execute_cost_by_ms": [
        18.176000595092773,
        16.89699935913086,
        19.41200065612793
    ],
    "child_model_run_time": [
        [
            24253710,
            24271886
        ],
        [
            24271978,
            24288875
        ],
        [
            24288891,
            24308303
        ]
    ],
    "execute_cost": 54.48500061035156,
    "finish_time": 24308307,
    "limit_cost_by_ms": 46.45399856567383,
    "model_name": "vgg19",
    "recv_time": 24253543,
    "tag": "670",
    "total_cost_by_ms": 54.763999938964844,
    "wait_cost": 0.27899932861328125
}
