{
    "child_model_execute_cost_by_ms": [
        7.808000087738037
    ],
    "child_model_run_time": [
        [
            23788379,
            23796187
        ]
    ],
    "execute_cost": 7.808000087738037,
    "finish_time": 23796193,
    "limit_cost_by_ms": 7.0286664962768555,
    "model_name": "squeezenetv1",
    "recv_time": 23788286,
    "tag": "676",
    "total_cost_by_ms": 7.9070000648498535,
    "wait_cost": 0.0989999771118164
}
