{
    "child_model_execute_cost_by_ms": [
        7.927999973297119
    ],
    "child_model_run_time": [
        [
            23697092,
            23705020
        ]
    ],
    "execute_cost": 7.927999973297119,
    "finish_time": 23705034,
    "limit_cost_by_ms": 6.9743332862854,
    "model_name": "squeezenetv1",
    "recv_time": 23689285,
    "tag": "680",
    "total_cost_by_ms": 15.74899959564209,
    "wait_cost": 7.820999622344971
}
