{
    "child_model_execute_cost_by_ms": [
        15.130000114440918,
        8.630999565124512
    ],
    "child_model_run_time": [
        [
            9352240,
            9367370
        ],
        [
            9377307,
            9385938
        ]
    ],
    "execute_cost": 23.76099967956543,
    "finish_time": 9385949,
    "limit_cost_by_ms": 18.194334030151367,
    "model_name": "resnet50",
    "recv_time": 9352211,
    "tag": "69",
    "total_cost_by_ms": 33.737998962402344,
    "wait_cost": 9.976999282836914
}
