{
    "child_model_execute_cost_by_ms": [
        17.959999084472656,
        16.457000732421875,
        18.88599967956543
    ],
    "child_model_run_time": [
        [
            24302629,
            24320589
        ],
        [
            24320680,
            24337137
        ],
        [
            24337153,
            24356039
        ]
    ],
    "execute_cost": 53.303001403808594,
    "finish_time": 24356045,
    "limit_cost_by_ms": 44.51466751098633,
    "model_name": "vgg19",
    "recv_time": 24302444,
    "tag": "706",
    "total_cost_by_ms": 53.60100173950195,
    "wait_cost": 0.2980003356933594
}
