{
    "child_model_execute_cost_by_ms": [
        7.860000133514404
    ],
    "child_model_run_time": [
        [
            24555604,
            24563464
        ]
    ],
    "execute_cost": 7.860000133514404,
    "finish_time": 24563515,
    "limit_cost_by_ms": 6.9743332862854,
    "model_name": "squeezenetv1",
    "recv_time": 24555485,
    "tag": "716",
    "total_cost_by_ms": 8.029999732971191,
    "wait_cost": 0.1699995994567871
}
