{
    "child_model_execute_cost_by_ms": [
        14.760000228881836,
        8.696999549865723
    ],
    "child_model_run_time": [
        [
            25532886,
            25547646
        ],
        [
            25547742,
            25556439
        ]
    ],
    "execute_cost": 23.457000732421875,
    "finish_time": 25556444,
    "limit_cost_by_ms": 18.84666633605957,
    "model_name": "resnet50",
    "recv_time": 25532715,
    "tag": "721",
    "total_cost_by_ms": 23.729000091552734,
    "wait_cost": 0.2719993591308594
}
