{
    "child_model_execute_cost_by_ms": [
        9.680000305175781
    ],
    "child_model_run_time": [
        [
            25197279,
            25206959
        ]
    ],
    "execute_cost": 9.680000305175781,
    "finish_time": 25206970,
    "limit_cost_by_ms": 8.562666893005371,
    "model_name": "googlenet",
    "recv_time": 25192284,
    "tag": "723",
    "total_cost_by_ms": 14.685999870300293,
    "wait_cost": 5.005999565124512
}
