{
    "child_model_execute_cost_by_ms": [
        7.89900016784668
    ],
    "child_model_run_time": [
        [
            26061166,
            26069065
        ]
    ],
    "execute_cost": 7.89900016784668,
    "finish_time": 26069072,
    "limit_cost_by_ms": 7.0286664962768555,
    "model_name": "squeezenetv1",
    "recv_time": 26061042,
    "tag": "772",
    "total_cost_by_ms": 8.029999732971191,
    "wait_cost": 0.13099956512451172
}
