{
    "child_model_execute_cost_by_ms": [
        16.808000564575195,
        16.034000396728516,
        19.275999069213867
    ],
    "child_model_run_time": [
        [
            26186143,
            26202951
        ],
        [
            26202966,
            26219000
        ],
        [
            26219014,
            26238290
        ]
    ],
    "execute_cost": 52.118003845214844,
    "finish_time": 26238295,
    "limit_cost_by_ms": 44.51466751098633,
    "model_name": "vgg19",
    "recv_time": 26172518,
    "tag": "786",
    "total_cost_by_ms": 65.7770004272461,
    "wait_cost": 13.65899658203125
}
