{
    "child_model_execute_cost_by_ms": [
        13.418000221252441,
        7.988999843597412
    ],
    "child_model_run_time": [
        [
            26641620,
            26655038
        ],
        [
            26655125,
            26663114
        ]
    ],
    "execute_cost": 21.406999588012695,
    "finish_time": 26663118,
    "limit_cost_by_ms": 18.194334030151367,
    "model_name": "resnet50",
    "recv_time": 26641570,
    "tag": "797",
    "total_cost_by_ms": 21.54800033569336,
    "wait_cost": 0.14100074768066406
}
