{
    "child_model_execute_cost_by_ms": [
        7.855999946594238
    ],
    "child_model_run_time": [
        [
            26821812,
            26829668
        ]
    ],
    "execute_cost": 7.855999946594238,
    "finish_time": 26829675,
    "limit_cost_by_ms": 7.0286664962768555,
    "model_name": "squeezenetv1",
    "recv_time": 26821651,
    "tag": "804",
    "total_cost_by_ms": 8.02400016784668,
    "wait_cost": 0.1680002212524414
}
