{
    "child_model_execute_cost_by_ms": [
        9.984000205993652
    ],
    "child_model_run_time": [
        [
            27884405,
            27894389
        ]
    ],
    "execute_cost": 9.984000205993652,
    "finish_time": 27894403,
    "limit_cost_by_ms": 8.989666938781738,
    "model_name": "googlenet",
    "recv_time": 27866650,
    "tag": "815",
    "total_cost_by_ms": 27.753000259399414,
    "wait_cost": 17.769001007080078
}
