{
    "child_model_execute_cost_by_ms": [
        19.20400047302246,
        18.208999633789063,
        19.26799964904785
    ],
    "child_model_run_time": [
        [
            27590845,
            27610049
        ],
        [
            27619916,
            27638125
        ],
        [
            27638216,
            27657484
        ]
    ],
    "execute_cost": 56.680999755859375,
    "finish_time": 27657490,
    "limit_cost_by_ms": 45.143333435058594,
    "model_name": "vgg19",
    "recv_time": 27590680,
    "tag": "822",
    "total_cost_by_ms": 66.80999755859375,
    "wait_cost": 10.128997802734375
}
