{
    "child_model_execute_cost_by_ms": [
        17.20199966430664,
        16.176000595092773,
        19.55699920654297
    ],
    "child_model_run_time": [
        [
            28271024,
            28288226
        ],
        [
            28288312,
            28304488
        ],
        [
            28311863,
            28331420
        ]
    ],
    "execute_cost": 52.93499755859375,
    "finish_time": 28331423,
    "limit_cost_by_ms": 45.143333435058594,
    "model_name": "vgg19",
    "recv_time": 28270929,
    "tag": "851",
    "total_cost_by_ms": 60.49399948120117,
    "wait_cost": 7.559001922607422
}
