{
    "child_model_execute_cost_by_ms": [
        9.734999656677246
    ],
    "child_model_run_time": [
        [
            30047046,
            30056781
        ]
    ],
    "execute_cost": 9.734999656677246,
    "finish_time": 30056790,
    "limit_cost_by_ms": 8.989666938781738,
    "model_name": "googlenet",
    "recv_time": 30046831,
    "tag": "902",
    "total_cost_by_ms": 9.958999633789063,
    "wait_cost": 0.2239999771118164
}
