{
    "child_model_execute_cost_by_ms": [
        17.85700035095215,
        17.351999282836914,
        19.851999282836914
    ],
    "child_model_run_time": [
        [
            30108027,
            30125884
        ],
        [
            30125976,
            30143328
        ],
        [
            30151628,
            30171480
        ]
    ],
    "execute_cost": 55.060997009277344,
    "finish_time": 30171482,
    "limit_cost_by_ms": 46.45399856567383,
    "model_name": "vgg19",
    "recv_time": 30107908,
    "tag": "907",
    "total_cost_by_ms": 63.57400131225586,
    "wait_cost": 8.513004302978516
}
