{
    "child_model_execute_cost_by_ms": [
        18.666000366210938,
        16.777999877929688,
        19.075000762939453
    ],
    "child_model_run_time": [
        [
            29902353,
            29921019
        ],
        [
            29921107,
            29937885
        ],
        [
            29937970,
            29957045
        ]
    ],
    "execute_cost": 54.51900100708008,
    "finish_time": 29957051,
    "limit_cost_by_ms": 45.143333435058594,
    "model_name": "vgg19",
    "recv_time": 29902251,
    "tag": "920",
    "total_cost_by_ms": 54.79999923706055,
    "wait_cost": 0.28099822998046875
}
