{
    "child_model_execute_cost_by_ms": [
        18.565000534057617,
        16.863000869750977,
        19.26300048828125
    ],
    "child_model_run_time": [
        [
            30189344,
            30207909
        ],
        [
            30207945,
            30224808
        ],
        [
            30224894,
            30244157
        ]
    ],
    "execute_cost": 54.691001892089844,
    "finish_time": 30244164,
    "limit_cost_by_ms": 45.143333435058594,
    "model_name": "vgg19",
    "recv_time": 30189171,
    "tag": "932",
    "total_cost_by_ms": 54.99300003051758,
    "wait_cost": 0.3019981384277344
}
