{
    "child_model_execute_cost_by_ms": [
        9.569000244140625
    ],
    "child_model_run_time": [
        [
            31095413,
            31104982
        ]
    ],
    "execute_cost": 9.569000244140625,
    "finish_time": 31104991,
    "limit_cost_by_ms": 8.622666358947754,
    "model_name": "googlenet",
    "recv_time": 31095245,
    "tag": "947",
    "total_cost_by_ms": 9.746000289916992,
    "wait_cost": 0.1770000457763672
}
