{
    "child_model_execute_cost_by_ms": [
        14.5649995803833,
        8.5600004196167
    ],
    "child_model_run_time": [
        [
            10075685,
            10090250
        ],
        [
            10090287,
            10098847
        ]
    ],
    "execute_cost": 23.125,
    "finish_time": 10098854,
    "limit_cost_by_ms": 18.329999923706055,
    "model_name": "resnet50",
    "recv_time": 10075554,
    "tag": "97",
    "total_cost_by_ms": 23.299999237060547,
    "wait_cost": 0.17499923706054688
}
