{
    "child_model_execute_cost_by_ms": [
        14.902999877929688,
        8.932000160217285
    ],
    "child_model_run_time": [
        [
            30980154,
            30995057
        ],
        [
            30995164,
            31004096
        ]
    ],
    "execute_cost": 23.834999084472656,
    "finish_time": 31004106,
    "limit_cost_by_ms": 18.194334030151367,
    "model_name": "resnet50",
    "recv_time": 30964266,
    "tag": "981",
    "total_cost_by_ms": 39.84000015258789,
    "wait_cost": 16.005001068115234
}
