{
    "child_model_execute_cost_by_ms": [
        18.670000076293945,
        16.621999740600586,
        19.176000595092773
    ],
    "child_model_run_time": [
        [
            30845423,
            30864093
        ],
        [
            30864179,
            30880801
        ],
        [
            30880884,
            30900060
        ]
    ],
    "execute_cost": 54.46800231933594,
    "finish_time": 30900066,
    "limit_cost_by_ms": 44.51466751098633,
    "model_name": "vgg19",
    "recv_time": 30845265,
    "tag": "980",
    "total_cost_by_ms": 54.80099868774414,
    "wait_cost": 0.3329963684082031
}
