{
    "child_model_execute_cost_by_ms": [
        86.50700378417969
    ],
    "child_model_run_time": [
        [
            15579547,
            15666054
        ]
    ],
    "execute_cost": 86.50700378417969,
    "finish_time": 15666058,
    "limit_cost_by_ms": 9.157333374023438,
    "model_name": "googlenet",
    "recv_time": 15579441,
    "tag": "312",
    "total_cost_by_ms": 86.61699676513672,
    "wait_cost": 0.10999298095703125
}
