{
    "child_model_execute_cost_by_ms": [
        64.14099884033203
    ],
    "child_model_run_time": [
        [
            15746701,
            15810842
        ]
    ],
    "execute_cost": 64.14099884033203,
    "finish_time": 15810845,
    "limit_cost_by_ms": 47.481666564941406,
    "model_name": "vgg19",
    "recv_time": 15746622,
    "tag": "318",
    "total_cost_by_ms": 64.2229995727539,
    "wait_cost": 0.082000732421875
}
