{
    "child_model_execute_cost_by_ms": [
        75.70999908447266
    ],
    "child_model_run_time": [
        [
            29006521,
            29082231
        ]
    ],
    "execute_cost": 75.70999908447266,
    "finish_time": 29082235,
    "limit_cost_by_ms": 47.481666564941406,
    "model_name": "vgg19",
    "recv_time": 29006512,
    "tag": "824",
    "total_cost_by_ms": 75.7229995727539,
    "wait_cost": 0.01300048828125
}
