{
    "child_model_execute_cost_by_ms": [
        19.32900047302246
    ],
    "child_model_run_time": [
        [
            10703307,
            10722636
        ]
    ],
    "execute_cost": 19.32900047302246,
    "finish_time": 10722642,
    "limit_cost_by_ms": 18.852333068847656,
    "model_name": "resnet50",
    "recv_time": 10703213,
    "tag": "145",
    "total_cost_by_ms": 19.429000854492188,
    "wait_cost": 0.10000038146972656
}
