{
    "child_model_execute_cost_by_ms": [
        8.157999992370605
    ],
    "child_model_run_time": [
        [
            18345057,
            18353215
        ]
    ],
    "execute_cost": 8.157999992370605,
    "finish_time": 18353222,
    "limit_cost_by_ms": 7.420666694641113,
    "model_name": "squeezenetv1",
    "recv_time": 18344998,
    "tag": "533",
    "total_cost_by_ms": 8.223999977111816,
    "wait_cost": 0.06599998474121094
}
