{
    "child_model_execute_cost_by_ms": [
        19.21299934387207
    ],
    "child_model_run_time": [
        [
            10297070,
            10316283
        ]
    ],
    "execute_cost": 19.21299934387207,
    "finish_time": 10316289,
    "limit_cost_by_ms": 18.90766716003418,
    "model_name": "resnet50",
    "recv_time": 10285109,
    "tag": "107",
    "total_cost_by_ms": 31.18000030517578,
    "wait_cost": 11.967000961303711
}
