{
    "child_model_execute_cost_by_ms": [
        8.649999618530273
    ],
    "child_model_run_time": [
        [
            11311428,
            11320078
        ]
    ],
    "execute_cost": 8.649999618530273,
    "finish_time": 11320090,
    "limit_cost_by_ms": 7.241000175476074,
    "model_name": "squeezenetv1",
    "recv_time": 11287042,
    "tag": "156",
    "total_cost_by_ms": 33.04800033569336,
    "wait_cost": 24.398000717163086
}
