{
    "child_model_execute_cost_by_ms": [
        10.51200008392334
    ],
    "child_model_run_time": [
        [
            14860969,
            14871481
        ]
    ],
    "execute_cost": 10.51200008392334,
    "finish_time": 14871488,
    "limit_cost_by_ms": 8.714333534240723,
    "model_name": "googlenet",
    "recv_time": 14860794,
    "tag": "309",
    "total_cost_by_ms": 10.694000244140625,
    "wait_cost": 0.18200016021728516
}
