{
    "child_model_execute_cost_by_ms": [
        8.215999603271484
    ],
    "child_model_run_time": [
        [
            15369986,
            15378202
        ]
    ],
    "execute_cost": 8.215999603271484,
    "finish_time": 15378209,
    "limit_cost_by_ms": 7.241000175476074,
    "model_name": "squeezenetv1",
    "recv_time": 15369820,
    "tag": "331",
    "total_cost_by_ms": 8.388999938964844,
    "wait_cost": 0.17300033569335938
}
