{
    "child_model_execute_cost_by_ms": [
        46.426998138427734
    ],
    "child_model_run_time": [
        [
            8633681,
            8680108
        ]
    ],
    "execute_cost": 46.426998138427734,
    "finish_time": 8680114,
    "limit_cost_by_ms": 47.13166809082031,
    "model_name": "vgg19",
    "recv_time": 8626906,
    "tag": "35",
    "total_cost_by_ms": 53.20800018310547,
    "wait_cost": 6.781002044677734
}
