{
    "child_model_execute_cost_by_ms": [
        18.761999130249023
    ],
    "child_model_run_time": [
        [
            15745214,
            15763976
        ]
    ],
    "execute_cost": 18.761999130249023,
    "finish_time": 15763981,
    "limit_cost_by_ms": 18.94499969482422,
    "model_name": "resnet50",
    "recv_time": 15745205,
    "tag": "348",
    "total_cost_by_ms": 18.775999069213867,
    "wait_cost": 0.01399993896484375
}
