{
    "child_model_execute_cost_by_ms": [
        20.576000213623047
    ],
    "child_model_run_time": [
        [
            16005775,
            16026351
        ]
    ],
    "execute_cost": 20.576000213623047,
    "finish_time": 16026358,
    "limit_cost_by_ms": 18.94499969482422,
    "model_name": "resnet50",
    "recv_time": 16002835,
    "tag": "358",
    "total_cost_by_ms": 23.523000717163086,
    "wait_cost": 2.947000503540039
}
