{
    "child_model_execute_cost_by_ms": [
        45.47800064086914
    ],
    "child_model_run_time": [
        [
            17844818,
            17890296
        ]
    ],
    "execute_cost": 45.47800064086914,
    "finish_time": 17890301,
    "limit_cost_by_ms": 47.31633377075195,
    "model_name": "vgg19",
    "recv_time": 17844708,
    "tag": "439",
    "total_cost_by_ms": 45.59299850463867,
    "wait_cost": 0.11499786376953125
}
