{
    "child_model_execute_cost_by_ms": [
        19.131999969482422
    ],
    "child_model_run_time": [
        [
            8880504,
            8899636
        ]
    ],
    "execute_cost": 19.131999969482422,
    "finish_time": 8899643,
    "limit_cost_by_ms": 18.94499969482422,
    "model_name": "resnet50",
    "recv_time": 8880357,
    "tag": "50",
    "total_cost_by_ms": 19.285999298095703,
    "wait_cost": 0.15399932861328125
}
