{
    "child_model_execute_cost_by_ms": [
        19.729000091552734
    ],
    "child_model_run_time": [
        [
            20327237,
            20346966
        ]
    ],
    "execute_cost": 19.729000091552734,
    "finish_time": 20346972,
    "limit_cost_by_ms": 18.94499969482422,
    "model_name": "resnet50",
    "recv_time": 20327231,
    "tag": "545",
    "total_cost_by_ms": 19.740999221801758,
    "wait_cost": 0.011999130249023438
}
