{
    "child_model_execute_cost_by_ms": [
        47.64099884033203
    ],
    "child_model_run_time": [
        [
            20431944,
            20479585
        ]
    ],
    "execute_cost": 47.64099884033203,
    "finish_time": 20479591,
    "limit_cost_by_ms": 47.31633377075195,
    "model_name": "vgg19",
    "recv_time": 20427365,
    "tag": "550",
    "total_cost_by_ms": 52.22600173950195,
    "wait_cost": 4.585002899169922
}
