{
    "child_model_execute_cost_by_ms": [
        10.913999557495117
    ],
    "child_model_run_time": [
        [
            21020597,
            21031511
        ]
    ],
    "execute_cost": 10.913999557495117,
    "finish_time": 21031518,
    "limit_cost_by_ms": 8.68066692352295,
    "model_name": "googlenet",
    "recv_time": 21020517,
    "tag": "569",
    "total_cost_by_ms": 11.00100040435791,
    "wait_cost": 0.08700084686279297
}
