{
    "child_model_execute_cost_by_ms": [
        46.599998474121094
    ],
    "child_model_run_time": [
        [
            22076506,
            22123106
        ]
    ],
    "execute_cost": 46.599998474121094,
    "finish_time": 22123113,
    "limit_cost_by_ms": 47.31633377075195,
    "model_name": "vgg19",
    "recv_time": 22076345,
    "tag": "620",
    "total_cost_by_ms": 46.768001556396484,
    "wait_cost": 0.16800308227539063
}
