{
    "child_model_execute_cost_by_ms": [
        8.696999549865723
    ],
    "child_model_run_time": [
        [
            22123322,
            22132019
        ]
    ],
    "execute_cost": 8.696999549865723,
    "finish_time": 22132033,
    "limit_cost_by_ms": 7.241000175476074,
    "model_name": "squeezenetv1",
    "recv_time": 22102750,
    "tag": "622",
    "total_cost_by_ms": 29.283000946044922,
    "wait_cost": 20.586002349853516
}
