{
    "child_model_execute_cost_by_ms": [
        9.666999816894531
    ],
    "child_model_run_time": [
        [
            23016028,
            23025695
        ]
    ],
    "execute_cost": 9.666999816894531,
    "finish_time": 23025703,
    "limit_cost_by_ms": 8.714333534240723,
    "model_name": "googlenet",
    "recv_time": 23015892,
    "tag": "660",
    "total_cost_by_ms": 9.810999870300293,
    "wait_cost": 0.14400005340576172
}
