{
    "child_model_execute_cost_by_ms": [
        19.490999221801758
    ],
    "child_model_run_time": [
        [
            23663682,
            23683173
        ]
    ],
    "execute_cost": 19.490999221801758,
    "finish_time": 23683177,
    "limit_cost_by_ms": 18.94499969482422,
    "model_name": "resnet50",
    "recv_time": 23663676,
    "tag": "688",
    "total_cost_by_ms": 19.500999450683594,
    "wait_cost": 0.010000228881835938
}
