{
    "child_model_execute_cost_by_ms": [
        19.93600082397461
    ],
    "child_model_run_time": [
        [
            23870191,
            23890127
        ]
    ],
    "execute_cost": 19.93600082397461,
    "finish_time": 23890134,
    "limit_cost_by_ms": 18.90766716003418,
    "model_name": "resnet50",
    "recv_time": 23870061,
    "tag": "692",
    "total_cost_by_ms": 20.072999954223633,
    "wait_cost": 0.13699913024902344
}
