{
    "child_model_execute_cost_by_ms": [
        8.654999732971191
    ],
    "child_model_run_time": [
        [
            24095979,
            24104634
        ]
    ],
    "execute_cost": 8.654999732971191,
    "finish_time": 24104646,
    "limit_cost_by_ms": 7.241000175476074,
    "model_name": "squeezenetv1",
    "recv_time": 24095805,
    "tag": "706",
    "total_cost_by_ms": 8.840999603271484,
    "wait_cost": 0.18599987030029297
}
