{
    "child_model_execute_cost_by_ms": [
        8.880999565124512
    ],
    "child_model_run_time": [
        [
            24312061,
            24320942
        ]
    ],
    "execute_cost": 8.880999565124512,
    "finish_time": 24320954,
    "limit_cost_by_ms": 7.241000175476074,
    "model_name": "squeezenetv1",
    "recv_time": 24293211,
    "tag": "716",
    "total_cost_by_ms": 27.743000030517578,
    "wait_cost": 18.86199951171875
}
