{
    "child_model_execute_cost_by_ms": [
        8.437000274658203
    ],
    "child_model_run_time": [
        [
            25550592,
            25559029
        ]
    ],
    "execute_cost": 8.437000274658203,
    "finish_time": 25559035,
    "limit_cost_by_ms": 7.241000175476074,
    "model_name": "squeezenetv1",
    "recv_time": 25550575,
    "tag": "769",
    "total_cost_by_ms": 8.460000038146973,
    "wait_cost": 0.02299976348876953
}
