{
    "child_model_execute_cost_by_ms": [
        8.793999671936035
    ],
    "child_model_run_time": [
        [
            26411096,
            26419890
        ]
    ],
    "execute_cost": 8.793999671936035,
    "finish_time": 26419904,
    "limit_cost_by_ms": 7.241000175476074,
    "model_name": "squeezenetv1",
    "recv_time": 26399554,
    "tag": "806",
    "total_cost_by_ms": 20.350000381469727,
    "wait_cost": 11.556000709533691
}
