{
    "child_model_execute_cost_by_ms": [
        52.20600128173828
    ],
    "child_model_run_time": [
        [
            11761147,
            11813353
        ]
    ],
    "execute_cost": 52.20600128173828,
    "finish_time": 11813359,
    "limit_cost_by_ms": 7.199999809265137,
    "model_name": "squeezenetv1",
    "recv_time": 11761002,
    "tag": "202",
    "total_cost_by_ms": 52.356998443603516,
    "wait_cost": 0.15099716186523438
}
