{
    "child_model_execute_cost_by_ms": [
        19.882999420166016
    ],
    "child_model_run_time": [
        [
            21439922,
            21459805
        ]
    ],
    "execute_cost": 19.882999420166016,
    "finish_time": 21459807,
    "limit_cost_by_ms": 7.199999809265137,
    "model_name": "squeezenetv1",
    "recv_time": 21439909,
    "tag": "700",
    "total_cost_by_ms": 19.898000717163086,
    "wait_cost": 0.015001296997070313
}
