{
    "child_model_execute_cost_by_ms": [
        8.237000465393066
    ],
    "child_model_run_time": [
        [
            14114211,
            14122448
        ]
    ],
    "execute_cost": 8.237000465393066,
    "finish_time": 14122454,
    "limit_cost_by_ms": 7.136333465576172,
    "model_name": "squeezenetv1",
    "recv_time": 14114048,
    "tag": "271",
    "total_cost_by_ms": 8.406000137329102,
    "wait_cost": 0.16899967193603516
}
