{
    "child_model_execute_cost_by_ms": [
        9.746000289916992
    ],
    "child_model_run_time": [
        [
            16406826,
            16416572
        ]
    ],
    "execute_cost": 9.746000289916992,
    "finish_time": 16416581,
    "limit_cost_by_ms": 8.588000297546387,
    "model_name": "googlenet",
    "recv_time": 16406678,
    "tag": "371",
    "total_cost_by_ms": 9.902999877929688,
    "wait_cost": 0.1569995880126953
}
