{
    "child_model_execute_cost_by_ms": [
        16.256000518798828,
        10.315999984741211
    ],
    "child_model_run_time": [
        [
            7911888,
            7928144
        ],
        [
            7928237,
            7938553
        ]
    ],
    "execute_cost": 26.57200050354004,
    "finish_time": 7938558,
    "limit_cost_by_ms": 18.9863338470459,
    "model_name": "resnet50",
    "recv_time": 7887803,
    "tag": "5",
    "total_cost_by_ms": 50.755001068115234,
    "wait_cost": 24.183000564575195
}
