{
    "child_model_execute_cost_by_ms": [
        30.740999221801758
    ],
    "child_model_run_time": [
        [
            7885045,
            7915786
        ]
    ],
    "execute_cost": 30.740999221801758,
    "finish_time": 7915789,
    "limit_cost_by_ms": 8.574333190917969,
    "model_name": "googlenet",
    "recv_time": 7885037,
    "tag": "13",
    "total_cost_by_ms": 30.75200080871582,
    "wait_cost": 0.0110015869140625
}
