{
    "child_model_execute_cost_by_ms": [
        44.43600082397461
    ],
    "child_model_run_time": [
        [
            11208935,
            11253371
        ]
    ],
    "execute_cost": 44.43600082397461,
    "finish_time": 11253375,
    "limit_cost_by_ms": 46.900333404541016,
    "model_name": "vgg19",
    "recv_time": 11208768,
    "tag": "152",
    "total_cost_by_ms": 44.606998443603516,
    "wait_cost": 0.17099761962890625
}
