{
    "child_model_execute_cost_by_ms": [
        9.743000030517578
    ],
    "child_model_run_time": [
        [
            12505399,
            12515142
        ]
    ],
    "execute_cost": 9.743000030517578,
    "finish_time": 12515146,
    "limit_cost_by_ms": 8.574333190917969,
    "model_name": "googlenet",
    "recv_time": 12505237,
    "tag": "226",
    "total_cost_by_ms": 9.909000396728516,
    "wait_cost": 0.1660003662109375
}
