{
    "child_model_execute_cost_by_ms": [
        9.845000267028809
    ],
    "child_model_run_time": [
        [
            14543615,
            14553460
        ]
    ],
    "execute_cost": 9.845000267028809,
    "finish_time": 14553465,
    "limit_cost_by_ms": 8.574333190917969,
    "model_name": "googlenet",
    "recv_time": 14543437,
    "tag": "323",
    "total_cost_by_ms": 10.027999877929688,
    "wait_cost": 0.1829996109008789
}
