{
    "child_model_execute_cost_by_ms": [
        9.973999977111816
    ],
    "child_model_run_time": [
        [
            15409723,
            15419697
        ]
    ],
    "execute_cost": 9.973999977111816,
    "finish_time": 15419704,
    "limit_cost_by_ms": 8.574333190917969,
    "model_name": "googlenet",
    "recv_time": 15409558,
    "tag": "363",
    "total_cost_by_ms": 10.145999908447266,
    "wait_cost": 0.17199993133544922
}
