{
    "child_model_execute_cost_by_ms": [
        25.264999389648438
    ],
    "child_model_run_time": [
        [
            15677889,
            15703154
        ]
    ],
    "execute_cost": 25.264999389648438,
    "finish_time": 15703158,
    "limit_cost_by_ms": 7.296333312988281,
    "model_name": "squeezenetv1",
    "recv_time": 15677716,
    "tag": "377",
    "total_cost_by_ms": 25.441999435424805,
    "wait_cost": 0.1770000457763672
}
