{
    "child_model_execute_cost_by_ms": [
        39.72100067138672
    ],
    "child_model_run_time": [
        [
            15750480,
            15790201
        ]
    ],
    "execute_cost": 39.72100067138672,
    "finish_time": 15790205,
    "limit_cost_by_ms": 7.296333312988281,
    "model_name": "squeezenetv1",
    "recv_time": 15750390,
    "tag": "381",
    "total_cost_by_ms": 39.814998626708984,
    "wait_cost": 0.09399795532226563
}
