{
    "child_model_execute_cost_by_ms": [
        43.99700164794922
    ],
    "child_model_run_time": [
        [
            17476101,
            17520098
        ]
    ],
    "execute_cost": 43.99700164794922,
    "finish_time": 17520102,
    "limit_cost_by_ms": 46.900333404541016,
    "model_name": "vgg19",
    "recv_time": 17476088,
    "tag": "446",
    "total_cost_by_ms": 44.013999938964844,
    "wait_cost": 0.016998291015625
}
