{
    "child_model_execute_cost_by_ms": [
        27.68400001525879
    ],
    "child_model_run_time": [
        [
            17775414,
            17803098
        ]
    ],
    "execute_cost": 27.68400001525879,
    "finish_time": 17803105,
    "limit_cost_by_ms": 7.296333312988281,
    "model_name": "squeezenetv1",
    "recv_time": 17775398,
    "tag": "471",
    "total_cost_by_ms": 27.707000732421875,
    "wait_cost": 0.023000717163085938
}
