{
    "child_model_execute_cost_by_ms": [
        45.10599899291992
    ],
    "child_model_run_time": [
        [
            8790077,
            8835183
        ]
    ],
    "execute_cost": 45.10599899291992,
    "finish_time": 8835186,
    "limit_cost_by_ms": 47.4109992980957,
    "model_name": "vgg19",
    "recv_time": 8789999,
    "tag": "54",
    "total_cost_by_ms": 45.1870002746582,
    "wait_cost": 0.08100128173828125
}
