{
    "child_model_execute_cost_by_ms": [
        8.232999801635742
    ],
    "child_model_run_time": [
        [
            19125141,
            19133374
        ]
    ],
    "execute_cost": 8.232999801635742,
    "finish_time": 19133379,
    "limit_cost_by_ms": 7.296333312988281,
    "model_name": "squeezenetv1",
    "recv_time": 19125126,
    "tag": "532",
    "total_cost_by_ms": 8.253000259399414,
    "wait_cost": 0.020000457763671875
}
