{
    "child_model_execute_cost_by_ms": [
        10.586000442504883
    ],
    "child_model_run_time": [
        [
            19464948,
            19475534
        ]
    ],
    "execute_cost": 10.586000442504883,
    "finish_time": 19475539,
    "limit_cost_by_ms": 8.574333190917969,
    "model_name": "googlenet",
    "recv_time": 19464935,
    "tag": "547",
    "total_cost_by_ms": 10.604000091552734,
    "wait_cost": 0.017999649047851563
}
