{
    "child_model_execute_cost_by_ms": [
        57.108001708984375
    ],
    "child_model_run_time": [
        [
            20377628,
            20434736
        ]
    ],
    "execute_cost": 57.108001708984375,
    "finish_time": 20434739,
    "limit_cost_by_ms": 47.4109992980957,
    "model_name": "vgg19",
    "recv_time": 20377614,
    "tag": "590",
    "total_cost_by_ms": 57.125,
    "wait_cost": 0.016998291015625
}
