{
    "child_model_execute_cost_by_ms": [
        14.40999984741211
    ],
    "child_model_run_time": [
        [
            21396722,
            21411132
        ]
    ],
    "execute_cost": 14.40999984741211,
    "finish_time": 21411135,
    "limit_cost_by_ms": 8.574333190917969,
    "model_name": "googlenet",
    "recv_time": 21396566,
    "tag": "636",
    "total_cost_by_ms": 14.569000244140625,
    "wait_cost": 0.15900039672851563
}
