{
    "child_model_execute_cost_by_ms": [
        19.440000534057617
    ],
    "child_model_run_time": [
        [
            21759684,
            21779124
        ]
    ],
    "execute_cost": 19.440000534057617,
    "finish_time": 21779129,
    "limit_cost_by_ms": 18.81766700744629,
    "model_name": "resnet50",
    "recv_time": 21759671,
    "tag": "653",
    "total_cost_by_ms": 19.45800018310547,
    "wait_cost": 0.017999649047851563
}
