{
    "child_model_execute_cost_by_ms": [
        45.11399841308594
    ],
    "child_model_run_time": [
        [
            23112366,
            23157480
        ]
    ],
    "execute_cost": 45.11399841308594,
    "finish_time": 23157484,
    "limit_cost_by_ms": 47.4109992980957,
    "model_name": "vgg19",
    "recv_time": 23112353,
    "tag": "714",
    "total_cost_by_ms": 45.13100051879883,
    "wait_cost": 0.017002105712890625
}
