{
    "child_model_execute_cost_by_ms": [
        46.1609992980957
    ],
    "child_model_run_time": [
        [
            23197006,
            23243167
        ]
    ],
    "execute_cost": 46.1609992980957,
    "finish_time": 23243171,
    "limit_cost_by_ms": 47.4109992980957,
    "model_name": "vgg19",
    "recv_time": 23196841,
    "tag": "718",
    "total_cost_by_ms": 46.33000183105469,
    "wait_cost": 0.16900253295898438
}
