{
    "child_model_execute_cost_by_ms": [
        30.37299919128418
    ],
    "child_model_run_time": [
        [
            9287877,
            9318250
        ]
    ],
    "execute_cost": 30.37299919128418,
    "finish_time": 9318253,
    "limit_cost_by_ms": 8.574333190917969,
    "model_name": "googlenet",
    "recv_time": 9287782,
    "tag": "77",
    "total_cost_by_ms": 30.47100067138672,
    "wait_cost": 0.09800148010253906
}
