{
    "child_model_execute_cost_by_ms": [
        19.687000274658203
    ],
    "child_model_run_time": [
        [
            24965662,
            24985349
        ]
    ],
    "execute_cost": 19.687000274658203,
    "finish_time": 24985353,
    "limit_cost_by_ms": 19.086666107177734,
    "model_name": "resnet50",
    "recv_time": 24965558,
    "tag": "792",
    "total_cost_by_ms": 19.795000076293945,
    "wait_cost": 0.10799980163574219
}
