{
    "child_model_execute_cost_by_ms": [
        8.4399995803833
    ],
    "child_model_run_time": [
        [
            25598852,
            25607292
        ]
    ],
    "execute_cost": 8.4399995803833,
    "finish_time": 25607297,
    "limit_cost_by_ms": 7.25933313369751,
    "model_name": "squeezenetv1",
    "recv_time": 25598840,
    "tag": "821",
    "total_cost_by_ms": 8.456999778747559,
    "wait_cost": 0.017000198364257813
}
