{
    "child_model_execute_cost_by_ms": [
        27.392000198364258
    ],
    "child_model_run_time": [
        [
            26590331,
            26617723
        ]
    ],
    "execute_cost": 27.392000198364258,
    "finish_time": 26617727,
    "limit_cost_by_ms": 8.574333190917969,
    "model_name": "googlenet",
    "recv_time": 26590232,
    "tag": "875",
    "total_cost_by_ms": 27.4950008392334,
    "wait_cost": 0.10300064086914063
}
