{
    "child_model_execute_cost_by_ms": [
        20.558000564575195
    ],
    "child_model_run_time": [
        [
            26771229,
            26791787
        ]
    ],
    "execute_cost": 20.558000564575195,
    "finish_time": 26791791,
    "limit_cost_by_ms": 18.81766700744629,
    "model_name": "resnet50",
    "recv_time": 26771069,
    "tag": "883",
    "total_cost_by_ms": 20.722000122070313,
    "wait_cost": 0.1639995574951172
}
