{
    "child_model_execute_cost_by_ms": [
        45.430999755859375
    ],
    "child_model_run_time": [
        [
            28769214,
            28814645
        ]
    ],
    "execute_cost": 45.430999755859375,
    "finish_time": 28814649,
    "limit_cost_by_ms": 47.4109992980957,
    "model_name": "vgg19",
    "recv_time": 28769039,
    "tag": "975",
    "total_cost_by_ms": 45.61000061035156,
    "wait_cost": 0.1790008544921875
}
