{
    "child_model_execute_cost_by_ms": [
        9.79800033569336
    ],
    "child_model_run_time": [
        [
            29249978,
            29259776
        ]
    ],
    "execute_cost": 9.79800033569336,
    "finish_time": 29259782,
    "limit_cost_by_ms": 8.574333190917969,
    "model_name": "googlenet",
    "recv_time": 29249966,
    "tag": "997",
    "total_cost_by_ms": 9.815999984741211,
    "wait_cost": 0.017999649047851563
}
