{
    "child_model_execute_cost_by_ms": [
        8.52400016784668
    ],
    "child_model_run_time": [
        [
            10392117,
            10400641
        ]
    ],
    "execute_cost": 8.52400016784668,
    "finish_time": 10400648,
    "limit_cost_by_ms": 7.166333198547363,
    "model_name": "squeezenetv1",
    "recv_time": 10391937,
    "tag": "127",
    "total_cost_by_ms": 8.711000442504883,
    "wait_cost": 0.18700027465820313
}
