{
    "child_model_execute_cost_by_ms": [
        44.06800079345703
    ],
    "child_model_run_time": [
        [
            9185654,
            9229722
        ]
    ],
    "execute_cost": 44.06800079345703,
    "finish_time": 9229729,
    "limit_cost_by_ms": 46.78533172607422,
    "model_name": "vgg19",
    "recv_time": 9185638,
    "tag": "67",
    "total_cost_by_ms": 44.090999603271484,
    "wait_cost": 0.022998809814453125
}
