{
    "child_model_execute_cost_by_ms": [
        19.297000885009766
    ],
    "child_model_run_time": [
        [
            25474388,
            25493685
        ]
    ],
    "execute_cost": 19.297000885009766,
    "finish_time": 25493691,
    "limit_cost_by_ms": 18.747333526611328,
    "model_name": "resnet50",
    "recv_time": 25474369,
    "tag": "881",
    "total_cost_by_ms": 19.32200050354004,
    "wait_cost": 0.024999618530273438
}
