{
    "child_model_execute_cost_by_ms": [
        8.229999542236328
    ],
    "child_model_run_time": [
        [
            11611840,
            11620070
        ]
    ],
    "execute_cost": 8.229999542236328,
    "finish_time": 11620076,
    "limit_cost_by_ms": 7.2789998054504395,
    "model_name": "squeezenetv1",
    "recv_time": 11611639,
    "tag": "188",
    "total_cost_by_ms": 8.437000274658203,
    "wait_cost": 0.207000732421875
}
