{
    "child_model_execute_cost_by_ms": [
        19.128999710083008,
        17.530000686645508,
        20.535999298095703
    ],
    "child_model_run_time": [
        [
            12206031,
            12225160
        ],
        [
            12225251,
            12242781
        ],
        [
            12261170,
            12281706
        ]
    ],
    "execute_cost": 57.19499969482422,
    "finish_time": 12281710,
    "limit_cost_by_ms": 47.255001068115234,
    "model_name": "vgg19",
    "recv_time": 12205869,
    "tag": "218",
    "total_cost_by_ms": 75.84100341796875,
    "wait_cost": 18.64600372314453
}
