{
    "child_model_execute_cost_by_ms": [
        8.246000289916992
    ],
    "child_model_run_time": [
        [
            12755485,
            12763731
        ]
    ],
    "execute_cost": 8.246000289916992,
    "finish_time": 12763738,
    "limit_cost_by_ms": 7.2789998054504395,
    "model_name": "squeezenetv1",
    "recv_time": 12755370,
    "tag": "244",
    "total_cost_by_ms": 8.368000030517578,
    "wait_cost": 0.12199974060058594
}
