{
    "child_model_execute_cost_by_ms": [
        7.97599983215332
    ],
    "child_model_run_time": [
        [
            8482469,
            8490445
        ]
    ],
    "execute_cost": 7.97599983215332,
    "finish_time": 8490456,
    "limit_cost_by_ms": 7.223333358764648,
    "model_name": "squeezenetv1",
    "recv_time": 8464869,
    "tag": "32",
    "total_cost_by_ms": 25.586999893188477,
    "wait_cost": 17.611000061035156
}
