{
    "child_model_execute_cost_by_ms": [
        19.31599998474121,
        18.459999084472656,
        20.665000915527344
    ],
    "child_model_run_time": [
        [
            14432604,
            14451920
        ],
        [
            14461221,
            14479681
        ],
        [
            14503741,
            14524406
        ]
    ],
    "execute_cost": 58.441001892089844,
    "finish_time": 14524413,
    "limit_cost_by_ms": 47.255001068115234,
    "model_name": "vgg19",
    "recv_time": 14432498,
    "tag": "325",
    "total_cost_by_ms": 91.91500091552734,
    "wait_cost": 33.4739990234375
}
