{
    "child_model_execute_cost_by_ms": [
        9.685999870300293
    ],
    "child_model_run_time": [
        [
            15293868,
            15303554
        ]
    ],
    "execute_cost": 9.685999870300293,
    "finish_time": 15303561,
    "limit_cost_by_ms": 8.734999656677246,
    "model_name": "googlenet",
    "recv_time": 15273849,
    "tag": "365",
    "total_cost_by_ms": 29.711999893188477,
    "wait_cost": 20.0260009765625
}
