{
    "child_model_execute_cost_by_ms": [
        19.04599952697754,
        17.347000122070313,
        20.43899917602539
    ],
    "child_model_run_time": [
        [
            16944626,
            16963672
        ],
        [
            16963762,
            16981109
        ],
        [
            16981143,
            17001582
        ]
    ],
    "execute_cost": 56.83199691772461,
    "finish_time": 17001586,
    "limit_cost_by_ms": 47.255001068115234,
    "model_name": "vgg19",
    "recv_time": 16940085,
    "tag": "446",
    "total_cost_by_ms": 61.500999450683594,
    "wait_cost": 4.669002532958984
}
