{
    "child_model_execute_cost_by_ms": [
        10.02299976348877
    ],
    "child_model_run_time": [
        [
            19166157,
            19176180
        ]
    ],
    "execute_cost": 10.02299976348877,
    "finish_time": 19176187,
    "limit_cost_by_ms": 8.734999656677246,
    "model_name": "googlenet",
    "recv_time": 19165983,
    "tag": "549",
    "total_cost_by_ms": 10.204000473022461,
    "wait_cost": 0.1810007095336914
}
