{
    "child_model_execute_cost_by_ms": [
        8.640999794006348
    ],
    "child_model_run_time": [
        [
            21897156,
            21905797
        ]
    ],
    "execute_cost": 8.640999794006348,
    "finish_time": 21905803,
    "limit_cost_by_ms": 7.2789998054504395,
    "model_name": "squeezenetv1",
    "recv_time": 21895675,
    "tag": "677",
    "total_cost_by_ms": 10.128000259399414,
    "wait_cost": 1.4870004653930664
}
