{
    "child_model_execute_cost_by_ms": [
        9.895999908447266
    ],
    "child_model_run_time": [
        [
            22973248,
            22983144
        ]
    ],
    "execute_cost": 9.895999908447266,
    "finish_time": 22983149,
    "limit_cost_by_ms": 8.940999984741211,
    "model_name": "googlenet",
    "recv_time": 22973203,
    "tag": "719",
    "total_cost_by_ms": 9.946000099182129,
    "wait_cost": 0.05000019073486328
}
