{
    "child_model_execute_cost_by_ms": [
        18.9689998626709,
        17.597000122070313,
        20.53499984741211
    ],
    "child_model_run_time": [
        [
            26013098,
            26032067
        ],
        [
            26040113,
            26057710
        ],
        [
            26068014,
            26088549
        ]
    ],
    "execute_cost": 57.10100173950195,
    "finish_time": 26088553,
    "limit_cost_by_ms": 47.255001068115234,
    "model_name": "vgg19",
    "recv_time": 26013009,
    "tag": "870",
    "total_cost_by_ms": 75.54399871826172,
    "wait_cost": 18.442996978759766
}
