{
    "child_model_execute_cost_by_ms": [
        18.648000717163086,
        19.21299934387207,
        21.29199981689453
    ],
    "child_model_run_time": [
        [
            27007499,
            27026147
        ],
        [
            27069160,
            27088373
        ],
        [
            27088480,
            27109772
        ]
    ],
    "execute_cost": 59.15299987792969,
    "finish_time": 27109776,
    "limit_cost_by_ms": 47.255001068115234,
    "model_name": "vgg19",
    "recv_time": 27007359,
    "tag": "917",
    "total_cost_by_ms": 102.41699981689453,
    "wait_cost": 43.263999938964844
}
