{
    "child_model_execute_cost_by_ms": [
        18.736000061035156,
        17.53499984741211,
        20.22100067138672
    ],
    "child_model_run_time": [
        [
            27850264,
            27869000
        ],
        [
            27869045,
            27886580
        ],
        [
            27886665,
            27906886
        ]
    ],
    "execute_cost": 56.492000579833984,
    "finish_time": 27906890,
    "limit_cost_by_ms": 47.255001068115234,
    "model_name": "vgg19",
    "recv_time": 27850041,
    "tag": "957",
    "total_cost_by_ms": 56.8489990234375,
    "wait_cost": 0.3569984436035156
}
