{
    "child_model_execute_cost_by_ms": [
        9.77400016784668
    ],
    "child_model_run_time": [
        [
            27952001,
            27961775
        ]
    ],
    "execute_cost": 9.77400016784668,
    "finish_time": 27961783,
    "limit_cost_by_ms": 8.734999656677246,
    "model_name": "googlenet",
    "recv_time": 27951871,
    "tag": "961",
    "total_cost_by_ms": 9.911999702453613,
    "wait_cost": 0.1379995346069336
}
