{
    "child_model_execute_cost_by_ms": [
        8.069999694824219
    ],
    "child_model_run_time": [
        [
            28217704,
            28225774
        ]
    ],
    "execute_cost": 8.069999694824219,
    "finish_time": 28225781,
    "limit_cost_by_ms": 7.223333358764648,
    "model_name": "squeezenetv1",
    "recv_time": 28217552,
    "tag": "966",
    "total_cost_by_ms": 8.229000091552734,
    "wait_cost": 0.15900039672851563
}
