{
    "child_model_execute_cost_by_ms": [
        9.317999839782715
    ],
    "child_model_run_time": [
        [
            15182886,
            15192204
        ]
    ],
    "execute_cost": 9.317999839782715,
    "finish_time": 15192218,
    "limit_cost_by_ms": 8.588000297546387,
    "model_name": "googlenet",
    "recv_time": 15177284,
    "tag": "318",
    "total_cost_by_ms": 14.934000015258789,
    "wait_cost": 5.616000175476074
}
