{
    "child_model_execute_cost_by_ms": [
        14.515000343322754,
        8.637999534606934
    ],
    "child_model_run_time": [
        [
            17711493,
            17726008
        ],
        [
            17726098,
            17734736
        ]
    ],
    "execute_cost": 23.152999877929688,
    "finish_time": 17734742,
    "limit_cost_by_ms": 18.9863338470459,
    "model_name": "resnet50",
    "recv_time": 17711476,
    "tag": "428",
    "total_cost_by_ms": 23.266000747680664,
    "wait_cost": 0.11300086975097656
}
