{
    "child_model_execute_cost_by_ms": [
        9.465999603271484
    ],
    "child_model_run_time": [
        [
            20696370,
            20705836
        ]
    ],
    "execute_cost": 9.465999603271484,
    "finish_time": 20705843,
    "limit_cost_by_ms": 8.588000297546387,
    "model_name": "googlenet",
    "recv_time": 20696200,
    "tag": "555",
    "total_cost_by_ms": 9.642999649047852,
    "wait_cost": 0.1770000457763672
}
