{
    "child_model_execute_cost_by_ms": [
        19.108999252319336,
        16.79400062561035,
        19.672000885009766
    ],
    "child_model_run_time": [
        [
            20739235,
            20758344
        ],
        [
            20758432,
            20775226
        ],
        [
            20775310,
            20794982
        ]
    ],
    "execute_cost": 55.57500076293945,
    "finish_time": 20794988,
    "limit_cost_by_ms": 46.5543327331543,
    "model_name": "vgg19",
    "recv_time": 20739046,
    "tag": "558",
    "total_cost_by_ms": 55.94200134277344,
    "wait_cost": 0.3670005798339844
}
