{
    "child_model_execute_cost_by_ms": [
        15.215999603271484,
        8.64799976348877
    ],
    "child_model_run_time": [
        [
            22544497,
            22559713
        ],
        [
            22559818,
            22568466
        ]
    ],
    "execute_cost": 23.863998413085938,
    "finish_time": 22568476,
    "limit_cost_by_ms": 18.9863338470459,
    "model_name": "resnet50",
    "recv_time": 22515668,
    "tag": "636",
    "total_cost_by_ms": 52.80799865722656,
    "wait_cost": 28.944000244140625
}
