{
    "child_model_execute_cost_by_ms": [
        8.14900016784668
    ],
    "child_model_run_time": [
        [
            30694838,
            30702987
        ]
    ],
    "execute_cost": 8.14900016784668,
    "finish_time": 30702994,
    "limit_cost_by_ms": 7.136333465576172,
    "model_name": "squeezenetv1",
    "recv_time": 30694697,
    "tag": "988",
    "total_cost_by_ms": 8.29699993133545,
    "wait_cost": 0.14799976348876953
}
