{
    "child_model_execute_cost_by_ms": [
        47.07899856567383
    ],
    "child_model_run_time": [
        [
            18652091,
            18699170
        ]
    ],
    "execute_cost": 47.07899856567383,
    "finish_time": 18699178,
    "limit_cost_by_ms": 47.19300079345703,
    "model_name": "vgg19",
    "recv_time": 18613273,
    "tag": "545",
    "total_cost_by_ms": 85.90499877929688,
    "wait_cost": 38.82600021362305
}
