{
    "child_model_execute_cost_by_ms": [
        20.738000869750977
    ],
    "child_model_run_time": [
        [
            22465217,
            22485955
        ]
    ],
    "execute_cost": 20.738000869750977,
    "finish_time": 22485963,
    "limit_cost_by_ms": 18.873332977294922,
    "model_name": "resnet50",
    "recv_time": 22452247,
    "tag": "736",
    "total_cost_by_ms": 33.715999603271484,
    "wait_cost": 12.977998733520508
}
