{
    "child_model_execute_cost_by_ms": [
        14.90999984741211,
        8.854999542236328
    ],
    "child_model_run_time": [
        [
            11521546,
            11536456
        ],
        [
            11536555,
            11545410
        ]
    ],
    "execute_cost": 23.764999389648438,
    "finish_time": 11545417,
    "limit_cost_by_ms": 18.729000091552734,
    "model_name": "resnet50",
    "recv_time": 11521373,
    "tag": "158",
    "total_cost_by_ms": 24.04400062561035,
    "wait_cost": 0.27900123596191406
}
