{
    "child_model_execute_cost_by_ms": [
        14.998000144958496,
        8.706999778747559
    ],
    "child_model_run_time": [
        [
            11980003,
            11995001
        ],
        [
            11995094,
            12003801
        ]
    ],
    "execute_cost": 23.704999923706055,
    "finish_time": 12003805,
    "limit_cost_by_ms": 18.729000091552734,
    "model_name": "resnet50",
    "recv_time": 11979950,
    "tag": "178",
    "total_cost_by_ms": 23.854999542236328,
    "wait_cost": 0.14999961853027344
}
