{
    "child_model_execute_cost_by_ms": [
        18.8799991607666,
        16.7549991607666,
        19.448999404907227
    ],
    "child_model_run_time": [
        [
            19207330,
            19226210
        ],
        [
            19226301,
            19243056
        ],
        [
            19243143,
            19262592
        ]
    ],
    "execute_cost": 55.08399963378906,
    "finish_time": 19262597,
    "limit_cost_by_ms": 46.11399841308594,
    "model_name": "vgg19",
    "recv_time": 19207197,
    "tag": "491",
    "total_cost_by_ms": 55.400001525878906,
    "wait_cost": 0.31600189208984375
}
