{
    "child_model_execute_cost_by_ms": [
        10.222999572753906
    ],
    "child_model_run_time": [
        [
            9195363,
            9205586
        ]
    ],
    "execute_cost": 10.222999572753906,
    "finish_time": 9205594,
    "limit_cost_by_ms": 8.684666633605957,
    "model_name": "googlenet",
    "recv_time": 9178828,
    "tag": "56",
    "total_cost_by_ms": 26.766000747680664,
    "wait_cost": 16.543001174926758
}
