{
    "child_model_execute_cost_by_ms": [
        20.599000930786133
    ],
    "child_model_run_time": [
        [
            9089511,
            9110110
        ]
    ],
    "execute_cost": 20.599000930786133,
    "finish_time": 9110119,
    "limit_cost_by_ms": 19.030000686645508,
    "model_name": "resnet50",
    "recv_time": 9051897,
    "tag": "67",
    "total_cost_by_ms": 58.22200012207031,
    "wait_cost": 37.62300109863281
}
