{
    "child_model_execute_cost_by_ms": [
        46.00299835205078
    ],
    "child_model_run_time": [
        [
            24811420,
            24857423
        ]
    ],
    "execute_cost": 46.00299835205078,
    "finish_time": 24857430,
    "limit_cost_by_ms": 47.1349983215332,
    "model_name": "vgg19",
    "recv_time": 24803268,
    "tag": "922",
    "total_cost_by_ms": 54.1619987487793,
    "wait_cost": 8.159000396728516
}
