{
    "child_model_execute_cost_by_ms": [
        18.290000915527344,
        16.790000915527344,
        19.27199935913086
    ],
    "child_model_run_time": [
        [
            10344887,
            10363177
        ],
        [
            10363267,
            10380057
        ],
        [
            10380141,
            10399413
        ]
    ],
    "execute_cost": 54.35200119018555,
    "finish_time": 10399417,
    "limit_cost_by_ms": 46.45399856567383,
    "model_name": "vgg19",
    "recv_time": 10344723,
    "tag": "104",
    "total_cost_by_ms": 54.694000244140625,
    "wait_cost": 0.3419990539550781
}
