{
    "child_model_execute_cost_by_ms": [
        9.753999710083008
    ],
    "child_model_run_time": [
        [
            20955734,
            20965488
        ]
    ],
    "execute_cost": 9.753999710083008,
    "finish_time": 20965495,
    "limit_cost_by_ms": 8.622666358947754,
    "model_name": "googlenet",
    "recv_time": 20955597,
    "tag": "535",
    "total_cost_by_ms": 9.89799976348877,
    "wait_cost": 0.14400005340576172
}
