{
    "child_model_execute_cost_by_ms": [
        8.270999908447266
    ],
    "child_model_run_time": [
        [
            7958022,
            7966293
        ]
    ],
    "execute_cost": 8.270999908447266,
    "finish_time": 7966304,
    "limit_cost_by_ms": 7.151333332061768,
    "model_name": "squeezenetv1",
    "recv_time": 7947825,
    "tag": "16",
    "total_cost_by_ms": 18.479000091552734,
    "wait_cost": 10.208000183105469
}
