{
    "child_model_execute_cost_by_ms": [
        8.668999671936035
    ],
    "child_model_run_time": [
        [
            11646700,
            11655369
        ]
    ],
    "execute_cost": 8.668999671936035,
    "finish_time": 11655378,
    "limit_cost_by_ms": 7.186666488647461,
    "model_name": "squeezenetv1",
    "recv_time": 11633890,
    "tag": "160",
    "total_cost_by_ms": 21.488000869750977,
    "wait_cost": 12.819001197814941
}
