{
    "child_model_execute_cost_by_ms": [
        8.27299976348877
    ],
    "child_model_run_time": [
        [
            11970963,
            11979236
        ]
    ],
    "execute_cost": 8.27299976348877,
    "finish_time": 11979248,
    "limit_cost_by_ms": 7.428333282470703,
    "model_name": "squeezenetv1",
    "recv_time": 11958959,
    "tag": "164",
    "total_cost_by_ms": 20.288999557495117,
    "wait_cost": 12.015999794006348
}
