{
    "child_model_execute_cost_by_ms": [
        18.415000915527344,
        19.302000045776367,
        20.958999633789063
    ],
    "child_model_run_time": [
        [
            12504433,
            12522848
        ],
        [
            12558172,
            12577474
        ],
        [
            12585852,
            12606811
        ]
    ],
    "execute_cost": 58.676002502441406,
    "finish_time": 12606814,
    "limit_cost_by_ms": 47.44166564941406,
    "model_name": "vgg19",
    "recv_time": 12504401,
    "tag": "185",
    "total_cost_by_ms": 102.41300201416016,
    "wait_cost": 43.73699951171875
}
