{
    "child_model_execute_cost_by_ms": [
        15.130000114440918,
        9.479999542236328
    ],
    "child_model_run_time": [
        [
            14295466,
            14310596
        ],
        [
            14320864,
            14330344
        ]
    ],
    "execute_cost": 24.610000610351563,
    "finish_time": 14330355,
    "limit_cost_by_ms": 18.944334030151367,
    "model_name": "resnet50",
    "recv_time": 14277861,
    "tag": "269",
    "total_cost_by_ms": 52.49399948120117,
    "wait_cost": 27.88399887084961
}
