{
    "child_model_execute_cost_by_ms": [
        9.496000289916992
    ],
    "child_model_run_time": [
        [
            14899939,
            14909435
        ]
    ],
    "execute_cost": 9.496000289916992,
    "finish_time": 14909443,
    "limit_cost_by_ms": 8.435999870300293,
    "model_name": "googlenet",
    "recv_time": 14877226,
    "tag": "294",
    "total_cost_by_ms": 32.21699905395508,
    "wait_cost": 22.720998764038086
}
