{
    "child_model_execute_cost_by_ms": [
        15.083000183105469,
        8.836000442504883
    ],
    "child_model_run_time": [
        [
            16509667,
            16524750
        ],
        [
            16524850,
            16533686
        ]
    ],
    "execute_cost": 23.91900062561035,
    "finish_time": 16533693,
    "limit_cost_by_ms": 18.818666458129883,
    "model_name": "resnet50",
    "recv_time": 16499718,
    "tag": "360",
    "total_cost_by_ms": 33.974998474121094,
    "wait_cost": 10.055997848510742
}
