{
    "child_model_execute_cost_by_ms": [
        8.371000289916992
    ],
    "child_model_run_time": [
        [
            17948617,
            17956988
        ]
    ],
    "execute_cost": 8.371000289916992,
    "finish_time": 17956999,
    "limit_cost_by_ms": 7.186666488647461,
    "model_name": "squeezenetv1",
    "recv_time": 17935924,
    "tag": "418",
    "total_cost_by_ms": 21.075000762939453,
    "wait_cost": 12.704000473022461
}
