{
    "child_model_execute_cost_by_ms": [
        10.638999938964844
    ],
    "child_model_run_time": [
        [
            18707631,
            18718270
        ]
    ],
    "execute_cost": 10.638999938964844,
    "finish_time": 18718276,
    "limit_cost_by_ms": 8.950333595275879,
    "model_name": "googlenet",
    "recv_time": 18698479,
    "tag": "430",
    "total_cost_by_ms": 19.797000885009766,
    "wait_cost": 9.158000946044922
}
