{
    "child_model_execute_cost_by_ms": [
        8.187000274658203
    ],
    "child_model_run_time": [
        [
            9062209,
            9070396
        ]
    ],
    "execute_cost": 8.187000274658203,
    "finish_time": 9070407,
    "limit_cost_by_ms": 7.186666488647461,
    "model_name": "squeezenetv1",
    "recv_time": 9058070,
    "tag": "56",
    "total_cost_by_ms": 12.336999893188477,
    "wait_cost": 4.149999618530273
}
