{
    "child_model_execute_cost_by_ms": [
        17.847999572753906,
        16.610000610351563,
        19.98200035095215
    ],
    "child_model_run_time": [
        [
            21373845,
            21391693
        ],
        [
            21391737,
            21408347
        ],
        [
            21408427,
            21428409
        ]
    ],
    "execute_cost": 54.44000244140625,
    "finish_time": 21428414,
    "limit_cost_by_ms": 47.025333404541016,
    "model_name": "vgg19",
    "recv_time": 21363785,
    "tag": "554",
    "total_cost_by_ms": 64.62899780273438,
    "wait_cost": 10.188995361328125
}
