{
    "child_model_execute_cost_by_ms": [
        18.78700065612793,
        18.423999786376953,
        20.851999282836914
    ],
    "child_model_run_time": [
        [
            22077952,
            22096739
        ],
        [
            22130455,
            22148879
        ],
        [
            22159173,
            22180025
        ]
    ],
    "execute_cost": 58.06299591064453,
    "finish_time": 22180036,
    "limit_cost_by_ms": 47.12333297729492,
    "model_name": "vgg19",
    "recv_time": 22063328,
    "tag": "582",
    "total_cost_by_ms": 116.70800018310547,
    "wait_cost": 58.64500427246094
}
