{
    "child_model_execute_cost_by_ms": [
        8.782999992370605
    ],
    "child_model_run_time": [
        [
            22857844,
            22866627
        ]
    ],
    "execute_cost": 8.782999992370605,
    "finish_time": 22866639,
    "limit_cost_by_ms": 7.151333332061768,
    "model_name": "squeezenetv1",
    "recv_time": 22800559,
    "tag": "612",
    "total_cost_by_ms": 66.08000183105469,
    "wait_cost": 57.297000885009766
}
