{
    "child_model_execute_cost_by_ms": [
        15.550999641418457,
        9.35200023651123
    ],
    "child_model_run_time": [
        [
            24801583,
            24817134
        ],
        [
            24827619,
            24836971
        ]
    ],
    "execute_cost": 24.902999877929688,
    "finish_time": 24836983,
    "limit_cost_by_ms": 18.944334030151367,
    "model_name": "resnet50",
    "recv_time": 24766710,
    "tag": "692",
    "total_cost_by_ms": 70.27300262451172,
    "wait_cost": 45.37000274658203
}
