{
    "child_model_execute_cost_by_ms": [
        9.718000411987305
    ],
    "child_model_run_time": [
        [
            25195689,
            25205407
        ]
    ],
    "execute_cost": 9.718000411987305,
    "finish_time": 25205419,
    "limit_cost_by_ms": 8.435999870300293,
    "model_name": "googlenet",
    "recv_time": 25184996,
    "tag": "709",
    "total_cost_by_ms": 20.42300033569336,
    "wait_cost": 10.704999923706055
}
