{
    "child_model_execute_cost_by_ms": [
        15.37600040435791,
        9.409000396728516
    ],
    "child_model_run_time": [
        [
            26946294,
            26961670
        ],
        [
            26961736,
            26971145
        ]
    ],
    "execute_cost": 24.78499984741211,
    "finish_time": 26971154,
    "limit_cost_by_ms": 18.818666458129883,
    "model_name": "resnet50",
    "recv_time": 26933257,
    "tag": "778",
    "total_cost_by_ms": 37.89699935913086,
    "wait_cost": 13.11199951171875
}
