{
    "child_model_execute_cost_by_ms": [
        11.053999900817871
    ],
    "child_model_run_time": [
        [
            28717748,
            28728802
        ]
    ],
    "execute_cost": 11.053999900817871,
    "finish_time": 28728817,
    "limit_cost_by_ms": 8.950333595275879,
    "model_name": "googlenet",
    "recv_time": 28703508,
    "tag": "829",
    "total_cost_by_ms": 25.30900001525879,
    "wait_cost": 14.255000114440918
}
