{
    "child_model_execute_cost_by_ms": [
        19.763999938964844,
        17.849000930786133,
        21.67799949645996
    ],
    "child_model_run_time": [
        [
            30405864,
            30425628
        ],
        [
            30425669,
            30443518
        ],
        [
            30467597,
            30489275
        ]
    ],
    "execute_cost": 59.29100036621094,
    "finish_time": 30489279,
    "limit_cost_by_ms": 47.12333297729492,
    "model_name": "vgg19",
    "recv_time": 30321182,
    "tag": "907",
    "total_cost_by_ms": 168.0970001220703,
    "wait_cost": 108.80599975585938
}
