{
    "child_model_execute_cost_by_ms": [
        18.33099937438965,
        18.128999710083008,
        21.08099937438965
    ],
    "child_model_run_time": [
        [
            32630378,
            32648709
        ],
        [
            32683565,
            32701694
        ],
        [
            32701778,
            32722859
        ]
    ],
    "execute_cost": 57.54100036621094,
    "finish_time": 32722865,
    "limit_cost_by_ms": 47.12333297729492,
    "model_name": "vgg19",
    "recv_time": 32599851,
    "tag": "994",
    "total_cost_by_ms": 123.01399993896484,
    "wait_cost": 65.4729995727539
}
