{
    "vgg19": {
        "min": 1.0,
        "avg": 1.0539691628152545,
        "max": 1.804915980335044,
        "std": 0.1114417970123978
    },
    "resnet50": {
        "min": 1.0,
        "avg": 2.0137390707099687,
        "max": 4.197006824264037,
        "std": 1.0105870592796027
    },
    "googlenet": {
        "min": 1.0533429399570808,
        "avg": 3.479787604799218,
        "max": 9.945593748873035,
        "std": 2.3869897112022422
    },
    "squeezenetv1": {
        "min": 1.123055143484479,
        "avg": 3.782425360601507,
        "max": 10.781611891657475,
        "std": 2.5732379558705905
    },
    "total": {
        "min": 1.0,
        "avg": 2.487498987771222,
        "max": 10.781611891657475,
        "std": 2.1269450174261366
    }
}