{
    "child_model_execute_cost_by_ms": [
        8.493000030517578
    ],
    "child_model_run_time": [
        [
            22949309,
            22957802
        ]
    ],
    "execute_cost": 8.493000030517578,
    "finish_time": 22957810,
    "limit_cost_by_ms": 7.000333309173584,
    "model_name": "squeezenetv1",
    "recv_time": 22932604,
    "tag": "705",
    "total_cost_by_ms": 25.20599937438965,
    "wait_cost": 16.71299934387207
}
