{
    "child_model_execute_cost_by_ms": [
        8.182000160217285
    ],
    "child_model_run_time": [
        [
            9565043,
            9573225
        ]
    ],
    "execute_cost": 8.182000160217285,
    "finish_time": 9573231,
    "limit_cost_by_ms": 7.000333309173584,
    "model_name": "squeezenetv1",
    "recv_time": 9564881,
    "tag": "76",
    "total_cost_by_ms": 8.350000381469727,
    "wait_cost": 0.1680002212524414
}
