{
    "child_model_execute_cost_by_ms": [
        9.373000144958496
    ],
    "child_model_run_time": [
        [
            10052603,
            10061976
        ]
    ],
    "execute_cost": 9.373000144958496,
    "finish_time": 10061983,
    "limit_cost_by_ms": 8.420000076293945,
    "model_name": "googlenet",
    "recv_time": 10048431,
    "tag": "101",
    "total_cost_by_ms": 13.552000045776367,
    "wait_cost": 4.178999900817871
}
