{
    "child_model_execute_cost_by_ms": [
        10.53600025177002
    ],
    "child_model_run_time": [
        [
            10643729,
            10654265
        ]
    ],
    "execute_cost": 10.53600025177002,
    "finish_time": 10654277,
    "limit_cost_by_ms": 8.737333297729492,
    "model_name": "googlenet",
    "recv_time": 10643633,
    "tag": "113",
    "total_cost_by_ms": 10.644000053405762,
    "wait_cost": 0.10799980163574219
}
