{
    "child_model_execute_cost_by_ms": [
        10.048999786376953
    ],
    "child_model_run_time": [
        [
            10526759,
            10536808
        ]
    ],
    "execute_cost": 10.048999786376953,
    "finish_time": 10536821,
    "limit_cost_by_ms": 8.367666244506836,
    "model_name": "googlenet",
    "recv_time": 10518512,
    "tag": "125",
    "total_cost_by_ms": 18.30900001525879,
    "wait_cost": 8.260000228881836
}
