{
    "child_model_execute_cost_by_ms": [
        14.71500015258789,
        8.371999740600586
    ],
    "child_model_run_time": [
        [
            11002892,
            11017607
        ],
        [
            11026918,
            11035290
        ]
    ],
    "execute_cost": 23.086999893188477,
    "finish_time": 11035296,
    "limit_cost_by_ms": 18.099000930786133,
    "model_name": "resnet50",
    "recv_time": 10994431,
    "tag": "145",
    "total_cost_by_ms": 40.8650016784668,
    "wait_cost": 17.77800178527832
}
