{
    "child_model_execute_cost_by_ms": [
        14.583000183105469,
        9.045000076293945
    ],
    "child_model_run_time": [
        [
            11402057,
            11416640
        ],
        [
            11426428,
            11435473
        ]
    ],
    "execute_cost": 23.628000259399414,
    "finish_time": 11435482,
    "limit_cost_by_ms": 18.099000930786133,
    "model_name": "resnet50",
    "recv_time": 11388879,
    "tag": "162",
    "total_cost_by_ms": 46.60300064086914,
    "wait_cost": 22.975000381469727
}
