{
    "child_model_execute_cost_by_ms": [
        7.521999835968018
    ],
    "child_model_run_time": [
        [
            11568289,
            11575811
        ]
    ],
    "execute_cost": 7.521999835968018,
    "finish_time": 11575815,
    "limit_cost_by_ms": 6.933666706085205,
    "model_name": "squeezenetv1",
    "recv_time": 11549431,
    "tag": "168",
    "total_cost_by_ms": 26.384000778198242,
    "wait_cost": 18.862001419067383
}
