{
    "child_model_execute_cost_by_ms": [
        16.975000381469727,
        16.232999801635742,
        19.226999282836914
    ],
    "child_model_run_time": [
        [
            11865793,
            11882768
        ],
        [
            11882810,
            11899043
        ],
        [
            11932715,
            11951942
        ]
    ],
    "execute_cost": 52.43499755859375,
    "finish_time": 11951947,
    "limit_cost_by_ms": 44.28533172607422,
    "model_name": "vgg19",
    "recv_time": 11865709,
    "tag": "181",
    "total_cost_by_ms": 86.23799896240234,
    "wait_cost": 33.803001403808594
}
