{
    "child_model_execute_cost_by_ms": [
        18.812999725341797,
        17.524999618530273,
        20.204999923706055
    ],
    "child_model_run_time": [
        [
            18186142,
            18204955
        ],
        [
            18205045,
            18222570
        ],
        [
            18230200,
            18250405
        ]
    ],
    "execute_cost": 56.542999267578125,
    "finish_time": 18250413,
    "limit_cost_by_ms": 46.665000915527344,
    "model_name": "vgg19",
    "recv_time": 18163182,
    "tag": "417",
    "total_cost_by_ms": 87.23100280761719,
    "wait_cost": 30.688003540039063
}
