{
    "child_model_execute_cost_by_ms": [
        17.05299949645996,
        16.7810001373291,
        19.381999969482422
    ],
    "child_model_run_time": [
        [
            18897320,
            18914373
        ],
        [
            18914391,
            18931172
        ],
        [
            18961593,
            18980975
        ]
    ],
    "execute_cost": 53.215999603271484,
    "finish_time": 18980980,
    "limit_cost_by_ms": 44.548667907714844,
    "model_name": "vgg19",
    "recv_time": 18897284,
    "tag": "473",
    "total_cost_by_ms": 83.69599914550781,
    "wait_cost": 30.479999542236328
}
