{
    "child_model_execute_cost_by_ms": [
        10.156999588012695
    ],
    "child_model_run_time": [
        [
            20214148,
            20224305
        ]
    ],
    "execute_cost": 10.156999588012695,
    "finish_time": 20224312,
    "limit_cost_by_ms": 8.420000076293945,
    "model_name": "googlenet",
    "recv_time": 20191304,
    "tag": "529",
    "total_cost_by_ms": 33.007999420166016,
    "wait_cost": 22.85099983215332
}
