{
    "child_model_execute_cost_by_ms": [
        9.869000434875488
    ],
    "child_model_run_time": [
        [
            21061533,
            21071402
        ]
    ],
    "execute_cost": 9.869000434875488,
    "finish_time": 21071409,
    "limit_cost_by_ms": 8.420000076293945,
    "model_name": "googlenet",
    "recv_time": 21055342,
    "tag": "565",
    "total_cost_by_ms": 16.066999435424805,
    "wait_cost": 6.197999000549316
}
