{
    "child_model_execute_cost_by_ms": [
        10.600000381469727
    ],
    "child_model_run_time": [
        [
            22355551,
            22366151
        ]
    ],
    "execute_cost": 10.600000381469727,
    "finish_time": 22366163,
    "limit_cost_by_ms": 8.737333297729492,
    "model_name": "googlenet",
    "recv_time": 22338682,
    "tag": "585",
    "total_cost_by_ms": 27.481000900268555,
    "wait_cost": 16.881000518798828
}
