{
    "child_model_execute_cost_by_ms": [
        8.029000282287598
    ],
    "child_model_run_time": [
        [
            22158810,
            22166839
        ]
    ],
    "execute_cost": 8.029000282287598,
    "finish_time": 22166849,
    "limit_cost_by_ms": 6.993333339691162,
    "model_name": "squeezenetv1",
    "recv_time": 22144501,
    "tag": "612",
    "total_cost_by_ms": 22.347999572753906,
    "wait_cost": 14.318999290466309
}
