{
    "child_model_execute_cost_by_ms": [
        14.548999786376953,
        9.256999969482422
    ],
    "child_model_run_time": [
        [
            22740602,
            22755151
        ],
        [
            22765270,
            22774527
        ]
    ],
    "execute_cost": 23.805999755859375,
    "finish_time": 22774537,
    "limit_cost_by_ms": 18.105667114257813,
    "model_name": "resnet50",
    "recv_time": 22739246,
    "tag": "637",
    "total_cost_by_ms": 35.29100036621094,
    "wait_cost": 11.485000610351563
}
