{
    "child_model_execute_cost_by_ms": [
        17.77400016784668,
        16.833999633789063,
        19.594999313354492
    ],
    "child_model_run_time": [
        [
            22705807,
            22723581
        ],
        [
            22723664,
            22740498
        ],
        [
            22774752,
            22794347
        ]
    ],
    "execute_cost": 54.2030029296875,
    "finish_time": 22794353,
    "limit_cost_by_ms": 44.548667907714844,
    "model_name": "vgg19",
    "recv_time": 22674154,
    "tag": "635",
    "total_cost_by_ms": 120.1989974975586,
    "wait_cost": 65.9959945678711
}
