{
    "child_model_execute_cost_by_ms": [
        17.148000717163086,
        17.92099952697754,
        19.160999298095703
    ],
    "child_model_run_time": [
        [
            23254431,
            23271579
        ],
        [
            23314218,
            23332139
        ],
        [
            23332229,
            23351390
        ]
    ],
    "execute_cost": 54.22999954223633,
    "finish_time": 23351395,
    "limit_cost_by_ms": 44.548667907714844,
    "model_name": "vgg19",
    "recv_time": 23254285,
    "tag": "658",
    "total_cost_by_ms": 97.11000061035156,
    "wait_cost": 42.880001068115234
}
