{
    "child_model_execute_cost_by_ms": [
        17.625,
        18.113000869750977,
        19.1200008392334
    ],
    "child_model_run_time": [
        [
            24012698,
            24030323
        ],
        [
            24064382,
            24082495
        ],
        [
            24082586,
            24101706
        ]
    ],
    "execute_cost": 54.858001708984375,
    "finish_time": 24101710,
    "limit_cost_by_ms": 44.28533172607422,
    "model_name": "vgg19",
    "recv_time": 24012555,
    "tag": "687",
    "total_cost_by_ms": 89.15499877929688,
    "wait_cost": 34.2969970703125
}
