{
    "child_model_execute_cost_by_ms": [
        17.09600067138672,
        16.143999099731445,
        19.719999313354492
    ],
    "child_model_run_time": [
        [
            27237880,
            27254976
        ],
        [
            27255012,
            27271156
        ],
        [
            27279444,
            27299164
        ]
    ],
    "execute_cost": 52.959999084472656,
    "finish_time": 27299168,
    "limit_cost_by_ms": 44.548667907714844,
    "model_name": "vgg19",
    "recv_time": 27237735,
    "tag": "822",
    "total_cost_by_ms": 61.43299865722656,
    "wait_cost": 8.472999572753906
}
