{
    "child_model_execute_cost_by_ms": [
        10.588000297546387
    ],
    "child_model_run_time": [
        [
            28320857,
            28331445
        ]
    ],
    "execute_cost": 10.588000297546387,
    "finish_time": 28331457,
    "limit_cost_by_ms": 8.737333297729492,
    "model_name": "googlenet",
    "recv_time": 28309589,
    "tag": "824",
    "total_cost_by_ms": 21.868000030517578,
    "wait_cost": 11.279999732971191
}
