{
    "child_model_execute_cost_by_ms": [
        17.156999588012695,
        18.364999771118164,
        19.783000946044922
    ],
    "child_model_run_time": [
        [
            27777756,
            27794913
        ],
        [
            27827103,
            27845468
        ],
        [
            27855206,
            27874989
        ]
    ],
    "execute_cost": 55.30500030517578,
    "finish_time": 27874994,
    "limit_cost_by_ms": 44.28533172607422,
    "model_name": "vgg19",
    "recv_time": 27777617,
    "tag": "842",
    "total_cost_by_ms": 97.37699890136719,
    "wait_cost": 42.071998596191406
}
