{
    "child_model_execute_cost_by_ms": [
        17.42799949645996,
        17.351999282836914,
        19.263999938964844
    ],
    "child_model_run_time": [
        [
            29052916,
            29070344
        ],
        [
            29104470,
            29121822
        ],
        [
            29121860,
            29141124
        ]
    ],
    "execute_cost": 54.04399871826172,
    "finish_time": 29141128,
    "limit_cost_by_ms": 44.28533172607422,
    "model_name": "vgg19",
    "recv_time": 29052909,
    "tag": "895",
    "total_cost_by_ms": 88.21900177001953,
    "wait_cost": 34.17500305175781
}
