{
    "child_model_execute_cost_by_ms": [
        9.86299991607666
    ],
    "child_model_run_time": [
        [
            30426926,
            30436789
        ]
    ],
    "execute_cost": 9.86299991607666,
    "finish_time": 30436801,
    "limit_cost_by_ms": 8.420000076293945,
    "model_name": "googlenet",
    "recv_time": 30404554,
    "tag": "953",
    "total_cost_by_ms": 32.24700164794922,
    "wait_cost": 22.384002685546875
}
