{
    "child_model_execute_cost_by_ms": [
        8.265999794006348
    ],
    "child_model_run_time": [
        [
            32562811,
            32571077
        ]
    ],
    "execute_cost": 8.265999794006348,
    "finish_time": 32571089,
    "limit_cost_by_ms": 7.274333477020264,
    "model_name": "squeezenetv1",
    "recv_time": 32557519,
    "tag": "995",
    "total_cost_by_ms": 13.569999694824219,
    "wait_cost": 5.303999900817871
}
