{
    "child_model_execute_cost_by_ms": [
        6.757999897003174
    ],
    "child_model_run_time": [
        [
            18405904,
            18412662
        ]
    ],
    "execute_cost": 6.757999897003174,
    "finish_time": 18412671,
    "limit_cost_by_ms": 5.9079999923706055,
    "model_name": "yolov2",
    "recv_time": 18404508,
    "tag": "12",
    "total_cost_by_ms": 8.163000106811523,
    "wait_cost": 1.4050002098083496
}
