{
    "child_model_execute_cost_by_ms": [
        9.982999801635742
    ],
    "child_model_run_time": [
        [
            21365351,
            21375334
        ]
    ],
    "execute_cost": 9.982999801635742,
    "finish_time": 21375343,
    "limit_cost_by_ms": 9.000333786010742,
    "model_name": "googlenet",
    "recv_time": 21363241,
    "tag": "137",
    "total_cost_by_ms": 12.10200023651123,
    "wait_cost": 2.1190004348754883
}
