{
    "child_model_execute_cost_by_ms": [
        6.210999965667725
    ],
    "child_model_run_time": [
        [
            22647824,
            22654035
        ]
    ],
    "execute_cost": 6.210999965667725,
    "finish_time": 22654045,
    "limit_cost_by_ms": 5.9079999923706055,
    "model_name": "yolov2",
    "recv_time": 22632859,
    "tag": "192",
    "total_cost_by_ms": 21.18600082397461,
    "wait_cost": 14.975000381469727
}
