{
    "child_model_execute_cost_by_ms": [
        6.396999835968018
    ],
    "child_model_run_time": [
        [
            26860594,
            26866991
        ]
    ],
    "execute_cost": 6.396999835968018,
    "finish_time": 26867001,
    "limit_cost_by_ms": 5.9079999923706055,
    "model_name": "yolov2",
    "recv_time": 26859374,
    "tag": "372",
    "total_cost_by_ms": 7.626999855041504,
    "wait_cost": 1.2300000190734863
}
