{
    "child_model_execute_cost_by_ms": [
        13.319999694824219
    ],
    "child_model_run_time": [
        [
            27377654,
            27390974
        ]
    ],
    "execute_cost": 13.319999694824219,
    "finish_time": 27390986,
    "limit_cost_by_ms": 6.98633337020874,
    "model_name": "gpt128v2",
    "recv_time": 27377601,
    "tag": "393",
    "total_cost_by_ms": 13.385000228881836,
    "wait_cost": 0.06500053405761719
}
