{
    "child_model_execute_cost_by_ms": [
        8.0
    ],
    "child_model_run_time": [
        [
            33611795,
            33619795
        ]
    ],
    "execute_cost": 8.0,
    "finish_time": 33619800,
    "limit_cost_by_ms": 6.98633337020874,
    "model_name": "gpt128v2",
    "recv_time": 33608493,
    "tag": "657",
    "total_cost_by_ms": 11.307000160217285,
    "wait_cost": 3.307000160217285
}
