{
    "child_model_execute_cost_by_ms": [
        6.931000232696533
    ],
    "child_model_run_time": [
        [
            20011504,
            20018435
        ]
    ],
    "execute_cost": 6.931000232696533,
    "finish_time": 20018439,
    "limit_cost_by_ms": 5.9079999923706055,
    "model_name": "yolov2",
    "recv_time": 19992976,
    "tag": "79",
    "total_cost_by_ms": 25.46299934387207,
    "wait_cost": 18.531999588012695
}
