{
    "child_model_execute_cost_by_ms": [
        9.288999557495117
    ],
    "child_model_run_time": [
        [
            38017632,
            38026921
        ]
    ],
    "execute_cost": 9.288999557495117,
    "finish_time": 38026926,
    "limit_cost_by_ms": 9.000333786010742,
    "model_name": "googlenet",
    "recv_time": 37999490,
    "tag": "847",
    "total_cost_by_ms": 27.43600082397461,
    "wait_cost": 18.147001266479492
}
