{
    "child_model_execute_cost_by_ms": [
        13.326000213623047
    ],
    "child_model_run_time": [
        [
            40909993,
            40923319
        ]
    ],
    "execute_cost": 13.326000213623047,
    "finish_time": 40923331,
    "limit_cost_by_ms": 6.98633337020874,
    "model_name": "gpt128v2",
    "recv_time": 40895026,
    "tag": "972",
    "total_cost_by_ms": 28.30500030517578,
    "wait_cost": 14.979000091552734
}
