{
    "child_model_execute_cost_by_ms": [
        17.128000259399414,
        12.437999725341797
    ],
    "child_model_run_time": [
        [
            40923366,
            40940494
        ],
        [
            40940549,
            40952987
        ]
    ],
    "execute_cost": 29.56599998474121,
    "finish_time": 40952993,
    "limit_cost_by_ms": 18.728666305541992,
    "model_name": "resnet50",
    "recv_time": 40894068,
    "tag": "971",
    "total_cost_by_ms": 58.92499923706055,
    "wait_cost": 29.358999252319336
}
