{
    "child_model_execute_cost_by_ms": [
        10.62600040435791
    ],
    "child_model_run_time": [
        [
            11821754,
            11832380
        ]
    ],
    "execute_cost": 10.62600040435791,
    "finish_time": 11832394,
    "limit_cost_by_ms": 9.113666534423828,
    "model_name": "googlenet",
    "recv_time": 11787995,
    "tag": "164",
    "total_cost_by_ms": 44.39899826049805,
    "wait_cost": 33.77299880981445
}
