{
    "child_model_execute_cost_by_ms": [
        46.67399978637695
    ],
    "child_model_run_time": [
        [
            16177652,
            16224326
        ]
    ],
    "execute_cost": 46.67399978637695,
    "finish_time": 16224333,
    "limit_cost_by_ms": 47.375999450683594,
    "model_name": "vgg19",
    "recv_time": 15961341,
    "tag": "330",
    "total_cost_by_ms": 262.99200439453125,
    "wait_cost": 216.31800842285156
}
