{
    "child_model_execute_cost_by_ms": [
        8.729999542236328
    ],
    "child_model_run_time": [
        [
            23758612,
            23767342
        ]
    ],
    "execute_cost": 8.729999542236328,
    "finish_time": 23767355,
    "limit_cost_by_ms": 7.445666790008545,
    "model_name": "squeezenetv1",
    "recv_time": 23732608,
    "tag": "642",
    "total_cost_by_ms": 34.74700164794922,
    "wait_cost": 26.01700210571289
}
