{
    "child_model_execute_cost_by_ms": [
        11.170000076293945
    ],
    "child_model_run_time": [
        [
            24674086,
            24685256
        ]
    ],
    "execute_cost": 11.170000076293945,
    "finish_time": 24685271,
    "limit_cost_by_ms": 9.113666534423828,
    "model_name": "googlenet",
    "recv_time": 24624236,
    "tag": "681",
    "total_cost_by_ms": 61.03499984741211,
    "wait_cost": 49.86499786376953
}
