{
    "child_model_execute_cost_by_ms": [
        18.795000076293945,
        16.861000061035156,
        19.555999755859375
    ],
    "child_model_run_time": [
        [
            13123687,
            13142482
        ],
        [
            13142520,
            13159381
        ],
        [
            13159416,
            13178972
        ]
    ],
    "execute_cost": 55.211997985839844,
    "finish_time": 13178978,
    "limit_cost_by_ms": 47.14699935913086,
    "model_name": "vgg19",
    "recv_time": 13123570,
    "tag": "191",
    "total_cost_by_ms": 55.40800094604492,
    "wait_cost": 0.19600296020507813
}
