{
    "child_model_execute_cost_by_ms": [
        9.484999656677246
    ],
    "child_model_run_time": [
        [
            14087749,
            14097234
        ]
    ],
    "execute_cost": 9.484999656677246,
    "finish_time": 14097245,
    "limit_cost_by_ms": 8.853333473205566,
    "model_name": "googlenet",
    "recv_time": 14069982,
    "tag": "227",
    "total_cost_by_ms": 27.26300048828125,
    "wait_cost": 17.777999877929688
}
