{
    "child_model_execute_cost_by_ms": [
        18.4060001373291,
        16.92799949645996,
        20.510000228881836
    ],
    "child_model_run_time": [
        [
            15518794,
            15537200
        ],
        [
            15537288,
            15554216
        ],
        [
            15554228,
            15574738
        ]
    ],
    "execute_cost": 55.84400177001953,
    "finish_time": 15574743,
    "limit_cost_by_ms": 47.14699935913086,
    "model_name": "vgg19",
    "recv_time": 15518626,
    "tag": "279",
    "total_cost_by_ms": 56.117000579833984,
    "wait_cost": 0.2729988098144531
}
