{
    "child_model_execute_cost_by_ms": [
        8.246999740600586
    ],
    "child_model_run_time": [
        [
            31741877,
            31750124
        ]
    ],
    "execute_cost": 8.246999740600586,
    "finish_time": 31750129,
    "limit_cost_by_ms": 7.210666656494141,
    "model_name": "squeezenetv1",
    "recv_time": 31731707,
    "tag": "867",
    "total_cost_by_ms": 18.422000885009766,
    "wait_cost": 10.17500114440918
}
