{
    "child_model_execute_cost_by_ms": [
        14.760000228881836,
        8.791000366210938
    ],
    "child_model_run_time": [
        [
            11672619,
            11687379
        ],
        [
            11687414,
            11696205
        ]
    ],
    "execute_cost": 23.551000595092773,
    "finish_time": 11696211,
    "limit_cost_by_ms": 18.937000274658203,
    "model_name": "resnet50",
    "recv_time": 11662897,
    "tag": "142",
    "total_cost_by_ms": 33.31399917602539,
    "wait_cost": 9.762998580932617
}
