{
    "child_model_execute_cost_by_ms": [
        14.814000129699707,
        8.61299991607666
    ],
    "child_model_run_time": [
        [
            13052746,
            13067560
        ],
        [
            13067585,
            13076198
        ]
    ],
    "execute_cost": 23.427000045776367,
    "finish_time": 13076207,
    "limit_cost_by_ms": 18.937000274658203,
    "model_name": "resnet50",
    "recv_time": 13052685,
    "tag": "194",
    "total_cost_by_ms": 23.52199935913086,
    "wait_cost": 0.09499931335449219
}
