{
    "child_model_execute_cost_by_ms": [
        18.39699935913086,
        17.08799934387207,
        20.135000228881836
    ],
    "child_model_run_time": [
        [
            25760656,
            25779053
        ],
        [
            25779089,
            25796177
        ],
        [
            25796214,
            25816349
        ]
    ],
    "execute_cost": 55.62000274658203,
    "finish_time": 25816354,
    "limit_cost_by_ms": 47.275665283203125,
    "model_name": "vgg19",
    "recv_time": 25754953,
    "tag": "667",
    "total_cost_by_ms": 61.4010009765625,
    "wait_cost": 5.780998229980469
}
