{
    "child_model_execute_cost_by_ms": [
        20.503000259399414
    ],
    "child_model_run_time": [
        [
            14202288,
            14222791
        ]
    ],
    "execute_cost": 20.503000259399414,
    "finish_time": 14222798,
    "limit_cost_by_ms": 18.899999618530273,
    "model_name": "resnet50",
    "recv_time": 14197174,
    "tag": "271",
    "total_cost_by_ms": 25.624000549316406,
    "wait_cost": 5.121000289916992
}
