{
    "child_model_execute_cost_by_ms": [
        8.204000473022461
    ],
    "child_model_run_time": [
        [
            25486676,
            25494880
        ]
    ],
    "execute_cost": 8.204000473022461,
    "finish_time": 25494887,
    "limit_cost_by_ms": 7.181666851043701,
    "model_name": "squeezenetv1",
    "recv_time": 25486501,
    "tag": "753",
    "total_cost_by_ms": 8.38599967956543,
    "wait_cost": 0.18199920654296875
}
