{
    "child_model_execute_cost_by_ms": [
        13.182999610900879
    ],
    "child_model_run_time": [
        [
            22082794,
            22095977
        ]
    ],
    "execute_cost": 13.182999610900879,
    "finish_time": 22095981,
    "limit_cost_by_ms": 6.025333404541016,
    "model_name": "yolov2",
    "recv_time": 22082746,
    "tag": "193",
    "total_cost_by_ms": 13.234999656677246,
    "wait_cost": 0.05200004577636719
}
