{
    "child_model_execute_cost_by_ms": [
        19.804000854492188
    ],
    "child_model_run_time": [
        [
            22688036,
            22707840
        ]
    ],
    "execute_cost": 19.804000854492188,
    "finish_time": 22707843,
    "limit_cost_by_ms": 19.05900001525879,
    "model_name": "resnet50",
    "recv_time": 22687984,
    "tag": "222",
    "total_cost_by_ms": 19.858999252319336,
    "wait_cost": 0.05499839782714844
}
