{
    "child_model_execute_cost_by_ms": [
        42.61199951171875
    ],
    "child_model_run_time": [
        [
            23346487,
            23389099
        ]
    ],
    "execute_cost": 42.61199951171875,
    "finish_time": 23389103,
    "limit_cost_by_ms": 6.978000164031982,
    "model_name": "gpt128v2",
    "recv_time": 23346437,
    "tag": "255",
    "total_cost_by_ms": 42.66600036621094,
    "wait_cost": 0.0540008544921875
}
