{
    "child_model_execute_cost_by_ms": [
        32.00699996948242
    ],
    "child_model_run_time": [
        [
            23935173,
            23967180
        ]
    ],
    "execute_cost": 32.00699996948242,
    "finish_time": 23967183,
    "limit_cost_by_ms": 6.025333404541016,
    "model_name": "yolov2",
    "recv_time": 23935128,
    "tag": "283",
    "total_cost_by_ms": 32.05500030517578,
    "wait_cost": 0.048000335693359375
}
