{
    "child_model_execute_cost_by_ms": [
        85.48200225830078
    ],
    "child_model_run_time": [
        [
            19432690,
            19518172
        ]
    ],
    "execute_cost": 85.48200225830078,
    "finish_time": 19518176,
    "limit_cost_by_ms": 19.05900001525879,
    "model_name": "resnet50",
    "recv_time": 19432675,
    "tag": "68",
    "total_cost_by_ms": 85.5009994506836,
    "wait_cost": 0.0189971923828125
}
