{
    "child_model_execute_cost_by_ms": [
        44.23500061035156
    ],
    "child_model_run_time": [
        [
            33026780,
            33071015
        ]
    ],
    "execute_cost": 44.23500061035156,
    "finish_time": 33071017,
    "limit_cost_by_ms": 46.413665771484375,
    "model_name": "vgg19",
    "recv_time": 33026720,
    "tag": "705",
    "total_cost_by_ms": 44.297000885009766,
    "wait_cost": 0.062000274658203125
}
