{
    "child_model_execute_cost_by_ms": [
        50.516998291015625
    ],
    "child_model_run_time": [
        [
            39324835,
            39375352
        ]
    ],
    "execute_cost": 50.516998291015625,
    "finish_time": 39375356,
    "limit_cost_by_ms": 8.947333335876465,
    "model_name": "googlenet",
    "recv_time": 39324739,
    "tag": "997",
    "total_cost_by_ms": 50.617000579833984,
    "wait_cost": 0.10000228881835938
}
