{
    "child_model_execute_cost_by_ms": [
        19.531999588012695
    ],
    "child_model_run_time": [
        [
            25350520,
            25370052
        ]
    ],
    "execute_cost": 19.531999588012695,
    "finish_time": 25370057,
    "limit_cost_by_ms": 18.95133399963379,
    "model_name": "resnet50",
    "recv_time": 25350403,
    "tag": "825",
    "total_cost_by_ms": 19.65399932861328,
    "wait_cost": 0.12199974060058594
}
