{
    "child_model_execute_cost_by_ms": [
        9.017999649047852
    ],
    "child_model_run_time": [
        [
            11723035,
            11732053
        ]
    ],
    "execute_cost": 9.017999649047852,
    "finish_time": 11732058,
    "limit_cost_by_ms": 8.859333038330078,
    "model_name": "googlenet",
    "recv_time": 11712835,
    "tag": "190",
    "total_cost_by_ms": 19.222999572753906,
    "wait_cost": 10.204999923706055
}
