{
    "child_model_execute_cost_by_ms": [
        8.217000007629395
    ],
    "child_model_run_time": [
        [
            13402270,
            13410487
        ]
    ],
    "execute_cost": 8.217000007629395,
    "finish_time": 13410490,
    "limit_cost_by_ms": 7.345333099365234,
    "model_name": "squeezenetv1",
    "recv_time": 13392875,
    "tag": "271",
    "total_cost_by_ms": 17.614999771118164,
    "wait_cost": 9.39799976348877
}
