{
    "child_model_execute_cost_by_ms": [
        8.312000274658203
    ],
    "child_model_run_time": [
        [
            19262704,
            19271016
        ]
    ],
    "execute_cost": 8.312000274658203,
    "finish_time": 19271027,
    "limit_cost_by_ms": 7.345333099365234,
    "model_name": "squeezenetv1",
    "recv_time": 19250631,
    "tag": "547",
    "total_cost_by_ms": 20.395999908447266,
    "wait_cost": 12.083999633789063
}
