{
    "child_model_execute_cost_by_ms": [
        9.58899974822998
    ],
    "child_model_run_time": [
        [
            22542036,
            22551625
        ]
    ],
    "execute_cost": 9.58899974822998,
    "finish_time": 22551629,
    "limit_cost_by_ms": 8.690666198730469,
    "model_name": "googlenet",
    "recv_time": 22541857,
    "tag": "650",
    "total_cost_by_ms": 9.772000312805176,
    "wait_cost": 0.1830005645751953
}
