{
    "child_model_execute_cost_by_ms": [
        8.63599967956543
    ],
    "child_model_run_time": [
        [
            25006198,
            25014834
        ]
    ],
    "execute_cost": 8.63599967956543,
    "finish_time": 25014844,
    "limit_cost_by_ms": 7.294666767120361,
    "model_name": "squeezenetv1",
    "recv_time": 24989734,
    "tag": "758",
    "total_cost_by_ms": 25.110000610351563,
    "wait_cost": 16.474000930786133
}
