{
    "child_model_execute_cost_by_ms": [
        8.133000373840332
    ],
    "child_model_run_time": [
        [
            9776675,
            9784808
        ]
    ],
    "execute_cost": 8.133000373840332,
    "finish_time": 9784815,
    "limit_cost_by_ms": 7.294666767120361,
    "model_name": "squeezenetv1",
    "recv_time": 9776658,
    "tag": "87",
    "total_cost_by_ms": 8.156999588012695,
    "wait_cost": 0.02399921417236328
}
