{
    "child_model_execute_cost_by_ms": [
        20.652000427246094
    ],
    "child_model_run_time": [
        [
            16901504,
            16922156
        ]
    ],
    "execute_cost": 20.652000427246094,
    "finish_time": 16922162,
    "limit_cost_by_ms": 19.108333587646484,
    "model_name": "resnet50",
    "recv_time": 16901494,
    "tag": "354",
    "total_cost_by_ms": 20.667999267578125,
    "wait_cost": 0.01599884033203125
}
