{
    "child_model_execute_cost_by_ms": [
        84.96399688720703
    ],
    "child_model_run_time": [
        [
            28909871,
            28994835
        ]
    ],
    "execute_cost": 84.96399688720703,
    "finish_time": 28994837,
    "limit_cost_by_ms": 19.108333587646484,
    "model_name": "resnet50",
    "recv_time": 28909712,
    "tag": "828",
    "total_cost_by_ms": 85.125,
    "wait_cost": 0.16100311279296875
}
