{
    "child_model_execute_cost_by_ms": [
        19.861000061035156
    ],
    "child_model_run_time": [
        [
            32616435,
            32636296
        ]
    ],
    "execute_cost": 19.861000061035156,
    "finish_time": 32636300,
    "limit_cost_by_ms": 19.108333587646484,
    "model_name": "resnet50",
    "recv_time": 32616280,
    "tag": "970",
    "total_cost_by_ms": 20.020000457763672,
    "wait_cost": 0.15900039672851563
}
