{
    "child_model_execute_cost_by_ms": [
        9.065999984741211
    ],
    "child_model_run_time": [
        [
            19723711,
            19732777
        ]
    ],
    "execute_cost": 9.065999984741211,
    "finish_time": 19732780,
    "limit_cost_by_ms": 7.197000026702881,
    "model_name": "squeezenetv1",
    "recv_time": 19719592,
    "tag": "519",
    "total_cost_by_ms": 13.187999725341797,
    "wait_cost": 4.121999740600586
}
