{
    "child_model_execute_cost_by_ms": [
        21.468000411987305
    ],
    "child_model_run_time": [
        [
            19931347,
            19952815
        ]
    ],
    "execute_cost": 21.468000411987305,
    "finish_time": 19952819,
    "limit_cost_by_ms": 7.197000026702881,
    "model_name": "squeezenetv1",
    "recv_time": 19931160,
    "tag": "529",
    "total_cost_by_ms": 21.659000396728516,
    "wait_cost": 0.19099998474121094
}
