{
    "child_model_execute_cost_by_ms": [
        13.593999862670898
    ],
    "child_model_run_time": [
        [
            22693586,
            22707180
        ]
    ],
    "execute_cost": 13.593999862670898,
    "finish_time": 22707182,
    "limit_cost_by_ms": 8.85099983215332,
    "model_name": "googlenet",
    "recv_time": 22693579,
    "tag": "650",
    "total_cost_by_ms": 13.602999687194824,
    "wait_cost": 0.008999824523925781
}
