{
    "child_model_execute_cost_by_ms": [
        8.190999984741211
    ],
    "child_model_run_time": [
        [
            26151692,
            26159883
        ]
    ],
    "execute_cost": 8.190999984741211,
    "finish_time": 26159888,
    "limit_cost_by_ms": 7.197000026702881,
    "model_name": "squeezenetv1",
    "recv_time": 26151532,
    "tag": "801",
    "total_cost_by_ms": 8.355999946594238,
    "wait_cost": 0.16499996185302734
}
