{
    "child_model_execute_cost_by_ms": [
        13.21399974822998
    ],
    "child_model_run_time": [
        [
            26788238,
            26801452
        ]
    ],
    "execute_cost": 13.21399974822998,
    "finish_time": 26801455,
    "limit_cost_by_ms": 7.197000026702881,
    "model_name": "squeezenetv1",
    "recv_time": 26788073,
    "tag": "829",
    "total_cost_by_ms": 13.381999969482422,
    "wait_cost": 0.1680002212524414
}
