{
    "child_model_execute_cost_by_ms": [
        13.414999961853027,
        8.272000312805176
    ],
    "child_model_run_time": [
        [
            13702567,
            13715982
        ],
        [
            13716012,
            13724284
        ]
    ],
    "execute_cost": 21.687000274658203,
    "finish_time": 13724291,
    "limit_cost_by_ms": 18.854000091552734,
    "model_name": "resnet50",
    "recv_time": 13697336,
    "tag": "205",
    "total_cost_by_ms": 26.954999923706055,
    "wait_cost": 5.267999649047852
}
