{
    "child_model_execute_cost_by_ms": [
        14.420999526977539,
        8.805000305175781
    ],
    "child_model_run_time": [
        [
            21330181,
            21344602
        ],
        [
            21344623,
            21353428
        ]
    ],
    "execute_cost": 23.22599983215332,
    "finish_time": 21353438,
    "limit_cost_by_ms": 18.854000091552734,
    "model_name": "resnet50",
    "recv_time": 21313571,
    "tag": "471",
    "total_cost_by_ms": 39.867000579833984,
    "wait_cost": 16.641000747680664
}
