{
    "child_model_execute_cost_by_ms": [
        47.83000183105469
    ],
    "child_model_run_time": [
        [
            27220878,
            27268708
        ]
    ],
    "execute_cost": 47.83000183105469,
    "finish_time": 27268710,
    "limit_cost_by_ms": 46.584999084472656,
    "model_name": "vgg19",
    "recv_time": 27220790,
    "tag": "848",
    "total_cost_by_ms": 47.91999816894531,
    "wait_cost": 0.089996337890625
}
