{
    "child_model_execute_cost_by_ms": [
        10.600000381469727
    ],
    "child_model_run_time": [
        [
            15184451,
            15195051
        ]
    ],
    "execute_cost": 10.600000381469727,
    "finish_time": 15195063,
    "limit_cost_by_ms": 9.814666748046875,
    "model_name": "googlenet",
    "recv_time": 15134430,
    "tag": "300",
    "total_cost_by_ms": 60.632999420166016,
    "wait_cost": 50.032997131347656
}
