{
    "child_model_execute_cost_by_ms": [
        48.560001373291016
    ],
    "child_model_run_time": [
        [
            21628678,
            21677238
        ]
    ],
    "execute_cost": 48.560001373291016,
    "finish_time": 21677243,
    "limit_cost_by_ms": 47.86366653442383,
    "model_name": "vgg19",
    "recv_time": 21251857,
    "tag": "553",
    "total_cost_by_ms": 425.385986328125,
    "wait_cost": 376.82598876953125
}
