{
    "child_model_execute_cost_by_ms": [
        50.18600082397461
    ],
    "child_model_run_time": [
        [
            27377761,
            27427947
        ]
    ],
    "execute_cost": 50.18600082397461,
    "finish_time": 27427954,
    "limit_cost_by_ms": 47.86366653442383,
    "model_name": "vgg19",
    "recv_time": 26555210,
    "tag": "779",
    "total_cost_by_ms": 872.7440185546875,
    "wait_cost": 822.5580444335938
}
