{
    "child_model_execute_cost_by_ms": [
        43.54199981689453
    ],
    "child_model_run_time": [
        [
            13275555,
            13319097
        ]
    ],
    "execute_cost": 43.54199981689453,
    "finish_time": 13319102,
    "limit_cost_by_ms": 45.73699951171875,
    "model_name": "vgg19",
    "recv_time": 13275399,
    "tag": "224",
    "total_cost_by_ms": 43.702999114990234,
    "wait_cost": 0.16099929809570313
}
