{
    "child_model_execute_cost_by_ms": [
        20.95199966430664
    ],
    "child_model_run_time": [
        [
            15289989,
            15310941
        ]
    ],
    "execute_cost": 20.95199966430664,
    "finish_time": 15310946,
    "limit_cost_by_ms": 8.804333686828613,
    "model_name": "googlenet",
    "recv_time": 15289873,
    "tag": "318",
    "total_cost_by_ms": 21.072999954223633,
    "wait_cost": 0.12100028991699219
}
