{
    "child_model_execute_cost_by_ms": [
        28.416000366210938
    ],
    "child_model_run_time": [
        [
            17460275,
            17488691
        ]
    ],
    "execute_cost": 28.416000366210938,
    "finish_time": 17488698,
    "limit_cost_by_ms": 7.2213335037231445,
    "model_name": "squeezenetv1",
    "recv_time": 17460173,
    "tag": "421",
    "total_cost_by_ms": 28.524999618530273,
    "wait_cost": 0.10899925231933594
}
