{
    "child_model_execute_cost_by_ms": [
        50.77199935913086
    ],
    "child_model_run_time": [
        [
            18790342,
            18841114
        ]
    ],
    "execute_cost": 50.77199935913086,
    "finish_time": 18841118,
    "limit_cost_by_ms": 7.2213335037231445,
    "model_name": "squeezenetv1",
    "recv_time": 18787191,
    "tag": "483",
    "total_cost_by_ms": 53.926998138427734,
    "wait_cost": 3.154998779296875
}
