{
    "child_model_execute_cost_by_ms": [
        43.69300079345703
    ],
    "child_model_run_time": [
        [
            19472661,
            19516354
        ]
    ],
    "execute_cost": 43.69300079345703,
    "finish_time": 19516359,
    "limit_cost_by_ms": 45.73699951171875,
    "model_name": "vgg19",
    "recv_time": 19472561,
    "tag": "513",
    "total_cost_by_ms": 43.79800033569336,
    "wait_cost": 0.10499954223632813
}
