{
    "child_model_execute_cost_by_ms": [
        44.39099884033203
    ],
    "child_model_run_time": [
        [
            20635897,
            20680288
        ]
    ],
    "execute_cost": 44.39099884033203,
    "finish_time": 20680292,
    "limit_cost_by_ms": 45.73699951171875,
    "model_name": "vgg19",
    "recv_time": 20635742,
    "tag": "566",
    "total_cost_by_ms": 44.54999923706055,
    "wait_cost": 0.15900039672851563
}
