{
    "child_model_execute_cost_by_ms": [
        44.534000396728516
    ],
    "child_model_run_time": [
        [
            25673659,
            25718193
        ]
    ],
    "execute_cost": 44.534000396728516,
    "finish_time": 25718199,
    "limit_cost_by_ms": 45.73699951171875,
    "model_name": "vgg19",
    "recv_time": 25673641,
    "tag": "798",
    "total_cost_by_ms": 44.55799865722656,
    "wait_cost": 0.023998260498046875
}
