{
    "child_model_execute_cost_by_ms": [
        25.256999969482422
    ],
    "child_model_run_time": [
        [
            26123687,
            26148944
        ]
    ],
    "execute_cost": 25.256999969482422,
    "finish_time": 26148951,
    "limit_cost_by_ms": 8.804333686828613,
    "model_name": "googlenet",
    "recv_time": 26123682,
    "tag": "819",
    "total_cost_by_ms": 25.268999099731445,
    "wait_cost": 0.011999130249023438
}
