{
    "child_model_execute_cost_by_ms": [
        52.99800109863281
    ],
    "child_model_run_time": [
        [
            29913542,
            29966540
        ]
    ],
    "execute_cost": 52.99800109863281,
    "finish_time": 29966542,
    "limit_cost_by_ms": 7.2213335037231445,
    "model_name": "squeezenetv1",
    "recv_time": 29913536,
    "tag": "996",
    "total_cost_by_ms": 53.00600051879883,
    "wait_cost": 0.007999420166015625
}
