{
    "child_model_execute_cost_by_ms": [
        9.76200008392334
    ],
    "child_model_run_time": [
        [
            15239198,
            15248960
        ]
    ],
    "execute_cost": 9.76200008392334,
    "finish_time": 15248965,
    "limit_cost_by_ms": 8.97266674041748,
    "model_name": "googlenet",
    "recv_time": 15239145,
    "tag": "313",
    "total_cost_by_ms": 9.819999694824219,
    "wait_cost": 0.057999610900878906
}
