{
    "child_model_execute_cost_by_ms": [
        8.180999755859375
    ],
    "child_model_run_time": [
        [
            21804788,
            21812969
        ]
    ],
    "execute_cost": 8.180999755859375,
    "finish_time": 21812973,
    "limit_cost_by_ms": 7.085666656494141,
    "model_name": "squeezenetv1",
    "recv_time": 21804626,
    "tag": "592",
    "total_cost_by_ms": 8.347000122070313,
    "wait_cost": 0.1660003662109375
}
