{
    "child_model_execute_cost_by_ms": [
        45.374000549316406
    ],
    "child_model_run_time": [
        [
            29574799,
            29620173
        ]
    ],
    "execute_cost": 45.374000549316406,
    "finish_time": 29620175,
    "limit_cost_by_ms": 47.18166732788086,
    "model_name": "vgg19",
    "recv_time": 29574708,
    "tag": "923",
    "total_cost_by_ms": 45.46699905395508,
    "wait_cost": 0.09299850463867188
}
