{
    "child_model_execute_cost_by_ms": [
        20.67300033569336
    ],
    "child_model_run_time": [
        [
            15905071,
            15925744
        ]
    ],
    "execute_cost": 20.67300033569336,
    "finish_time": 15925753,
    "limit_cost_by_ms": 18.870332717895508,
    "model_name": "resnet50",
    "recv_time": 15904979,
    "tag": "420",
    "total_cost_by_ms": 20.77400016784668,
    "wait_cost": 0.10099983215332031
}
