{
    "child_model_execute_cost_by_ms": [
        10.49899959564209
    ],
    "child_model_run_time": [
        [
            12128116,
            12138615
        ]
    ],
    "execute_cost": 10.49899959564209,
    "finish_time": 12138625,
    "limit_cost_by_ms": 9.032333374023438,
    "model_name": "googlenet",
    "recv_time": 12128025,
    "tag": "193",
    "total_cost_by_ms": 10.600000381469727,
    "wait_cost": 0.10100078582763672
}
