{
    "child_model_execute_cost_by_ms": [
        21.07900047302246
    ],
    "child_model_run_time": [
        [
            19416551,
            19437630
        ]
    ],
    "execute_cost": 21.07900047302246,
    "finish_time": 19437635,
    "limit_cost_by_ms": 7.298333168029785,
    "model_name": "squeezenetv1",
    "recv_time": 19416426,
    "tag": "576",
    "total_cost_by_ms": 21.208999633789063,
    "wait_cost": 0.12999916076660156
}
