{
    "child_model_execute_cost_by_ms": [
        52.42599868774414
    ],
    "child_model_run_time": [
        [
            22034511,
            22086937
        ]
    ],
    "execute_cost": 52.42599868774414,
    "finish_time": 22086942,
    "limit_cost_by_ms": 19.16933250427246,
    "model_name": "resnet50",
    "recv_time": 22034405,
    "tag": "712",
    "total_cost_by_ms": 52.5369987487793,
    "wait_cost": 0.11100006103515625
}
