{
    "child_model_execute_cost_by_ms": [
        36.03300094604492
    ],
    "child_model_run_time": [
        [
            25443634,
            25479667
        ]
    ],
    "execute_cost": 36.03300094604492,
    "finish_time": 25479672,
    "limit_cost_by_ms": 7.298333168029785,
    "model_name": "squeezenetv1",
    "recv_time": 25443629,
    "tag": "888",
    "total_cost_by_ms": 36.042999267578125,
    "wait_cost": 0.009998321533203125
}
