{
    "child_model_execute_cost_by_ms": [
        22.385000228881836
    ],
    "child_model_run_time": [
        [
            7764534,
            7786919
        ]
    ],
    "execute_cost": 22.385000228881836,
    "finish_time": 7786923,
    "limit_cost_by_ms": 18.98699951171875,
    "model_name": "resnet50",
    "recv_time": 7764435,
    "tag": "1",
    "total_cost_by_ms": 22.488000869750977,
    "wait_cost": 0.10300064086914063
}
