{
    "child_model_execute_cost_by_ms": [
        54.9010009765625
    ],
    "child_model_run_time": [
        [
            12943091,
            12997992
        ]
    ],
    "execute_cost": 54.9010009765625,
    "finish_time": 12997995,
    "limit_cost_by_ms": 7.2223334312438965,
    "model_name": "squeezenetv1",
    "recv_time": 12942813,
    "tag": "277",
    "total_cost_by_ms": 55.18199920654297,
    "wait_cost": 0.28099822998046875
}
