{
    "child_model_execute_cost_by_ms": [
        8.052000045776367
    ],
    "child_model_run_time": [
        [
            20446745,
            20454797
        ]
    ],
    "execute_cost": 8.052000045776367,
    "finish_time": 20454803,
    "limit_cost_by_ms": 7.2223334312438965,
    "model_name": "squeezenetv1",
    "recv_time": 20446585,
    "tag": "673",
    "total_cost_by_ms": 8.218000411987305,
    "wait_cost": 0.1660003662109375
}
