{
    "child_model_execute_cost_by_ms": [
        55.13100051879883
    ],
    "child_model_run_time": [
        [
            21471294,
            21526425
        ]
    ],
    "execute_cost": 55.13100051879883,
    "finish_time": 21526428,
    "limit_cost_by_ms": 47.28533172607422,
    "model_name": "vgg19",
    "recv_time": 21471183,
    "tag": "727",
    "total_cost_by_ms": 55.244998931884766,
    "wait_cost": 0.1139984130859375
}
