{
    "child_model_execute_cost_by_ms": [
        17.93400001525879,
        17.535999298095703,
        21.413999557495117
    ],
    "child_model_run_time": [
        [
            11124059,
            11141993
        ],
        [
            11142008,
            11159544
        ],
        [
            11203312,
            11224726
        ]
    ],
    "execute_cost": 56.884002685546875,
    "finish_time": 11224736,
    "limit_cost_by_ms": 47.44166564941406,
    "model_name": "vgg19",
    "recv_time": 11087467,
    "tag": "131",
    "total_cost_by_ms": 137.2689971923828,
    "wait_cost": 80.38499450683594
}
