{
    "child_model_execute_cost_by_ms": [
        15.720000267028809,
        9.88599967956543
    ],
    "child_model_run_time": [
        [
            15907427,
            15923147
        ],
        [
            15933888,
            15943774
        ]
    ],
    "execute_cost": 25.605998992919922,
    "finish_time": 15943784,
    "limit_cost_by_ms": 18.94499969482422,
    "model_name": "resnet50",
    "recv_time": 15890658,
    "tag": "321",
    "total_cost_by_ms": 53.125999450683594,
    "wait_cost": 27.520000457763672
}
