{
    "child_model_execute_cost_by_ms": [
        20.854999542236328
    ],
    "child_model_run_time": [
        [
            8142757,
            8163612
        ]
    ],
    "execute_cost": 20.854999542236328,
    "finish_time": 8163619,
    "limit_cost_by_ms": 18.872333526611328,
    "model_name": "resnet50",
    "recv_time": 8107873,
    "tag": "12",
    "total_cost_by_ms": 55.74599838256836,
    "wait_cost": 34.89099884033203
}
