{
    "child_model_execute_cost_by_ms": [
        8.803000450134277
    ],
    "child_model_run_time": [
        [
            15304479,
            15313282
        ]
    ],
    "execute_cost": 8.803000450134277,
    "finish_time": 15313295,
    "limit_cost_by_ms": 7.0933332443237305,
    "model_name": "squeezenetv1",
    "recv_time": 15262390,
    "tag": "311",
    "total_cost_by_ms": 50.904998779296875,
    "wait_cost": 42.10199737548828
}
