{
    "child_model_execute_cost_by_ms": [
        8.154999732971191
    ],
    "child_model_run_time": [
        [
            23743226,
            23751381
        ]
    ],
    "execute_cost": 8.154999732971191,
    "finish_time": 23751393,
    "limit_cost_by_ms": 7.0933332443237305,
    "model_name": "squeezenetv1",
    "recv_time": 23743029,
    "tag": "662",
    "total_cost_by_ms": 8.36400032043457,
    "wait_cost": 0.2090005874633789
}
