{
    "child_model_execute_cost_by_ms": [
        18.284000396728516,
        17.09000015258789,
        19.77199935913086
    ],
    "child_model_run_time": [
        [
            11289019,
            11307303
        ],
        [
            11316878,
            11333968
        ],
        [
            11334048,
            11353820
        ]
    ],
    "execute_cost": 55.145999908447266,
    "finish_time": 11353824,
    "limit_cost_by_ms": 47.23899841308594,
    "model_name": "vgg19",
    "recv_time": 11288858,
    "tag": "137",
    "total_cost_by_ms": 64.96600341796875,
    "wait_cost": 9.820003509521484
}
