{
    "child_model_execute_cost_by_ms": [
        19.072999954223633,
        17.7450008392334,
        19.57900047302246
    ],
    "child_model_run_time": [
        [
            13910370,
            13929443
        ],
        [
            13947457,
            13965202
        ],
        [
            13965287,
            13984866
        ]
    ],
    "execute_cost": 56.397003173828125,
    "finish_time": 13984871,
    "limit_cost_by_ms": 47.23899841308594,
    "model_name": "vgg19",
    "recv_time": 13910240,
    "tag": "233",
    "total_cost_by_ms": 74.63099670410156,
    "wait_cost": 18.233993530273438
}
