{
    "child_model_execute_cost_by_ms": [
        18.475000381469727,
        16.959999084472656,
        19.513999938964844
    ],
    "child_model_run_time": [
        [
            16728941,
            16747416
        ],
        [
            16747452,
            16764412
        ],
        [
            16764438,
            16783952
        ]
    ],
    "execute_cost": 54.948997497558594,
    "finish_time": 16783958,
    "limit_cost_by_ms": 47.23899841308594,
    "model_name": "vgg19",
    "recv_time": 16728845,
    "tag": "337",
    "total_cost_by_ms": 55.112998962402344,
    "wait_cost": 0.16400146484375
}
