{
    "child_model_execute_cost_by_ms": [
        10.135000228881836
    ],
    "child_model_run_time": [
        [
            19362245,
            19372380
        ]
    ],
    "execute_cost": 10.135000228881836,
    "finish_time": 19372389,
    "limit_cost_by_ms": 8.659000396728516,
    "model_name": "googlenet",
    "recv_time": 19362117,
    "tag": "431",
    "total_cost_by_ms": 10.272000312805176,
    "wait_cost": 0.13700008392333984
}
