{
    "child_model_execute_cost_by_ms": [
        18.20800018310547,
        16.961000442504883,
        19.648000717163086
    ],
    "child_model_run_time": [
        [
            24081895,
            24100103
        ],
        [
            24100193,
            24117154
        ],
        [
            24117234,
            24136882
        ]
    ],
    "execute_cost": 54.81700134277344,
    "finish_time": 24136887,
    "limit_cost_by_ms": 47.23899841308594,
    "model_name": "vgg19",
    "recv_time": 24074178,
    "tag": "604",
    "total_cost_by_ms": 62.70899963378906,
    "wait_cost": 7.891998291015625
}
