{
    "child_model_execute_cost_by_ms": [
        18.481000900268555,
        16.5310001373291,
        19.756000518798828
    ],
    "child_model_run_time": [
        [
            24893335,
            24911816
        ],
        [
            24911906,
            24928437
        ],
        [
            24928455,
            24948211
        ]
    ],
    "execute_cost": 54.768001556396484,
    "finish_time": 24948217,
    "limit_cost_by_ms": 47.23899841308594,
    "model_name": "vgg19",
    "recv_time": 24893317,
    "tag": "634",
    "total_cost_by_ms": 54.900001525878906,
    "wait_cost": 0.13199996948242188
}
