{
    "child_model_execute_cost_by_ms": [
        8.060999870300293
    ],
    "child_model_run_time": [
        [
            9855693,
            9863754
        ]
    ],
    "execute_cost": 8.060999870300293,
    "finish_time": 9863767,
    "limit_cost_by_ms": 7.173666477203369,
    "model_name": "squeezenetv1",
    "recv_time": 9843810,
    "tag": "84",
    "total_cost_by_ms": 19.957000732421875,
    "wait_cost": 11.896000862121582
}
