{
    "child_model_execute_cost_by_ms": [
        18.506000518798828,
        17.7450008392334,
        20.316999435424805
    ],
    "child_model_run_time": [
        [
            30595371,
            30613877
        ],
        [
            30622349,
            30640094
        ],
        [
            30640129,
            30660446
        ]
    ],
    "execute_cost": 56.56800079345703,
    "finish_time": 30660450,
    "limit_cost_by_ms": 47.23899841308594,
    "model_name": "vgg19",
    "recv_time": 30595240,
    "tag": "843",
    "total_cost_by_ms": 65.20999908447266,
    "wait_cost": 8.641998291015625
}
