{
    "child_model_execute_cost_by_ms": [
        9.859999656677246
    ],
    "child_model_run_time": [
        [
            31884022,
            31893882
        ]
    ],
    "execute_cost": 9.859999656677246,
    "finish_time": 31893894,
    "limit_cost_by_ms": 8.659000396728516,
    "model_name": "googlenet",
    "recv_time": 31883855,
    "tag": "889",
    "total_cost_by_ms": 10.038999557495117,
    "wait_cost": 0.1789999008178711
}
