{
    "child_model_execute_cost_by_ms": [
        17.23900032043457,
        16.360000610351563,
        20.195999145507813
    ],
    "child_model_run_time": [
        [
            32161980,
            32179219
        ],
        [
            32179304,
            32195664
        ],
        [
            32195680,
            32215876
        ]
    ],
    "execute_cost": 53.79499816894531,
    "finish_time": 32215881,
    "limit_cost_by_ms": 47.23899841308594,
    "model_name": "vgg19",
    "recv_time": 32161782,
    "tag": "900",
    "total_cost_by_ms": 54.0989990234375,
    "wait_cost": 0.3040008544921875
}
