{
    "child_model_execute_cost_by_ms": [
        18.711000442504883,
        17.625999450683594,
        20.177000045776367
    ],
    "child_model_run_time": [
        [
            33254687,
            33273398
        ],
        [
            33273489,
            33291115
        ],
        [
            33291199,
            33311376
        ]
    ],
    "execute_cost": 56.513999938964844,
    "finish_time": 33311382,
    "limit_cost_by_ms": 47.23899841308594,
    "model_name": "vgg19",
    "recv_time": 33254520,
    "tag": "940",
    "total_cost_by_ms": 56.86199951171875,
    "wait_cost": 0.34799957275390625
}
