{
    "child_model_execute_cost_by_ms": [
        8.604000091552734
    ],
    "child_model_run_time": [
        [
            33468223,
            33476827
        ]
    ],
    "execute_cost": 8.604000091552734,
    "finish_time": 33476838,
    "limit_cost_by_ms": 7.173666477203369,
    "model_name": "squeezenetv1",
    "recv_time": 33453345,
    "tag": "946",
    "total_cost_by_ms": 23.493000030517578,
    "wait_cost": 14.888999938964844
}
