{
    "child_model_execute_cost_by_ms": [
        21.18000030517578
    ],
    "child_model_run_time": [
        [
            11158055,
            11179235
        ]
    ],
    "execute_cost": 21.18000030517578,
    "finish_time": 11179239,
    "limit_cost_by_ms": 8.6676664352417,
    "model_name": "googlenet",
    "recv_time": 11157901,
    "tag": "156",
    "total_cost_by_ms": 21.33799934387207,
    "wait_cost": 0.15799903869628906
}
