{
    "child_model_execute_cost_by_ms": [
        9.92199993133545
    ],
    "child_model_run_time": [
        [
            15850881,
            15860803
        ]
    ],
    "execute_cost": 9.92199993133545,
    "finish_time": 15860812,
    "limit_cost_by_ms": 8.99233341217041,
    "model_name": "googlenet",
    "recv_time": 15850705,
    "tag": "330",
    "total_cost_by_ms": 10.107000350952148,
    "wait_cost": 0.18500041961669922
}
