{
    "child_model_execute_cost_by_ms": [
        19.52199935913086
    ],
    "child_model_run_time": [
        [
            8982708,
            9002230
        ]
    ],
    "execute_cost": 19.52199935913086,
    "finish_time": 9002239,
    "limit_cost_by_ms": 19.051000595092773,
    "model_name": "resnet50",
    "recv_time": 8982539,
    "tag": "45",
    "total_cost_by_ms": 19.700000762939453,
    "wait_cost": 0.17800140380859375
}
