{
    "child_model_execute_cost_by_ms": [
        19.14699935913086
    ],
    "child_model_run_time": [
        [
            18873771,
            18892918
        ]
    ],
    "execute_cost": 19.14699935913086,
    "finish_time": 18892924,
    "limit_cost_by_ms": 19.051000595092773,
    "model_name": "resnet50",
    "recv_time": 18873645,
    "tag": "455",
    "total_cost_by_ms": 19.27899932861328,
    "wait_cost": 0.13199996948242188
}
