{
    "child_model_execute_cost_by_ms": [
        20.45800018310547
    ],
    "child_model_run_time": [
        [
            20839558,
            20860016
        ]
    ],
    "execute_cost": 20.45800018310547,
    "finish_time": 20860023,
    "limit_cost_by_ms": 19.051000595092773,
    "model_name": "resnet50",
    "recv_time": 20802007,
    "tag": "536",
    "total_cost_by_ms": 58.01599884033203,
    "wait_cost": 37.55799865722656
}
