{
    "child_model_execute_cost_by_ms": [
        44.917999267578125
    ],
    "child_model_run_time": [
        [
            12264028,
            12308946
        ]
    ],
    "execute_cost": 44.917999267578125,
    "finish_time": 12308950,
    "limit_cost_by_ms": 47.276668548583984,
    "model_name": "vgg19",
    "recv_time": 12263939,
    "tag": "198",
    "total_cost_by_ms": 45.01100158691406,
    "wait_cost": 0.0930023193359375
}
