{
    "child_model_execute_cost_by_ms": [
        20.44700050354004
    ],
    "child_model_run_time": [
        [
            16974511,
            16994958
        ]
    ],
    "execute_cost": 20.44700050354004,
    "finish_time": 16994963,
    "limit_cost_by_ms": 19.00200080871582,
    "model_name": "resnet50",
    "recv_time": 16968533,
    "tag": "407",
    "total_cost_by_ms": 26.43000030517578,
    "wait_cost": 5.982999801635742
}
