{
    "child_model_execute_cost_by_ms": [
        28.71500015258789
    ],
    "child_model_run_time": [
        [
            15785024,
            15813739
        ]
    ],
    "execute_cost": 28.71500015258789,
    "finish_time": 15813743,
    "limit_cost_by_ms": 8.795332908630371,
    "model_name": "googlenet",
    "recv_time": 15784904,
    "tag": "324",
    "total_cost_by_ms": 28.839000701904297,
    "wait_cost": 0.12400054931640625
}
