{
    "child_model_execute_cost_by_ms": [
        9.812000274658203
    ],
    "child_model_run_time": [
        [
            24237591,
            24247403
        ]
    ],
    "execute_cost": 9.812000274658203,
    "finish_time": 24247407,
    "limit_cost_by_ms": 8.795332908630371,
    "model_name": "googlenet",
    "recv_time": 24237475,
    "tag": "671",
    "total_cost_by_ms": 9.932000160217285,
    "wait_cost": 0.11999988555908203
}
