{
    "child_model_execute_cost_by_ms": [
        20.663999557495117
    ],
    "child_model_run_time": [
        [
            10833170,
            10853834
        ]
    ],
    "execute_cost": 20.663999557495117,
    "finish_time": 10853840,
    "limit_cost_by_ms": 18.92133331298828,
    "model_name": "resnet50",
    "recv_time": 10781339,
    "tag": "155",
    "total_cost_by_ms": 72.5009994506836,
    "wait_cost": 51.836997985839844
}
