{
    "child_model_execute_cost_by_ms": [
        9.977999687194824
    ],
    "child_model_run_time": [
        [
            23138389,
            23148367
        ]
    ],
    "execute_cost": 9.977999687194824,
    "finish_time": 23148374,
    "limit_cost_by_ms": 8.800666809082031,
    "model_name": "googlenet",
    "recv_time": 23138306,
    "tag": "779",
    "total_cost_by_ms": 10.067999839782715,
    "wait_cost": 0.09000015258789063
}
