{
    "child_model_execute_cost_by_ms": [
        20.648000717163086
    ],
    "child_model_run_time": [
        [
            31237205,
            31257853
        ]
    ],
    "execute_cost": 20.648000717163086,
    "finish_time": 31257861,
    "limit_cost_by_ms": 18.872333526611328,
    "model_name": "resnet50",
    "recv_time": 31231600,
    "tag": "976",
    "total_cost_by_ms": 26.26099967956543,
    "wait_cost": 5.612998962402344
}
