{
    "child_model_execute_cost_by_ms": [
        20.020000457763672
    ],
    "child_model_run_time": [
        [
            10468100,
            10488120
        ]
    ],
    "execute_cost": 20.020000457763672,
    "finish_time": 10488125,
    "limit_cost_by_ms": 19.128000259399414,
    "model_name": "resnet50",
    "recv_time": 10467975,
    "tag": "134",
    "total_cost_by_ms": 20.149999618530273,
    "wait_cost": 0.12999916076660156
}
