{
    "child_model_execute_cost_by_ms": [
        19.357999801635742
    ],
    "child_model_run_time": [
        [
            10843355,
            10862713
        ]
    ],
    "execute_cost": 19.357999801635742,
    "finish_time": 10862722,
    "limit_cost_by_ms": 18.832332611083984,
    "model_name": "resnet50",
    "recv_time": 10836219,
    "tag": "168",
    "total_cost_by_ms": 26.503000259399414,
    "wait_cost": 7.145000457763672
}
