{
    "child_model_execute_cost_by_ms": [
        8.128000259399414
    ],
    "child_model_run_time": [
        [
            13939195,
            13947323
        ]
    ],
    "execute_cost": 8.128000259399414,
    "finish_time": 13947332,
    "limit_cost_by_ms": 7.145666599273682,
    "model_name": "squeezenetv1",
    "recv_time": 13931674,
    "tag": "310",
    "total_cost_by_ms": 15.657999992370605,
    "wait_cost": 7.529999732971191
}
