{
    "child_model_execute_cost_by_ms": [
        46.62200164794922
    ],
    "child_model_run_time": [
        [
            15449948,
            15496570
        ]
    ],
    "execute_cost": 46.62200164794922,
    "finish_time": 15496574,
    "limit_cost_by_ms": 47.33566665649414,
    "model_name": "vgg19",
    "recv_time": 15449825,
    "tag": "400",
    "total_cost_by_ms": 46.749000549316406,
    "wait_cost": 0.1269989013671875
}
