{
    "child_model_execute_cost_by_ms": [
        45.236000061035156
    ],
    "child_model_run_time": [
        [
            18016320,
            18061556
        ]
    ],
    "execute_cost": 45.236000061035156,
    "finish_time": 18061563,
    "limit_cost_by_ms": 47.33566665649414,
    "model_name": "vgg19",
    "recv_time": 18016161,
    "tag": "528",
    "total_cost_by_ms": 45.402000427246094,
    "wait_cost": 0.1660003662109375
}
