{
    "child_model_execute_cost_by_ms": [
        8.371000289916992
    ],
    "child_model_run_time": [
        [
            8863308,
            8871679
        ]
    ],
    "execute_cost": 8.371000289916992,
    "finish_time": 8871684,
    "limit_cost_by_ms": 7.145666599273682,
    "model_name": "squeezenetv1",
    "recv_time": 8848571,
    "tag": "54",
    "total_cost_by_ms": 23.113000869750977,
    "wait_cost": 14.742000579833984
}
