{
    "child_model_execute_cost_by_ms": [
        19.857999801635742
    ],
    "child_model_run_time": [
        [
            18514220,
            18534078
        ]
    ],
    "execute_cost": 19.857999801635742,
    "finish_time": 18534083,
    "limit_cost_by_ms": 19.128000259399414,
    "model_name": "resnet50",
    "recv_time": 18514205,
    "tag": "540",
    "total_cost_by_ms": 19.878000259399414,
    "wait_cost": 0.020000457763671875
}
