{
    "child_model_execute_cost_by_ms": [
        9.92199993133545
    ],
    "child_model_run_time": [
        [
            19126656,
            19136578
        ]
    ],
    "execute_cost": 9.92199993133545,
    "finish_time": 19136584,
    "limit_cost_by_ms": 8.720333099365234,
    "model_name": "googlenet",
    "recv_time": 19126526,
    "tag": "583",
    "total_cost_by_ms": 10.057999610900879,
    "wait_cost": 0.1359996795654297
}
