{
    "child_model_execute_cost_by_ms": [
        7.9730000495910645
    ],
    "child_model_run_time": [
        [
            20530916,
            20538889
        ]
    ],
    "execute_cost": 7.9730000495910645,
    "finish_time": 20538895,
    "limit_cost_by_ms": 7.4063334465026855,
    "model_name": "squeezenetv1",
    "recv_time": 20524681,
    "tag": "654",
    "total_cost_by_ms": 14.21399974822998,
    "wait_cost": 6.240999698638916
}
