{
    "child_model_execute_cost_by_ms": [
        11.168000221252441
    ],
    "child_model_run_time": [
        [
            21764388,
            21775556
        ]
    ],
    "execute_cost": 11.168000221252441,
    "finish_time": 21775565,
    "limit_cost_by_ms": 8.720333099365234,
    "model_name": "googlenet",
    "recv_time": 21748582,
    "tag": "715",
    "total_cost_by_ms": 26.982999801635742,
    "wait_cost": 15.8149995803833
}
