{
    "child_model_execute_cost_by_ms": [
        7.514999866485596
    ],
    "child_model_run_time": [
        [
            26778667,
            26786182
        ]
    ],
    "execute_cost": 7.514999866485596,
    "finish_time": 26786187,
    "limit_cost_by_ms": 7.4063334465026855,
    "model_name": "squeezenetv1",
    "recv_time": 26778556,
    "tag": "966",
    "total_cost_by_ms": 7.63100004196167,
    "wait_cost": 0.11600017547607422
}
