{
    "child_model_execute_cost_by_ms": [
        19.110000610351563,
        17.0049991607666,
        19.325000762939453
    ],
    "child_model_run_time": [
        [
            11479607,
            11498717
        ],
        [
            11498803,
            11515808
        ],
        [
            11515892,
            11535217
        ]
    ],
    "execute_cost": 55.439998626708984,
    "finish_time": 11535222,
    "limit_cost_by_ms": 47.03266525268555,
    "model_name": "vgg19",
    "recv_time": 11479589,
    "tag": "176",
    "total_cost_by_ms": 55.632999420166016,
    "wait_cost": 0.19300079345703125
}
