{
    "child_model_execute_cost_by_ms": [
        15.593000411987305,
        13.675000190734863
    ],
    "child_model_run_time": [
        [
            20502021,
            20517614
        ],
        [
            20517649,
            20531324
        ]
    ],
    "execute_cost": 29.268001556396484,
    "finish_time": 20531330,
    "limit_cost_by_ms": 18.887666702270508,
    "model_name": "resnet50",
    "recv_time": 20496997,
    "tag": "102",
    "total_cost_by_ms": 34.33300018310547,
    "wait_cost": 5.064998626708984
}
