{
    "child_model_execute_cost_by_ms": [
        12.937999725341797
    ],
    "child_model_run_time": [
        [
            22343432,
            22356370
        ]
    ],
    "execute_cost": 12.937999725341797,
    "finish_time": 22356373,
    "limit_cost_by_ms": 7.072666645050049,
    "model_name": "gpt128v2",
    "recv_time": 22343385,
    "tag": "180",
    "total_cost_by_ms": 12.98799991607666,
    "wait_cost": 0.05000019073486328
}
