{
    "child_model_execute_cost_by_ms": [
        14.989999771118164,
        13.194999694824219
    ],
    "child_model_run_time": [
        [
            24215606,
            24230596
        ],
        [
            24247482,
            24260677
        ]
    ],
    "execute_cost": 28.184999465942383,
    "finish_time": 24260680,
    "limit_cost_by_ms": 18.887666702270508,
    "model_name": "resnet50",
    "recv_time": 24211606,
    "tag": "261",
    "total_cost_by_ms": 49.07400131225586,
    "wait_cost": 20.889001846313477
}
