{
    "child_model_execute_cost_by_ms": [
        14.829000473022461,
        14.555000305175781
    ],
    "child_model_run_time": [
        [
            26642535,
            26657364
        ],
        [
            26679406,
            26693961
        ]
    ],
    "execute_cost": 29.384000778198242,
    "finish_time": 26693968,
    "limit_cost_by_ms": 18.887666702270508,
    "model_name": "resnet50",
    "recv_time": 26638903,
    "tag": "365",
    "total_cost_by_ms": 55.064998626708984,
    "wait_cost": 25.680997848510742
}
