{
    "child_model_execute_cost_by_ms": [
        12.286999702453613
    ],
    "child_model_run_time": [
        [
            26787627,
            26799914
        ]
    ],
    "execute_cost": 12.286999702453613,
    "finish_time": 26799921,
    "limit_cost_by_ms": 7.072666645050049,
    "model_name": "gpt128v2",
    "recv_time": 26775524,
    "tag": "372",
    "total_cost_by_ms": 24.39699935913086,
    "wait_cost": 12.109999656677246
}
