{
    "child_model_execute_cost_by_ms": [
        15.029999732971191,
        13.439000129699707
    ],
    "child_model_run_time": [
        [
            18974436,
            18989466
        ],
        [
            18989497,
            19002936
        ]
    ],
    "execute_cost": 28.4689998626709,
    "finish_time": 19002941,
    "limit_cost_by_ms": 18.887666702270508,
    "model_name": "resnet50",
    "recv_time": 18969672,
    "tag": "39",
    "total_cost_by_ms": 33.26900100708008,
    "wait_cost": 4.80000114440918
}
