{
    "child_model_execute_cost_by_ms": [
        18.427000045776367,
        19.059999465942383,
        19.674999237060547
    ],
    "child_model_run_time": [
        [
            19297920,
            19316347
        ],
        [
            19361773,
            19380833
        ],
        [
            19380863,
            19400538
        ]
    ],
    "execute_cost": 57.1619987487793,
    "finish_time": 19400540,
    "limit_cost_by_ms": 46.678001403808594,
    "model_name": "vgg19",
    "recv_time": 19297863,
    "tag": "51",
    "total_cost_by_ms": 102.677001953125,
    "wait_cost": 45.5150032043457
}
