{
    "child_model_execute_cost_by_ms": [
        12.911999702453613
    ],
    "child_model_run_time": [
        [
            32804448,
            32817360
        ]
    ],
    "execute_cost": 12.911999702453613,
    "finish_time": 32817370,
    "limit_cost_by_ms": 7.072666645050049,
    "model_name": "gpt128v2",
    "recv_time": 32793051,
    "tag": "623",
    "total_cost_by_ms": 24.319000244140625,
    "wait_cost": 11.407000541687012
}
