{
    "child_model_execute_cost_by_ms": [
        6.815999984741211
    ],
    "child_model_run_time": [
        [
            34521552,
            34528368
        ]
    ],
    "execute_cost": 6.815999984741211,
    "finish_time": 34528372,
    "limit_cost_by_ms": 6.025000095367432,
    "model_name": "yolov2",
    "recv_time": 34512756,
    "tag": "694",
    "total_cost_by_ms": 15.616000175476074,
    "wait_cost": 8.800000190734863
}
