{
    "child_model_execute_cost_by_ms": [
        12.489999771118164
    ],
    "child_model_run_time": [
        [
            36499469,
            36511959
        ]
    ],
    "execute_cost": 12.489999771118164,
    "finish_time": 36511969,
    "limit_cost_by_ms": 9.052666664123535,
    "model_name": "googlenet",
    "recv_time": 36486820,
    "tag": "779",
    "total_cost_by_ms": 25.14900016784668,
    "wait_cost": 12.659000396728516
}
