{
    "child_model_execute_cost_by_ms": [
        18.71500015258789,
        18.910999298095703,
        19.861000061035156
    ],
    "child_model_run_time": [
        [
            36680250,
            36698965
        ],
        [
            36699002,
            36717913
        ],
        [
            36749684,
            36769545
        ]
    ],
    "execute_cost": 57.48699951171875,
    "finish_time": 36769547,
    "limit_cost_by_ms": 46.678001403808594,
    "model_name": "vgg19",
    "recv_time": 36655220,
    "tag": "786",
    "total_cost_by_ms": 114.3270034790039,
    "wait_cost": 56.840003967285156
}
