{
    "child_model_execute_cost_by_ms": [
        18.572999954223633,
        18.656999588012695,
        20.381999969482422
    ],
    "child_model_run_time": [
        [
            40027398,
            40045971
        ],
        [
            40046003,
            40064660
        ],
        [
            40097933,
            40118315
        ]
    ],
    "execute_cost": 57.61199951171875,
    "finish_time": 40118318,
    "limit_cost_by_ms": 46.678001403808594,
    "model_name": "vgg19",
    "recv_time": 40023615,
    "tag": "925",
    "total_cost_by_ms": 94.7030029296875,
    "wait_cost": 37.09100341796875
}
