{
    "child_model_execute_cost_by_ms": [
        6.422999858856201
    ],
    "child_model_run_time": [
        [
            40716797,
            40723220
        ]
    ],
    "execute_cost": 6.422999858856201,
    "finish_time": 40723225,
    "limit_cost_by_ms": 6.025000095367432,
    "model_name": "yolov2",
    "recv_time": 40716738,
    "tag": "954",
    "total_cost_by_ms": 6.486999988555908,
    "wait_cost": 0.06400012969970703
}
