{
    "child_model_execute_cost_by_ms": [
        9.996999740600586
    ],
    "child_model_run_time": [
        [
            41004089,
            41014086
        ]
    ],
    "execute_cost": 9.996999740600586,
    "finish_time": 41014097,
    "limit_cost_by_ms": 9.052666664123535,
    "model_name": "googlenet",
    "recv_time": 40995751,
    "tag": "967",
    "total_cost_by_ms": 18.34600067138672,
    "wait_cost": 8.349000930786133
}
