{
    "child_model_execute_cost_by_ms": [
        9.82699966430664
    ],
    "child_model_run_time": [
        [
            9018563,
            9028390
        ]
    ],
    "execute_cost": 9.82699966430664,
    "finish_time": 9028393,
    "limit_cost_by_ms": 8.817999839782715,
    "model_name": "googlenet",
    "recv_time": 9018556,
    "tag": "29",
    "total_cost_by_ms": 9.836999893188477,
    "wait_cost": 0.010000228881835938
}
