{
    "child_model_execute_cost_by_ms": [
        10.038000106811523
    ],
    "child_model_run_time": [
        [
            9149081,
            9159119
        ]
    ],
    "execute_cost": 10.038000106811523,
    "finish_time": 9159121,
    "limit_cost_by_ms": 8.817999839782715,
    "model_name": "googlenet",
    "recv_time": 9149072,
    "tag": "34",
    "total_cost_by_ms": 10.048999786376953,
    "wait_cost": 0.010999679565429688
}
