{
    "child_model_execute_cost_by_ms": [
        41.52299880981445
    ],
    "child_model_run_time": [
        [
            20595155,
            20636678
        ]
    ],
    "execute_cost": 41.52299880981445,
    "finish_time": 20636682,
    "limit_cost_by_ms": 19.028667449951172,
    "model_name": "resnet50",
    "recv_time": 20595145,
    "tag": "506",
    "total_cost_by_ms": 41.5369987487793,
    "wait_cost": 0.01399993896484375
}
