{
    "child_model_execute_cost_by_ms": [
        13.444999694824219
    ],
    "child_model_run_time": [
        [
            23024163,
            23037608
        ]
    ],
    "execute_cost": 13.444999694824219,
    "finish_time": 23037613,
    "limit_cost_by_ms": 7.290333271026611,
    "model_name": "squeezenetv1",
    "recv_time": 23017728,
    "tag": "605",
    "total_cost_by_ms": 19.885000228881836,
    "wait_cost": 6.440000534057617
}
