{
    "child_model_execute_cost_by_ms": [
        53.3120002746582
    ],
    "child_model_run_time": [
        [
            31724108,
            31777420
        ]
    ],
    "execute_cost": 53.3120002746582,
    "finish_time": 31777426,
    "limit_cost_by_ms": 46.79933166503906,
    "model_name": "vgg19",
    "recv_time": 31724098,
    "tag": "953",
    "total_cost_by_ms": 53.327999114990234,
    "wait_cost": 0.01599884033203125
}
