{
    "child_model_execute_cost_by_ms": [
        9.923999786376953
    ],
    "child_model_run_time": [
        [
            13684623,
            13694547
        ]
    ],
    "execute_cost": 9.923999786376953,
    "finish_time": 13694557,
    "limit_cost_by_ms": 8.806333541870117,
    "model_name": "googlenet",
    "recv_time": 13684535,
    "tag": "258",
    "total_cost_by_ms": 10.022000312805176,
    "wait_cost": 0.09800052642822266
}
