{
    "child_model_execute_cost_by_ms": [
        10.326000213623047
    ],
    "child_model_run_time": [
        [
            18012474,
            18022800
        ]
    ],
    "execute_cost": 10.326000213623047,
    "finish_time": 18022808,
    "limit_cost_by_ms": 8.806333541870117,
    "model_name": "googlenet",
    "recv_time": 18000657,
    "tag": "450",
    "total_cost_by_ms": 22.150999069213867,
    "wait_cost": 11.82499885559082
}
