{
    "child_model_execute_cost_by_ms": [
        8.067999839782715
    ],
    "child_model_run_time": [
        [
            27222303,
            27230371
        ]
    ],
    "execute_cost": 8.067999839782715,
    "finish_time": 27230378,
    "limit_cost_by_ms": 7.156000137329102,
    "model_name": "squeezenetv1",
    "recv_time": 27213041,
    "tag": "859",
    "total_cost_by_ms": 17.336999893188477,
    "wait_cost": 9.269000053405762
}
