{
    "child_model_execute_cost_by_ms": [
        9.710000038146973
    ],
    "child_model_run_time": [
        [
            12152817,
            12162527
        ]
    ],
    "execute_cost": 9.710000038146973,
    "finish_time": 12162533,
    "limit_cost_by_ms": 8.820333480834961,
    "model_name": "googlenet",
    "recv_time": 12144521,
    "tag": "179",
    "total_cost_by_ms": 18.011999130249023,
    "wait_cost": 8.30199909210205
}
