{
    "child_model_execute_cost_by_ms": [
        19.461999893188477,
        17.93600082397461,
        19.14900016784668
    ],
    "child_model_run_time": [
        [
            13967753,
            13987215
        ],
        [
            13995595,
            14013531
        ],
        [
            14013623,
            14032772
        ]
    ],
    "execute_cost": 56.54700469970703,
    "finish_time": 14032775,
    "limit_cost_by_ms": 45.62333297729492,
    "model_name": "vgg19",
    "recv_time": 13947977,
    "tag": "253",
    "total_cost_by_ms": 84.7979965209961,
    "wait_cost": 28.250991821289063
}
