{
    "child_model_execute_cost_by_ms": [
        9.704000473022461
    ],
    "child_model_run_time": [
        [
            23592220,
            23601924
        ]
    ],
    "execute_cost": 9.704000473022461,
    "finish_time": 23601931,
    "limit_cost_by_ms": 8.820333480834961,
    "model_name": "googlenet",
    "recv_time": 23592046,
    "tag": "643",
    "total_cost_by_ms": 9.885000228881836,
    "wait_cost": 0.180999755859375
}
