{
    "child_model_execute_cost_by_ms": [
        14.605999946594238,
        8.435999870300293
    ],
    "child_model_run_time": [
        [
            26359873,
            26374479
        ],
        [
            26374520,
            26382956
        ]
    ],
    "execute_cost": 23.04199981689453,
    "finish_time": 26382960,
    "limit_cost_by_ms": 18.569665908813477,
    "model_name": "resnet50",
    "recv_time": 26359748,
    "tag": "757",
    "total_cost_by_ms": 23.211999893188477,
    "wait_cost": 0.1700000762939453
}
