{
    "child_model_execute_cost_by_ms": [
        14.989999771118164,
        9.159000396728516
    ],
    "child_model_run_time": [
        [
            29609236,
            29624226
        ],
        [
            29624338,
            29633497
        ]
    ],
    "execute_cost": 24.14900016784668,
    "finish_time": 29633505,
    "limit_cost_by_ms": 18.569665908813477,
    "model_name": "resnet50",
    "recv_time": 29609104,
    "tag": "889",
    "total_cost_by_ms": 24.400999069213867,
    "wait_cost": 0.2519989013671875
}
