{
    "child_model_execute_cost_by_ms": [
        13.967000007629395
    ],
    "child_model_run_time": [
        [
            20307983,
            20321950
        ]
    ],
    "execute_cost": 13.967000007629395,
    "finish_time": 20321954,
    "limit_cost_by_ms": 7.052333354949951,
    "model_name": "gpt128v2",
    "recv_time": 20307941,
    "tag": "105",
    "total_cost_by_ms": 14.012999534606934,
    "wait_cost": 0.04599952697753906
}
