{
    "child_model_execute_cost_by_ms": [
        21.257999420166016
    ],
    "child_model_run_time": [
        [
            20605529,
            20626787
        ]
    ],
    "execute_cost": 21.257999420166016,
    "finish_time": 20626791,
    "limit_cost_by_ms": 5.961999893188477,
    "model_name": "yolov2",
    "recv_time": 20605385,
    "tag": "119",
    "total_cost_by_ms": 21.4060001373291,
    "wait_cost": 0.14800071716308594
}
