{
    "child_model_execute_cost_by_ms": [
        18.631000518798828
    ],
    "child_model_run_time": [
        [
            18422726,
            18441357
        ]
    ],
    "execute_cost": 18.631000518798828,
    "finish_time": 18441360,
    "limit_cost_by_ms": 5.961999893188477,
    "model_name": "yolov2",
    "recv_time": 18422676,
    "tag": "17",
    "total_cost_by_ms": 18.68400001525879,
    "wait_cost": 0.05299949645996094
}
