{
    "child_model_execute_cost_by_ms": [
        6.468999862670898
    ],
    "child_model_run_time": [
        [
            22647293,
            22653762
        ]
    ],
    "execute_cost": 6.468999862670898,
    "finish_time": 22653765,
    "limit_cost_by_ms": 5.961999893188477,
    "model_name": "yolov2",
    "recv_time": 22647282,
    "tag": "213",
    "total_cost_by_ms": 6.482999801635742,
    "wait_cost": 0.01399993896484375
}
