{
    "child_model_execute_cost_by_ms": [
        26.26799964904785
    ],
    "child_model_run_time": [
        [
            30004003,
            30030271
        ]
    ],
    "execute_cost": 26.26799964904785,
    "finish_time": 30030274,
    "limit_cost_by_ms": 9.193333625793457,
    "model_name": "googlenet",
    "recv_time": 30003928,
    "tag": "569",
    "total_cost_by_ms": 26.34600067138672,
    "wait_cost": 0.07800102233886719
}
