{
    "child_model_execute_cost_by_ms": [
        35.23099899291992
    ],
    "child_model_run_time": [
        [
            30820991,
            30856222
        ]
    ],
    "execute_cost": 35.23099899291992,
    "finish_time": 30856226,
    "limit_cost_by_ms": 9.193333625793457,
    "model_name": "googlenet",
    "recv_time": 30820950,
    "tag": "607",
    "total_cost_by_ms": 35.2760009765625,
    "wait_cost": 0.045001983642578125
}
