{
    "child_model_execute_cost_by_ms": [
        54.04499816894531
    ],
    "child_model_run_time": [
        [
            31681159,
            31735204
        ]
    ],
    "execute_cost": 54.04499816894531,
    "finish_time": 31735208,
    "limit_cost_by_ms": 19.12933349609375,
    "model_name": "resnet50",
    "recv_time": 31681005,
    "tag": "649",
    "total_cost_by_ms": 54.202999114990234,
    "wait_cost": 0.15800094604492188
}
