{
    "child_model_execute_cost_by_ms": [
        36.79100036621094
    ],
    "child_model_run_time": [
        [
            31820517,
            31857308
        ]
    ],
    "execute_cost": 36.79100036621094,
    "finish_time": 31857310,
    "limit_cost_by_ms": 5.961999893188477,
    "model_name": "yolov2",
    "recv_time": 31820428,
    "tag": "655",
    "total_cost_by_ms": 36.88199996948242,
    "wait_cost": 0.09099960327148438
}
