{
    "child_model_execute_cost_by_ms": [
        35.28300094604492
    ],
    "child_model_run_time": [
        [
            37215438,
            37250721
        ]
    ],
    "execute_cost": 35.28300094604492,
    "finish_time": 37250724,
    "limit_cost_by_ms": 5.961999893188477,
    "model_name": "yolov2",
    "recv_time": 37215430,
    "tag": "906",
    "total_cost_by_ms": 35.29399871826172,
    "wait_cost": 0.010997772216796875
}
