{
    "child_model_execute_cost_by_ms": [
        19.16699981689453
    ],
    "child_model_run_time": [
        [
            37279394,
            37298561
        ]
    ],
    "execute_cost": 19.16699981689453,
    "finish_time": 37298563,
    "limit_cost_by_ms": 19.12933349609375,
    "model_name": "resnet50",
    "recv_time": 37279337,
    "tag": "909",
    "total_cost_by_ms": 19.22599983215332,
    "wait_cost": 0.05900001525878906
}
