{
    "child_model_execute_cost_by_ms": [
        46.983001708984375
    ],
    "child_model_run_time": [
        [
            9524306,
            9571289
        ]
    ],
    "execute_cost": 46.983001708984375,
    "finish_time": 9571298,
    "limit_cost_by_ms": 47.16533279418945,
    "model_name": "vgg19",
    "recv_time": 9494970,
    "tag": "62",
    "total_cost_by_ms": 76.3280029296875,
    "wait_cost": 29.345001220703125
}
