{
    "child_model_execute_cost_by_ms": [
        10.557000160217285
    ],
    "child_model_run_time": [
        [
            13093194,
            13103751
        ]
    ],
    "execute_cost": 10.557000160217285,
    "finish_time": 13103757,
    "limit_cost_by_ms": 8.737333297729492,
    "model_name": "googlenet",
    "recv_time": 13076941,
    "tag": "252",
    "total_cost_by_ms": 26.81599998474121,
    "wait_cost": 16.25899887084961
}
