{
    "child_model_execute_cost_by_ms": [
        17.860000610351563,
        17.461000442504883,
        20.235000610351563
    ],
    "child_model_run_time": [
        [
            23414185,
            23432045
        ],
        [
            23432081,
            23449542
        ],
        [
            23449558,
            23469793
        ]
    ],
    "execute_cost": 55.555999755859375,
    "finish_time": 23469799,
    "limit_cost_by_ms": 47.12200164794922,
    "model_name": "vgg19",
    "recv_time": 23386291,
    "tag": "743",
    "total_cost_by_ms": 83.50800323486328,
    "wait_cost": 27.952003479003906
}
