{
    "child_model_execute_cost_by_ms": [
        18.617000579833984,
        18.19700050354004,
        19.82699966430664
    ],
    "child_model_run_time": [
        [
            23609055,
            23627672
        ],
        [
            23661729,
            23679926
        ],
        [
            23680010,
            23699837
        ]
    ],
    "execute_cost": 56.6410026550293,
    "finish_time": 23699841,
    "limit_cost_by_ms": 47.12200164794922,
    "model_name": "vgg19",
    "recv_time": 23608956,
    "tag": "753",
    "total_cost_by_ms": 90.88500213623047,
    "wait_cost": 34.24399948120117
}
