{
    "child_model_execute_cost_by_ms": [
        9.949000358581543
    ],
    "child_model_run_time": [
        [
            25623215,
            25633164
        ]
    ],
    "execute_cost": 9.949000358581543,
    "finish_time": 25633171,
    "limit_cost_by_ms": 8.737333297729492,
    "model_name": "googlenet",
    "recv_time": 25623116,
    "tag": "847",
    "total_cost_by_ms": 10.055000305175781,
    "wait_cost": 0.10599994659423828
}
