{
    "child_model_execute_cost_by_ms": [
        8.036999702453613
    ],
    "child_model_run_time": [
        [
            26093548,
            26101585
        ]
    ],
    "execute_cost": 8.036999702453613,
    "finish_time": 26101590,
    "limit_cost_by_ms": 7.215666770935059,
    "model_name": "squeezenetv1",
    "recv_time": 26093415,
    "tag": "870",
    "total_cost_by_ms": 8.175000190734863,
    "wait_cost": 0.13800048828125
}
