{
    "child_model_execute_cost_by_ms": [
        17.360000610351563
    ],
    "child_model_run_time": [
        [
            11495895,
            11513255
        ]
    ],
    "execute_cost": 17.360000610351563,
    "finish_time": 11513260,
    "limit_cost_by_ms": 8.374666213989258,
    "model_name": "googlenet",
    "recv_time": 11495780,
    "tag": "191",
    "total_cost_by_ms": 17.479999542236328,
    "wait_cost": 0.11999893188476563
}
