{
    "child_model_execute_cost_by_ms": [
        24.93899917602539
    ],
    "child_model_run_time": [
        [
            15485091,
            15510030
        ]
    ],
    "execute_cost": 24.93899917602539,
    "finish_time": 15510033,
    "limit_cost_by_ms": 8.374666213989258,
    "model_name": "googlenet",
    "recv_time": 15485026,
    "tag": "387",
    "total_cost_by_ms": 25.006999969482422,
    "wait_cost": 0.06800079345703125
}
