{
    "child_model_execute_cost_by_ms": [
        23.27199935913086
    ],
    "child_model_run_time": [
        [
            19445733,
            19469005
        ]
    ],
    "execute_cost": 23.27199935913086,
    "finish_time": 19469008,
    "limit_cost_by_ms": 18.64266586303711,
    "model_name": "resnet50",
    "recv_time": 19445612,
    "tag": "589",
    "total_cost_by_ms": 23.395999908447266,
    "wait_cost": 0.12400054931640625
}
