{
    "child_model_execute_cost_by_ms": [
        11.079999923706055
    ],
    "child_model_run_time": [
        [
            21503237,
            21514317
        ]
    ],
    "execute_cost": 11.079999923706055,
    "finish_time": 21514322,
    "limit_cost_by_ms": 8.374666213989258,
    "model_name": "googlenet",
    "recv_time": 21503161,
    "tag": "696",
    "total_cost_by_ms": 11.16100025177002,
    "wait_cost": 0.08100032806396484
}
