{
    "child_model_execute_cost_by_ms": [
        44.77000045776367
    ],
    "child_model_run_time": [
        [
            10391318,
            10436088
        ]
    ],
    "execute_cost": 44.77000045776367,
    "finish_time": 10436092,
    "limit_cost_by_ms": 47.2933349609375,
    "model_name": "vgg19",
    "recv_time": 10391303,
    "tag": "133",
    "total_cost_by_ms": 44.78900146484375,
    "wait_cost": 0.019001007080078125
}
