{
    "child_model_execute_cost_by_ms": [
        19.285999298095703
    ],
    "child_model_run_time": [
        [
            10558469,
            10577755
        ]
    ],
    "execute_cost": 19.285999298095703,
    "finish_time": 10577762,
    "limit_cost_by_ms": 18.895334243774414,
    "model_name": "resnet50",
    "recv_time": 10558316,
    "tag": "141",
    "total_cost_by_ms": 19.445999145507813,
    "wait_cost": 0.15999984741210938
}
