{
    "child_model_execute_cost_by_ms": [
        19.31800079345703
    ],
    "child_model_run_time": [
        [
            11528153,
            11547471
        ]
    ],
    "execute_cost": 19.31800079345703,
    "finish_time": 11547474,
    "limit_cost_by_ms": 18.895334243774414,
    "model_name": "resnet50",
    "recv_time": 11528000,
    "tag": "189",
    "total_cost_by_ms": 19.474000930786133,
    "wait_cost": 0.15600013732910156
}
