{
    "child_model_execute_cost_by_ms": [
        73.90699768066406
    ],
    "child_model_run_time": [
        [
            14435149,
            14509056
        ]
    ],
    "execute_cost": 73.90699768066406,
    "finish_time": 14509059,
    "limit_cost_by_ms": 47.2933349609375,
    "model_name": "vgg19",
    "recv_time": 14435132,
    "tag": "332",
    "total_cost_by_ms": 73.927001953125,
    "wait_cost": 0.0200042724609375
}
