{
    "child_model_execute_cost_by_ms": [
        70.09400177001953
    ],
    "child_model_run_time": [
        [
            17926817,
            17996911
        ]
    ],
    "execute_cost": 70.09400177001953,
    "finish_time": 17996919,
    "limit_cost_by_ms": 18.954666137695313,
    "model_name": "resnet50",
    "recv_time": 17926715,
    "tag": "494",
    "total_cost_by_ms": 70.2040023803711,
    "wait_cost": 0.1100006103515625
}
