{
    "child_model_execute_cost_by_ms": [
        16.351999282836914
    ],
    "child_model_run_time": [
        [
            17974185,
            17990537
        ]
    ],
    "execute_cost": 16.351999282836914,
    "finish_time": 17990542,
    "limit_cost_by_ms": 7.275000095367432,
    "model_name": "squeezenetv1",
    "recv_time": 17974169,
    "tag": "505",
    "total_cost_by_ms": 16.37299919128418,
    "wait_cost": 0.020999908447265625
}
