{
    "child_model_execute_cost_by_ms": [
        12.427000045776367
    ],
    "child_model_run_time": [
        [
            18316458,
            18328885
        ]
    ],
    "execute_cost": 12.427000045776367,
    "finish_time": 18328890,
    "limit_cost_by_ms": 7.275000095367432,
    "model_name": "squeezenetv1",
    "recv_time": 18316446,
    "tag": "522",
    "total_cost_by_ms": 12.444000244140625,
    "wait_cost": 0.017000198364257813
}
