{
    "child_model_execute_cost_by_ms": [
        10.215999603271484
    ],
    "child_model_run_time": [
        [
            22168149,
            22178365
        ]
    ],
    "execute_cost": 10.215999603271484,
    "finish_time": 22178370,
    "limit_cost_by_ms": 8.745333671569824,
    "model_name": "googlenet",
    "recv_time": 22168131,
    "tag": "711",
    "total_cost_by_ms": 10.23900032043457,
    "wait_cost": 0.023000717163085938
}
