{
    "child_model_execute_cost_by_ms": [
        10.092000007629395
    ],
    "child_model_run_time": [
        [
            9306907,
            9316999
        ]
    ],
    "execute_cost": 10.092000007629395,
    "finish_time": 9317002,
    "limit_cost_by_ms": 8.745333671569824,
    "model_name": "googlenet",
    "recv_time": 9306890,
    "tag": "80",
    "total_cost_by_ms": 10.112000465393066,
    "wait_cost": 0.020000457763671875
}
