{
    "child_model_execute_cost_by_ms": [
        46.49300003051758
    ],
    "child_model_run_time": [
        [
            24962746,
            25009239
        ]
    ],
    "execute_cost": 46.49300003051758,
    "finish_time": 25009242,
    "limit_cost_by_ms": 47.2933349609375,
    "model_name": "vgg19",
    "recv_time": 24962576,
    "tag": "848",
    "total_cost_by_ms": 46.66600036621094,
    "wait_cost": 0.17300033569335938
}
