{
    "child_model_execute_cost_by_ms": [
        44.95800018310547
    ],
    "child_model_run_time": [
        [
            25426347,
            25471305
        ]
    ],
    "execute_cost": 44.95800018310547,
    "finish_time": 25471306,
    "limit_cost_by_ms": 46.89400100708008,
    "model_name": "vgg19",
    "recv_time": 25426152,
    "tag": "858",
    "total_cost_by_ms": 45.15399932861328,
    "wait_cost": 0.1959991455078125
}
