{
    "child_model_execute_cost_by_ms": [
        43.965999603271484
    ],
    "child_model_run_time": [
        [
            26831281,
            26875247
        ]
    ],
    "execute_cost": 43.965999603271484,
    "finish_time": 26875249,
    "limit_cost_by_ms": 46.89400100708008,
    "model_name": "vgg19",
    "recv_time": 26831200,
    "tag": "926",
    "total_cost_by_ms": 44.04899978637695,
    "wait_cost": 0.08300018310546875
}
