{
    "child_model_execute_cost_by_ms": [
        9.970999717712402
    ],
    "child_model_run_time": [
        [
            26905908,
            26915879
        ]
    ],
    "execute_cost": 9.970999717712402,
    "finish_time": 26915883,
    "limit_cost_by_ms": 8.749666213989258,
    "model_name": "googlenet",
    "recv_time": 26905752,
    "tag": "929",
    "total_cost_by_ms": 10.130999565124512,
    "wait_cost": 0.15999984741210938
}
