{
    "child_model_execute_cost_by_ms": [
        51.76100158691406
    ],
    "child_model_run_time": [
        [
            16426146,
            16477907
        ]
    ],
    "execute_cost": 51.76100158691406,
    "finish_time": 16477912,
    "limit_cost_by_ms": 19.168333053588867,
    "model_name": "resnet50",
    "recv_time": 16426056,
    "tag": "412",
    "total_cost_by_ms": 51.85599899291992,
    "wait_cost": 0.09499740600585938
}
