{
    "child_model_execute_cost_by_ms": [
        32.858001708984375
    ],
    "child_model_run_time": [
        [
            16952351,
            16985209
        ]
    ],
    "execute_cost": 32.858001708984375,
    "finish_time": 16985212,
    "limit_cost_by_ms": 8.895999908447266,
    "model_name": "googlenet",
    "recv_time": 16952263,
    "tag": "438",
    "total_cost_by_ms": 32.94900131225586,
    "wait_cost": 0.09099960327148438
}
