{
    "child_model_execute_cost_by_ms": [
        41.36600112915039
    ],
    "child_model_run_time": [
        [
            18813290,
            18854656
        ]
    ],
    "execute_cost": 41.36600112915039,
    "finish_time": 18854660,
    "limit_cost_by_ms": 8.895999908447266,
    "model_name": "googlenet",
    "recv_time": 18813207,
    "tag": "526",
    "total_cost_by_ms": 41.452999114990234,
    "wait_cost": 0.08699798583984375
}
