{
    "child_model_execute_cost_by_ms": [
        26.312000274658203
    ],
    "child_model_run_time": [
        [
            9120088,
            9146400
        ]
    ],
    "execute_cost": 26.312000274658203,
    "finish_time": 9146405,
    "limit_cost_by_ms": 7.264999866485596,
    "model_name": "squeezenetv1",
    "recv_time": 9120071,
    "tag": "60",
    "total_cost_by_ms": 26.333999633789063,
    "wait_cost": 0.021999359130859375
}
