{
    "child_model_execute_cost_by_ms": [
        8.095999717712402
    ],
    "child_model_run_time": [
        [
            25504181,
            25512277
        ]
    ],
    "execute_cost": 8.095999717712402,
    "finish_time": 25512281,
    "limit_cost_by_ms": 7.264999866485596,
    "model_name": "squeezenetv1",
    "recv_time": 25504031,
    "tag": "841",
    "total_cost_by_ms": 8.25,
    "wait_cost": 0.15400028228759766
}
