{
    "child_model_execute_cost_by_ms": [
        64.91100311279297
    ],
    "child_model_run_time": [
        [
            26973940,
            27038851
        ]
    ],
    "execute_cost": 64.91100311279297,
    "finish_time": 27038856,
    "limit_cost_by_ms": 8.895999908447266,
    "model_name": "googlenet",
    "recv_time": 26973773,
    "tag": "911",
    "total_cost_by_ms": 65.08300018310547,
    "wait_cost": 0.1719970703125
}
