{
    "child_model_execute_cost_by_ms": [
        20.29800033569336
    ],
    "child_model_run_time": [
        [
            17336806,
            17357104
        ]
    ],
    "execute_cost": 20.29800033569336,
    "finish_time": 17357108,
    "limit_cost_by_ms": 19.00200080871582,
    "model_name": "resnet50",
    "recv_time": 17331812,
    "tag": "423",
    "total_cost_by_ms": 25.29599952697754,
    "wait_cost": 4.99799919128418
}
