{
    "child_model_execute_cost_by_ms": [
        44.90700149536133
    ],
    "child_model_run_time": [
        [
            19533321,
            19578228
        ]
    ],
    "execute_cost": 44.90700149536133,
    "finish_time": 19578237,
    "limit_cost_by_ms": 47.276668548583984,
    "model_name": "vgg19",
    "recv_time": 19533235,
    "tag": "520",
    "total_cost_by_ms": 45.00199890136719,
    "wait_cost": 0.09499740600585938
}
