{
    "child_model_execute_cost_by_ms": [
        20.58099937438965
    ],
    "child_model_run_time": [
        [
            20671890,
            20692471
        ]
    ],
    "execute_cost": 20.58099937438965,
    "finish_time": 20692483,
    "limit_cost_by_ms": 19.00200080871582,
    "model_name": "resnet50",
    "recv_time": 20671741,
    "tag": "568",
    "total_cost_by_ms": 20.742000579833984,
    "wait_cost": 0.16100120544433594
}
