{
    "child_model_execute_cost_by_ms": [
        45.72100067138672
    ],
    "child_model_run_time": [
        [
            23002574,
            23048295
        ]
    ],
    "execute_cost": 45.72100067138672,
    "finish_time": 23048299,
    "limit_cost_by_ms": 47.276668548583984,
    "model_name": "vgg19",
    "recv_time": 23002419,
    "tag": "671",
    "total_cost_by_ms": 45.880001068115234,
    "wait_cost": 0.15900039672851563
}
