{
    "child_model_execute_cost_by_ms": [
        45.34299850463867
    ],
    "child_model_run_time": [
        [
            11666681,
            11712024
        ]
    ],
    "execute_cost": 45.34299850463867,
    "finish_time": 11712030,
    "limit_cost_by_ms": 47.301998138427734,
    "model_name": "vgg19",
    "recv_time": 11666561,
    "tag": "163",
    "total_cost_by_ms": 45.46900177001953,
    "wait_cost": 0.12600326538085938
}
