{
    "child_model_execute_cost_by_ms": [
        8.659000396728516
    ],
    "child_model_run_time": [
        [
            22231288,
            22239947
        ]
    ],
    "execute_cost": 8.659000396728516,
    "finish_time": 22239961,
    "limit_cost_by_ms": 7.236000061035156,
    "model_name": "squeezenetv1",
    "recv_time": 22226873,
    "tag": "617",
    "total_cost_by_ms": 13.088000297546387,
    "wait_cost": 4.428999900817871
}
