{
    "child_model_execute_cost_by_ms": [
        46.81999969482422
    ],
    "child_model_run_time": [
        [
            28877975,
            28924795
        ]
    ],
    "execute_cost": 46.81999969482422,
    "finish_time": 28924802,
    "limit_cost_by_ms": 47.301998138427734,
    "model_name": "vgg19",
    "recv_time": 28877866,
    "tag": "898",
    "total_cost_by_ms": 46.93600082397461,
    "wait_cost": 0.11600112915039063
}
