{
    "child_model_execute_cost_by_ms": [
        20.833999633789063
    ],
    "child_model_run_time": [
        [
            13136647,
            13157481
        ]
    ],
    "execute_cost": 20.833999633789063,
    "finish_time": 13157490,
    "limit_cost_by_ms": 19.011333465576172,
    "model_name": "resnet50",
    "recv_time": 13128111,
    "tag": "221",
    "total_cost_by_ms": 29.378999710083008,
    "wait_cost": 8.545000076293945
}
