{
    "child_model_execute_cost_by_ms": [
        15.187000274658203,
        9.470999717712402
    ],
    "child_model_run_time": [
        [
            16452791,
            16467978
        ],
        [
            16476533,
            16486004
        ]
    ],
    "execute_cost": 24.658000946044922,
    "finish_time": 16486017,
    "limit_cost_by_ms": 18.9863338470459,
    "model_name": "resnet50",
    "recv_time": 16446602,
    "tag": "373",
    "total_cost_by_ms": 39.415000915527344,
    "wait_cost": 14.756999969482422
}
