{
    "child_model_execute_cost_by_ms": [
        9.539999961853027
    ],
    "child_model_run_time": [
        [
            23598138,
            23607678
        ]
    ],
    "execute_cost": 9.539999961853027,
    "finish_time": 23607685,
    "limit_cost_by_ms": 8.595000267028809,
    "model_name": "googlenet",
    "recv_time": 23598051,
    "tag": "751",
    "total_cost_by_ms": 9.633999824523926,
    "wait_cost": 0.09399986267089844
}
