{
    "child_model_execute_cost_by_ms": [
        15.619000434875488,
        9.480999946594238
    ],
    "child_model_run_time": [
        [
            24357824,
            24373443
        ],
        [
            24382320,
            24391801
        ]
    ],
    "execute_cost": 25.100000381469727,
    "finish_time": 24391805,
    "limit_cost_by_ms": 18.75233268737793,
    "model_name": "resnet50",
    "recv_time": 24345896,
    "tag": "787",
    "total_cost_by_ms": 45.909000396728516,
    "wait_cost": 20.80900001525879
}
