{
    "child_model_execute_cost_by_ms": [
        8.086999893188477
    ],
    "child_model_run_time": [
        [
            28481214,
            28489301
        ]
    ],
    "execute_cost": 8.086999893188477,
    "finish_time": 28489310,
    "limit_cost_by_ms": 7.205666542053223,
    "model_name": "squeezenetv1",
    "recv_time": 28481181,
    "tag": "984",
    "total_cost_by_ms": 8.128999710083008,
    "wait_cost": 0.04199981689453125
}
