{
    "child_model_execute_cost_by_ms": [
        8.572999954223633
    ],
    "child_model_run_time": [
        [
            19149946,
            19158519
        ]
    ],
    "execute_cost": 8.572999954223633,
    "finish_time": 19158524,
    "limit_cost_by_ms": 7.294000148773193,
    "model_name": "squeezenetv1",
    "recv_time": 19147846,
    "tag": "517",
    "total_cost_by_ms": 10.678000450134277,
    "wait_cost": 2.1050004959106445
}
