{
    "child_model_execute_cost_by_ms": [
        10.737000465393066
    ],
    "child_model_run_time": [
        [
            24563317,
            24574054
        ]
    ],
    "execute_cost": 10.737000465393066,
    "finish_time": 24574060,
    "limit_cost_by_ms": 8.589666366577148,
    "model_name": "googlenet",
    "recv_time": 24533175,
    "tag": "764",
    "total_cost_by_ms": 40.8849983215332,
    "wait_cost": 30.147998809814453
}
