{
    "child_model_execute_cost_by_ms": [
        7.464000225067139
    ],
    "child_model_run_time": [
        [
            11990831,
            11998295
        ]
    ],
    "execute_cost": 7.464000225067139,
    "finish_time": 11998302,
    "limit_cost_by_ms": 7.206333160400391,
    "model_name": "squeezenetv1",
    "recv_time": 11985858,
    "tag": "201",
    "total_cost_by_ms": 12.444000244140625,
    "wait_cost": 4.980000019073486
}
