{
    "child_model_execute_cost_by_ms": [
        8.008999824523926
    ],
    "child_model_run_time": [
        [
            11918959,
            11926968
        ]
    ],
    "execute_cost": 8.008999824523926,
    "finish_time": 11926975,
    "limit_cost_by_ms": 7.199333190917969,
    "model_name": "squeezenetv1",
    "recv_time": 11918835,
    "tag": "207",
    "total_cost_by_ms": 8.140000343322754,
    "wait_cost": 0.13100051879882813
}
