{
    "child_model_execute_cost_by_ms": [
        8.081000328063965
    ],
    "child_model_run_time": [
        [
            14718137,
            14726218
        ]
    ],
    "execute_cost": 8.081000328063965,
    "finish_time": 14726226,
    "limit_cost_by_ms": 7.199333190917969,
    "model_name": "squeezenetv1",
    "recv_time": 14717958,
    "tag": "340",
    "total_cost_by_ms": 8.267999649047852,
    "wait_cost": 0.18699932098388672
}
