{
    "child_model_execute_cost_by_ms": [
        18.847000122070313,
        17.472000122070313,
        20.32200050354004
    ],
    "child_model_run_time": [
        [
            17141458,
            17160305
        ],
        [
            17160394,
            17177866
        ],
        [
            17177907,
            17198229
        ]
    ],
    "execute_cost": 56.64099884033203,
    "finish_time": 17198235,
    "limit_cost_by_ms": 47.27466583251953,
    "model_name": "vgg19",
    "recv_time": 17141344,
    "tag": "456",
    "total_cost_by_ms": 56.89099884033203,
    "wait_cost": 0.25
}
