{
    "child_model_execute_cost_by_ms": [
        8.33899974822998
    ],
    "child_model_run_time": [
        [
            18676566,
            18684905
        ]
    ],
    "execute_cost": 8.33899974822998,
    "finish_time": 18684913,
    "limit_cost_by_ms": 7.199333190917969,
    "model_name": "squeezenetv1",
    "recv_time": 18660207,
    "tag": "527",
    "total_cost_by_ms": 24.70599937438965,
    "wait_cost": 16.367000579833984
}
