{
    "child_model_execute_cost_by_ms": [
        10.392999649047852
    ],
    "child_model_run_time": [
        [
            20301146,
            20311539
        ]
    ],
    "execute_cost": 10.392999649047852,
    "finish_time": 20311553,
    "limit_cost_by_ms": 9.23366641998291,
    "model_name": "googlenet",
    "recv_time": 20290618,
    "tag": "605",
    "total_cost_by_ms": 20.934999465942383,
    "wait_cost": 10.541999816894531
}
