{
    "child_model_execute_cost_by_ms": [
        10.532999992370605
    ],
    "child_model_run_time": [
        [
            20609758,
            20620291
        ]
    ],
    "execute_cost": 10.532999992370605,
    "finish_time": 20620300,
    "limit_cost_by_ms": 9.23366641998291,
    "model_name": "googlenet",
    "recv_time": 20605553,
    "tag": "618",
    "total_cost_by_ms": 14.746999740600586,
    "wait_cost": 4.2139997482299805
}
