{
    "child_model_execute_cost_by_ms": [
        9.663999557495117
    ],
    "child_model_run_time": [
        [
            21176005,
            21185669
        ]
    ],
    "execute_cost": 9.663999557495117,
    "finish_time": 21185681,
    "limit_cost_by_ms": 8.788000106811523,
    "model_name": "googlenet",
    "recv_time": 21165494,
    "tag": "643",
    "total_cost_by_ms": 20.187000274658203,
    "wait_cost": 10.523000717163086
}
