{
    "child_model_execute_cost_by_ms": [
        8.345000267028809
    ],
    "child_model_run_time": [
        [
            21892075,
            21900420
        ]
    ],
    "execute_cost": 8.345000267028809,
    "finish_time": 21900434,
    "limit_cost_by_ms": 7.199333190917969,
    "model_name": "squeezenetv1",
    "recv_time": 21891909,
    "tag": "679",
    "total_cost_by_ms": 8.524999618530273,
    "wait_cost": 0.17999935150146484
}
