{
    "child_model_execute_cost_by_ms": [
        8.013999938964844
    ],
    "child_model_run_time": [
        [
            22288144,
            22296158
        ]
    ],
    "execute_cost": 8.013999938964844,
    "finish_time": 22296171,
    "limit_cost_by_ms": 7.206333160400391,
    "model_name": "squeezenetv1",
    "recv_time": 22274522,
    "tag": "696",
    "total_cost_by_ms": 21.64900016784668,
    "wait_cost": 13.635000228881836
}
