{
    "child_model_execute_cost_by_ms": [
        8.305000305175781
    ],
    "child_model_run_time": [
        [
            22337918,
            22346223
        ]
    ],
    "execute_cost": 8.305000305175781,
    "finish_time": 22346230,
    "limit_cost_by_ms": 7.199333190917969,
    "model_name": "squeezenetv1",
    "recv_time": 22337813,
    "tag": "699",
    "total_cost_by_ms": 8.416999816894531,
    "wait_cost": 0.11199951171875
}
