{
    "child_model_execute_cost_by_ms": [
        19.15399932861328,
        17.31100082397461,
        20.551000595092773
    ],
    "child_model_run_time": [
        [
            22924540,
            22943694
        ],
        [
            22943750,
            22961061
        ],
        [
            22961101,
            22981652
        ]
    ],
    "execute_cost": 57.01599884033203,
    "finish_time": 22981661,
    "limit_cost_by_ms": 47.27466583251953,
    "model_name": "vgg19",
    "recv_time": 22919224,
    "tag": "727",
    "total_cost_by_ms": 62.4370002746582,
    "wait_cost": 5.421001434326172
}
