{
    "child_model_execute_cost_by_ms": [
        8.28499984741211
    ],
    "child_model_run_time": [
        [
            23487357,
            23495642
        ]
    ],
    "execute_cost": 8.28499984741211,
    "finish_time": 23495649,
    "limit_cost_by_ms": 7.206333160400391,
    "model_name": "squeezenetv1",
    "recv_time": 23487233,
    "tag": "752",
    "total_cost_by_ms": 8.416000366210938,
    "wait_cost": 0.13100051879882813
}
