{
    "child_model_execute_cost_by_ms": [
        14.819000244140625,
        8.918999671936035
    ],
    "child_model_run_time": [
        [
            24866936,
            24881755
        ],
        [
            24881803,
            24890722
        ]
    ],
    "execute_cost": 23.737998962402344,
    "finish_time": 24890729,
    "limit_cost_by_ms": 18.920333862304688,
    "model_name": "resnet50",
    "recv_time": 24866826,
    "tag": "817",
    "total_cost_by_ms": 23.902999877929688,
    "wait_cost": 0.16500091552734375
}
