{
    "child_model_execute_cost_by_ms": [
        8.14900016784668
    ],
    "child_model_run_time": [
        [
            26169084,
            26177233
        ]
    ],
    "execute_cost": 8.14900016784668,
    "finish_time": 26177246,
    "limit_cost_by_ms": 7.199333190917969,
    "model_name": "squeezenetv1",
    "recv_time": 26156878,
    "tag": "877",
    "total_cost_by_ms": 20.368000030517578,
    "wait_cost": 12.218999862670898
}
