{
    "child_model_execute_cost_by_ms": [
        9.680000305175781
    ],
    "child_model_run_time": [
        [
            8699222,
            8708902
        ]
    ],
    "execute_cost": 9.680000305175781,
    "finish_time": 8708911,
    "limit_cost_by_ms": 8.798333168029785,
    "model_name": "googlenet",
    "recv_time": 8699203,
    "tag": "29",
    "total_cost_by_ms": 9.708000183105469,
    "wait_cost": 0.0279998779296875
}
