{
    "child_model_execute_cost_by_ms": [
        18.461000442504883,
        18.56100082397461,
        20.03700065612793
    ],
    "child_model_run_time": [
        [
            16413877,
            16432338
        ],
        [
            16455794,
            16474355
        ],
        [
            16474399,
            16494436
        ]
    ],
    "execute_cost": 57.05900573730469,
    "finish_time": 16494441,
    "limit_cost_by_ms": 46.810333251953125,
    "model_name": "vgg19",
    "recv_time": 16413837,
    "tag": "301",
    "total_cost_by_ms": 80.60399627685547,
    "wait_cost": 23.54499053955078
}
