{
    "child_model_execute_cost_by_ms": [
        18.49799919128418,
        17.298999786376953,
        20.405000686645508
    ],
    "child_model_run_time": [
        [
            19817942,
            19836440
        ],
        [
            19836483,
            19853782
        ],
        [
            19888423,
            19908828
        ]
    ],
    "execute_cost": 56.201995849609375,
    "finish_time": 19908832,
    "limit_cost_by_ms": 46.810333251953125,
    "model_name": "vgg19",
    "recv_time": 19817839,
    "tag": "419",
    "total_cost_by_ms": 90.99299621582031,
    "wait_cost": 34.79100036621094
}
