{
    "child_model_execute_cost_by_ms": [
        18.558000564575195,
        16.9950008392334,
        19.93899917602539
    ],
    "child_model_run_time": [
        [
            26358591,
            26377149
        ],
        [
            26377188,
            26394183
        ],
        [
            26394199,
            26414138
        ]
    ],
    "execute_cost": 55.492000579833984,
    "finish_time": 26414142,
    "limit_cost_by_ms": 46.810333251953125,
    "model_name": "vgg19",
    "recv_time": 26335880,
    "tag": "648",
    "total_cost_by_ms": 78.26200103759766,
    "wait_cost": 22.770000457763672
}
