{
    "child_model_execute_cost_by_ms": [
        18.488000869750977,
        18.520000457763672,
        20.110000610351563
    ],
    "child_model_run_time": [
        [
            26796126,
            26814614
        ],
        [
            26838820,
            26857340
        ],
        [
            26857429,
            26877539
        ]
    ],
    "execute_cost": 57.118003845214844,
    "finish_time": 26877545,
    "limit_cost_by_ms": 46.810333251953125,
    "model_name": "vgg19",
    "recv_time": 26795986,
    "tag": "663",
    "total_cost_by_ms": 81.55899810791016,
    "wait_cost": 24.440994262695313
}
