{
    "child_model_execute_cost_by_ms": [
        19.035999298095703,
        17.91699981689453,
        20.75200080871582
    ],
    "child_model_run_time": [
        [
            11930359,
            11949395
        ],
        [
            11949498,
            11967415
        ],
        [
            11975900,
            11996652
        ]
    ],
    "execute_cost": 57.70500183105469,
    "finish_time": 11996659,
    "limit_cost_by_ms": 47.908668518066406,
    "model_name": "vgg19",
    "recv_time": 11096995,
    "tag": "148",
    "total_cost_by_ms": 899.6640014648438,
    "wait_cost": 841.958984375
}
