{
    "child_model_execute_cost_by_ms": [
        8.362000465393066
    ],
    "child_model_run_time": [
        [
            17344851,
            17353213
        ]
    ],
    "execute_cost": 8.362000465393066,
    "finish_time": 17353226,
    "limit_cost_by_ms": 7.410999774932861,
    "model_name": "squeezenetv1",
    "recv_time": 17339186,
    "tag": "405",
    "total_cost_by_ms": 14.039999961853027,
    "wait_cost": 5.677999496459961
}
