{
    "child_model_execute_cost_by_ms": [
        8.368000030517578
    ],
    "child_model_run_time": [
        [
            19065206,
            19073574
        ]
    ],
    "execute_cost": 8.368000030517578,
    "finish_time": 19073587,
    "limit_cost_by_ms": 7.410999774932861,
    "model_name": "squeezenetv1",
    "recv_time": 19051972,
    "tag": "476",
    "total_cost_by_ms": 21.614999771118164,
    "wait_cost": 13.246999740600586
}
