{
    "child_model_execute_cost_by_ms": [
        20.652000427246094,
        20.19300079345703,
        21.875999450683594
    ],
    "child_model_run_time": [
        [
            7742340,
            7762992
        ],
        [
            7763024,
            7783217
        ],
        [
            7792302,
            7814178
        ]
    ],
    "execute_cost": 62.72100067138672,
    "finish_time": 7814183,
    "limit_cost_by_ms": 47.908668518066406,
    "model_name": "vgg19",
    "recv_time": 7708388,
    "tag": "6",
    "total_cost_by_ms": 105.79499816894531,
    "wait_cost": 43.073997497558594
}
