{
    "child_model_execute_cost_by_ms": [
        7.867000102996826
    ],
    "child_model_run_time": [
        [
            29406041,
            29413908
        ]
    ],
    "execute_cost": 7.867000102996826,
    "finish_time": 29413913,
    "limit_cost_by_ms": 7.410999774932861,
    "model_name": "squeezenetv1",
    "recv_time": 29397653,
    "tag": "909",
    "total_cost_by_ms": 16.260000228881836,
    "wait_cost": 8.392999649047852
}
