{
    "child_model_execute_cost_by_ms": [
        18.548999786376953,
        18.148000717163086,
        21.788000106811523
    ],
    "child_model_run_time": [
        [
            31350548,
            31369097
        ],
        [
            31369131,
            31387279
        ],
        [
            31387309,
            31409097
        ]
    ],
    "execute_cost": 58.48500061035156,
    "finish_time": 31409105,
    "limit_cost_by_ms": 47.908668518066406,
    "model_name": "vgg19",
    "recv_time": 26687512,
    "tag": "798",
    "total_cost_by_ms": 4721.5927734375,
    "wait_cost": 4663.10791015625
}
