{
    "child_model_execute_cost_by_ms": [
        18.28700065612793,
        17.868999481201172,
        21.458999633789063
    ],
    "child_model_run_time": [
        [
            34931588,
            34949875
        ],
        [
            34949906,
            34967775
        ],
        [
            34967868,
            34989327
        ]
    ],
    "execute_cost": 57.61499786376953,
    "finish_time": 34989334,
    "limit_cost_by_ms": 47.908668518066406,
    "model_name": "vgg19",
    "recv_time": 31303913,
    "tag": "988",
    "total_cost_by_ms": 3685.4208984375,
    "wait_cost": 3627.805908203125
}
