{
    "child_model_execute_cost_by_ms": [
        45.16400146484375
    ],
    "child_model_run_time": [
        [
            12920519,
            12965683
        ]
    ],
    "execute_cost": 45.16400146484375,
    "finish_time": 12965692,
    "limit_cost_by_ms": 46.8553352355957,
    "model_name": "vgg19",
    "recv_time": 12920385,
    "tag": "216",
    "total_cost_by_ms": 45.30699920654297,
    "wait_cost": 0.14299774169921875
}
