{
    "child_model_execute_cost_by_ms": [
        44.499000549316406
    ],
    "child_model_run_time": [
        [
            24119049,
            24163548
        ]
    ],
    "execute_cost": 44.499000549316406,
    "finish_time": 24163554,
    "limit_cost_by_ms": 46.8553352355957,
    "model_name": "vgg19",
    "recv_time": 24111166,
    "tag": "696",
    "total_cost_by_ms": 52.38800048828125,
    "wait_cost": 7.888999938964844
}
