{
    "child_model_execute_cost_by_ms": [
        45.242000579833984
    ],
    "child_model_run_time": [
        [
            28459017,
            28504259
        ]
    ],
    "execute_cost": 45.242000579833984,
    "finish_time": 28504265,
    "limit_cost_by_ms": 46.8553352355957,
    "model_name": "vgg19",
    "recv_time": 28458833,
    "tag": "880",
    "total_cost_by_ms": 45.43199920654297,
    "wait_cost": 0.18999862670898438
}
