{
    "child_model_execute_cost_by_ms": [
        18.81800079345703
    ],
    "child_model_run_time": [
        [
            29171663,
            29190481
        ]
    ],
    "execute_cost": 18.81800079345703,
    "finish_time": 29190486,
    "limit_cost_by_ms": 18.899999618530273,
    "model_name": "resnet50",
    "recv_time": 29171511,
    "tag": "910",
    "total_cost_by_ms": 18.975000381469727,
    "wait_cost": 0.1569995880126953
}
