{
    "child_model_execute_cost_by_ms": [
        14.574999809265137,
        8.86400032043457
    ],
    "child_model_run_time": [
        [
            8064014,
            8078589
        ],
        [
            8078698,
            8087562
        ]
    ],
    "execute_cost": 23.43899917602539,
    "finish_time": 8087569,
    "limit_cost_by_ms": 18.882333755493164,
    "model_name": "resnet50",
    "recv_time": 8063913,
    "tag": "11",
    "total_cost_by_ms": 23.6560001373291,
    "wait_cost": 0.21700096130371094
}
