{
    "child_model_execute_cost_by_ms": [
        9.265000343322754
    ],
    "child_model_run_time": [
        [
            10453645,
            10462910
        ]
    ],
    "execute_cost": 9.265000343322754,
    "finish_time": 10462918,
    "limit_cost_by_ms": 8.699666976928711,
    "model_name": "googlenet",
    "recv_time": 10445245,
    "tag": "123",
    "total_cost_by_ms": 17.67300033569336,
    "wait_cost": 8.407999992370605
}
