{
    "child_model_execute_cost_by_ms": [
        7.559999942779541
    ],
    "child_model_run_time": [
        [
            11240209,
            11247769
        ]
    ],
    "execute_cost": 7.559999942779541,
    "finish_time": 11247777,
    "limit_cost_by_ms": 7.09499979019165,
    "model_name": "squeezenetv1",
    "recv_time": 11225562,
    "tag": "157",
    "total_cost_by_ms": 22.21500015258789,
    "wait_cost": 14.655000686645508
}
