{
    "child_model_execute_cost_by_ms": [
        10.262999534606934
    ],
    "child_model_run_time": [
        [
            11724282,
            11734545
        ]
    ],
    "execute_cost": 10.262999534606934,
    "finish_time": 11734550,
    "limit_cost_by_ms": 8.699666976928711,
    "model_name": "googlenet",
    "recv_time": 11696086,
    "tag": "176",
    "total_cost_by_ms": 38.4640007019043,
    "wait_cost": 28.201000213623047
}
