{
    "child_model_execute_cost_by_ms": [
        9.807999610900879
    ],
    "child_model_run_time": [
        [
            12829676,
            12839484
        ]
    ],
    "execute_cost": 9.807999610900879,
    "finish_time": 12839497,
    "limit_cost_by_ms": 8.699666976928711,
    "model_name": "googlenet",
    "recv_time": 12829494,
    "tag": "225",
    "total_cost_by_ms": 10.003000259399414,
    "wait_cost": 0.19500064849853516
}
