{
    "child_model_execute_cost_by_ms": [
        8.48900032043457
    ],
    "child_model_run_time": [
        [
            14270582,
            14279071
        ]
    ],
    "execute_cost": 8.48900032043457,
    "finish_time": 14279076,
    "limit_cost_by_ms": 7.09499979019165,
    "model_name": "squeezenetv1",
    "recv_time": 14264173,
    "tag": "287",
    "total_cost_by_ms": 14.902999877929688,
    "wait_cost": 6.413999557495117
}
