{
    "child_model_execute_cost_by_ms": [
        14.508000373840332,
        8.52299976348877
    ],
    "child_model_run_time": [
        [
            14563470,
            14577978
        ],
        [
            14578072,
            14586595
        ]
    ],
    "execute_cost": 23.0310001373291,
    "finish_time": 14586603,
    "limit_cost_by_ms": 18.963333129882813,
    "model_name": "resnet50",
    "recv_time": 14550048,
    "tag": "301",
    "total_cost_by_ms": 36.55500030517578,
    "wait_cost": 13.52400016784668
}
