{
    "child_model_execute_cost_by_ms": [
        8.35099983215332
    ],
    "child_model_run_time": [
        [
            15588623,
            15596974
        ]
    ],
    "execute_cost": 8.35099983215332,
    "finish_time": 15596979,
    "limit_cost_by_ms": 7.09499979019165,
    "model_name": "squeezenetv1",
    "recv_time": 15588544,
    "tag": "344",
    "total_cost_by_ms": 8.4350004196167,
    "wait_cost": 0.0840005874633789
}
