{
    "child_model_execute_cost_by_ms": [
        18.44300079345703,
        16.868000030517578,
        19.384000778198242
    ],
    "child_model_run_time": [
        [
            15888204,
            15906647
        ],
        [
            15906684,
            15923552
        ],
        [
            15923576,
            15942960
        ]
    ],
    "execute_cost": 54.69499969482422,
    "finish_time": 15942965,
    "limit_cost_by_ms": 47.14266586303711,
    "model_name": "vgg19",
    "recv_time": 15888191,
    "tag": "358",
    "total_cost_by_ms": 54.77399826049805,
    "wait_cost": 0.07899856567382813
}
