{
    "child_model_execute_cost_by_ms": [
        15.005000114440918,
        8.65999984741211
    ],
    "child_model_run_time": [
        [
            16085810,
            16100815
        ],
        [
            16100908,
            16109568
        ]
    ],
    "execute_cost": 23.665000915527344,
    "finish_time": 16109573,
    "limit_cost_by_ms": 18.963333129882813,
    "model_name": "resnet50",
    "recv_time": 16085610,
    "tag": "366",
    "total_cost_by_ms": 23.96299934387207,
    "wait_cost": 0.29799842834472656
}
