{
    "child_model_execute_cost_by_ms": [
        8.20300006866455
    ],
    "child_model_run_time": [
        [
            19869691,
            19877894
        ]
    ],
    "execute_cost": 8.20300006866455,
    "finish_time": 19877906,
    "limit_cost_by_ms": 7.063333511352539,
    "model_name": "squeezenetv1",
    "recv_time": 19869524,
    "tag": "521",
    "total_cost_by_ms": 8.381999969482422,
    "wait_cost": 0.1789999008178711
}
