{
    "child_model_execute_cost_by_ms": [
        7.39900016784668
    ],
    "child_model_run_time": [
        [
            22247308,
            22254707
        ]
    ],
    "execute_cost": 7.39900016784668,
    "finish_time": 22254712,
    "limit_cost_by_ms": 7.09499979019165,
    "model_name": "squeezenetv1",
    "recv_time": 22247216,
    "tag": "630",
    "total_cost_by_ms": 7.495999813079834,
    "wait_cost": 0.0969996452331543
}
