{
    "child_model_execute_cost_by_ms": [
        7.616000175476074
    ],
    "child_model_run_time": [
        [
            22614261,
            22621877
        ]
    ],
    "execute_cost": 7.616000175476074,
    "finish_time": 22621883,
    "limit_cost_by_ms": 7.09499979019165,
    "model_name": "squeezenetv1",
    "recv_time": 22614139,
    "tag": "646",
    "total_cost_by_ms": 7.74399995803833,
    "wait_cost": 0.12799978256225586
}
