{
    "child_model_execute_cost_by_ms": [
        14.86400032043457,
        8.74899959564209
    ],
    "child_model_run_time": [
        [
            9756583,
            9771447
        ],
        [
            9771482,
            9780231
        ]
    ],
    "execute_cost": 23.612998962402344,
    "finish_time": 9780239,
    "limit_cost_by_ms": 18.963333129882813,
    "model_name": "resnet50",
    "recv_time": 9746372,
    "tag": "92",
    "total_cost_by_ms": 33.867000579833984,
    "wait_cost": 10.25400161743164
}
