{
    "child_model_execute_cost_by_ms": [
        9.42199993133545
    ],
    "child_model_run_time": [
        [
            28613002,
            28622424
        ]
    ],
    "execute_cost": 9.42199993133545,
    "finish_time": 28622429,
    "limit_cost_by_ms": 8.699666976928711,
    "model_name": "googlenet",
    "recv_time": 28612831,
    "tag": "904",
    "total_cost_by_ms": 9.597999572753906,
    "wait_cost": 0.17599964141845703
}
