{
    "child_model_execute_cost_by_ms": [
        18.191999435424805,
        17.033000946044922,
        19.952999114990234
    ],
    "child_model_run_time": [
        [
            28892698,
            28910890
        ],
        [
            28918580,
            28935613
        ],
        [
            28935695,
            28955648
        ]
    ],
    "execute_cost": 55.17799758911133,
    "finish_time": 28955655,
    "limit_cost_by_ms": 47.14266586303711,
    "model_name": "vgg19",
    "recv_time": 28892529,
    "tag": "917",
    "total_cost_by_ms": 63.125999450683594,
    "wait_cost": 7.948001861572266
}
