{
    "child_model_execute_cost_by_ms": [
        13.704000473022461,
        8.300000190734863
    ],
    "child_model_run_time": [
        [
            16875565,
            16889269
        ],
        [
            16889311,
            16897611
        ]
    ],
    "execute_cost": 22.00400161743164,
    "finish_time": 16897617,
    "limit_cost_by_ms": 18.961000442504883,
    "model_name": "resnet50",
    "recv_time": 16875517,
    "tag": "372",
    "total_cost_by_ms": 22.100000381469727,
    "wait_cost": 0.09599876403808594
}
