{
    "child_model_execute_cost_by_ms": [
        8.609999656677246
    ],
    "child_model_run_time": [
        [
            21663553,
            21672163
        ]
    ],
    "execute_cost": 8.609999656677246,
    "finish_time": 21672169,
    "limit_cost_by_ms": 7.209666728973389,
    "model_name": "squeezenetv1",
    "recv_time": 21661193,
    "tag": "568",
    "total_cost_by_ms": 10.97599983215332,
    "wait_cost": 2.366000175476074
}
