{
    "child_model_execute_cost_by_ms": [
        18.33099937438965,
        17.76799964904785,
        19.65399932861328
    ],
    "child_model_run_time": [
        [
            24532917,
            24551248
        ],
        [
            24561789,
            24579557
        ],
        [
            24579641,
            24599295
        ]
    ],
    "execute_cost": 55.75299835205078,
    "finish_time": 24599300,
    "limit_cost_by_ms": 46.47700119018555,
    "model_name": "vgg19",
    "recv_time": 24529168,
    "tag": "686",
    "total_cost_by_ms": 70.13200378417969,
    "wait_cost": 14.379005432128906
}
