{
    "child_model_execute_cost_by_ms": [
        19.856000900268555
    ],
    "child_model_run_time": [
        [
            9992154,
            10012010
        ]
    ],
    "execute_cost": 19.856000900268555,
    "finish_time": 10012019,
    "limit_cost_by_ms": 18.521333694458008,
    "model_name": "resnet50",
    "recv_time": 9991960,
    "tag": "109",
    "total_cost_by_ms": 20.05900001525879,
    "wait_cost": 0.20299911499023438
}
