{
    "child_model_execute_cost_by_ms": [
        10.21399974822998
    ],
    "child_model_run_time": [
        [
            10105730,
            10115944
        ]
    ],
    "execute_cost": 10.21399974822998,
    "finish_time": 10115951,
    "limit_cost_by_ms": 8.8663330078125,
    "model_name": "googlenet",
    "recv_time": 10102301,
    "tag": "119",
    "total_cost_by_ms": 13.649999618530273,
    "wait_cost": 3.435999870300293
}
