{
    "child_model_execute_cost_by_ms": [
        44.345001220703125
    ],
    "child_model_run_time": [
        [
            10042261,
            10086606
        ]
    ],
    "execute_cost": 44.345001220703125,
    "finish_time": 10086610,
    "limit_cost_by_ms": 45.95333480834961,
    "model_name": "vgg19",
    "recv_time": 10042240,
    "tag": "120",
    "total_cost_by_ms": 44.369998931884766,
    "wait_cost": 0.024997711181640625
}
