{
    "child_model_execute_cost_by_ms": [
        8.460000038146973
    ],
    "child_model_run_time": [
        [
            10265686,
            10274146
        ]
    ],
    "execute_cost": 8.460000038146973,
    "finish_time": 10274158,
    "limit_cost_by_ms": 7.0963335037231445,
    "model_name": "squeezenetv1",
    "recv_time": 10258450,
    "tag": "122",
    "total_cost_by_ms": 15.708000183105469,
    "wait_cost": 7.248000144958496
}
