{
    "child_model_execute_cost_by_ms": [
        18.881000518798828
    ],
    "child_model_run_time": [
        [
            10750467,
            10769348
        ]
    ],
    "execute_cost": 18.881000518798828,
    "finish_time": 10769353,
    "limit_cost_by_ms": 18.553333282470703,
    "model_name": "resnet50",
    "recv_time": 10750407,
    "tag": "153",
    "total_cost_by_ms": 18.945999145507813,
    "wait_cost": 0.06499862670898438
}
