{
    "child_model_execute_cost_by_ms": [
        45.154998779296875
    ],
    "child_model_run_time": [
        [
            11874503,
            11919658
        ]
    ],
    "execute_cost": 45.154998779296875,
    "finish_time": 11919661,
    "limit_cost_by_ms": 47.017333984375,
    "model_name": "vgg19",
    "recv_time": 11874405,
    "tag": "192",
    "total_cost_by_ms": 45.25600051879883,
    "wait_cost": 0.10100173950195313
}
