{
    "child_model_execute_cost_by_ms": [
        21.993000030517578
    ],
    "child_model_run_time": [
        [
            7851601,
            7873594
        ]
    ],
    "execute_cost": 21.993000030517578,
    "finish_time": 7873599,
    "limit_cost_by_ms": 18.95133399963379,
    "model_name": "resnet50",
    "recv_time": 7830367,
    "tag": "2",
    "total_cost_by_ms": 43.231998443603516,
    "wait_cost": 21.238998413085938
}
