{
    "child_model_execute_cost_by_ms": [
        44.82899856567383
    ],
    "child_model_run_time": [
        [
            12207351,
            12252180
        ]
    ],
    "execute_cost": 44.82899856567383,
    "finish_time": 12252186,
    "limit_cost_by_ms": 47.017333984375,
    "model_name": "vgg19",
    "recv_time": 12207251,
    "tag": "208",
    "total_cost_by_ms": 44.935001373291016,
    "wait_cost": 0.1060028076171875
}
