{
    "child_model_execute_cost_by_ms": [
        18.832000732421875
    ],
    "child_model_run_time": [
        [
            11913966,
            11932798
        ]
    ],
    "execute_cost": 18.832000732421875,
    "finish_time": 11932802,
    "limit_cost_by_ms": 18.553333282470703,
    "model_name": "resnet50",
    "recv_time": 11913835,
    "tag": "209",
    "total_cost_by_ms": 18.966999053955078,
    "wait_cost": 0.13499832153320313
}
