{
    "child_model_execute_cost_by_ms": [
        8.395999908447266
    ],
    "child_model_run_time": [
        [
            12099473,
            12107869
        ]
    ],
    "execute_cost": 8.395999908447266,
    "finish_time": 12107880,
    "limit_cost_by_ms": 7.0963335037231445,
    "model_name": "squeezenetv1",
    "recv_time": 12099293,
    "tag": "210",
    "total_cost_by_ms": 8.586999893188477,
    "wait_cost": 0.19099998474121094
}
