{
    "child_model_execute_cost_by_ms": [
        20.184999465942383
    ],
    "child_model_run_time": [
        [
            12379976,
            12400161
        ]
    ],
    "execute_cost": 20.184999465942383,
    "finish_time": 12400169,
    "limit_cost_by_ms": 18.849666595458984,
    "model_name": "resnet50",
    "recv_time": 12379807,
    "tag": "225",
    "total_cost_by_ms": 20.36199951171875,
    "wait_cost": 0.1770000457763672
}
