{
    "child_model_execute_cost_by_ms": [
        43.6349983215332
    ],
    "child_model_run_time": [
        [
            12610894,
            12654529
        ]
    ],
    "execute_cost": 43.6349983215332,
    "finish_time": 12654536,
    "limit_cost_by_ms": 45.95333480834961,
    "model_name": "vgg19",
    "recv_time": 12610748,
    "tag": "244",
    "total_cost_by_ms": 43.78799819946289,
    "wait_cost": 0.1529998779296875
}
