{
    "child_model_execute_cost_by_ms": [
        9.45199966430664
    ],
    "child_model_run_time": [
        [
            12765230,
            12774682
        ]
    ],
    "execute_cost": 9.45199966430664,
    "finish_time": 12774691,
    "limit_cost_by_ms": 8.652667045593262,
    "model_name": "googlenet",
    "recv_time": 12765092,
    "tag": "251",
    "total_cost_by_ms": 9.598999977111816,
    "wait_cost": 0.14700031280517578
}
