{
    "child_model_execute_cost_by_ms": [
        8.515999794006348
    ],
    "child_model_run_time": [
        [
            13969921,
            13978437
        ]
    ],
    "execute_cost": 8.515999794006348,
    "finish_time": 13978449,
    "limit_cost_by_ms": 7.100666522979736,
    "model_name": "squeezenetv1",
    "recv_time": 13969766,
    "tag": "297",
    "total_cost_by_ms": 8.682999610900879,
    "wait_cost": 0.16699981689453125
}
