{
    "child_model_execute_cost_by_ms": [
        8.119999885559082
    ],
    "child_model_run_time": [
        [
            14684799,
            14692919
        ]
    ],
    "execute_cost": 8.119999885559082,
    "finish_time": 14692930,
    "limit_cost_by_ms": 7.0963335037231445,
    "model_name": "squeezenetv1",
    "recv_time": 14684632,
    "tag": "332",
    "total_cost_by_ms": 8.29800033569336,
    "wait_cost": 0.17800045013427734
}
