{
    "child_model_execute_cost_by_ms": [
        45.6349983215332
    ],
    "child_model_run_time": [
        [
            14820096,
            14865731
        ]
    ],
    "execute_cost": 45.6349983215332,
    "finish_time": 14865737,
    "limit_cost_by_ms": 45.95333480834961,
    "model_name": "vgg19",
    "recv_time": 14813982,
    "tag": "350",
    "total_cost_by_ms": 51.755001068115234,
    "wait_cost": 6.120002746582031
}
