{
    "child_model_execute_cost_by_ms": [
        9.909000396728516
    ],
    "child_model_run_time": [
        [
            15358902,
            15368811
        ]
    ],
    "execute_cost": 9.909000396728516,
    "finish_time": 15368817,
    "limit_cost_by_ms": 8.50100040435791,
    "model_name": "googlenet",
    "recv_time": 15350576,
    "tag": "364",
    "total_cost_by_ms": 18.240999221801758,
    "wait_cost": 8.331998825073242
}
