{
    "child_model_execute_cost_by_ms": [
        44.72200012207031
    ],
    "child_model_run_time": [
        [
            16618382,
            16663104
        ]
    ],
    "execute_cost": 44.72200012207031,
    "finish_time": 16663113,
    "limit_cost_by_ms": 47.017333984375,
    "model_name": "vgg19",
    "recv_time": 16618266,
    "tag": "417",
    "total_cost_by_ms": 44.84700012207031,
    "wait_cost": 0.125
}
