{
    "child_model_execute_cost_by_ms": [
        20.388999938964844
    ],
    "child_model_run_time": [
        [
            16490545,
            16510934
        ]
    ],
    "execute_cost": 20.388999938964844,
    "finish_time": 16510941,
    "limit_cost_by_ms": 18.521333694458008,
    "model_name": "resnet50",
    "recv_time": 16477085,
    "tag": "418",
    "total_cost_by_ms": 33.85599899291992,
    "wait_cost": 13.466999053955078
}
