{
    "child_model_execute_cost_by_ms": [
        8.574000358581543
    ],
    "child_model_run_time": [
        [
            16876600,
            16885174
        ]
    ],
    "execute_cost": 8.574000358581543,
    "finish_time": 16885182,
    "limit_cost_by_ms": 7.203999996185303,
    "model_name": "squeezenetv1",
    "recv_time": 16873238,
    "tag": "436",
    "total_cost_by_ms": 11.944000244140625,
    "wait_cost": 3.369999885559082
}
