{
    "child_model_execute_cost_by_ms": [
        47.055999755859375
    ],
    "child_model_run_time": [
        [
            16962677,
            17009733
        ]
    ],
    "execute_cost": 47.055999755859375,
    "finish_time": 17009740,
    "limit_cost_by_ms": 45.78166580200195,
    "model_name": "vgg19",
    "recv_time": 16962573,
    "tag": "441",
    "total_cost_by_ms": 47.16699981689453,
    "wait_cost": 0.11100006103515625
}
