{
    "child_model_execute_cost_by_ms": [
        47.52199935913086
    ],
    "child_model_run_time": [
        [
            16994912,
            17042434
        ]
    ],
    "execute_cost": 47.52199935913086,
    "finish_time": 17042441,
    "limit_cost_by_ms": 47.150665283203125,
    "model_name": "vgg19",
    "recv_time": 16974953,
    "tag": "442",
    "total_cost_by_ms": 67.48799896240234,
    "wait_cost": 19.965999603271484
}
