{
    "child_model_execute_cost_by_ms": [
        45.01599884033203
    ],
    "child_model_run_time": [
        [
            17340765,
            17385781
        ]
    ],
    "execute_cost": 45.01599884033203,
    "finish_time": 17385786,
    "limit_cost_by_ms": 47.150665283203125,
    "model_name": "vgg19",
    "recv_time": 17334415,
    "tag": "458",
    "total_cost_by_ms": 51.37099838256836,
    "wait_cost": 6.354999542236328
}
