{
    "child_model_execute_cost_by_ms": [
        8.460000038146973
    ],
    "child_model_run_time": [
        [
            8572616,
            8581076
        ]
    ],
    "execute_cost": 8.460000038146973,
    "finish_time": 8581085,
    "limit_cost_by_ms": 7.126999855041504,
    "model_name": "squeezenetv1",
    "recv_time": 8572525,
    "tag": "48",
    "total_cost_by_ms": 8.5600004196167,
    "wait_cost": 0.10000038146972656
}
