{
    "child_model_execute_cost_by_ms": [
        44.856998443603516
    ],
    "child_model_run_time": [
        [
            18326049,
            18370906
        ]
    ],
    "execute_cost": 44.856998443603516,
    "finish_time": 18370916,
    "limit_cost_by_ms": 47.017333984375,
    "model_name": "vgg19",
    "recv_time": 18325826,
    "tag": "497",
    "total_cost_by_ms": 45.09000015258789,
    "wait_cost": 0.233001708984375
}
