{
    "child_model_execute_cost_by_ms": [
        9.680000305175781
    ],
    "child_model_run_time": [
        [
            20337141,
            20346821
        ]
    ],
    "execute_cost": 9.680000305175781,
    "finish_time": 20346830,
    "limit_cost_by_ms": 8.8663330078125,
    "model_name": "googlenet",
    "recv_time": 20336965,
    "tag": "599",
    "total_cost_by_ms": 9.864999771118164,
    "wait_cost": 0.1849994659423828
}
