{
    "child_model_execute_cost_by_ms": [
        8.696000099182129
    ],
    "child_model_run_time": [
        [
            20756066,
            20764762
        ]
    ],
    "execute_cost": 8.696000099182129,
    "finish_time": 20764772,
    "limit_cost_by_ms": 7.0963335037231445,
    "model_name": "squeezenetv1",
    "recv_time": 20726729,
    "tag": "614",
    "total_cost_by_ms": 38.042999267578125,
    "wait_cost": 29.347000122070313
}
