{
    "child_model_execute_cost_by_ms": [
        20.04599952697754
    ],
    "child_model_run_time": [
        [
            20958584,
            20978630
        ]
    ],
    "execute_cost": 20.04599952697754,
    "finish_time": 20978636,
    "limit_cost_by_ms": 18.95133399963379,
    "model_name": "resnet50",
    "recv_time": 20958455,
    "tag": "620",
    "total_cost_by_ms": 20.180999755859375,
    "wait_cost": 0.13500022888183594
}
