{
    "child_model_execute_cost_by_ms": [
        18.874000549316406
    ],
    "child_model_run_time": [
        [
            20763889,
            20782763
        ]
    ],
    "execute_cost": 18.874000549316406,
    "finish_time": 20782770,
    "limit_cost_by_ms": 18.849666595458984,
    "model_name": "resnet50",
    "recv_time": 20763777,
    "tag": "620",
    "total_cost_by_ms": 18.993000030517578,
    "wait_cost": 0.11899948120117188
}
