{
    "child_model_execute_cost_by_ms": [
        20.04599952697754
    ],
    "child_model_run_time": [
        [
            20889500,
            20909546
        ]
    ],
    "execute_cost": 20.04599952697754,
    "finish_time": 20909555,
    "limit_cost_by_ms": 18.553333282470703,
    "model_name": "resnet50",
    "recv_time": 20889365,
    "tag": "636",
    "total_cost_by_ms": 20.190000534057617,
    "wait_cost": 0.14400100708007813
}
