{
    "child_model_execute_cost_by_ms": [
        8.197999954223633
    ],
    "child_model_run_time": [
        [
            22418295,
            22426493
        ]
    ],
    "execute_cost": 8.197999954223633,
    "finish_time": 22426505,
    "limit_cost_by_ms": 7.126999855041504,
    "model_name": "squeezenetv1",
    "recv_time": 22418121,
    "tag": "708",
    "total_cost_by_ms": 8.383999824523926,
    "wait_cost": 0.18599987030029297
}
