{
    "child_model_execute_cost_by_ms": [
        18.972000122070313
    ],
    "child_model_run_time": [
        [
            22426696,
            22445668
        ]
    ],
    "execute_cost": 18.972000122070313,
    "finish_time": 22445673,
    "limit_cost_by_ms": 18.553333282470703,
    "model_name": "resnet50",
    "recv_time": 22422849,
    "tag": "709",
    "total_cost_by_ms": 22.823999404907227,
    "wait_cost": 3.851999282836914
}
