{
    "child_model_execute_cost_by_ms": [
        43.152000427246094
    ],
    "child_model_run_time": [
        [
            22528441,
            22571593
        ]
    ],
    "execute_cost": 43.152000427246094,
    "finish_time": 22571597,
    "limit_cost_by_ms": 45.95333480834961,
    "model_name": "vgg19",
    "recv_time": 22528266,
    "tag": "714",
    "total_cost_by_ms": 43.33100128173828,
    "wait_cost": 0.1790008544921875
}
