{
    "child_model_execute_cost_by_ms": [
        8.319999694824219
    ],
    "child_model_run_time": [
        [
            22969692,
            22978012
        ]
    ],
    "execute_cost": 8.319999694824219,
    "finish_time": 22978020,
    "limit_cost_by_ms": 7.0963335037231445,
    "model_name": "squeezenetv1",
    "recv_time": 22969514,
    "tag": "720",
    "total_cost_by_ms": 8.505999565124512,
    "wait_cost": 0.18599987030029297
}
