{
    "child_model_execute_cost_by_ms": [
        9.958000183105469
    ],
    "child_model_run_time": [
        [
            23131751,
            23141709
        ]
    ],
    "execute_cost": 9.958000183105469,
    "finish_time": 23141717,
    "limit_cost_by_ms": 8.50100040435791,
    "model_name": "googlenet",
    "recv_time": 23131579,
    "tag": "727",
    "total_cost_by_ms": 10.137999534606934,
    "wait_cost": 0.17999935150146484
}
