{
    "child_model_execute_cost_by_ms": [
        20.225000381469727
    ],
    "child_model_run_time": [
        [
            23713617,
            23733842
        ]
    ],
    "execute_cost": 20.225000381469727,
    "finish_time": 23733850,
    "limit_cost_by_ms": 18.521333694458008,
    "model_name": "resnet50",
    "recv_time": 23697465,
    "tag": "754",
    "total_cost_by_ms": 36.3849983215332,
    "wait_cost": 16.159997940063477
}
