{
    "child_model_execute_cost_by_ms": [
        8.105999946594238
    ],
    "child_model_run_time": [
        [
            23510465,
            23518571
        ]
    ],
    "execute_cost": 8.105999946594238,
    "finish_time": 23518579,
    "limit_cost_by_ms": 7.126999855041504,
    "model_name": "squeezenetv1",
    "recv_time": 23510329,
    "tag": "760",
    "total_cost_by_ms": 8.25,
    "wait_cost": 0.14400005340576172
}
