{
    "child_model_execute_cost_by_ms": [
        9.670999526977539
    ],
    "child_model_run_time": [
        [
            24756038,
            24765709
        ]
    ],
    "execute_cost": 9.670999526977539,
    "finish_time": 24765717,
    "limit_cost_by_ms": 8.50100040435791,
    "model_name": "googlenet",
    "recv_time": 24755876,
    "tag": "803",
    "total_cost_by_ms": 9.840999603271484,
    "wait_cost": 0.1700000762939453
}
