{
    "child_model_execute_cost_by_ms": [
        43.50899887084961
    ],
    "child_model_run_time": [
        [
            25188120,
            25231629
        ]
    ],
    "execute_cost": 43.50899887084961,
    "finish_time": 25231636,
    "limit_cost_by_ms": 47.150665283203125,
    "model_name": "vgg19",
    "recv_time": 25187954,
    "tag": "830",
    "total_cost_by_ms": 43.68199920654297,
    "wait_cost": 0.17300033569335938
}
