{
    "child_model_execute_cost_by_ms": [
        43.92300033569336
    ],
    "child_model_run_time": [
        [
            25436824,
            25480747
        ]
    ],
    "execute_cost": 43.92300033569336,
    "finish_time": 25480757,
    "limit_cost_by_ms": 47.150665283203125,
    "model_name": "vgg19",
    "recv_time": 25436812,
    "tag": "842",
    "total_cost_by_ms": 43.94499969482422,
    "wait_cost": 0.021999359130859375
}
