{
    "child_model_execute_cost_by_ms": [
        45.71500015258789
    ],
    "child_model_run_time": [
        [
            25570434,
            25616149
        ]
    ],
    "execute_cost": 45.71500015258789,
    "finish_time": 25616155,
    "limit_cost_by_ms": 45.78166580200195,
    "model_name": "vgg19",
    "recv_time": 25570398,
    "tag": "842",
    "total_cost_by_ms": 45.75699996948242,
    "wait_cost": 0.04199981689453125
}
