{
    "child_model_execute_cost_by_ms": [
        8.131999969482422
    ],
    "child_model_run_time": [
        [
            25821247,
            25829379
        ]
    ],
    "execute_cost": 8.131999969482422,
    "finish_time": 25829386,
    "limit_cost_by_ms": 7.203999996185303,
    "model_name": "squeezenetv1",
    "recv_time": 25789712,
    "tag": "860",
    "total_cost_by_ms": 39.67399978637695,
    "wait_cost": 31.54199981689453
}
