{
    "child_model_execute_cost_by_ms": [
        8.588000297546387
    ],
    "child_model_run_time": [
        [
            9476843,
            9485431
        ]
    ],
    "execute_cost": 8.588000297546387,
    "finish_time": 9485439,
    "limit_cost_by_ms": 7.203999996185303,
    "model_name": "squeezenetv1",
    "recv_time": 9461237,
    "tag": "88",
    "total_cost_by_ms": 24.20199966430664,
    "wait_cost": 15.613999366760254
}
