{
    "child_model_execute_cost_by_ms": [
        8.456000328063965
    ],
    "child_model_run_time": [
        [
            28742289,
            28750745
        ]
    ],
    "execute_cost": 8.456000328063965,
    "finish_time": 28750753,
    "limit_cost_by_ms": 7.147333145141602,
    "model_name": "squeezenetv1",
    "recv_time": 28742186,
    "tag": "982",
    "total_cost_by_ms": 8.567000389099121,
    "wait_cost": 0.11100006103515625
}
