{
    "child_model_execute_cost_by_ms": [
        8.157999992370605
    ],
    "child_model_run_time": [
        [
            28320761,
            28328919
        ]
    ],
    "execute_cost": 8.157999992370605,
    "finish_time": 28328925,
    "limit_cost_by_ms": 7.126999855041504,
    "model_name": "squeezenetv1",
    "recv_time": 28320602,
    "tag": "986",
    "total_cost_by_ms": 8.322999954223633,
    "wait_cost": 0.16499996185302734
}
