{
    "child_model_execute_cost_by_ms": [
        45.87200164794922
    ],
    "child_model_run_time": [
        [
            9694438,
            9740310
        ]
    ],
    "execute_cost": 45.87200164794922,
    "finish_time": 9740317,
    "limit_cost_by_ms": 47.150665283203125,
    "model_name": "vgg19",
    "recv_time": 9681978,
    "tag": "100",
    "total_cost_by_ms": 58.3390007019043,
    "wait_cost": 12.466999053955078
}
