{
    "child_model_execute_cost_by_ms": [
        45.53799819946289
    ],
    "child_model_run_time": [
        [
            28724509,
            28770047
        ]
    ],
    "execute_cost": 45.53799819946289,
    "finish_time": 28770053,
    "limit_cost_by_ms": 47.150665283203125,
    "model_name": "vgg19",
    "recv_time": 28724351,
    "tag": "996",
    "total_cost_by_ms": 45.70199966430664,
    "wait_cost": 0.16400146484375
}
