{
    "child_model_execute_cost_by_ms": [
        20.4950008392334
    ],
    "child_model_run_time": [
        [
            17202164,
            17222659
        ]
    ],
    "execute_cost": 20.4950008392334,
    "finish_time": 17222665,
    "limit_cost_by_ms": 18.945999145507813,
    "model_name": "resnet50",
    "recv_time": 17156152,
    "tag": "380",
    "total_cost_by_ms": 66.51300048828125,
    "wait_cost": 46.01799774169922
}
