{
    "child_model_execute_cost_by_ms": [
        9.413000106811523
    ],
    "child_model_run_time": [
        [
            10151842,
            10161255
        ]
    ],
    "execute_cost": 9.413000106811523,
    "finish_time": 10161259,
    "limit_cost_by_ms": 8.779666900634766,
    "model_name": "googlenet",
    "recv_time": 10151829,
    "tag": "105",
    "total_cost_by_ms": 9.430000305175781,
    "wait_cost": 0.017000198364257813
}
