{
    "child_model_execute_cost_by_ms": [
        10.375
    ],
    "child_model_run_time": [
        [
            8099836,
            8110211
        ]
    ],
    "execute_cost": 10.375,
    "finish_time": 8110217,
    "limit_cost_by_ms": 8.779666900634766,
    "model_name": "googlenet",
    "recv_time": 8099820,
    "tag": "18",
    "total_cost_by_ms": 10.397000312805176,
    "wait_cost": 0.02200031280517578
}
