{
    "child_model_execute_cost_by_ms": [
        25.572999954223633
    ],
    "child_model_run_time": [
        [
            13611554,
            13637127
        ]
    ],
    "execute_cost": 25.572999954223633,
    "finish_time": 13637130,
    "limit_cost_by_ms": 8.841333389282227,
    "model_name": "googlenet",
    "recv_time": 13611395,
    "tag": "242",
    "total_cost_by_ms": 25.735000610351563,
    "wait_cost": 0.1620006561279297
}
