{
    "child_model_execute_cost_by_ms": [
        44.970001220703125
    ],
    "child_model_run_time": [
        [
            15010532,
            15055502
        ]
    ],
    "execute_cost": 44.970001220703125,
    "finish_time": 15055504,
    "limit_cost_by_ms": 47.19333267211914,
    "model_name": "vgg19",
    "recv_time": 15010436,
    "tag": "312",
    "total_cost_by_ms": 45.06800079345703,
    "wait_cost": 0.09799957275390625
}
