{
    "child_model_execute_cost_by_ms": [
        50.310001373291016
    ],
    "child_model_run_time": [
        [
            16590746,
            16641056
        ]
    ],
    "execute_cost": 50.310001373291016,
    "finish_time": 16641059,
    "limit_cost_by_ms": 47.19333267211914,
    "model_name": "vgg19",
    "recv_time": 16590606,
    "tag": "379",
    "total_cost_by_ms": 50.452999114990234,
    "wait_cost": 0.14299774169921875
}
