{
    "child_model_execute_cost_by_ms": [
        65.30899810791016
    ],
    "child_model_run_time": [
        [
            17032392,
            17097701
        ]
    ],
    "execute_cost": 65.30899810791016,
    "finish_time": 17097705,
    "limit_cost_by_ms": 7.070000171661377,
    "model_name": "squeezenetv1",
    "recv_time": 17032219,
    "tag": "398",
    "total_cost_by_ms": 65.48600006103516,
    "wait_cost": 0.177001953125
}
