{
    "child_model_execute_cost_by_ms": [
        57.869998931884766
    ],
    "child_model_run_time": [
        [
            19198506,
            19256376
        ]
    ],
    "execute_cost": 57.869998931884766,
    "finish_time": 19256382,
    "limit_cost_by_ms": 7.070000171661377,
    "model_name": "squeezenetv1",
    "recv_time": 19198487,
    "tag": "488",
    "total_cost_by_ms": 57.89500045776367,
    "wait_cost": 0.02500152587890625
}
