{
    "child_model_execute_cost_by_ms": [
        79.12699890136719
    ],
    "child_model_run_time": [
        [
            20451772,
            20530899
        ]
    ],
    "execute_cost": 79.12699890136719,
    "finish_time": 20530903,
    "limit_cost_by_ms": 19.177000045776367,
    "model_name": "resnet50",
    "recv_time": 20451580,
    "tag": "540",
    "total_cost_by_ms": 79.322998046875,
    "wait_cost": 0.1959991455078125
}
