{
    "child_model_execute_cost_by_ms": [
        15.267999649047852
    ],
    "child_model_run_time": [
        [
            21202071,
            21217339
        ]
    ],
    "execute_cost": 15.267999649047852,
    "finish_time": 21217344,
    "limit_cost_by_ms": 8.779666900634766,
    "model_name": "googlenet",
    "recv_time": 21201961,
    "tag": "570",
    "total_cost_by_ms": 15.383000373840332,
    "wait_cost": 0.11500072479248047
}
