{
    "child_model_execute_cost_by_ms": [
        22.9060001373291
    ],
    "child_model_run_time": [
        [
            22333306,
            22356212
        ]
    ],
    "execute_cost": 22.9060001373291,
    "finish_time": 22356216,
    "limit_cost_by_ms": 7.245333194732666,
    "model_name": "squeezenetv1",
    "recv_time": 22333294,
    "tag": "608",
    "total_cost_by_ms": 22.922000885009766,
    "wait_cost": 0.016000747680664063
}
