{
    "child_model_execute_cost_by_ms": [
        29.240999221801758
    ],
    "child_model_run_time": [
        [
            26831349,
            26860590
        ]
    ],
    "execute_cost": 29.240999221801758,
    "finish_time": 26860595,
    "limit_cost_by_ms": 7.070000171661377,
    "model_name": "squeezenetv1",
    "recv_time": 26831187,
    "tag": "804",
    "total_cost_by_ms": 29.408000946044922,
    "wait_cost": 0.16700172424316406
}
