{
    "child_model_execute_cost_by_ms": [
        45.54499816894531
    ],
    "child_model_run_time": [
        [
            27458876,
            27504421
        ]
    ],
    "execute_cost": 45.54499816894531,
    "finish_time": 27504424,
    "limit_cost_by_ms": 47.19333267211914,
    "model_name": "vgg19",
    "recv_time": 27458716,
    "tag": "830",
    "total_cost_by_ms": 45.70800018310547,
    "wait_cost": 0.16300201416015625
}
