{
    "child_model_execute_cost_by_ms": [
        44.62699890136719
    ],
    "child_model_run_time": [
        [
            28862401,
            28907028
        ]
    ],
    "execute_cost": 44.62699890136719,
    "finish_time": 28907033,
    "limit_cost_by_ms": 47.19333267211914,
    "model_name": "vgg19",
    "recv_time": 28862241,
    "tag": "889",
    "total_cost_by_ms": 44.79199981689453,
    "wait_cost": 0.16500091552734375
}
