{
    "child_model_execute_cost_by_ms": [
        50.19599914550781
    ],
    "child_model_run_time": [
        [
            29756096,
            29806292
        ]
    ],
    "execute_cost": 50.19599914550781,
    "finish_time": 29806294,
    "limit_cost_by_ms": 47.19333267211914,
    "model_name": "vgg19",
    "recv_time": 29755953,
    "tag": "927",
    "total_cost_by_ms": 50.340999603271484,
    "wait_cost": 0.14500045776367188
}
