{
    "child_model_execute_cost_by_ms": [
        8.170000076293945
    ],
    "child_model_run_time": [
        [
            11515698,
            11523868
        ]
    ],
    "execute_cost": 8.170000076293945,
    "finish_time": 11523878,
    "limit_cost_by_ms": 7.228000164031982,
    "model_name": "squeezenetv1",
    "recv_time": 11515524,
    "tag": "195",
    "total_cost_by_ms": 8.354000091552734,
    "wait_cost": 0.18400001525878906
}
