{
    "child_model_execute_cost_by_ms": [
        9.539999961853027
    ],
    "child_model_run_time": [
        [
            11899805,
            11909345
        ]
    ],
    "execute_cost": 9.539999961853027,
    "finish_time": 11909353,
    "limit_cost_by_ms": 8.952333450317383,
    "model_name": "googlenet",
    "recv_time": 11899627,
    "tag": "210",
    "total_cost_by_ms": 9.72599983215332,
    "wait_cost": 0.18599987030029297
}
