{
    "child_model_execute_cost_by_ms": [
        8.003000259399414
    ],
    "child_model_run_time": [
        [
            12022337,
            12030340
        ]
    ],
    "execute_cost": 8.003000259399414,
    "finish_time": 12030346,
    "limit_cost_by_ms": 7.093999862670898,
    "model_name": "squeezenetv1",
    "recv_time": 12022240,
    "tag": "217",
    "total_cost_by_ms": 8.105999946594238,
    "wait_cost": 0.10299968719482422
}
