{
    "child_model_execute_cost_by_ms": [
        9.71500015258789
    ],
    "child_model_run_time": [
        [
            12132903,
            12142618
        ]
    ],
    "execute_cost": 9.71500015258789,
    "finish_time": 12142626,
    "limit_cost_by_ms": 8.92199993133545,
    "model_name": "googlenet",
    "recv_time": 12132774,
    "tag": "226",
    "total_cost_by_ms": 9.85200023651123,
    "wait_cost": 0.13700008392333984
}
