{
    "child_model_execute_cost_by_ms": [
        45.869998931884766
    ],
    "child_model_run_time": [
        [
            13096455,
            13142325
        ]
    ],
    "execute_cost": 45.869998931884766,
    "finish_time": 13142331,
    "limit_cost_by_ms": 47.02299880981445,
    "model_name": "vgg19",
    "recv_time": 13096284,
    "tag": "273",
    "total_cost_by_ms": 46.047000885009766,
    "wait_cost": 0.177001953125
}
