{
    "child_model_execute_cost_by_ms": [
        20.690000534057617
    ],
    "child_model_run_time": [
        [
            8319389,
            8340079
        ]
    ],
    "execute_cost": 20.690000534057617,
    "finish_time": 8340085,
    "limit_cost_by_ms": 19.075666427612305,
    "model_name": "resnet50",
    "recv_time": 8299890,
    "tag": "31",
    "total_cost_by_ms": 40.19499969482422,
    "wait_cost": 19.5049991607666
}
