{
    "child_model_execute_cost_by_ms": [
        9.824000358581543
    ],
    "child_model_run_time": [
        [
            13731675,
            13741499
        ]
    ],
    "execute_cost": 9.824000358581543,
    "finish_time": 13741508,
    "limit_cost_by_ms": 8.92199993133545,
    "model_name": "googlenet",
    "recv_time": 13713812,
    "tag": "308",
    "total_cost_by_ms": 27.695999145507813,
    "wait_cost": 17.871997833251953
}
