{
    "child_model_execute_cost_by_ms": [
        11.015999794006348
    ],
    "child_model_run_time": [
        [
            13903113,
            13914129
        ]
    ],
    "execute_cost": 11.015999794006348,
    "finish_time": 13914141,
    "limit_cost_by_ms": 8.92199993133545,
    "model_name": "googlenet",
    "recv_time": 13886351,
    "tag": "316",
    "total_cost_by_ms": 27.790000915527344,
    "wait_cost": 16.774002075195313
}
