{
    "child_model_execute_cost_by_ms": [
        9.538999557495117
    ],
    "child_model_run_time": [
        [
            14217874,
            14227413
        ]
    ],
    "execute_cost": 9.538999557495117,
    "finish_time": 14227420,
    "limit_cost_by_ms": 8.952333450317383,
    "model_name": "googlenet",
    "recv_time": 14217777,
    "tag": "330",
    "total_cost_by_ms": 9.642999649047852,
    "wait_cost": 0.10400009155273438
}
