{
    "child_model_execute_cost_by_ms": [
        19.09600067138672
    ],
    "child_model_run_time": [
        [
            15102481,
            15121577
        ]
    ],
    "execute_cost": 19.09600067138672,
    "finish_time": 15121583,
    "limit_cost_by_ms": 19.075666427612305,
    "model_name": "resnet50",
    "recv_time": 15102345,
    "tag": "378",
    "total_cost_by_ms": 19.238000869750977,
    "wait_cost": 0.1420001983642578
}
