{
    "child_model_execute_cost_by_ms": [
        8.048999786376953
    ],
    "child_model_run_time": [
        [
            17963657,
            17971706
        ]
    ],
    "execute_cost": 8.048999786376953,
    "finish_time": 17971712,
    "limit_cost_by_ms": 7.228000164031982,
    "model_name": "squeezenetv1",
    "recv_time": 17963480,
    "tag": "523",
    "total_cost_by_ms": 8.232000350952148,
    "wait_cost": 0.1830005645751953
}
