{
    "child_model_execute_cost_by_ms": [
        46.4109992980957
    ],
    "child_model_run_time": [
        [
            8920625,
            8967036
        ]
    ],
    "execute_cost": 46.4109992980957,
    "finish_time": 8967041,
    "limit_cost_by_ms": 47.159332275390625,
    "model_name": "vgg19",
    "recv_time": 8894151,
    "tag": "63",
    "total_cost_by_ms": 72.88999938964844,
    "wait_cost": 26.479000091552734
}
