{
    "child_model_execute_cost_by_ms": [
        9.904999732971191
    ],
    "child_model_run_time": [
        [
            20696906,
            20706811
        ]
    ],
    "execute_cost": 9.904999732971191,
    "finish_time": 20706822,
    "limit_cost_by_ms": 8.92199993133545,
    "model_name": "googlenet",
    "recv_time": 20696781,
    "tag": "661",
    "total_cost_by_ms": 10.041000366210938,
    "wait_cost": 0.1360006332397461
}
