{
    "child_model_execute_cost_by_ms": [
        45.79199981689453
    ],
    "child_model_run_time": [
        [
            22594864,
            22640656
        ]
    ],
    "execute_cost": 45.79199981689453,
    "finish_time": 22640663,
    "limit_cost_by_ms": 47.02299880981445,
    "model_name": "vgg19",
    "recv_time": 22589609,
    "tag": "759",
    "total_cost_by_ms": 51.05400085449219,
    "wait_cost": 5.262001037597656
}
