{
    "child_model_execute_cost_by_ms": [
        8.045000076293945
    ],
    "child_model_run_time": [
        [
            25338827,
            25346872
        ]
    ],
    "execute_cost": 8.045000076293945,
    "finish_time": 25346879,
    "limit_cost_by_ms": 7.228000164031982,
    "model_name": "squeezenetv1",
    "recv_time": 25338650,
    "tag": "896",
    "total_cost_by_ms": 8.229000091552734,
    "wait_cost": 0.18400001525878906
}
