{
    "child_model_execute_cost_by_ms": [
        19.808000564575195
    ],
    "child_model_run_time": [
        [
            25748706,
            25768514
        ]
    ],
    "execute_cost": 19.808000564575195,
    "finish_time": 25768521,
    "limit_cost_by_ms": 19.075666427612305,
    "model_name": "resnet50",
    "recv_time": 25748693,
    "tag": "917",
    "total_cost_by_ms": 19.827999114990234,
    "wait_cost": 0.019998550415039063
}
