{
    "child_model_execute_cost_by_ms": [
        9.826000213623047
    ],
    "child_model_run_time": [
        [
            25797148,
            25806974
        ]
    ],
    "execute_cost": 9.826000213623047,
    "finish_time": 25806983,
    "limit_cost_by_ms": 8.92199993133545,
    "model_name": "googlenet",
    "recv_time": 25779418,
    "tag": "920",
    "total_cost_by_ms": 27.565000534057617,
    "wait_cost": 17.73900032043457
}
