{
    "child_model_execute_cost_by_ms": [
        19.263999938964844
    ],
    "child_model_run_time": [
        [
            26181511,
            26200775
        ]
    ],
    "execute_cost": 19.263999938964844,
    "finish_time": 26200784,
    "limit_cost_by_ms": 19.075666427612305,
    "model_name": "resnet50",
    "recv_time": 26181411,
    "tag": "939",
    "total_cost_by_ms": 19.37299919128418,
    "wait_cost": 0.10899925231933594
}
