{
    "child_model_execute_cost_by_ms": [
        19.599000930786133
    ],
    "child_model_run_time": [
        [
            27128654,
            27148253
        ]
    ],
    "execute_cost": 19.599000930786133,
    "finish_time": 27148263,
    "limit_cost_by_ms": 19.075666427612305,
    "model_name": "resnet50",
    "recv_time": 27128484,
    "tag": "987",
    "total_cost_by_ms": 19.77899932861328,
    "wait_cost": 0.17999839782714844
}
