{
    "child_model_execute_cost_by_ms": [
        14.538999557495117,
        8.543000221252441
    ],
    "child_model_run_time": [
        [
            14897804,
            14912343
        ],
        [
            14912425,
            14920968
        ]
    ],
    "execute_cost": 23.082000732421875,
    "finish_time": 14920977,
    "limit_cost_by_ms": 18.569665908813477,
    "model_name": "resnet50",
    "recv_time": 14897631,
    "tag": "290",
    "total_cost_by_ms": 23.34600067138672,
    "wait_cost": 0.26399993896484375
}
