{
    "child_model_execute_cost_by_ms": [
        15.1899995803833,
        9.151000022888184
    ],
    "child_model_run_time": [
        [
            21331927,
            21347117
        ],
        [
            21347218,
            21356369
        ]
    ],
    "execute_cost": 24.340999603271484,
    "finish_time": 21356376,
    "limit_cost_by_ms": 18.569665908813477,
    "model_name": "resnet50",
    "recv_time": 21331810,
    "tag": "552",
    "total_cost_by_ms": 24.56599998474121,
    "wait_cost": 0.22500038146972656
}
