{
    "child_model_execute_cost_by_ms": [
        15.189000129699707,
        8.532999992370605
    ],
    "child_model_run_time": [
        [
            32013804,
            32028993
        ],
        [
            32029109,
            32037642
        ]
    ],
    "execute_cost": 23.722000122070313,
    "finish_time": 32037647,
    "limit_cost_by_ms": 18.569665908813477,
    "model_name": "resnet50",
    "recv_time": 32013787,
    "tag": "985",
    "total_cost_by_ms": 23.860000610351563,
    "wait_cost": 0.13800048828125
}
