{
    "child_model_execute_cost_by_ms": [
        9.26200008392334
    ],
    "child_model_run_time": [
        [
            10003080,
            10012342
        ]
    ],
    "execute_cost": 9.26200008392334,
    "finish_time": 10012349,
    "limit_cost_by_ms": 8.604666709899902,
    "model_name": "googlenet",
    "recv_time": 10003067,
    "tag": "102",
    "total_cost_by_ms": 9.281999588012695,
    "wait_cost": 0.01999950408935547
}
