{
    "child_model_execute_cost_by_ms": [
        8.032999992370605
    ],
    "child_model_run_time": [
        [
            10579629,
            10587662
        ]
    ],
    "execute_cost": 8.032999992370605,
    "finish_time": 10587674,
    "limit_cost_by_ms": 6.980666637420654,
    "model_name": "squeezenetv1",
    "recv_time": 10579465,
    "tag": "131",
    "total_cost_by_ms": 8.208999633789063,
    "wait_cost": 0.17599964141845703
}
