{
    "child_model_execute_cost_by_ms": [
        18.371999740600586,
        16.481000900268555,
        18.52899932861328
    ],
    "child_model_run_time": [
        [
            10587770,
            10606142
        ],
        [
            10606182,
            10622663
        ],
        [
            10622753,
            10641282
        ]
    ],
    "execute_cost": 53.38199996948242,
    "finish_time": 10641286,
    "limit_cost_by_ms": 44.45199966430664,
    "model_name": "vgg19",
    "recv_time": 10584512,
    "tag": "132",
    "total_cost_by_ms": 56.77399826049805,
    "wait_cost": 3.391998291015625
}
