{
    "child_model_execute_cost_by_ms": [
        18.489999771118164,
        16.482999801635742,
        18.517000198364258
    ],
    "child_model_run_time": [
        [
            12210964,
            12229454
        ],
        [
            12229563,
            12246046
        ],
        [
            12246136,
            12264653
        ]
    ],
    "execute_cost": 53.48999786376953,
    "finish_time": 12264658,
    "limit_cost_by_ms": 44.45199966430664,
    "model_name": "vgg19",
    "recv_time": 12210845,
    "tag": "200",
    "total_cost_by_ms": 53.8129997253418,
    "wait_cost": 0.3230018615722656
}
