{
    "child_model_execute_cost_by_ms": [
        8.199999809265137
    ],
    "child_model_run_time": [
        [
            12480489,
            12488689
        ]
    ],
    "execute_cost": 8.199999809265137,
    "finish_time": 12488701,
    "limit_cost_by_ms": 6.980666637420654,
    "model_name": "squeezenetv1",
    "recv_time": 12480317,
    "tag": "210",
    "total_cost_by_ms": 8.383999824523926,
    "wait_cost": 0.18400001525878906
}
