{
    "child_model_execute_cost_by_ms": [
        8.260000228881836
    ],
    "child_model_run_time": [
        [
            13546373,
            13554633
        ]
    ],
    "execute_cost": 8.260000228881836,
    "finish_time": 13554639,
    "limit_cost_by_ms": 6.980666637420654,
    "model_name": "squeezenetv1",
    "recv_time": 13538018,
    "tag": "254",
    "total_cost_by_ms": 16.621000289916992,
    "wait_cost": 8.361000061035156
}
