{
    "child_model_execute_cost_by_ms": [
        18.452999114990234,
        18.131999969482422,
        18.93600082397461
    ],
    "child_model_run_time": [
        [
            13950542,
            13968995
        ],
        [
            14001029,
            14019161
        ],
        [
            14019248,
            14038184
        ]
    ],
    "execute_cost": 55.520999908447266,
    "finish_time": 14038190,
    "limit_cost_by_ms": 44.45199966430664,
    "model_name": "vgg19",
    "recv_time": 13950394,
    "tag": "272",
    "total_cost_by_ms": 87.7959976196289,
    "wait_cost": 32.27499771118164
}
