{
    "child_model_execute_cost_by_ms": [
        9.477999687194824
    ],
    "child_model_run_time": [
        [
            15928175,
            15937653
        ]
    ],
    "execute_cost": 9.477999687194824,
    "finish_time": 15937660,
    "limit_cost_by_ms": 8.604666709899902,
    "model_name": "googlenet",
    "recv_time": 15928045,
    "tag": "347",
    "total_cost_by_ms": 9.614999771118164,
    "wait_cost": 0.13700008392333984
}
