{
    "child_model_execute_cost_by_ms": [
        8.11400032043457
    ],
    "child_model_run_time": [
        [
            16163710,
            16171824
        ]
    ],
    "execute_cost": 8.11400032043457,
    "finish_time": 16171829,
    "limit_cost_by_ms": 6.980666637420654,
    "model_name": "squeezenetv1",
    "recv_time": 16163582,
    "tag": "363",
    "total_cost_by_ms": 8.246999740600586,
    "wait_cost": 0.13299942016601563
}
