{
    "child_model_execute_cost_by_ms": [
        7.926000118255615
    ],
    "child_model_run_time": [
        [
            16561980,
            16569906
        ]
    ],
    "execute_cost": 7.926000118255615,
    "finish_time": 16569912,
    "limit_cost_by_ms": 6.980666637420654,
    "model_name": "squeezenetv1",
    "recv_time": 16561818,
    "tag": "380",
    "total_cost_by_ms": 8.093999862670898,
    "wait_cost": 0.1679997444152832
}
