{
    "child_model_execute_cost_by_ms": [
        7.9710001945495605
    ],
    "child_model_run_time": [
        [
            8506913,
            8514884
        ]
    ],
    "execute_cost": 7.9710001945495605,
    "finish_time": 8514898,
    "limit_cost_by_ms": 6.980666637420654,
    "model_name": "squeezenetv1",
    "recv_time": 8495181,
    "tag": "44",
    "total_cost_by_ms": 19.716999053955078,
    "wait_cost": 11.74599838256836
}
