{
    "child_model_execute_cost_by_ms": [
        14.206000328063965,
        8.26099967956543
    ],
    "child_model_run_time": [
        [
            8823611,
            8837817
        ],
        [
            8837864,
            8846125
        ]
    ],
    "execute_cost": 22.466999053955078,
    "finish_time": 8846131,
    "limit_cost_by_ms": 18.496665954589844,
    "model_name": "resnet50",
    "recv_time": 8823440,
    "tag": "54",
    "total_cost_by_ms": 22.69099998474121,
    "wait_cost": 0.2240009307861328
}
