{
    "child_model_execute_cost_by_ms": [
        14.545000076293945,
        8.612000465393066
    ],
    "child_model_run_time": [
        [
            24831988,
            24846533
        ],
        [
            24846626,
            24855238
        ]
    ],
    "execute_cost": 23.157001495361328,
    "finish_time": 24855243,
    "limit_cost_by_ms": 18.496665954589844,
    "model_name": "resnet50",
    "recv_time": 24831885,
    "tag": "713",
    "total_cost_by_ms": 23.357999801635742,
    "wait_cost": 0.20099830627441406
}
