{
    "child_model_execute_cost_by_ms": [
        18.441999435424805,
        16.8439998626709,
        19.312000274658203
    ],
    "child_model_run_time": [
        [
            26132874,
            26151316
        ],
        [
            26151406,
            26168250
        ],
        [
            26168267,
            26187579
        ]
    ],
    "execute_cost": 54.597999572753906,
    "finish_time": 26187586,
    "limit_cost_by_ms": 45.477664947509766,
    "model_name": "vgg19",
    "recv_time": 26121340,
    "tag": "766",
    "total_cost_by_ms": 66.24600219726563,
    "wait_cost": 11.648002624511719
}
