{
    "child_model_execute_cost_by_ms": [
        19.0049991607666,
        16.8439998626709,
        19.22100067138672
    ],
    "child_model_run_time": [
        [
            27409726,
            27428731
        ],
        [
            27428818,
            27445662
        ],
        [
            27445698,
            27464919
        ]
    ],
    "execute_cost": 55.06999969482422,
    "finish_time": 27464923,
    "limit_cost_by_ms": 45.477664947509766,
    "model_name": "vgg19",
    "recv_time": 27409555,
    "tag": "818",
    "total_cost_by_ms": 55.36800003051758,
    "wait_cost": 0.2980003356933594
}
