{
    "child_model_execute_cost_by_ms": [
        18.305999755859375,
        16.239999771118164,
        18.68600082397461
    ],
    "child_model_run_time": [
        [
            27959216,
            27977522
        ],
        [
            27977559,
            27993799
        ],
        [
            27993839,
            28012525
        ]
    ],
    "execute_cost": 53.231998443603516,
    "finish_time": 28012529,
    "limit_cost_by_ms": 44.45199966430664,
    "model_name": "vgg19",
    "recv_time": 27959076,
    "tag": "852",
    "total_cost_by_ms": 53.452999114990234,
    "wait_cost": 0.22100067138671875
}
