{
    "child_model_execute_cost_by_ms": [
        9.204000473022461
    ],
    "child_model_run_time": [
        [
            28485425,
            28494629
        ]
    ],
    "execute_cost": 9.204000473022461,
    "finish_time": 28494635,
    "limit_cost_by_ms": 8.604666709899902,
    "model_name": "googlenet",
    "recv_time": 28485414,
    "tag": "862",
    "total_cost_by_ms": 9.220999717712402,
    "wait_cost": 0.016999244689941406
}
