{
    "child_model_execute_cost_by_ms": [
        14.57699966430664,
        8.711000442504883
    ],
    "child_model_run_time": [
        [
            28760805,
            28775382
        ],
        [
            28775477,
            28784188
        ]
    ],
    "execute_cost": 23.288000106811523,
    "finish_time": 28784195,
    "limit_cost_by_ms": 18.496665954589844,
    "model_name": "resnet50",
    "recv_time": 28760630,
    "tag": "873",
    "total_cost_by_ms": 23.565000534057617,
    "wait_cost": 0.27700042724609375
}
