{
    "child_model_execute_cost_by_ms": [
        9.175999641418457
    ],
    "child_model_run_time": [
        [
            31071480,
            31080656
        ]
    ],
    "execute_cost": 9.175999641418457,
    "finish_time": 31080660,
    "limit_cost_by_ms": 8.453666687011719,
    "model_name": "googlenet",
    "recv_time": 31071470,
    "tag": "979",
    "total_cost_by_ms": 9.1899995803833,
    "wait_cost": 0.01399993896484375
}
