{
    "child_model_execute_cost_by_ms": [
        18.716999053955078,
        16.832000732421875,
        19.042999267578125
    ],
    "child_model_run_time": [
        [
            9923872,
            9942589
        ],
        [
            9942624,
            9959456
        ],
        [
            9959482,
            9978525
        ]
    ],
    "execute_cost": 54.59199905395508,
    "finish_time": 9978532,
    "limit_cost_by_ms": 45.477664947509766,
    "model_name": "vgg19",
    "recv_time": 9909642,
    "tag": "100",
    "total_cost_by_ms": 68.88999938964844,
    "wait_cost": 14.29800033569336
}
