{
    "child_model_execute_cost_by_ms": [
        43.96699905395508
    ],
    "child_model_run_time": [
        [
            16875712,
            16919679
        ]
    ],
    "execute_cost": 43.96699905395508,
    "finish_time": 16919683,
    "limit_cost_by_ms": 47.255001068115234,
    "model_name": "vgg19",
    "recv_time": 16875699,
    "tag": "395",
    "total_cost_by_ms": 43.98400115966797,
    "wait_cost": 0.017002105712890625
}
