{
    "child_model_execute_cost_by_ms": [
        17.475000381469727
    ],
    "child_model_run_time": [
        [
            9198415,
            9215890
        ]
    ],
    "execute_cost": 17.475000381469727,
    "finish_time": 9215894,
    "limit_cost_by_ms": 7.244333267211914,
    "model_name": "squeezenetv1",
    "recv_time": 9198320,
    "tag": "58",
    "total_cost_by_ms": 17.573999404907227,
    "wait_cost": 0.0989990234375
}
