{
    "child_model_execute_cost_by_ms": [
        8.104000091552734
    ],
    "child_model_run_time": [
        [
            8622461,
            8630565
        ]
    ],
    "execute_cost": 8.104000091552734,
    "finish_time": 8630571,
    "limit_cost_by_ms": 7.223333358764648,
    "model_name": "squeezenetv1",
    "recv_time": 8622293,
    "tag": "38",
    "total_cost_by_ms": 8.277999877929688,
    "wait_cost": 0.17399978637695313
}
