{
    "child_model_execute_cost_by_ms": [
        8.043000221252441
    ],
    "child_model_run_time": [
        [
            15885566,
            15893609
        ]
    ],
    "execute_cost": 8.043000221252441,
    "finish_time": 15893621,
    "limit_cost_by_ms": 7.223333358764648,
    "model_name": "squeezenetv1",
    "recv_time": 15875056,
    "tag": "387",
    "total_cost_by_ms": 18.565000534057617,
    "wait_cost": 10.522000312805176
}
