{
    "child_model_execute_cost_by_ms": [
        8.008999824523926
    ],
    "child_model_run_time": [
        [
            28471394,
            28479403
        ]
    ],
    "execute_cost": 8.008999824523926,
    "finish_time": 28479416,
    "limit_cost_by_ms": 7.223333358764648,
    "model_name": "squeezenetv1",
    "recv_time": 28458646,
    "tag": "979",
    "total_cost_by_ms": 20.770000457763672,
    "wait_cost": 12.761000633239746
}
