{
    "child_model_execute_cost_by_ms": [
        10.282999992370605
    ],
    "child_model_run_time": [
        [
            11015282,
            11025565
        ]
    ],
    "execute_cost": 10.282999992370605,
    "finish_time": 11025568,
    "limit_cost_by_ms": 8.810333251953125,
    "model_name": "googlenet",
    "recv_time": 10968309,
    "tag": "159",
    "total_cost_by_ms": 57.25899887084961,
    "wait_cost": 46.97599792480469
}
