{
    "child_model_execute_cost_by_ms": [
        9.552000045776367
    ],
    "child_model_run_time": [
        [
            12116986,
            12126538
        ]
    ],
    "execute_cost": 9.552000045776367,
    "finish_time": 12126542,
    "limit_cost_by_ms": 8.810333251953125,
    "model_name": "googlenet",
    "recv_time": 12116980,
    "tag": "216",
    "total_cost_by_ms": 9.562000274658203,
    "wait_cost": 0.010000228881835938
}
