{
    "child_model_execute_cost_by_ms": [
        20.190000534057617
    ],
    "child_model_run_time": [
        [
            13038067,
            13058257
        ]
    ],
    "execute_cost": 20.190000534057617,
    "finish_time": 13058264,
    "limit_cost_by_ms": 19.3439998626709,
    "model_name": "resnet50",
    "recv_time": 13037900,
    "tag": "263",
    "total_cost_by_ms": 20.36400032043457,
    "wait_cost": 0.17399978637695313
}
