{
    "child_model_execute_cost_by_ms": [
        20.593000411987305
    ],
    "child_model_run_time": [
        [
            14424310,
            14444903
        ]
    ],
    "execute_cost": 20.593000411987305,
    "finish_time": 14444911,
    "limit_cost_by_ms": 19.3439998626709,
    "model_name": "resnet50",
    "recv_time": 14414997,
    "tag": "334",
    "total_cost_by_ms": 29.913999557495117,
    "wait_cost": 9.320999145507813
}
