{
    "child_model_execute_cost_by_ms": [
        21.433000564575195
    ],
    "child_model_run_time": [
        [
            16531928,
            16553361
        ]
    ],
    "execute_cost": 21.433000564575195,
    "finish_time": 16553370,
    "limit_cost_by_ms": 19.3439998626709,
    "model_name": "resnet50",
    "recv_time": 16487284,
    "tag": "439",
    "total_cost_by_ms": 66.08599853515625,
    "wait_cost": 44.65299987792969
}
