{
    "child_model_execute_cost_by_ms": [
        10.628999710083008
    ],
    "child_model_run_time": [
        [
            9027359,
            9037988
        ]
    ],
    "execute_cost": 10.628999710083008,
    "finish_time": 9038000,
    "limit_cost_by_ms": 8.810333251953125,
    "model_name": "googlenet",
    "recv_time": 9027225,
    "tag": "58",
    "total_cost_by_ms": 10.774999618530273,
    "wait_cost": 0.14599990844726563
}
