{
    "child_model_execute_cost_by_ms": [
        19.604999542236328
    ],
    "child_model_run_time": [
        [
            22356453,
            22376058
        ]
    ],
    "execute_cost": 19.604999542236328,
    "finish_time": 22376068,
    "limit_cost_by_ms": 19.3439998626709,
    "model_name": "resnet50",
    "recv_time": 22356289,
    "tag": "732",
    "total_cost_by_ms": 19.77899932861328,
    "wait_cost": 0.17399978637695313
}
