{
    "child_model_execute_cost_by_ms": [
        10.633000373840332
    ],
    "child_model_run_time": [
        [
            14049498,
            14060131
        ]
    ],
    "execute_cost": 10.633000373840332,
    "finish_time": 14060138,
    "limit_cost_by_ms": 8.727999687194824,
    "model_name": "googlenet",
    "recv_time": 14049377,
    "tag": "325",
    "total_cost_by_ms": 10.76099967956543,
    "wait_cost": 0.12799930572509766
}
