{
    "child_model_execute_cost_by_ms": [
        10.116000175476074
    ],
    "child_model_run_time": [
        [
            9778692,
            9788808
        ]
    ],
    "execute_cost": 10.116000175476074,
    "finish_time": 9788816,
    "limit_cost_by_ms": 8.896333694458008,
    "model_name": "googlenet",
    "recv_time": 9778525,
    "tag": "64",
    "total_cost_by_ms": 10.291000366210938,
    "wait_cost": 0.17500019073486328
}
