{
    "child_model_execute_cost_by_ms": [
        48.5260009765625
    ],
    "child_model_run_time": [
        [
            25427120,
            25475646
        ]
    ],
    "execute_cost": 48.5260009765625,
    "finish_time": 25475652,
    "limit_cost_by_ms": 46.58266830444336,
    "model_name": "vgg19",
    "recv_time": 25427104,
    "tag": "729",
    "total_cost_by_ms": 48.54800033569336,
    "wait_cost": 0.021999359130859375
}
