{
    "child_model_execute_cost_by_ms": [
        10.057999610900879
    ],
    "child_model_run_time": [
        [
            29888702,
            29898760
        ]
    ],
    "execute_cost": 10.057999610900879,
    "finish_time": 29898765,
    "limit_cost_by_ms": 8.896333694458008,
    "model_name": "googlenet",
    "recv_time": 29888695,
    "tag": "918",
    "total_cost_by_ms": 10.069999694824219,
    "wait_cost": 0.012000083923339844
}
