{
    "child_model_execute_cost_by_ms": [
        9.105999946594238
    ],
    "child_model_run_time": [
        [
            31206946,
            31216052
        ]
    ],
    "execute_cost": 9.105999946594238,
    "finish_time": 31216057,
    "limit_cost_by_ms": 8.896333694458008,
    "model_name": "googlenet",
    "recv_time": 31206938,
    "tag": "975",
    "total_cost_by_ms": 9.119000434875488,
    "wait_cost": 0.01300048828125
}
