{
    "child_model_execute_cost_by_ms": [
        43.75
    ],
    "child_model_run_time": [
        [
            30646027,
            30689777
        ]
    ],
    "execute_cost": 43.75,
    "finish_time": 30689784,
    "limit_cost_by_ms": 44.468666076660156,
    "model_name": "vgg19",
    "recv_time": 30646016,
    "tag": "987",
    "total_cost_by_ms": 43.768001556396484,
    "wait_cost": 0.018001556396484375
}
