{
    "child_model_execute_cost_by_ms": [
        9.305999755859375
    ],
    "child_model_run_time": [
        [
            8752629,
            8761935
        ]
    ],
    "execute_cost": 9.305999755859375,
    "finish_time": 8761948,
    "limit_cost_by_ms": 7.529666900634766,
    "model_name": "squeezenetv1",
    "recv_time": 8706827,
    "tag": "29",
    "total_cost_by_ms": 55.12099838256836,
    "wait_cost": 45.814998626708984
}
