{
    "child_model_execute_cost_by_ms": [
        10.916000366210938
    ],
    "child_model_run_time": [
        [
            22793706,
            22804622
        ]
    ],
    "execute_cost": 10.916000366210938,
    "finish_time": 22804632,
    "limit_cost_by_ms": 9.215332984924316,
    "model_name": "googlenet",
    "recv_time": 22771816,
    "tag": "612",
    "total_cost_by_ms": 32.816001892089844,
    "wait_cost": 21.900001525878906
}
