{
    "child_model_execute_cost_by_ms": [
        10.701000213623047
    ],
    "child_model_run_time": [
        [
            8052290,
            8062991
        ]
    ],
    "execute_cost": 10.701000213623047,
    "finish_time": 8063003,
    "limit_cost_by_ms": 8.685999870300293,
    "model_name": "googlenet",
    "recv_time": 7986810,
    "tag": "11",
    "total_cost_by_ms": 76.19300079345703,
    "wait_cost": 65.49200439453125
}
