{
    "child_model_execute_cost_by_ms": [
        17.204999923706055,
        16.44499969482422,
        20.18199920654297
    ],
    "child_model_run_time": [
        [
            12266525,
            12283730
        ],
        [
            12283817,
            12300262
        ],
        [
            12310132,
            12330314
        ]
    ],
    "execute_cost": 53.832000732421875,
    "finish_time": 12330318,
    "limit_cost_by_ms": 47.12900161743164,
    "model_name": "vgg19",
    "recv_time": 12266516,
    "tag": "166",
    "total_cost_by_ms": 63.801998138427734,
    "wait_cost": 9.96999740600586
}
