{
    "child_model_execute_cost_by_ms": [
        15.33899974822998,
        9.03600025177002
    ],
    "child_model_run_time": [
        [
            17264189,
            17279528
        ],
        [
            17279578,
            17288614
        ]
    ],
    "execute_cost": 24.375,
    "finish_time": 17288619,
    "limit_cost_by_ms": 18.875333786010742,
    "model_name": "resnet50",
    "recv_time": 17264056,
    "tag": "353",
    "total_cost_by_ms": 24.562999725341797,
    "wait_cost": 0.18799972534179688
}
