{
    "child_model_execute_cost_by_ms": [
        18.878000259399414,
        18.656999588012695,
        20.722999572753906
    ],
    "child_model_run_time": [
        [
            18892061,
            18910939
        ],
        [
            18921343,
            18940000
        ],
        [
            18940087,
            18960810
        ]
    ],
    "execute_cost": 58.257999420166016,
    "finish_time": 18960815,
    "limit_cost_by_ms": 47.12900161743164,
    "model_name": "vgg19",
    "recv_time": 18891896,
    "tag": "412",
    "total_cost_by_ms": 68.91899871826172,
    "wait_cost": 10.660999298095703
}
