{
    "child_model_execute_cost_by_ms": [
        19.08799934387207,
        17.833999633789063,
        20.261999130249023
    ],
    "child_model_run_time": [
        [
            32825268,
            32844356
        ],
        [
            32844444,
            32862278
        ],
        [
            32862310,
            32882572
        ]
    ],
    "execute_cost": 57.183998107910156,
    "finish_time": 32882576,
    "limit_cost_by_ms": 47.12900161743164,
    "model_name": "vgg19",
    "recv_time": 32819603,
    "tag": "918",
    "total_cost_by_ms": 62.972999572753906,
    "wait_cost": 5.78900146484375
}
