{
    "child_model_execute_cost_by_ms": [
        7.632999897003174
    ],
    "child_model_run_time": [
        [
            32948896,
            32956529
        ]
    ],
    "execute_cost": 7.632999897003174,
    "finish_time": 32956534,
    "limit_cost_by_ms": 7.291333198547363,
    "model_name": "squeezenetv1",
    "recv_time": 32948890,
    "tag": "921",
    "total_cost_by_ms": 7.644000053405762,
    "wait_cost": 0.01100015640258789
}
