{
    "child_model_execute_cost_by_ms": [
        9.800000190734863
    ],
    "child_model_run_time": [
        [
            10108056,
            10117856
        ]
    ],
    "execute_cost": 9.800000190734863,
    "finish_time": 10117865,
    "limit_cost_by_ms": 8.623332977294922,
    "model_name": "googlenet",
    "recv_time": 10108044,
    "tag": "126",
    "total_cost_by_ms": 9.821000099182129,
    "wait_cost": 0.020999908447265625
}
