{
    "child_model_execute_cost_by_ms": [
        9.715999603271484
    ],
    "child_model_run_time": [
        [
            12561696,
            12571412
        ]
    ],
    "execute_cost": 9.715999603271484,
    "finish_time": 12571420,
    "limit_cost_by_ms": 8.623332977294922,
    "model_name": "googlenet",
    "recv_time": 12561516,
    "tag": "243",
    "total_cost_by_ms": 9.904000282287598,
    "wait_cost": 0.18800067901611328
}
