{
    "child_model_execute_cost_by_ms": [
        9.697999954223633
    ],
    "child_model_run_time": [
        [
            13072313,
            13082011
        ]
    ],
    "execute_cost": 9.697999954223633,
    "finish_time": 13082019,
    "limit_cost_by_ms": 8.623332977294922,
    "model_name": "googlenet",
    "recv_time": 13072206,
    "tag": "267",
    "total_cost_by_ms": 9.812999725341797,
    "wait_cost": 0.11499977111816406
}
