{
    "child_model_execute_cost_by_ms": [
        8.20199966430664
    ],
    "child_model_run_time": [
        [
            13527785,
            13535987
        ]
    ],
    "execute_cost": 8.20199966430664,
    "finish_time": 13535996,
    "limit_cost_by_ms": 7.121666431427002,
    "model_name": "squeezenetv1",
    "recv_time": 13523970,
    "tag": "289",
    "total_cost_by_ms": 12.026000022888184,
    "wait_cost": 3.824000358581543
}
