{
    "child_model_execute_cost_by_ms": [
        7.9019999504089355
    ],
    "child_model_run_time": [
        [
            14500050,
            14507952
        ]
    ],
    "execute_cost": 7.9019999504089355,
    "finish_time": 14507957,
    "limit_cost_by_ms": 7.122666835784912,
    "model_name": "squeezenetv1",
    "recv_time": 14499899,
    "tag": "329",
    "total_cost_by_ms": 8.057999610900879,
    "wait_cost": 0.15599966049194336
}
