{
    "child_model_execute_cost_by_ms": [
        44.79899978637695
    ],
    "child_model_run_time": [
        [
            14840977,
            14885776
        ]
    ],
    "execute_cost": 44.79899978637695,
    "finish_time": 14885780,
    "limit_cost_by_ms": 45.841331481933594,
    "model_name": "vgg19",
    "recv_time": 14840804,
    "tag": "346",
    "total_cost_by_ms": 44.97600173950195,
    "wait_cost": 0.177001953125
}
