{
    "child_model_execute_cost_by_ms": [
        20.226999282836914
    ],
    "child_model_run_time": [
        [
            16354255,
            16374482
        ]
    ],
    "execute_cost": 20.226999282836914,
    "finish_time": 16374491,
    "limit_cost_by_ms": 18.3973331451416,
    "model_name": "resnet50",
    "recv_time": 16354227,
    "tag": "417",
    "total_cost_by_ms": 20.263999938964844,
    "wait_cost": 0.03700065612792969
}
