{
    "child_model_execute_cost_by_ms": [
        46.57400131225586
    ],
    "child_model_run_time": [
        [
            18079059,
            18125633
        ]
    ],
    "execute_cost": 46.57400131225586,
    "finish_time": 18125639,
    "limit_cost_by_ms": 45.841331481933594,
    "model_name": "vgg19",
    "recv_time": 18062532,
    "tag": "498",
    "total_cost_by_ms": 63.106998443603516,
    "wait_cost": 16.532997131347656
}
