{
    "child_model_execute_cost_by_ms": [
        9.111000061035156
    ],
    "child_model_run_time": [
        [
            19297525,
            19306636
        ]
    ],
    "execute_cost": 9.111000061035156,
    "finish_time": 19306642,
    "limit_cost_by_ms": 8.577666282653809,
    "model_name": "googlenet",
    "recv_time": 19297440,
    "tag": "555",
    "total_cost_by_ms": 9.20199966430664,
    "wait_cost": 0.09099960327148438
}
