{
    "child_model_execute_cost_by_ms": [
        18.41900062561035
    ],
    "child_model_run_time": [
        [
            19927781,
            19946200
        ]
    ],
    "execute_cost": 18.41900062561035,
    "finish_time": 19946208,
    "limit_cost_by_ms": 18.72833251953125,
    "model_name": "resnet50",
    "recv_time": 19927673,
    "tag": "592",
    "total_cost_by_ms": 18.53499984741211,
    "wait_cost": 0.11599922180175781
}
