{
    "child_model_execute_cost_by_ms": [
        9.987000465393066
    ],
    "child_model_run_time": [
        [
            20912226,
            20922213
        ]
    ],
    "execute_cost": 9.987000465393066,
    "finish_time": 20922221,
    "limit_cost_by_ms": 8.577666282653809,
    "model_name": "googlenet",
    "recv_time": 20898536,
    "tag": "632",
    "total_cost_by_ms": 23.684999465942383,
    "wait_cost": 13.697999000549316
}
