{
    "child_model_execute_cost_by_ms": [
        20.195999145507813
    ],
    "child_model_run_time": [
        [
            21076611,
            21096807
        ]
    ],
    "execute_cost": 20.195999145507813,
    "finish_time": 21096814,
    "limit_cost_by_ms": 18.72833251953125,
    "model_name": "resnet50",
    "recv_time": 21029978,
    "tag": "645",
    "total_cost_by_ms": 66.83599853515625,
    "wait_cost": 46.63999938964844
}
