{
    "child_model_execute_cost_by_ms": [
        46.78900146484375
    ],
    "child_model_run_time": [
        [
            23045205,
            23091994
        ]
    ],
    "execute_cost": 46.78900146484375,
    "finish_time": 23091999,
    "limit_cost_by_ms": 45.841331481933594,
    "model_name": "vgg19",
    "recv_time": 23045037,
    "tag": "734",
    "total_cost_by_ms": 46.96200180053711,
    "wait_cost": 0.17300033569335938
}
