{
    "child_model_execute_cost_by_ms": [
        45.78200149536133
    ],
    "child_model_run_time": [
        [
            23237244,
            23283026
        ]
    ],
    "execute_cost": 45.78200149536133,
    "finish_time": 23283031,
    "limit_cost_by_ms": 46.51133346557617,
    "model_name": "vgg19",
    "recv_time": 23224984,
    "tag": "750",
    "total_cost_by_ms": 58.047000885009766,
    "wait_cost": 12.264999389648438
}
