{
    "child_model_execute_cost_by_ms": [
        8.336999893188477
    ],
    "child_model_run_time": [
        [
            24066576,
            24074913
        ]
    ],
    "execute_cost": 8.336999893188477,
    "finish_time": 24074919,
    "limit_cost_by_ms": 7.122666835784912,
    "model_name": "squeezenetv1",
    "recv_time": 24066344,
    "tag": "780",
    "total_cost_by_ms": 8.574999809265137,
    "wait_cost": 0.23799991607666016
}
