{
    "child_model_execute_cost_by_ms": [
        45.16600036621094
    ],
    "child_model_run_time": [
        [
            25895712,
            25940878
        ]
    ],
    "execute_cost": 45.16600036621094,
    "finish_time": 25940886,
    "limit_cost_by_ms": 45.841331481933594,
    "model_name": "vgg19",
    "recv_time": 25895611,
    "tag": "866",
    "total_cost_by_ms": 45.275001525878906,
    "wait_cost": 0.10900115966796875
}
