{
    "child_model_execute_cost_by_ms": [
        44.80099868774414
    ],
    "child_model_run_time": [
        [
            27254771,
            27299572
        ]
    ],
    "execute_cost": 44.80099868774414,
    "finish_time": 27299579,
    "limit_cost_by_ms": 45.841331481933594,
    "model_name": "vgg19",
    "recv_time": 27254670,
    "tag": "932",
    "total_cost_by_ms": 44.909000396728516,
    "wait_cost": 0.108001708984375
}
