{
    "child_model_execute_cost_by_ms": [
        7.74399995803833
    ],
    "child_model_run_time": [
        [
            27155207,
            27162951
        ]
    ],
    "execute_cost": 7.74399995803833,
    "finish_time": 27162957,
    "limit_cost_by_ms": 7.121666431427002,
    "model_name": "squeezenetv1",
    "recv_time": 27155201,
    "tag": "934",
    "total_cost_by_ms": 7.75600004196167,
    "wait_cost": 0.012000083923339844
}
