{
    "child_model_execute_cost_by_ms": [
        8.413000106811523
    ],
    "child_model_run_time": [
        [
            28518307,
            28526720
        ]
    ],
    "execute_cost": 8.413000106811523,
    "finish_time": 28526726,
    "limit_cost_by_ms": 7.122666835784912,
    "model_name": "squeezenetv1",
    "recv_time": 28518209,
    "tag": "990",
    "total_cost_by_ms": 8.517000198364258,
    "wait_cost": 0.10400009155273438
}
