{
    "child_model_execute_cost_by_ms": [
        60.047000885009766
    ],
    "child_model_run_time": [
        [
            22950125,
            23010172
        ]
    ],
    "execute_cost": 60.047000885009766,
    "finish_time": 23010175,
    "limit_cost_by_ms": 47.29033279418945,
    "model_name": "vgg19",
    "recv_time": 22949963,
    "tag": "649",
    "total_cost_by_ms": 60.21200180053711,
    "wait_cost": 0.16500091552734375
}
