{
    "child_model_execute_cost_by_ms": [
        8.236000061035156
    ],
    "child_model_run_time": [
        [
            23768937,
            23777173
        ]
    ],
    "execute_cost": 8.236000061035156,
    "finish_time": 23777177,
    "limit_cost_by_ms": 7.184333324432373,
    "model_name": "squeezenetv1",
    "recv_time": 23768888,
    "tag": "683",
    "total_cost_by_ms": 8.288999557495117,
    "wait_cost": 0.05299949645996094
}
