{
    "child_model_execute_cost_by_ms": [
        14.21399974822998,
        13.506999969482422
    ],
    "child_model_run_time": [
        [
            21319852,
            21334066
        ],
        [
            21334091,
            21347598
        ]
    ],
    "execute_cost": 27.72100067138672,
    "finish_time": 21347603,
    "limit_cost_by_ms": 18.803667068481445,
    "model_name": "resnet50",
    "recv_time": 21277632,
    "tag": "132",
    "total_cost_by_ms": 69.97100067138672,
    "wait_cost": 42.25
}
