{
    "child_model_execute_cost_by_ms": [
        18.92099952697754,
        18.867000579833984,
        21.483999252319336
    ],
    "child_model_run_time": [
        [
            23383939,
            23402860
        ],
        [
            23402893,
            23421760
        ],
        [
            23430964,
            23452448
        ]
    ],
    "execute_cost": 59.272003173828125,
    "finish_time": 23452450,
    "limit_cost_by_ms": 46.05799865722656,
    "model_name": "vgg19",
    "recv_time": 23353468,
    "tag": "217",
    "total_cost_by_ms": 98.98200225830078,
    "wait_cost": 39.709999084472656
}
