{
    "child_model_execute_cost_by_ms": [
        6.935999870300293
    ],
    "child_model_run_time": [
        [
            24858967,
            24865903
        ]
    ],
    "execute_cost": 6.935999870300293,
    "finish_time": 24865912,
    "limit_cost_by_ms": 5.987333297729492,
    "model_name": "yolov2",
    "recv_time": 24853207,
    "tag": "283",
    "total_cost_by_ms": 12.704999923706055,
    "wait_cost": 5.769000053405762
}
