{
    "child_model_execute_cost_by_ms": [
        14.119000434875488
    ],
    "child_model_run_time": [
        [
            26649504,
            26663623
        ]
    ],
    "execute_cost": 14.119000434875488,
    "finish_time": 26663631,
    "limit_cost_by_ms": 6.933333396911621,
    "model_name": "gpt128v2",
    "recv_time": 26629115,
    "tag": "356",
    "total_cost_by_ms": 34.51599884033203,
    "wait_cost": 20.39699935913086
}
