{
    "child_model_execute_cost_by_ms": [
        6.551000118255615
    ],
    "child_model_run_time": [
        [
            19197586,
            19204137
        ]
    ],
    "execute_cost": 6.551000118255615,
    "finish_time": 19204146,
    "limit_cost_by_ms": 5.987333297729492,
    "model_name": "yolov2",
    "recv_time": 19179444,
    "tag": "41",
    "total_cost_by_ms": 24.70199966430664,
    "wait_cost": 18.150999069213867
}
