{
    "child_model_execute_cost_by_ms": [
        21.364999771118164,
        19.020999908447266,
        21.64299964904785
    ],
    "child_model_run_time": [
        [
            27846014,
            27867379
        ],
        [
            27877708,
            27896729
        ],
        [
            27925597,
            27947240
        ]
    ],
    "execute_cost": 62.02899932861328,
    "finish_time": 27947247,
    "limit_cost_by_ms": 46.05799865722656,
    "model_name": "vgg19",
    "recv_time": 27783607,
    "tag": "404",
    "total_cost_by_ms": 163.63999938964844,
    "wait_cost": 101.61100006103516
}
