{
    "child_model_execute_cost_by_ms": [
        9.901000022888184
    ],
    "child_model_run_time": [
        [
            31167295,
            31177196
        ]
    ],
    "execute_cost": 9.901000022888184,
    "finish_time": 31177199,
    "limit_cost_by_ms": 8.907333374023438,
    "model_name": "googlenet",
    "recv_time": 31147815,
    "tag": "544",
    "total_cost_by_ms": 29.384000778198242,
    "wait_cost": 19.483001708984375
}
