{
    "child_model_execute_cost_by_ms": [
        17.451000213623047,
        18.156999588012695,
        19.642000198364258
    ],
    "child_model_run_time": [
        [
            37076506,
            37093957
        ],
        [
            37093986,
            37112143
        ],
        [
            37173173,
            37192815
        ]
    ],
    "execute_cost": 55.25,
    "finish_time": 37192819,
    "limit_cost_by_ms": 46.05799865722656,
    "model_name": "vgg19",
    "recv_time": 37045180,
    "tag": "806",
    "total_cost_by_ms": 147.63900756835938,
    "wait_cost": 92.38900756835938
}
