{
    "child_model_execute_cost_by_ms": [
        18.476999282836914,
        19.924999237060547,
        20.363000869750977
    ],
    "child_model_run_time": [
        [
            40109952,
            40128429
        ],
        [
            40128472,
            40148397
        ],
        [
            40210219,
            40230582
        ]
    ],
    "execute_cost": 58.76499938964844,
    "finish_time": 40230585,
    "limit_cost_by_ms": 46.05799865722656,
    "model_name": "vgg19",
    "recv_time": 40109899,
    "tag": "936",
    "total_cost_by_ms": 120.68599700927734,
    "wait_cost": 61.920997619628906
}
