{
    "child_model_execute_cost_by_ms": [
        8.416999816894531
    ],
    "child_model_run_time": [
        [
            29335768,
            29344185
        ]
    ],
    "execute_cost": 8.416999816894531,
    "finish_time": 29344192,
    "limit_cost_by_ms": 7.132333278656006,
    "model_name": "squeezenetv1",
    "recv_time": 29315229,
    "tag": "876",
    "total_cost_by_ms": 28.96299934387207,
    "wait_cost": 20.54599952697754
}
