{
    "child_model_execute_cost_by_ms": [
        19.023000717163086
    ],
    "child_model_run_time": [
        [
            10140186,
            10159209
        ]
    ],
    "execute_cost": 19.023000717163086,
    "finish_time": 10159213,
    "limit_cost_by_ms": 18.760665893554688,
    "model_name": "resnet50",
    "recv_time": 10140030,
    "tag": "110",
    "total_cost_by_ms": 19.183000564575195,
    "wait_cost": 0.15999984741210938
}
