{
    "child_model_execute_cost_by_ms": [
        30.816999435424805
    ],
    "child_model_run_time": [
        [
            10304044,
            10334861
        ]
    ],
    "execute_cost": 30.816999435424805,
    "finish_time": 10334863,
    "limit_cost_by_ms": 8.732000350952148,
    "model_name": "googlenet",
    "recv_time": 10303874,
    "tag": "117",
    "total_cost_by_ms": 30.98900032043457,
    "wait_cost": 0.17200088500976563
}
