{
    "child_model_execute_cost_by_ms": [
        24.624000549316406
    ],
    "child_model_run_time": [
        [
            12978072,
            13002696
        ]
    ],
    "execute_cost": 24.624000549316406,
    "finish_time": 13002697,
    "limit_cost_by_ms": 18.838666915893555,
    "model_name": "resnet50",
    "recv_time": 12977919,
    "tag": "245",
    "total_cost_by_ms": 24.777999877929688,
    "wait_cost": 0.15399932861328125
}
