{
    "child_model_execute_cost_by_ms": [
        28.20199966430664
    ],
    "child_model_run_time": [
        [
            12999121,
            13027323
        ]
    ],
    "execute_cost": 28.20199966430664,
    "finish_time": 13027325,
    "limit_cost_by_ms": 8.623666763305664,
    "model_name": "googlenet",
    "recv_time": 12998942,
    "tag": "247",
    "total_cost_by_ms": 28.382999420166016,
    "wait_cost": 0.180999755859375
}
