{
    "child_model_execute_cost_by_ms": [
        12.717000007629395
    ],
    "child_model_run_time": [
        [
            14356944,
            14369661
        ]
    ],
    "execute_cost": 12.717000007629395,
    "finish_time": 14369665,
    "limit_cost_by_ms": 7.033666610717773,
    "model_name": "squeezenetv1",
    "recv_time": 14356935,
    "tag": "299",
    "total_cost_by_ms": 12.729999542236328,
    "wait_cost": 0.012999534606933594
}
