{
    "child_model_execute_cost_by_ms": [
        66.63400268554688
    ],
    "child_model_run_time": [
        [
            14264782,
            14331416
        ]
    ],
    "execute_cost": 66.63400268554688,
    "finish_time": 14331418,
    "limit_cost_by_ms": 18.838666915893555,
    "model_name": "resnet50",
    "recv_time": 14264628,
    "tag": "304",
    "total_cost_by_ms": 66.79000091552734,
    "wait_cost": 0.15599822998046875
}
