{
    "child_model_execute_cost_by_ms": [
        27.638999938964844
    ],
    "child_model_run_time": [
        [
            14876156,
            14903795
        ]
    ],
    "execute_cost": 27.638999938964844,
    "finish_time": 14903799,
    "limit_cost_by_ms": 7.033666610717773,
    "model_name": "squeezenetv1",
    "recv_time": 14876068,
    "tag": "323",
    "total_cost_by_ms": 27.731000900268555,
    "wait_cost": 0.09200096130371094
}
