{
    "child_model_execute_cost_by_ms": [
        10.298999786376953
    ],
    "child_model_run_time": [
        [
            16733122,
            16743421
        ]
    ],
    "execute_cost": 10.298999786376953,
    "finish_time": 16743426,
    "limit_cost_by_ms": 8.623666763305664,
    "model_name": "googlenet",
    "recv_time": 16732941,
    "tag": "415",
    "total_cost_by_ms": 10.484999656677246,
    "wait_cost": 0.18599987030029297
}
