{
    "child_model_execute_cost_by_ms": [
        30.96500015258789
    ],
    "child_model_run_time": [
        [
            17773613,
            17804578
        ]
    ],
    "execute_cost": 30.96500015258789,
    "finish_time": 17804582,
    "limit_cost_by_ms": 8.880999565124512,
    "model_name": "googlenet",
    "recv_time": 17773601,
    "tag": "440",
    "total_cost_by_ms": 30.981000900268555,
    "wait_cost": 0.016000747680664063
}
