{
    "child_model_execute_cost_by_ms": [
        8.317999839782715
    ],
    "child_model_run_time": [
        [
            17516896,
            17525214
        ]
    ],
    "execute_cost": 8.317999839782715,
    "finish_time": 17525218,
    "limit_cost_by_ms": 7.119333267211914,
    "model_name": "squeezenetv1",
    "recv_time": 17516805,
    "tag": "450",
    "total_cost_by_ms": 8.413000106811523,
    "wait_cost": 0.0950002670288086
}
