{
    "child_model_execute_cost_by_ms": [
        59.05699920654297
    ],
    "child_model_run_time": [
        [
            8516452,
            8575509
        ]
    ],
    "execute_cost": 59.05699920654297,
    "finish_time": 8575514,
    "limit_cost_by_ms": 8.623666763305664,
    "model_name": "googlenet",
    "recv_time": 8516363,
    "tag": "46",
    "total_cost_by_ms": 59.1510009765625,
    "wait_cost": 0.09400177001953125
}
