{
    "child_model_execute_cost_by_ms": [
        44.888999938964844
    ],
    "child_model_run_time": [
        [
            18625703,
            18670592
        ]
    ],
    "execute_cost": 44.888999938964844,
    "finish_time": 18670594,
    "limit_cost_by_ms": 46.76766586303711,
    "model_name": "vgg19",
    "recv_time": 18625577,
    "tag": "501",
    "total_cost_by_ms": 45.016998291015625,
    "wait_cost": 0.12799835205078125
}
