{
    "child_model_execute_cost_by_ms": [
        31.33300018310547
    ],
    "child_model_run_time": [
        [
            19927335,
            19958668
        ]
    ],
    "execute_cost": 31.33300018310547,
    "finish_time": 19958670,
    "limit_cost_by_ms": 18.96299934387207,
    "model_name": "resnet50",
    "recv_time": 19927139,
    "tag": "535",
    "total_cost_by_ms": 31.5310001373291,
    "wait_cost": 0.1979999542236328
}
