{
    "child_model_execute_cost_by_ms": [
        70.61199951171875
    ],
    "child_model_run_time": [
        [
            8879858,
            8950470
        ]
    ],
    "execute_cost": 70.61199951171875,
    "finish_time": 8950474,
    "limit_cost_by_ms": 8.623666763305664,
    "model_name": "googlenet",
    "recv_time": 8879771,
    "tag": "62",
    "total_cost_by_ms": 70.7030029296875,
    "wait_cost": 0.09100341796875
}
