{
    "child_model_execute_cost_by_ms": [
        51.358001708984375
    ],
    "child_model_run_time": [
        [
            21921766,
            21973124
        ]
    ],
    "execute_cost": 51.358001708984375,
    "finish_time": 21973129,
    "limit_cost_by_ms": 7.033666610717773,
    "model_name": "squeezenetv1",
    "recv_time": 21921610,
    "tag": "644",
    "total_cost_by_ms": 51.51900100708008,
    "wait_cost": 0.16099929809570313
}
