{
    "child_model_execute_cost_by_ms": [
        69.8499984741211
    ],
    "child_model_run_time": [
        [
            22137517,
            22207367
        ]
    ],
    "execute_cost": 69.8499984741211,
    "finish_time": 22207370,
    "limit_cost_by_ms": 7.119333267211914,
    "model_name": "squeezenetv1",
    "recv_time": 22137428,
    "tag": "660",
    "total_cost_by_ms": 69.94200134277344,
    "wait_cost": 0.09200286865234375
}
