{
    "child_model_execute_cost_by_ms": [
        86.43299865722656
    ],
    "child_model_run_time": [
        [
            22332110,
            22418543
        ]
    ],
    "execute_cost": 86.43299865722656,
    "finish_time": 22418548,
    "limit_cost_by_ms": 18.838666915893555,
    "model_name": "resnet50",
    "recv_time": 22332098,
    "tag": "667",
    "total_cost_by_ms": 86.44999694824219,
    "wait_cost": 0.016998291015625
}
