{
    "child_model_execute_cost_by_ms": [
        69.6989974975586
    ],
    "child_model_run_time": [
        [
            22712452,
            22782151
        ]
    ],
    "execute_cost": 69.6989974975586,
    "finish_time": 22782156,
    "limit_cost_by_ms": 18.838666915893555,
    "model_name": "resnet50",
    "recv_time": 22712308,
    "tag": "684",
    "total_cost_by_ms": 69.8479995727539,
    "wait_cost": 0.1490020751953125
}
