{
    "child_model_execute_cost_by_ms": [
        45.145999908447266
    ],
    "child_model_run_time": [
        [
            22791531,
            22836677
        ]
    ],
    "execute_cost": 45.145999908447266,
    "finish_time": 22836679,
    "limit_cost_by_ms": 46.76766586303711,
    "model_name": "vgg19",
    "recv_time": 22791394,
    "tag": "687",
    "total_cost_by_ms": 45.28499984741211,
    "wait_cost": 0.13899993896484375
}
