{
    "child_model_execute_cost_by_ms": [
        45.292999267578125
    ],
    "child_model_run_time": [
        [
            23058523,
            23103816
        ]
    ],
    "execute_cost": 45.292999267578125,
    "finish_time": 23103818,
    "limit_cost_by_ms": 46.76766586303711,
    "model_name": "vgg19",
    "recv_time": 23058507,
    "tag": "699",
    "total_cost_by_ms": 45.31100082397461,
    "wait_cost": 0.018001556396484375
}
