{
    "child_model_execute_cost_by_ms": [
        29.871000289916992
    ],
    "child_model_run_time": [
        [
            24824965,
            24854836
        ]
    ],
    "execute_cost": 29.871000289916992,
    "finish_time": 24854840,
    "limit_cost_by_ms": 7.033666610717773,
    "model_name": "squeezenetv1",
    "recv_time": 24824953,
    "tag": "771",
    "total_cost_by_ms": 29.886999130249023,
    "wait_cost": 0.01599884033203125
}
