{
    "child_model_execute_cost_by_ms": [
        67.5510025024414
    ],
    "child_model_run_time": [
        [
            9433300,
            9500851
        ]
    ],
    "execute_cost": 67.5510025024414,
    "finish_time": 9500855,
    "limit_cost_by_ms": 8.623666763305664,
    "model_name": "googlenet",
    "recv_time": 9433147,
    "tag": "86",
    "total_cost_by_ms": 67.70800018310547,
    "wait_cost": 0.1569976806640625
}
