{
    "child_model_execute_cost_by_ms": [
        43.82500076293945
    ],
    "child_model_run_time": [
        [
            28029399,
            28073224
        ]
    ],
    "execute_cost": 43.82500076293945,
    "finish_time": 28073232,
    "limit_cost_by_ms": 47.27466583251953,
    "model_name": "vgg19",
    "recv_time": 28029257,
    "tag": "873",
    "total_cost_by_ms": 43.974998474121094,
    "wait_cost": 0.14999771118164063
}
