{
    "child_model_execute_cost_by_ms": [
        14.86400032043457,
        8.982999801635742
    ],
    "child_model_run_time": [
        [
            17430464,
            17445328
        ],
        [
            17445425,
            17454408
        ]
    ],
    "execute_cost": 23.847000122070313,
    "finish_time": 17454415,
    "limit_cost_by_ms": 18.88599967956543,
    "model_name": "resnet50",
    "recv_time": 17430298,
    "tag": "420",
    "total_cost_by_ms": 24.117000579833984,
    "wait_cost": 0.2700004577636719
}
