{
    "child_model_execute_cost_by_ms": [
        46.45600128173828
    ],
    "child_model_run_time": [
        [
            12428177,
            12474633
        ]
    ],
    "execute_cost": 46.45600128173828,
    "finish_time": 12474639,
    "limit_cost_by_ms": 46.78533172607422,
    "model_name": "vgg19",
    "recv_time": 12428116,
    "tag": "229",
    "total_cost_by_ms": 46.52299880981445,
    "wait_cost": 0.06699752807617188
}
