{
    "child_model_execute_cost_by_ms": [
        8.522000312805176
    ],
    "child_model_run_time": [
        [
            17283935,
            17292457
        ]
    ],
    "execute_cost": 8.522000312805176,
    "finish_time": 17292463,
    "limit_cost_by_ms": 7.166333198547363,
    "model_name": "squeezenetv1",
    "recv_time": 17283817,
    "tag": "472",
    "total_cost_by_ms": 8.645999908447266,
    "wait_cost": 0.12399959564208984
}
