{
    "child_model_execute_cost_by_ms": [
        10.001999855041504
    ],
    "child_model_run_time": [
        [
            19153320,
            19163322
        ]
    ],
    "execute_cost": 10.001999855041504,
    "finish_time": 19163327,
    "limit_cost_by_ms": 8.723333358764648,
    "model_name": "googlenet",
    "recv_time": 19153149,
    "tag": "564",
    "total_cost_by_ms": 10.178000450134277,
    "wait_cost": 0.17600059509277344
}
