{
    "child_model_execute_cost_by_ms": [
        44.0369987487793
    ],
    "child_model_run_time": [
        [
            20101081,
            20145118
        ]
    ],
    "execute_cost": 44.0369987487793,
    "finish_time": 20145123,
    "limit_cost_by_ms": 46.55933380126953,
    "model_name": "vgg19",
    "recv_time": 20100989,
    "tag": "524",
    "total_cost_by_ms": 44.13399887084961,
    "wait_cost": 0.0970001220703125
}
