{
    "child_model_execute_cost_by_ms": [
        10.550999641418457
    ],
    "child_model_run_time": [
        [
            23499686,
            23510237
        ]
    ],
    "execute_cost": 10.550999641418457,
    "finish_time": 23510243,
    "limit_cost_by_ms": 8.635000228881836,
    "model_name": "googlenet",
    "recv_time": 23499524,
    "tag": "668",
    "total_cost_by_ms": 10.718999862670898,
    "wait_cost": 0.1680002212524414
}
