{
    "child_model_execute_cost_by_ms": [
        18.934999465942383,
        18.916000366210938,
        20.19499969482422
    ],
    "child_model_run_time": [
        [
            29739432,
            29758367
        ],
        [
            29782844,
            29801760
        ],
        [
            29801845,
            29822040
        ]
    ],
    "execute_cost": 58.045997619628906,
    "finish_time": 29822043,
    "limit_cost_by_ms": 47.05500030517578,
    "model_name": "vgg19",
    "recv_time": 29739255,
    "tag": "943",
    "total_cost_by_ms": 82.78800201416016,
    "wait_cost": 24.74200439453125
}
