{
    "child_model_execute_cost_by_ms": [
        18.80500030517578,
        17.284000396728516,
        19.577999114990234
    ],
    "child_model_run_time": [
        [
            15858692,
            15877497
        ],
        [
            15885872,
            15903156
        ],
        [
            15903189,
            15922767
        ]
    ],
    "execute_cost": 55.66699981689453,
    "finish_time": 15922772,
    "limit_cost_by_ms": 46.051998138427734,
    "model_name": "vgg19",
    "recv_time": 15858576,
    "tag": "324",
    "total_cost_by_ms": 64.19599914550781,
    "wait_cost": 8.528999328613281
}
