{
    "child_model_execute_cost_by_ms": [
        8.095000267028809
    ],
    "child_model_run_time": [
        [
            19062799,
            19070894
        ]
    ],
    "execute_cost": 8.095000267028809,
    "finish_time": 19070904,
    "limit_cost_by_ms": 7.171666622161865,
    "model_name": "squeezenetv1",
    "recv_time": 19057306,
    "tag": "454",
    "total_cost_by_ms": 13.597999572753906,
    "wait_cost": 5.502999305725098
}
