{
    "child_model_execute_cost_by_ms": [
        15.34000015258789,
        9.392999649047852
    ],
    "child_model_run_time": [
        [
            24847973,
            24863313
        ],
        [
            24863409,
            24872802
        ]
    ],
    "execute_cost": 24.732999801635742,
    "finish_time": 24872808,
    "limit_cost_by_ms": 18.68433380126953,
    "model_name": "resnet50",
    "recv_time": 24847880,
    "tag": "689",
    "total_cost_by_ms": 24.92799949645996,
    "wait_cost": 0.19499969482421875
}
