{
    "child_model_execute_cost_by_ms": [
        43.992000579833984
    ],
    "child_model_run_time": [
        [
            8289961,
            8333953
        ]
    ],
    "execute_cost": 43.992000579833984,
    "finish_time": 8333957,
    "limit_cost_by_ms": 47.490333557128906,
    "model_name": "vgg19",
    "recv_time": 8289950,
    "tag": "28",
    "total_cost_by_ms": 44.00699996948242,
    "wait_cost": 0.0149993896484375
}
