{
    "child_model_execute_cost_by_ms": [
        44.17900085449219
    ],
    "child_model_run_time": [
        [
            18817545,
            18861724
        ]
    ],
    "execute_cost": 44.17900085449219,
    "finish_time": 18861727,
    "limit_cost_by_ms": 47.490333557128906,
    "model_name": "vgg19",
    "recv_time": 18817435,
    "tag": "473",
    "total_cost_by_ms": 44.29199981689453,
    "wait_cost": 0.11299896240234375
}
