{
    "child_model_execute_cost_by_ms": [
        61.974998474121094
    ],
    "child_model_run_time": [
        [
            19436343,
            19498318
        ]
    ],
    "execute_cost": 61.974998474121094,
    "finish_time": 19498323,
    "limit_cost_by_ms": 8.83899974822998,
    "model_name": "googlenet",
    "recv_time": 19436187,
    "tag": "499",
    "total_cost_by_ms": 62.13600158691406,
    "wait_cost": 0.16100311279296875
}
