{
    "child_model_execute_cost_by_ms": [
        19.093000411987305
    ],
    "child_model_run_time": [
        [
            19640990,
            19660083
        ]
    ],
    "execute_cost": 19.093000411987305,
    "finish_time": 19660089,
    "limit_cost_by_ms": 19.159334182739258,
    "model_name": "resnet50",
    "recv_time": 19640978,
    "tag": "507",
    "total_cost_by_ms": 19.111000061035156,
    "wait_cost": 0.017999649047851563
}
