{
    "child_model_execute_cost_by_ms": [
        75.5989990234375
    ],
    "child_model_run_time": [
        [
            27015405,
            27091004
        ]
    ],
    "execute_cost": 75.5989990234375,
    "finish_time": 27091006,
    "limit_cost_by_ms": 8.83899974822998,
    "model_name": "googlenet",
    "recv_time": 27015238,
    "tag": "818",
    "total_cost_by_ms": 75.76799774169922,
    "wait_cost": 0.16899871826171875
}
