{
    "child_model_execute_cost_by_ms": [
        29.538000106811523
    ],
    "child_model_run_time": [
        [
            28433319,
            28462857
        ]
    ],
    "execute_cost": 29.538000106811523,
    "finish_time": 28462861,
    "limit_cost_by_ms": 8.83899974822998,
    "model_name": "googlenet",
    "recv_time": 28433228,
    "tag": "878",
    "total_cost_by_ms": 29.632999420166016,
    "wait_cost": 0.09499931335449219
}
