{
    "child_model_execute_cost_by_ms": [
        56.67399978637695
    ],
    "child_model_run_time": [
        [
            29160372,
            29217046
        ]
    ],
    "execute_cost": 56.67399978637695,
    "finish_time": 29217049,
    "limit_cost_by_ms": 47.490333557128906,
    "model_name": "vgg19",
    "recv_time": 29160212,
    "tag": "909",
    "total_cost_by_ms": 56.83700180053711,
    "wait_cost": 0.16300201416015625
}
