{
    "child_model_execute_cost_by_ms": [
        9.243000030517578
    ],
    "child_model_run_time": [
        [
            29369715,
            29378958
        ]
    ],
    "execute_cost": 9.243000030517578,
    "finish_time": 29378962,
    "limit_cost_by_ms": 8.83899974822998,
    "model_name": "googlenet",
    "recv_time": 29369552,
    "tag": "917",
    "total_cost_by_ms": 9.40999984741211,
    "wait_cost": 0.16699981689453125
}
