{
    "child_model_execute_cost_by_ms": [
        10.427000045776367
    ],
    "child_model_run_time": [
        [
            14968148,
            14978575
        ]
    ],
    "execute_cost": 10.427000045776367,
    "finish_time": 14978581,
    "limit_cost_by_ms": 8.859333038330078,
    "model_name": "googlenet",
    "recv_time": 14950436,
    "tag": "346",
    "total_cost_by_ms": 28.145000457763672,
    "wait_cost": 17.718000411987305
}
