{
    "child_model_execute_cost_by_ms": [
        9.717000007629395
    ],
    "child_model_run_time": [
        [
            19473852,
            19483569
        ]
    ],
    "execute_cost": 9.717000007629395,
    "finish_time": 19483580,
    "limit_cost_by_ms": 8.859333038330078,
    "model_name": "googlenet",
    "recv_time": 19465455,
    "tag": "558",
    "total_cost_by_ms": 18.125,
    "wait_cost": 8.407999992370605
}
