{
    "child_model_execute_cost_by_ms": [
        19.520000457763672,
        19.086000442504883,
        20.78499984741211
    ],
    "child_model_run_time": [
        [
            20249753,
            20269273
        ],
        [
            20278141,
            20297227
        ],
        [
            20307648,
            20328433
        ]
    ],
    "execute_cost": 59.3910026550293,
    "finish_time": 20328441,
    "limit_cost_by_ms": 47.223331451416016,
    "model_name": "vgg19",
    "recv_time": 20249585,
    "tag": "594",
    "total_cost_by_ms": 78.85600280761719,
    "wait_cost": 19.46500015258789
}
