{
    "child_model_execute_cost_by_ms": [
        8.182000160217285
    ],
    "child_model_run_time": [
        [
            26128246,
            26136428
        ]
    ],
    "execute_cost": 8.182000160217285,
    "finish_time": 26136441,
    "limit_cost_by_ms": 7.345333099365234,
    "model_name": "squeezenetv1",
    "recv_time": 26123552,
    "tag": "868",
    "total_cost_by_ms": 12.888999938964844,
    "wait_cost": 4.706999778747559
}
