{
    "child_model_execute_cost_by_ms": [
        9.607000350952148
    ],
    "child_model_run_time": [
        [
            10969582,
            10979189
        ]
    ],
    "execute_cost": 9.607000350952148,
    "finish_time": 10979195,
    "limit_cost_by_ms": 8.73466682434082,
    "model_name": "googlenet",
    "recv_time": 10969565,
    "tag": "158",
    "total_cost_by_ms": 9.630000114440918,
    "wait_cost": 0.02299976348876953
}
