{
    "child_model_execute_cost_by_ms": [
        19.094999313354492
    ],
    "child_model_run_time": [
        [
            12100469,
            12119564
        ]
    ],
    "execute_cost": 19.094999313354492,
    "finish_time": 12119570,
    "limit_cost_by_ms": 18.902334213256836,
    "model_name": "resnet50",
    "recv_time": 12100304,
    "tag": "215",
    "total_cost_by_ms": 19.266000747680664,
    "wait_cost": 0.17100143432617188
}
