{
    "child_model_execute_cost_by_ms": [
        19.413000106811523
    ],
    "child_model_run_time": [
        [
            13074440,
            13093853
        ]
    ],
    "execute_cost": 19.413000106811523,
    "finish_time": 13093858,
    "limit_cost_by_ms": 7.118333339691162,
    "model_name": "squeezenetv1",
    "recv_time": 13074235,
    "tag": "264",
    "total_cost_by_ms": 19.62299919128418,
    "wait_cost": 0.20999908447265625
}
