{
    "child_model_execute_cost_by_ms": [
        63.04600143432617
    ],
    "child_model_run_time": [
        [
            13336182,
            13399228
        ]
    ],
    "execute_cost": 63.04600143432617,
    "finish_time": 13399232,
    "limit_cost_by_ms": 18.902334213256836,
    "model_name": "resnet50",
    "recv_time": 13336005,
    "tag": "279",
    "total_cost_by_ms": 63.22700119018555,
    "wait_cost": 0.180999755859375
}
