{
    "child_model_execute_cost_by_ms": [
        52.59400177001953
    ],
    "child_model_run_time": [
        [
            15064255,
            15116849
        ]
    ],
    "execute_cost": 52.59400177001953,
    "finish_time": 15116853,
    "limit_cost_by_ms": 7.118333339691162,
    "model_name": "squeezenetv1",
    "recv_time": 15064178,
    "tag": "363",
    "total_cost_by_ms": 52.67499923706055,
    "wait_cost": 0.08099746704101563
}
