{
    "child_model_execute_cost_by_ms": [
        18.865999221801758
    ],
    "child_model_run_time": [
        [
            19636602,
            19655468
        ]
    ],
    "execute_cost": 18.865999221801758,
    "finish_time": 19655473,
    "limit_cost_by_ms": 18.902334213256836,
    "model_name": "resnet50",
    "recv_time": 19636526,
    "tag": "592",
    "total_cost_by_ms": 18.94700050354004,
    "wait_cost": 0.08100128173828125
}
