{
    "child_model_execute_cost_by_ms": [
        44.637001037597656
    ],
    "child_model_run_time": [
        [
            19717698,
            19762335
        ]
    ],
    "execute_cost": 44.637001037597656,
    "finish_time": 19762338,
    "limit_cost_by_ms": 46.990665435791016,
    "model_name": "vgg19",
    "recv_time": 19717525,
    "tag": "593",
    "total_cost_by_ms": 44.8129997253418,
    "wait_cost": 0.17599868774414063
}
