{
    "child_model_execute_cost_by_ms": [
        47.130001068115234
    ],
    "child_model_run_time": [
        [
            20262317,
            20309447
        ]
    ],
    "execute_cost": 47.130001068115234,
    "finish_time": 20309451,
    "limit_cost_by_ms": 7.0923333168029785,
    "model_name": "squeezenetv1",
    "recv_time": 20262202,
    "tag": "620",
    "total_cost_by_ms": 47.249000549316406,
    "wait_cost": 0.11899948120117188
}
