{
    "child_model_execute_cost_by_ms": [
        18.655000686645508
    ],
    "child_model_run_time": [
        [
            21958861,
            21977516
        ]
    ],
    "execute_cost": 18.655000686645508,
    "finish_time": 21977520,
    "limit_cost_by_ms": 18.902334213256836,
    "model_name": "resnet50",
    "recv_time": 21958710,
    "tag": "707",
    "total_cost_by_ms": 18.809999465942383,
    "wait_cost": 0.154998779296875
}
