{
    "child_model_execute_cost_by_ms": [
        66.08100128173828
    ],
    "child_model_run_time": [
        [
            22526289,
            22592370
        ]
    ],
    "execute_cost": 66.08100128173828,
    "finish_time": 22592373,
    "limit_cost_by_ms": 18.981332778930664,
    "model_name": "resnet50",
    "recv_time": 22526272,
    "tag": "732",
    "total_cost_by_ms": 66.10099792480469,
    "wait_cost": 0.01999664306640625
}
