{
    "child_model_execute_cost_by_ms": [
        19.267000198364258
    ],
    "child_model_run_time": [
        [
            23691016,
            23710283
        ]
    ],
    "execute_cost": 19.267000198364258,
    "finish_time": 23710287,
    "limit_cost_by_ms": 18.902334213256836,
    "model_name": "resnet50",
    "recv_time": 23690859,
    "tag": "795",
    "total_cost_by_ms": 19.42799949645996,
    "wait_cost": 0.16099929809570313
}
