{
    "child_model_execute_cost_by_ms": [
        48.525001525878906
    ],
    "child_model_run_time": [
        [
            26008673,
            26057198
        ]
    ],
    "execute_cost": 48.525001525878906,
    "finish_time": 26057202,
    "limit_cost_by_ms": 18.902334213256836,
    "model_name": "resnet50",
    "recv_time": 26008663,
    "tag": "911",
    "total_cost_by_ms": 48.53900146484375,
    "wait_cost": 0.01399993896484375
}
