{
    "child_model_execute_cost_by_ms": [
        17.93000030517578
    ],
    "child_model_run_time": [
        [
            26192919,
            26210849
        ]
    ],
    "execute_cost": 17.93000030517578,
    "finish_time": 26210855,
    "limit_cost_by_ms": 8.73466682434082,
    "model_name": "googlenet",
    "recv_time": 26192816,
    "tag": "920",
    "total_cost_by_ms": 18.038999557495117,
    "wait_cost": 0.10899925231933594
}
