{
    "child_model_execute_cost_by_ms": [
        13.98799991607666,
        8.444000244140625
    ],
    "child_model_run_time": [
        [
            20393342,
            20407330
        ],
        [
            20407366,
            20415810
        ]
    ],
    "execute_cost": 22.43199920654297,
    "finish_time": 20415814,
    "limit_cost_by_ms": 18.928667068481445,
    "model_name": "resnet50",
    "recv_time": 20377142,
    "tag": "523",
    "total_cost_by_ms": 38.672000885009766,
    "wait_cost": 16.240001678466797
}
