{
    "child_model_execute_cost_by_ms": [
        10.260000228881836
    ],
    "child_model_run_time": [
        [
            8001855,
            8012115
        ]
    ],
    "execute_cost": 10.260000228881836,
    "finish_time": 8012126,
    "limit_cost_by_ms": 8.854999542236328,
    "model_name": "googlenet",
    "recv_time": 7988387,
    "tag": "10",
    "total_cost_by_ms": 23.73900032043457,
    "wait_cost": 13.479000091552734
}
