{
    "child_model_execute_cost_by_ms": [
        9.067000389099121
    ],
    "child_model_run_time": [
        [
            29904742,
            29913809
        ]
    ],
    "execute_cost": 9.067000389099121,
    "finish_time": 29913823,
    "limit_cost_by_ms": 7.303333282470703,
    "model_name": "squeezenetv1",
    "recv_time": 29889692,
    "tag": "919",
    "total_cost_by_ms": 24.131000518798828,
    "wait_cost": 15.064000129699707
}
