{
    "child_model_execute_cost_by_ms": [
        87.2040023803711
    ],
    "child_model_run_time": [
        [
            11941379,
            12028583
        ]
    ],
    "execute_cost": 87.2040023803711,
    "finish_time": 12028588,
    "limit_cost_by_ms": 8.865666389465332,
    "model_name": "googlenet",
    "recv_time": 11941220,
    "tag": "163",
    "total_cost_by_ms": 87.36799621582031,
    "wait_cost": 0.16399383544921875
}
