{
    "child_model_execute_cost_by_ms": [
        54.44599914550781
    ],
    "child_model_run_time": [
        [
            8287450,
            8341896
        ]
    ],
    "execute_cost": 54.44599914550781,
    "finish_time": 8341899,
    "limit_cost_by_ms": 18.930999755859375,
    "model_name": "resnet50",
    "recv_time": 8287411,
    "tag": "25",
    "total_cost_by_ms": 54.487998962402344,
    "wait_cost": 0.04199981689453125
}
