{
    "child_model_execute_cost_by_ms": [
        68.77300262451172
    ],
    "child_model_run_time": [
        [
            14608965,
            14677738
        ]
    ],
    "execute_cost": 68.77300262451172,
    "finish_time": 14677742,
    "limit_cost_by_ms": 8.865666389465332,
    "model_name": "googlenet",
    "recv_time": 14608874,
    "tag": "265",
    "total_cost_by_ms": 68.86799621582031,
    "wait_cost": 0.09499359130859375
}
