{
    "child_model_execute_cost_by_ms": [
        116.52100372314453
    ],
    "child_model_run_time": [
        [
            15151123,
            15267644
        ]
    ],
    "execute_cost": 116.52100372314453,
    "finish_time": 15267647,
    "limit_cost_by_ms": 8.865666389465332,
    "model_name": "googlenet",
    "recv_time": 15150969,
    "tag": "284",
    "total_cost_by_ms": 116.6780014038086,
    "wait_cost": 0.1569976806640625
}
