{
    "child_model_execute_cost_by_ms": [
        50.09199905395508
    ],
    "child_model_run_time": [
        [
            8587606,
            8637698
        ]
    ],
    "execute_cost": 50.09199905395508,
    "finish_time": 8637700,
    "limit_cost_by_ms": 47.840667724609375,
    "model_name": "vgg19",
    "recv_time": 8587535,
    "tag": "36",
    "total_cost_by_ms": 50.165000915527344,
    "wait_cost": 0.07300186157226563
}
