{
    "child_model_execute_cost_by_ms": [
        113.59700012207031
    ],
    "child_model_run_time": [
        [
            17965726,
            18079323
        ]
    ],
    "execute_cost": 113.59700012207031,
    "finish_time": 18079326,
    "limit_cost_by_ms": 47.840667724609375,
    "model_name": "vgg19",
    "recv_time": 17965566,
    "tag": "389",
    "total_cost_by_ms": 113.76000213623047,
    "wait_cost": 0.16300201416015625
}
