{
    "child_model_execute_cost_by_ms": [
        64.56900024414063
    ],
    "child_model_run_time": [
        [
            8688360,
            8752929
        ]
    ],
    "execute_cost": 64.56900024414063,
    "finish_time": 8752931,
    "limit_cost_by_ms": 18.930999755859375,
    "model_name": "resnet50",
    "recv_time": 8688209,
    "tag": "40",
    "total_cost_by_ms": 64.72200012207031,
    "wait_cost": 0.1529998779296875
}
