{
    "child_model_execute_cost_by_ms": [
        69.64800262451172
    ],
    "child_model_run_time": [
        [
            19836872,
            19906520
        ]
    ],
    "execute_cost": 69.64800262451172,
    "finish_time": 19906521,
    "limit_cost_by_ms": 8.865666389465332,
    "model_name": "googlenet",
    "recv_time": 19836834,
    "tag": "456",
    "total_cost_by_ms": 69.68699645996094,
    "wait_cost": 0.03899383544921875
}
