{
    "child_model_execute_cost_by_ms": [
        91.0459976196289
    ],
    "child_model_run_time": [
        [
            20159433,
            20250479
        ]
    ],
    "execute_cost": 91.0459976196289,
    "finish_time": 20250483,
    "limit_cost_by_ms": 47.840667724609375,
    "model_name": "vgg19",
    "recv_time": 20159420,
    "tag": "469",
    "total_cost_by_ms": 91.06300354003906,
    "wait_cost": 0.01700592041015625
}
