{
    "child_model_execute_cost_by_ms": [
        65.03700256347656
    ],
    "child_model_run_time": [
        [
            24151440,
            24216477
        ]
    ],
    "execute_cost": 65.03700256347656,
    "finish_time": 24216479,
    "limit_cost_by_ms": 47.840667724609375,
    "model_name": "vgg19",
    "recv_time": 24151297,
    "tag": "611",
    "total_cost_by_ms": 65.18199920654297,
    "wait_cost": 0.14499664306640625
}
