{
    "child_model_execute_cost_by_ms": [
        82.69300079345703
    ],
    "child_model_run_time": [
        [
            24689931,
            24772624
        ]
    ],
    "execute_cost": 82.69300079345703,
    "finish_time": 24772628,
    "limit_cost_by_ms": 47.840667724609375,
    "model_name": "vgg19",
    "recv_time": 24689780,
    "tag": "631",
    "total_cost_by_ms": 82.8479995727539,
    "wait_cost": 0.154998779296875
}
