{
    "child_model_execute_cost_by_ms": [
        106.33499908447266
    ],
    "child_model_run_time": [
        [
            27169207,
            27275542
        ]
    ],
    "execute_cost": 106.33499908447266,
    "finish_time": 27275545,
    "limit_cost_by_ms": 18.930999755859375,
    "model_name": "resnet50",
    "recv_time": 27001640,
    "tag": "720",
    "total_cost_by_ms": 273.9049987792969,
    "wait_cost": 167.57000732421875
}
