{
    "child_model_execute_cost_by_ms": [
        58.04600143432617
    ],
    "child_model_run_time": [
        [
            9713126,
            9771172
        ]
    ],
    "execute_cost": 58.04600143432617,
    "finish_time": 9771174,
    "limit_cost_by_ms": 18.930999755859375,
    "model_name": "resnet50",
    "recv_time": 9713114,
    "tag": "79",
    "total_cost_by_ms": 58.060001373291016,
    "wait_cost": 0.01399993896484375
}
