{
    "child_model_execute_cost_by_ms": [
        82.11699676513672
    ],
    "child_model_run_time": [
        [
            29067315,
            29149432
        ]
    ],
    "execute_cost": 82.11699676513672,
    "finish_time": 29149435,
    "limit_cost_by_ms": 8.865666389465332,
    "model_name": "googlenet",
    "recv_time": 29026084,
    "tag": "793",
    "total_cost_by_ms": 123.35099792480469,
    "wait_cost": 41.23400115966797
}
