{
    "child_model_execute_cost_by_ms": [
        156.32400512695313
    ],
    "child_model_run_time": [
        [
            29070651,
            29226975
        ]
    ],
    "execute_cost": 156.32400512695313,
    "finish_time": 29226979,
    "limit_cost_by_ms": 18.930999755859375,
    "model_name": "resnet50",
    "recv_time": 28391893,
    "tag": "768",
    "total_cost_by_ms": 835.0859985351563,
    "wait_cost": 678.761962890625
}
