{
    "child_model_execute_cost_by_ms": [
        80.12799835205078
    ],
    "child_model_run_time": [
        [
            29412049,
            29492177
        ]
    ],
    "execute_cost": 80.12799835205078,
    "finish_time": 29492179,
    "limit_cost_by_ms": 47.840667724609375,
    "model_name": "vgg19",
    "recv_time": 29357902,
    "tag": "804",
    "total_cost_by_ms": 134.27699279785156,
    "wait_cost": 54.14899444580078
}
