{
    "child_model_execute_cost_by_ms": [
        102.55799865722656
    ],
    "child_model_run_time": [
        [
            31468286,
            31570844
        ]
    ],
    "execute_cost": 102.55799865722656,
    "finish_time": 31570852,
    "limit_cost_by_ms": 7.2166666984558105,
    "model_name": "squeezenetv1",
    "recv_time": 31417837,
    "tag": "877",
    "total_cost_by_ms": 153.01499938964844,
    "wait_cost": 50.457000732421875
}
