{
    "child_model_execute_cost_by_ms": [
        79.18099975585938
    ],
    "child_model_run_time": [
        [
            31660296,
            31739477
        ]
    ],
    "execute_cost": 79.18099975585938,
    "finish_time": 31739482,
    "limit_cost_by_ms": 47.840667724609375,
    "model_name": "vgg19",
    "recv_time": 31635194,
    "tag": "885",
    "total_cost_by_ms": 104.28800201416016,
    "wait_cost": 25.10700225830078
}
