{
    "child_model_execute_cost_by_ms": [
        145.66600036621094
    ],
    "child_model_run_time": [
        [
            32595378,
            32741044
        ]
    ],
    "execute_cost": 145.66600036621094,
    "finish_time": 32741046,
    "limit_cost_by_ms": 7.2166666984558105,
    "model_name": "squeezenetv1",
    "recv_time": 32595282,
    "tag": "919",
    "total_cost_by_ms": 145.76400756835938,
    "wait_cost": 0.0980072021484375
}
