{
    "child_model_execute_cost_by_ms": [
        122.47000122070313
    ],
    "child_model_run_time": [
        [
            33942528,
            34064998
        ]
    ],
    "execute_cost": 122.47000122070313,
    "finish_time": 34065002,
    "limit_cost_by_ms": 9.116999626159668,
    "model_name": "googlenet",
    "recv_time": 33942401,
    "tag": "980",
    "total_cost_by_ms": 122.60099792480469,
    "wait_cost": 0.1309967041015625
}
