{
    "child_model_execute_cost_by_ms": [
        20.43199920654297
    ],
    "child_model_run_time": [
        [
            35010455,
            35030887
        ]
    ],
    "execute_cost": 20.43199920654297,
    "finish_time": 35030891,
    "limit_cost_by_ms": 18.930999755859375,
    "model_name": "resnet50",
    "recv_time": 34351188,
    "tag": "982",
    "total_cost_by_ms": 679.7030029296875,
    "wait_cost": 659.27099609375
}
