{
    "child_model_execute_cost_by_ms": [
        20.496000289916992
    ],
    "child_model_run_time": [
        [
            35030904,
            35051400
        ]
    ],
    "execute_cost": 20.496000289916992,
    "finish_time": 35051403,
    "limit_cost_by_ms": 18.930999755859375,
    "model_name": "resnet50",
    "recv_time": 34410636,
    "tag": "986",
    "total_cost_by_ms": 640.7670288085938,
    "wait_cost": 620.2710571289063
}
