{
    "child_model_execute_cost_by_ms": [
        8.107999801635742
    ],
    "child_model_run_time": [
        [
            20337216,
            20345324
        ]
    ],
    "execute_cost": 8.107999801635742,
    "finish_time": 20345330,
    "limit_cost_by_ms": 7.119666576385498,
    "model_name": "squeezenetv1",
    "recv_time": 20337094,
    "tag": "460",
    "total_cost_by_ms": 8.236000061035156,
    "wait_cost": 0.12800025939941406
}
