{
    "child_model_execute_cost_by_ms": [
        48.83000183105469
    ],
    "child_model_run_time": [
        [
            32534718,
            32583548
        ]
    ],
    "execute_cost": 48.83000183105469,
    "finish_time": 32583556,
    "limit_cost_by_ms": 47.26499938964844,
    "model_name": "vgg19",
    "recv_time": 29646392,
    "tag": "909",
    "total_cost_by_ms": 2937.1640625,
    "wait_cost": 2888.333984375
}
