{
    "child_model_execute_cost_by_ms": [
        75.08799743652344
    ],
    "child_model_run_time": [
        [
            11073597,
            11148685
        ]
    ],
    "execute_cost": 75.08799743652344,
    "finish_time": 11148687,
    "limit_cost_by_ms": 18.740333557128906,
    "model_name": "resnet50",
    "recv_time": 11073578,
    "tag": "123",
    "total_cost_by_ms": 75.10900115966797,
    "wait_cost": 0.02100372314453125
}
