{
    "child_model_execute_cost_by_ms": [
        44.0260009765625
    ],
    "child_model_run_time": [
        [
            25006106,
            25050132
        ]
    ],
    "execute_cost": 44.0260009765625,
    "finish_time": 25050138,
    "limit_cost_by_ms": 45.73699951171875,
    "model_name": "vgg19",
    "recv_time": 25006008,
    "tag": "766",
    "total_cost_by_ms": 44.130001068115234,
    "wait_cost": 0.10400009155273438
}
