{
    "child_model_execute_cost_by_ms": [
        7.920000076293945
    ],
    "child_model_run_time": [
        [
            25497570,
            25505490
        ]
    ],
    "execute_cost": 7.920000076293945,
    "finish_time": 25505495,
    "limit_cost_by_ms": 7.2213335037231445,
    "model_name": "squeezenetv1",
    "recv_time": 25497555,
    "tag": "789",
    "total_cost_by_ms": 7.940000057220459,
    "wait_cost": 0.019999980926513672
}
