{
    "child_model_execute_cost_by_ms": [
        8.232000350952148
    ],
    "child_model_run_time": [
        [
            23931252,
            23939484
        ]
    ],
    "execute_cost": 8.232000350952148,
    "finish_time": 23939495,
    "limit_cost_by_ms": 7.375,
    "model_name": "squeezenetv1",
    "recv_time": 23931084,
    "tag": "603",
    "total_cost_by_ms": 8.41100025177002,
    "wait_cost": 0.1789999008178711
}
