{
    "child_model_execute_cost_by_ms": [
        19.53700065612793,
        18.101999282836914,
        21.086999893188477
    ],
    "child_model_run_time": [
        [
            26916375,
            26935912
        ],
        [
            26935954,
            26954056
        ],
        [
            26954133,
            26975220
        ]
    ],
    "execute_cost": 58.72599792480469,
    "finish_time": 26975224,
    "limit_cost_by_ms": 47.20466613769531,
    "model_name": "vgg19",
    "recv_time": 26884961,
    "tag": "712",
    "total_cost_by_ms": 90.26300048828125,
    "wait_cost": 31.537002563476563
}
