{
    "child_model_execute_cost_by_ms": [
        18.166000366210938,
        17.011999130249023,
        20.160999298095703
    ],
    "child_model_run_time": [
        [
            32306013,
            32324179
        ],
        [
            32324222,
            32341234
        ],
        [
            32341319,
            32361480
        ]
    ],
    "execute_cost": 55.3390007019043,
    "finish_time": 32361485,
    "limit_cost_by_ms": 47.20466613769531,
    "model_name": "vgg19",
    "recv_time": 32305869,
    "tag": "910",
    "total_cost_by_ms": 55.61600112915039,
    "wait_cost": 0.27700042724609375
}
