{
    "child_model_execute_cost_by_ms": [
        10.682000160217285
    ],
    "child_model_run_time": [
        [
            34167137,
            34177819
        ]
    ],
    "execute_cost": 10.682000160217285,
    "finish_time": 34177826,
    "limit_cost_by_ms": 8.732333183288574,
    "model_name": "googlenet",
    "recv_time": 34153479,
    "tag": "977",
    "total_cost_by_ms": 24.347000122070313,
    "wait_cost": 13.664999961853027
}
