{
    "child_model_execute_cost_by_ms": [
        52.016998291015625
    ],
    "child_model_run_time": [
        [
            23640681,
            23692698
        ]
    ],
    "execute_cost": 52.016998291015625,
    "finish_time": 23692701,
    "limit_cost_by_ms": 7.252666473388672,
    "model_name": "squeezenetv1",
    "recv_time": 23640668,
    "tag": "666",
    "total_cost_by_ms": 52.03300094604492,
    "wait_cost": 0.016002655029296875
}
