{
    "child_model_execute_cost_by_ms": [
        9.6850004196167
    ],
    "child_model_run_time": [
        [
            11737885,
            11747570
        ]
    ],
    "execute_cost": 9.6850004196167,
    "finish_time": 11747573,
    "limit_cost_by_ms": 8.619667053222656,
    "model_name": "googlenet",
    "recv_time": 11730075,
    "tag": "175",
    "total_cost_by_ms": 17.49799919128418,
    "wait_cost": 7.8129987716674805
}
