{
    "child_model_execute_cost_by_ms": [
        9.734999656677246
    ],
    "child_model_run_time": [
        [
            28800355,
            28810090
        ]
    ],
    "execute_cost": 9.734999656677246,
    "finish_time": 28810098,
    "limit_cost_by_ms": 8.619667053222656,
    "model_name": "googlenet",
    "recv_time": 28800341,
    "tag": "927",
    "total_cost_by_ms": 9.756999969482422,
    "wait_cost": 0.02200031280517578
}
