{
    "child_model_execute_cost_by_ms": [
        19.825000762939453
    ],
    "child_model_run_time": [
        [
            12923221,
            12943046
        ]
    ],
    "execute_cost": 19.825000762939453,
    "finish_time": 12943054,
    "limit_cost_by_ms": 18.895666122436523,
    "model_name": "resnet50",
    "recv_time": 12923207,
    "tag": "231",
    "total_cost_by_ms": 19.847000122070313,
    "wait_cost": 0.021999359130859375
}
