{
    "child_model_execute_cost_by_ms": [
        8.22599983215332
    ],
    "child_model_run_time": [
        [
            13150059,
            13158285
        ]
    ],
    "execute_cost": 8.22599983215332,
    "finish_time": 13158295,
    "limit_cost_by_ms": 7.418666839599609,
    "model_name": "squeezenetv1",
    "recv_time": 13150043,
    "tag": "241",
    "total_cost_by_ms": 8.251999855041504,
    "wait_cost": 0.026000022888183594
}
