{
    "child_model_execute_cost_by_ms": [
        8.60099983215332
    ],
    "child_model_run_time": [
        [
            13875420,
            13884021
        ]
    ],
    "execute_cost": 8.60099983215332,
    "finish_time": 13884033,
    "limit_cost_by_ms": 7.418666839599609,
    "model_name": "squeezenetv1",
    "recv_time": 13848558,
    "tag": "273",
    "total_cost_by_ms": 35.474998474121094,
    "wait_cost": 26.873998641967773
}
