{
    "child_model_execute_cost_by_ms": [
        21.170000076293945
    ],
    "child_model_run_time": [
        [
            14091962,
            14113132
        ]
    ],
    "execute_cost": 21.170000076293945,
    "finish_time": 14113137,
    "limit_cost_by_ms": 18.9233341217041,
    "model_name": "resnet50",
    "recv_time": 14081666,
    "tag": "274",
    "total_cost_by_ms": 31.47100067138672,
    "wait_cost": 10.301000595092773
}
