{
    "child_model_execute_cost_by_ms": [
        46.481998443603516
    ],
    "child_model_run_time": [
        [
            16886562,
            16933044
        ]
    ],
    "execute_cost": 46.481998443603516,
    "finish_time": 16933048,
    "limit_cost_by_ms": 47.32133483886719,
    "model_name": "vgg19",
    "recv_time": 16886406,
    "tag": "407",
    "total_cost_by_ms": 46.641998291015625,
    "wait_cost": 0.15999984741210938
}
