{
    "child_model_execute_cost_by_ms": [
        8.302000045776367
    ],
    "child_model_run_time": [
        [
            17541422,
            17549724
        ]
    ],
    "execute_cost": 8.302000045776367,
    "finish_time": 17549732,
    "limit_cost_by_ms": 7.418666839599609,
    "model_name": "squeezenetv1",
    "recv_time": 17529495,
    "tag": "435",
    "total_cost_by_ms": 20.23699951171875,
    "wait_cost": 11.934999465942383
}
