{
    "child_model_execute_cost_by_ms": [
        45.15800094604492
    ],
    "child_model_run_time": [
        [
            20107060,
            20152218
        ]
    ],
    "execute_cost": 45.15800094604492,
    "finish_time": 20152224,
    "limit_cost_by_ms": 47.32133483886719,
    "model_name": "vgg19",
    "recv_time": 20106900,
    "tag": "549",
    "total_cost_by_ms": 45.32400131225586,
    "wait_cost": 0.1660003662109375
}
