{
    "child_model_execute_cost_by_ms": [
        8.246999740600586
    ],
    "child_model_run_time": [
        [
            23363256,
            23371503
        ]
    ],
    "execute_cost": 8.246999740600586,
    "finish_time": 23371511,
    "limit_cost_by_ms": 7.418666839599609,
    "model_name": "squeezenetv1",
    "recv_time": 23363092,
    "tag": "691",
    "total_cost_by_ms": 8.418999671936035,
    "wait_cost": 0.17199993133544922
}
