{
    "child_model_execute_cost_by_ms": [
        8.003000259399414
    ],
    "child_model_run_time": [
        [
            25354035,
            25362038
        ]
    ],
    "execute_cost": 8.003000259399414,
    "finish_time": 25362044,
    "limit_cost_by_ms": 7.418666839599609,
    "model_name": "squeezenetv1",
    "recv_time": 25353933,
    "tag": "779",
    "total_cost_by_ms": 8.111000061035156,
    "wait_cost": 0.10799980163574219
}
