{
    "child_model_execute_cost_by_ms": [
        46.19900131225586
    ],
    "child_model_run_time": [
        [
            28448849,
            28495048
        ]
    ],
    "execute_cost": 46.19900131225586,
    "finish_time": 28495054,
    "limit_cost_by_ms": 47.32133483886719,
    "model_name": "vgg19",
    "recv_time": 28448696,
    "tag": "916",
    "total_cost_by_ms": 46.358001708984375,
    "wait_cost": 0.15900039672851563
}
