{
    "child_model_execute_cost_by_ms": [
        43.42399978637695
    ],
    "child_model_run_time": [
        [
            28955155,
            28998579
        ]
    ],
    "execute_cost": 43.42399978637695,
    "finish_time": 28998585,
    "limit_cost_by_ms": 47.32133483886719,
    "model_name": "vgg19",
    "recv_time": 28955059,
    "tag": "938",
    "total_cost_by_ms": 43.5260009765625,
    "wait_cost": 0.10200119018554688
}
