{
    "child_model_execute_cost_by_ms": [
        8.711999893188477
    ],
    "child_model_run_time": [
        [
            29084433,
            29093145
        ]
    ],
    "execute_cost": 8.711999893188477,
    "finish_time": 29093152,
    "limit_cost_by_ms": 7.418666839599609,
    "model_name": "squeezenetv1",
    "recv_time": 29075250,
    "tag": "943",
    "total_cost_by_ms": 17.902000427246094,
    "wait_cost": 9.190000534057617
}
