{
    "child_model_execute_cost_by_ms": [
        7.965000152587891
    ],
    "child_model_run_time": [
        [
            9880157,
            9888122
        ]
    ],
    "execute_cost": 7.965000152587891,
    "finish_time": 9888126,
    "limit_cost_by_ms": 7.418666839599609,
    "model_name": "squeezenetv1",
    "recv_time": 9877972,
    "tag": "96",
    "total_cost_by_ms": 10.154000282287598,
    "wait_cost": 2.189000129699707
}
