{
    "child_model_execute_cost_by_ms": [
        10.135000228881836
    ],
    "child_model_run_time": [
        [
            18257167,
            18267302
        ]
    ],
    "execute_cost": 10.135000228881836,
    "finish_time": 18267305,
    "limit_cost_by_ms": 8.90566635131836,
    "model_name": "googlenet",
    "recv_time": 18257104,
    "tag": "11",
    "total_cost_by_ms": 10.201000213623047,
    "wait_cost": 0.06599998474121094
}
