{
    "child_model_execute_cost_by_ms": [
        13.340999603271484
    ],
    "child_model_run_time": [
        [
            23431835,
            23445176
        ]
    ],
    "execute_cost": 13.340999603271484,
    "finish_time": 23445180,
    "limit_cost_by_ms": 8.90566635131836,
    "model_name": "googlenet",
    "recv_time": 23431771,
    "tag": "258",
    "total_cost_by_ms": 13.409000396728516,
    "wait_cost": 0.06800079345703125
}
