{
    "child_model_execute_cost_by_ms": [
        54.87799835205078
    ],
    "child_model_run_time": [
        [
            25259024,
            25313902
        ]
    ],
    "execute_cost": 54.87799835205078,
    "finish_time": 25313906,
    "limit_cost_by_ms": 7.0229997634887695,
    "model_name": "gpt128v2",
    "recv_time": 25258976,
    "tag": "351",
    "total_cost_by_ms": 54.93000030517578,
    "wait_cost": 0.052001953125
}
