{
    "child_model_execute_cost_by_ms": [
        43.82600021362305
    ],
    "child_model_run_time": [
        [
            25643843,
            25687669
        ]
    ],
    "execute_cost": 43.82600021362305,
    "finish_time": 25687672,
    "limit_cost_by_ms": 46.63566589355469,
    "model_name": "vgg19",
    "recv_time": 25643833,
    "tag": "369",
    "total_cost_by_ms": 43.8390007019043,
    "wait_cost": 0.01300048828125
}
