{
    "child_model_execute_cost_by_ms": [
        46.7599983215332
    ],
    "child_model_run_time": [
        [
            28907725,
            28954485
        ]
    ],
    "execute_cost": 46.7599983215332,
    "finish_time": 28954488,
    "limit_cost_by_ms": 46.63566589355469,
    "model_name": "vgg19",
    "recv_time": 28907616,
    "tag": "526",
    "total_cost_by_ms": 46.87200164794922,
    "wait_cost": 0.11200332641601563
}
