{
    "child_model_execute_cost_by_ms": [
        19.634000778198242
    ],
    "child_model_run_time": [
        [
            30263097,
            30282731
        ]
    ],
    "execute_cost": 19.634000778198242,
    "finish_time": 30282733,
    "limit_cost_by_ms": 18.621999740600586,
    "model_name": "resnet50",
    "recv_time": 30263046,
    "tag": "591",
    "total_cost_by_ms": 19.687000274658203,
    "wait_cost": 0.05299949645996094
}
