{
    "child_model_execute_cost_by_ms": [
        16.30900001525879
    ],
    "child_model_run_time": [
        [
            32121228,
            32137537
        ]
    ],
    "execute_cost": 16.30900001525879,
    "finish_time": 32137541,
    "limit_cost_by_ms": 8.90566635131836,
    "model_name": "googlenet",
    "recv_time": 32121129,
    "tag": "682",
    "total_cost_by_ms": 16.41200065612793,
    "wait_cost": 0.10300064086914063
}
