{
    "child_model_execute_cost_by_ms": [
        28.410999298095703
    ],
    "child_model_run_time": [
        [
            35812026,
            35840437
        ]
    ],
    "execute_cost": 28.410999298095703,
    "finish_time": 35840440,
    "limit_cost_by_ms": 18.621999740600586,
    "model_name": "resnet50",
    "recv_time": 35811961,
    "tag": "853",
    "total_cost_by_ms": 28.479000091552734,
    "wait_cost": 0.06800079345703125
}
