{
    "child_model_execute_cost_by_ms": [
        44.92900085449219
    ],
    "child_model_run_time": [
        [
            37286447,
            37331376
        ]
    ],
    "execute_cost": 44.92900085449219,
    "finish_time": 37331378,
    "limit_cost_by_ms": 46.63566589355469,
    "model_name": "vgg19",
    "recv_time": 37286399,
    "tag": "925",
    "total_cost_by_ms": 44.979000091552734,
    "wait_cost": 0.049999237060546875
}
