{
    "child_model_execute_cost_by_ms": [
        6.236000061035156
    ],
    "child_model_run_time": [
        [
            22646150,
            22652386
        ]
    ],
    "execute_cost": 6.236000061035156,
    "finish_time": 22652391,
    "limit_cost_by_ms": 5.993333339691162,
    "model_name": "yolov2",
    "recv_time": 22645029,
    "tag": "198",
    "total_cost_by_ms": 7.361999988555908,
    "wait_cost": 1.125999927520752
}
