{
    "child_model_execute_cost_by_ms": [
        19.85099983215332,
        19.68000030517578,
        20.38800048828125
    ],
    "child_model_run_time": [
        [
            23589983,
            23609834
        ],
        [
            23623094,
            23642774
        ],
        [
            23686522,
            23706910
        ]
    ],
    "execute_cost": 59.91899871826172,
    "finish_time": 23706913,
    "limit_cost_by_ms": 46.37766647338867,
    "model_name": "vgg19",
    "recv_time": 23589902,
    "tag": "239",
    "total_cost_by_ms": 117.01100158691406,
    "wait_cost": 57.092002868652344
}
