{
    "child_model_execute_cost_by_ms": [
        6.816999912261963
    ],
    "child_model_run_time": [
        [
            23919122,
            23925939
        ]
    ],
    "execute_cost": 6.816999912261963,
    "finish_time": 23925950,
    "limit_cost_by_ms": 5.993333339691162,
    "model_name": "yolov2",
    "recv_time": 23909543,
    "tag": "253",
    "total_cost_by_ms": 16.406999588012695,
    "wait_cost": 9.59000015258789
}
