{
    "child_model_execute_cost_by_ms": [
        6.031000137329102
    ],
    "child_model_run_time": [
        [
            24986086,
            24992117
        ]
    ],
    "execute_cost": 6.031000137329102,
    "finish_time": 24992125,
    "limit_cost_by_ms": 5.993333339691162,
    "model_name": "yolov2",
    "recv_time": 24978975,
    "tag": "297",
    "total_cost_by_ms": 13.149999618530273,
    "wait_cost": 7.118999481201172
}
