{
    "child_model_execute_cost_by_ms": [
        20.360000610351563,
        19.0310001373291,
        20.298999786376953
    ],
    "child_model_run_time": [
        [
            24902788,
            24923148
        ],
        [
            24967010,
            24986041
        ],
        [
            24992225,
            25012524
        ]
    ],
    "execute_cost": 59.689998626708984,
    "finish_time": 25012529,
    "limit_cost_by_ms": 46.37766647338867,
    "model_name": "vgg19",
    "recv_time": 24902710,
    "tag": "294",
    "total_cost_by_ms": 109.81900024414063,
    "wait_cost": 50.12900161743164
}
