{
    "child_model_execute_cost_by_ms": [
        6.394000053405762
    ],
    "child_model_run_time": [
        [
            28658987,
            28665381
        ]
    ],
    "execute_cost": 6.394000053405762,
    "finish_time": 28665385,
    "limit_cost_by_ms": 5.993333339691162,
    "model_name": "yolov2",
    "recv_time": 28645798,
    "tag": "451",
    "total_cost_by_ms": 19.586999893188477,
    "wait_cost": 13.192999839782715
}
