{
    "child_model_execute_cost_by_ms": [
        15.02400016784668,
        12.788999557495117
    ],
    "child_model_run_time": [
        [
            29100427,
            29115451
        ],
        [
            29115478,
            29128267
        ]
    ],
    "execute_cost": 27.812999725341797,
    "finish_time": 29128270,
    "limit_cost_by_ms": 18.911666870117188,
    "model_name": "resnet50",
    "recv_time": 29100414,
    "tag": "470",
    "total_cost_by_ms": 27.856000900268555,
    "wait_cost": 0.04300117492675781
}
