{
    "child_model_execute_cost_by_ms": [
        10.677000045776367
    ],
    "child_model_run_time": [
        [
            29787300,
            29797977
        ]
    ],
    "execute_cost": 10.677000045776367,
    "finish_time": 29797987,
    "limit_cost_by_ms": 8.946999549865723,
    "model_name": "googlenet",
    "recv_time": 29775640,
    "tag": "498",
    "total_cost_by_ms": 22.347000122070313,
    "wait_cost": 11.670000076293945
}
