{
    "child_model_execute_cost_by_ms": [
        18.670000076293945,
        17.700000762939453,
        20.20800018310547
    ],
    "child_model_run_time": [
        [
            30454794,
            30473464
        ],
        [
            30473494,
            30491194
        ],
        [
            30554450,
            30574658
        ]
    ],
    "execute_cost": 56.5780029296875,
    "finish_time": 30574661,
    "limit_cost_by_ms": 46.37766647338867,
    "model_name": "vgg19",
    "recv_time": 30454718,
    "tag": "526",
    "total_cost_by_ms": 119.94300079345703,
    "wait_cost": 63.36499786376953
}
