{
    "child_model_execute_cost_by_ms": [
        6.408999919891357
    ],
    "child_model_run_time": [
        [
            19453031,
            19459440
        ]
    ],
    "execute_cost": 6.408999919891357,
    "finish_time": 19459450,
    "limit_cost_by_ms": 5.993333339691162,
    "model_name": "yolov2",
    "recv_time": 19449152,
    "tag": "64",
    "total_cost_by_ms": 10.29800033569336,
    "wait_cost": 3.889000415802002
}
