{
    "child_model_execute_cost_by_ms": [
        8.654999732971191
    ],
    "child_model_run_time": [
        [
            33861740,
            33870395
        ]
    ],
    "execute_cost": 8.654999732971191,
    "finish_time": 33870400,
    "limit_cost_by_ms": 5.993333339691162,
    "model_name": "yolov2",
    "recv_time": 33853659,
    "tag": "669",
    "total_cost_by_ms": 16.740999221801758,
    "wait_cost": 8.085999488830566
}
