{
    "child_model_execute_cost_by_ms": [
        19.275999069213867,
        18.854999542236328,
        19.709999084472656
    ],
    "child_model_run_time": [
        [
            35218644,
            35237920
        ],
        [
            35263530,
            35282385
        ],
        [
            35282419,
            35302129
        ]
    ],
    "execute_cost": 57.84099578857422,
    "finish_time": 35302131,
    "limit_cost_by_ms": 46.37766647338867,
    "model_name": "vgg19",
    "recv_time": 35218584,
    "tag": "726",
    "total_cost_by_ms": 83.5469970703125,
    "wait_cost": 25.70600128173828
}
