{
    "child_model_execute_cost_by_ms": [
        13.932999610900879
    ],
    "child_model_run_time": [
        [
            38170782,
            38184715
        ]
    ],
    "execute_cost": 13.932999610900879,
    "finish_time": 38184720,
    "limit_cost_by_ms": 6.985666751861572,
    "model_name": "gpt128v2",
    "recv_time": 38170724,
    "tag": "848",
    "total_cost_by_ms": 13.996000289916992,
    "wait_cost": 0.06300067901611328
}
