{
    "child_model_execute_cost_by_ms": [
        12.741000175476074
    ],
    "child_model_run_time": [
        [
            40011718,
            40024459
        ]
    ],
    "execute_cost": 12.741000175476074,
    "finish_time": 40024469,
    "limit_cost_by_ms": 6.985666751861572,
    "model_name": "gpt128v2",
    "recv_time": 40011709,
    "tag": "924",
    "total_cost_by_ms": 12.760000228881836,
    "wait_cost": 0.01900005340576172
}
