{
    "child_model_execute_cost_by_ms": [
        19.211000442504883
    ],
    "child_model_run_time": [
        [
            11846644,
            11865855
        ]
    ],
    "execute_cost": 19.211000442504883,
    "finish_time": 11865863,
    "limit_cost_by_ms": 19.16933250427246,
    "model_name": "resnet50",
    "recv_time": 11846631,
    "tag": "179",
    "total_cost_by_ms": 19.23200035095215,
    "wait_cost": 0.020999908447265625
}
