{
    "child_model_execute_cost_by_ms": [
        20.43899917602539
    ],
    "child_model_run_time": [
        [
            14401532,
            14421971
        ]
    ],
    "execute_cost": 20.43899917602539,
    "finish_time": 14421981,
    "limit_cost_by_ms": 7.298333168029785,
    "model_name": "squeezenetv1",
    "recv_time": 14401513,
    "tag": "315",
    "total_cost_by_ms": 20.468000411987305,
    "wait_cost": 0.029001235961914063
}
