{
    "child_model_execute_cost_by_ms": [
        8.26200008392334
    ],
    "child_model_run_time": [
        [
            16150118,
            16158380
        ]
    ],
    "execute_cost": 8.26200008392334,
    "finish_time": 16158387,
    "limit_cost_by_ms": 7.298333168029785,
    "model_name": "squeezenetv1",
    "recv_time": 16149972,
    "tag": "405",
    "total_cost_by_ms": 8.414999961853027,
    "wait_cost": 0.1529998779296875
}
