{
    "child_model_execute_cost_by_ms": [
        19.05699920654297
    ],
    "child_model_run_time": [
        [
            9701610,
            9720667
        ]
    ],
    "execute_cost": 19.05699920654297,
    "finish_time": 9720674,
    "limit_cost_by_ms": 19.16933250427246,
    "model_name": "resnet50",
    "recv_time": 9701440,
    "tag": "66",
    "total_cost_by_ms": 19.233999252319336,
    "wait_cost": 0.1770000457763672
}
