{
    "child_model_execute_cost_by_ms": [
        8.39900016784668
    ],
    "child_model_run_time": [
        [
            21056476,
            21064875
        ]
    ],
    "execute_cost": 8.39900016784668,
    "finish_time": 21064880,
    "limit_cost_by_ms": 7.298333168029785,
    "model_name": "squeezenetv1",
    "recv_time": 21056451,
    "tag": "661",
    "total_cost_by_ms": 8.428999900817871,
    "wait_cost": 0.029999732971191406
}
