{
    "child_model_execute_cost_by_ms": [
        52.04199981689453
    ],
    "child_model_run_time": [
        [
            25622100,
            25674142
        ]
    ],
    "execute_cost": 52.04199981689453,
    "finish_time": 25674148,
    "limit_cost_by_ms": 47.334999084472656,
    "model_name": "vgg19",
    "recv_time": 25621994,
    "tag": "898",
    "total_cost_by_ms": 52.15399932861328,
    "wait_cost": 0.11199951171875
}
