{
    "child_model_execute_cost_by_ms": [
        39.32099914550781
    ],
    "child_model_run_time": [
        [
            26037481,
            26076802
        ]
    ],
    "execute_cost": 39.32099914550781,
    "finish_time": 26076808,
    "limit_cost_by_ms": 7.298333168029785,
    "model_name": "squeezenetv1",
    "recv_time": 26037477,
    "tag": "920",
    "total_cost_by_ms": 39.33100128173828,
    "wait_cost": 0.01000213623046875
}
