{
    "child_model_execute_cost_by_ms": [
        14.61299991607666,
        8.777000427246094
    ],
    "child_model_run_time": [
        [
            10222138,
            10236751
        ],
        [
            10236797,
            10245574
        ]
    ],
    "execute_cost": 23.389999389648438,
    "finish_time": 10245581,
    "limit_cost_by_ms": 18.930334091186523,
    "model_name": "resnet50",
    "recv_time": 10222032,
    "tag": "105",
    "total_cost_by_ms": 23.548999786376953,
    "wait_cost": 0.15900039672851563
}
