{
    "child_model_execute_cost_by_ms": [
        15.178000450134277,
        8.906000137329102
    ],
    "child_model_run_time": [
        [
            10334190,
            10349368
        ],
        [
            10357736,
            10366642
        ]
    ],
    "execute_cost": 24.083999633789063,
    "finish_time": 10366652,
    "limit_cost_by_ms": 18.810667037963867,
    "model_name": "resnet50",
    "recv_time": 10334079,
    "tag": "117",
    "total_cost_by_ms": 32.573001861572266,
    "wait_cost": 8.489002227783203
}
