{
    "child_model_execute_cost_by_ms": [
        19.009000778198242,
        17.115999221801758,
        20.415000915527344
    ],
    "child_model_run_time": [
        [
            13491221,
            13510230
        ],
        [
            13510317,
            13527433
        ],
        [
            13551077,
            13571492
        ]
    ],
    "execute_cost": 56.540000915527344,
    "finish_time": 13571495,
    "limit_cost_by_ms": 46.900001525878906,
    "model_name": "vgg19",
    "recv_time": 13491051,
    "tag": "240",
    "total_cost_by_ms": 80.44400024414063,
    "wait_cost": 23.90399932861328
}
