{
    "child_model_execute_cost_by_ms": [
        19.25,
        17.20599937438965,
        19.45400047302246
    ],
    "child_model_run_time": [
        [
            13590897,
            13610147
        ],
        [
            13610235,
            13627441
        ],
        [
            13650799,
            13670253
        ]
    ],
    "execute_cost": 55.910003662109375,
    "finish_time": 13670258,
    "limit_cost_by_ms": 46.900001525878906,
    "model_name": "vgg19",
    "recv_time": 13590787,
    "tag": "244",
    "total_cost_by_ms": 79.47100067138672,
    "wait_cost": 23.560997009277344
}
