{
    "child_model_execute_cost_by_ms": [
        14.63599967956543,
        8.470000267028809
    ],
    "child_model_run_time": [
        [
            13890462,
            13905098
        ],
        [
            13905189,
            13913659
        ]
    ],
    "execute_cost": 23.105998992919922,
    "finish_time": 13913669,
    "limit_cost_by_ms": 18.930334091186523,
    "model_name": "resnet50",
    "recv_time": 13890295,
    "tag": "256",
    "total_cost_by_ms": 23.374000549316406,
    "wait_cost": 0.2680015563964844
}
