{
    "child_model_execute_cost_by_ms": [
        19.06999969482422,
        17.785999298095703,
        19.64699935913086
    ],
    "child_model_run_time": [
        [
            14847419,
            14866489
        ],
        [
            14874797,
            14892583
        ],
        [
            14892624,
            14912271
        ]
    ],
    "execute_cost": 56.50299835205078,
    "finish_time": 14912276,
    "limit_cost_by_ms": 46.79833221435547,
    "model_name": "vgg19",
    "recv_time": 14847238,
    "tag": "301",
    "total_cost_by_ms": 65.03800201416016,
    "wait_cost": 8.535003662109375
}
