{
    "child_model_execute_cost_by_ms": [
        18.915000915527344,
        17.06999969482422,
        19.704999923706055
    ],
    "child_model_run_time": [
        [
            16141223,
            16160138
        ],
        [
            16160228,
            16177298
        ],
        [
            16177389,
            16197094
        ]
    ],
    "execute_cost": 55.69000244140625,
    "finish_time": 16197101,
    "limit_cost_by_ms": 46.79833221435547,
    "model_name": "vgg19",
    "recv_time": 16120278,
    "tag": "354",
    "total_cost_by_ms": 76.822998046875,
    "wait_cost": 21.13299560546875
}
