{
    "child_model_execute_cost_by_ms": [
        10.072999954223633
    ],
    "child_model_run_time": [
        [
            16516823,
            16526896
        ]
    ],
    "execute_cost": 10.072999954223633,
    "finish_time": 16526907,
    "limit_cost_by_ms": 8.70300006866455,
    "model_name": "googlenet",
    "recv_time": 16516687,
    "tag": "363",
    "total_cost_by_ms": 10.220000267028809,
    "wait_cost": 0.14700031280517578
}
