{
    "child_model_execute_cost_by_ms": [
        14.85200023651123,
        8.918999671936035
    ],
    "child_model_run_time": [
        [
            16887728,
            16902580
        ],
        [
            16902631,
            16911550
        ]
    ],
    "execute_cost": 23.770999908447266,
    "finish_time": 16911557,
    "limit_cost_by_ms": 18.930334091186523,
    "model_name": "resnet50",
    "recv_time": 16887713,
    "tag": "378",
    "total_cost_by_ms": 23.8439998626709,
    "wait_cost": 0.07299995422363281
}
