{
    "child_model_execute_cost_by_ms": [
        18.579999923706055,
        18.30699920654297,
        19.586999893188477
    ],
    "child_model_run_time": [
        [
            18007596,
            18026176
        ],
        [
            18050397,
            18068704
        ],
        [
            18068787,
            18088374
        ]
    ],
    "execute_cost": 56.4739990234375,
    "finish_time": 18088380,
    "limit_cost_by_ms": 46.79833221435547,
    "model_name": "vgg19",
    "recv_time": 18007487,
    "tag": "429",
    "total_cost_by_ms": 80.89299774169922,
    "wait_cost": 24.41899871826172
}
