{
    "child_model_execute_cost_by_ms": [
        18.31399917602539,
        17.402999877929688,
        19.854000091552734
    ],
    "child_model_run_time": [
        [
            18251493,
            18269807
        ],
        [
            18269894,
            18287297
        ],
        [
            18287312,
            18307166
        ]
    ],
    "execute_cost": 55.57099914550781,
    "finish_time": 18307170,
    "limit_cost_by_ms": 46.900001525878906,
    "model_name": "vgg19",
    "recv_time": 18230785,
    "tag": "434",
    "total_cost_by_ms": 76.38500213623047,
    "wait_cost": 20.814002990722656
}
