{
    "child_model_execute_cost_by_ms": [
        18.947999954223633,
        18.82200050354004,
        20.0939998626709
    ],
    "child_model_run_time": [
        [
            18326576,
            18345524
        ],
        [
            18368848,
            18387670
        ],
        [
            18387759,
            18407853
        ]
    ],
    "execute_cost": 57.86399841308594,
    "finish_time": 18407859,
    "limit_cost_by_ms": 46.900001525878906,
    "model_name": "vgg19",
    "recv_time": 18326401,
    "tag": "437",
    "total_cost_by_ms": 81.45800018310547,
    "wait_cost": 23.59400177001953
}
