{
    "child_model_execute_cost_by_ms": [
        9.706999778747559
    ],
    "child_model_run_time": [
        [
            19998093,
            20007800
        ]
    ],
    "execute_cost": 9.706999778747559,
    "finish_time": 20007808,
    "limit_cost_by_ms": 8.70300006866455,
    "model_name": "googlenet",
    "recv_time": 19997930,
    "tag": "503",
    "total_cost_by_ms": 9.878000259399414,
    "wait_cost": 0.17100048065185547
}
