{
    "child_model_execute_cost_by_ms": [
        8.487000465393066
    ],
    "child_model_run_time": [
        [
            8926982,
            8935469
        ]
    ],
    "execute_cost": 8.487000465393066,
    "finish_time": 8935474,
    "limit_cost_by_ms": 7.211999893188477,
    "model_name": "squeezenetv1",
    "recv_time": 8924346,
    "tag": "52",
    "total_cost_by_ms": 11.128000259399414,
    "wait_cost": 2.6409997940063477
}
