{
    "child_model_execute_cost_by_ms": [
        8.059000015258789
    ],
    "child_model_run_time": [
        [
            20491183,
            20499242
        ]
    ],
    "execute_cost": 8.059000015258789,
    "finish_time": 20499247,
    "limit_cost_by_ms": 7.079666614532471,
    "model_name": "squeezenetv1",
    "recv_time": 20491164,
    "tag": "528",
    "total_cost_by_ms": 8.083000183105469,
    "wait_cost": 0.024000167846679688
}
