{
    "child_model_execute_cost_by_ms": [
        18.326000213623047,
        17.06800079345703,
        19.632999420166016
    ],
    "child_model_run_time": [
        [
            20622392,
            20640718
        ],
        [
            20640814,
            20657882
        ],
        [
            20657921,
            20677554
        ]
    ],
    "execute_cost": 55.027000427246094,
    "finish_time": 20677559,
    "limit_cost_by_ms": 46.79833221435547,
    "model_name": "vgg19",
    "recv_time": 20622221,
    "tag": "534",
    "total_cost_by_ms": 55.3380012512207,
    "wait_cost": 0.3110008239746094
}
