{
    "child_model_execute_cost_by_ms": [
        9.779000282287598
    ],
    "child_model_run_time": [
        [
            21992720,
            22002499
        ]
    ],
    "execute_cost": 9.779000282287598,
    "finish_time": 22002506,
    "limit_cost_by_ms": 8.70300006866455,
    "model_name": "googlenet",
    "recv_time": 21992535,
    "tag": "583",
    "total_cost_by_ms": 9.970999717712402,
    "wait_cost": 0.1919994354248047
}
