{
    "child_model_execute_cost_by_ms": [
        17.246000289916992,
        16.878999710083008,
        20.327999114990234
    ],
    "child_model_run_time": [
        [
            22521905,
            22539151
        ],
        [
            22539186,
            22556065
        ],
        [
            22564417,
            22584745
        ]
    ],
    "execute_cost": 54.452999114990234,
    "finish_time": 22584749,
    "limit_cost_by_ms": 46.900001525878906,
    "model_name": "vgg19",
    "recv_time": 22521782,
    "tag": "605",
    "total_cost_by_ms": 62.96699905395508,
    "wait_cost": 8.513999938964844
}
