{
    "child_model_execute_cost_by_ms": [
        9.890999794006348
    ],
    "child_model_run_time": [
        [
            24268713,
            24278604
        ]
    ],
    "execute_cost": 9.890999794006348,
    "finish_time": 24278611,
    "limit_cost_by_ms": 8.70300006866455,
    "model_name": "googlenet",
    "recv_time": 24261698,
    "tag": "677",
    "total_cost_by_ms": 16.913000106811523,
    "wait_cost": 7.022000312805176
}
