{
    "child_model_execute_cost_by_ms": [
        9.977999687194824
    ],
    "child_model_run_time": [
        [
            9487764,
            9497742
        ]
    ],
    "execute_cost": 9.977999687194824,
    "finish_time": 9497756,
    "limit_cost_by_ms": 8.673999786376953,
    "model_name": "googlenet",
    "recv_time": 9468831,
    "tag": "83",
    "total_cost_by_ms": 28.924999237060547,
    "wait_cost": 18.946998596191406
}
