{
    "child_model_execute_cost_by_ms": [
        14.871000289916992,
        8.597000122070313
    ],
    "child_model_run_time": [
        [
            27647062,
            27661933
        ],
        [
            27662031,
            27670628
        ]
    ],
    "execute_cost": 23.468000411987305,
    "finish_time": 27670635,
    "limit_cost_by_ms": 18.810667037963867,
    "model_name": "resnet50",
    "recv_time": 27646958,
    "tag": "817",
    "total_cost_by_ms": 23.677000045776367,
    "wait_cost": 0.2089996337890625
}
