{
    "child_model_execute_cost_by_ms": [
        8.208999633789063
    ],
    "child_model_run_time": [
        [
            30465506,
            30473715
        ]
    ],
    "execute_cost": 8.208999633789063,
    "finish_time": 30473722,
    "limit_cost_by_ms": 7.079666614532471,
    "model_name": "squeezenetv1",
    "recv_time": 30465329,
    "tag": "930",
    "total_cost_by_ms": 8.392999649047852,
    "wait_cost": 0.18400001525878906
}
