{
    "child_model_execute_cost_by_ms": [
        14.263999938964844,
        8.701000213623047
    ],
    "child_model_run_time": [
        [
            31837063,
            31851327
        ],
        [
            31851369,
            31860070
        ]
    ],
    "execute_cost": 22.96500015258789,
    "finish_time": 31860075,
    "limit_cost_by_ms": 18.930334091186523,
    "model_name": "resnet50",
    "recv_time": 31836969,
    "tag": "985",
    "total_cost_by_ms": 23.106000900268555,
    "wait_cost": 0.14100074768066406
}
