{
    "child_model_execute_cost_by_ms": [
        19.922000885009766
    ],
    "child_model_run_time": [
        [
            10858196,
            10878118
        ]
    ],
    "execute_cost": 19.922000885009766,
    "finish_time": 10878126,
    "limit_cost_by_ms": 18.922332763671875,
    "model_name": "resnet50",
    "recv_time": 10858183,
    "tag": "145",
    "total_cost_by_ms": 19.94300079345703,
    "wait_cost": 0.020999908447265625
}
