{
    "child_model_execute_cost_by_ms": [
        44.02000045776367
    ],
    "child_model_run_time": [
        [
            13080789,
            13124809
        ]
    ],
    "execute_cost": 44.02000045776367,
    "finish_time": 13124817,
    "limit_cost_by_ms": 47.086334228515625,
    "model_name": "vgg19",
    "recv_time": 13080770,
    "tag": "252",
    "total_cost_by_ms": 44.047000885009766,
    "wait_cost": 0.02700042724609375
}
