{
    "child_model_execute_cost_by_ms": [
        8.541000366210938
    ],
    "child_model_run_time": [
        [
            28108018,
            28116559
        ]
    ],
    "execute_cost": 8.541000366210938,
    "finish_time": 28116567,
    "limit_cost_by_ms": 7.314333438873291,
    "model_name": "squeezenetv1",
    "recv_time": 28065283,
    "tag": "964",
    "total_cost_by_ms": 51.284000396728516,
    "wait_cost": 42.74300003051758
}
