{
    "child_model_execute_cost_by_ms": [
        10.088000297546387
    ],
    "child_model_run_time": [
        [
            28472965,
            28483053
        ]
    ],
    "execute_cost": 10.088000297546387,
    "finish_time": 28483060,
    "limit_cost_by_ms": 8.972332954406738,
    "model_name": "googlenet",
    "recv_time": 28453244,
    "tag": "982",
    "total_cost_by_ms": 29.81599998474121,
    "wait_cost": 19.72800064086914
}
