{
    "child_model_execute_cost_by_ms": [
        8.493000030517578
    ],
    "child_model_run_time": [
        [
            9914179,
            9922672
        ]
    ],
    "execute_cost": 8.493000030517578,
    "finish_time": 9922678,
    "limit_cost_by_ms": 7.314333438873291,
    "model_name": "squeezenetv1",
    "recv_time": 9914045,
    "tag": "100",
    "total_cost_by_ms": 8.633000373840332,
    "wait_cost": 0.1400003433227539
}
