{
    "child_model_execute_cost_by_ms": [
        43.52299880981445
    ],
    "child_model_run_time": [
        [
            12415026,
            12458549
        ]
    ],
    "execute_cost": 43.52299880981445,
    "finish_time": 12458552,
    "limit_cost_by_ms": 46.58266830444336,
    "model_name": "vgg19",
    "recv_time": 12414886,
    "tag": "175",
    "total_cost_by_ms": 43.66600036621094,
    "wait_cost": 0.14300155639648438
}
