{
    "child_model_execute_cost_by_ms": [
        43.37699890136719
    ],
    "child_model_run_time": [
        [
            12559256,
            12602633
        ]
    ],
    "execute_cost": 43.37699890136719,
    "finish_time": 12602639,
    "limit_cost_by_ms": 46.58266830444336,
    "model_name": "vgg19",
    "recv_time": 12559130,
    "tag": "182",
    "total_cost_by_ms": 43.50899887084961,
    "wait_cost": 0.13199996948242188
}
