{
    "child_model_execute_cost_by_ms": [
        19.280000686645508
    ],
    "child_model_run_time": [
        [
            22591667,
            22610947
        ]
    ],
    "execute_cost": 19.280000686645508,
    "finish_time": 22610956,
    "limit_cost_by_ms": 18.97800064086914,
    "model_name": "resnet50",
    "recv_time": 22591655,
    "tag": "607",
    "total_cost_by_ms": 19.301000595092773,
    "wait_cost": 0.020999908447265625
}
