{
    "child_model_execute_cost_by_ms": [
        44.52799987792969
    ],
    "child_model_run_time": [
        [
            23531439,
            23575967
        ]
    ],
    "execute_cost": 44.52799987792969,
    "finish_time": 23575972,
    "limit_cost_by_ms": 46.58266830444336,
    "model_name": "vgg19",
    "recv_time": 23531427,
    "tag": "648",
    "total_cost_by_ms": 44.54499816894531,
    "wait_cost": 0.016998291015625
}
