{
    "child_model_execute_cost_by_ms": [
        26.666000366210938
    ],
    "child_model_run_time": [
        [
            23633480,
            23660146
        ]
    ],
    "execute_cost": 26.666000366210938,
    "finish_time": 23660152,
    "limit_cost_by_ms": 8.896333694458008,
    "model_name": "googlenet",
    "recv_time": 23633473,
    "tag": "652",
    "total_cost_by_ms": 26.679000854492188,
    "wait_cost": 0.01300048828125
}
