{
    "child_model_execute_cost_by_ms": [
        15.489999771118164
    ],
    "child_model_run_time": [
        [
            31613761,
            31629251
        ]
    ],
    "execute_cost": 15.489999771118164,
    "finish_time": 31629257,
    "limit_cost_by_ms": 7.184000015258789,
    "model_name": "squeezenetv1",
    "recv_time": 31613635,
    "tag": "992",
    "total_cost_by_ms": 15.621999740600586,
    "wait_cost": 0.13199996948242188
}
