{
    "child_model_execute_cost_by_ms": [
        47.44200134277344
    ],
    "child_model_run_time": [
        [
            26750385,
            26797827
        ]
    ],
    "execute_cost": 47.44200134277344,
    "finish_time": 26797832,
    "limit_cost_by_ms": 46.060333251953125,
    "model_name": "vgg19",
    "recv_time": 26750300,
    "tag": "926",
    "total_cost_by_ms": 47.53200149536133,
    "wait_cost": 0.09000015258789063
}
