{
    "child_model_execute_cost_by_ms": [
        46.268001556396484
    ],
    "child_model_run_time": [
        [
            13639579,
            13685847
        ]
    ],
    "execute_cost": 46.268001556396484,
    "finish_time": 13685853,
    "limit_cost_by_ms": 47.29833221435547,
    "model_name": "vgg19",
    "recv_time": 13639562,
    "tag": "299",
    "total_cost_by_ms": 46.29100036621094,
    "wait_cost": 0.022998809814453125
}
