{
    "child_model_execute_cost_by_ms": [
        45.56700134277344
    ],
    "child_model_run_time": [
        [
            22311790,
            22357357
        ]
    ],
    "execute_cost": 45.56700134277344,
    "finish_time": 22357363,
    "limit_cost_by_ms": 47.29833221435547,
    "model_name": "vgg19",
    "recv_time": 22301918,
    "tag": "738",
    "total_cost_by_ms": 55.44499969482422,
    "wait_cost": 9.877998352050781
}
