{
    "child_model_execute_cost_by_ms": [
        19.667999267578125
    ],
    "child_model_run_time": [
        [
            25588428,
            25608096
        ]
    ],
    "execute_cost": 19.667999267578125,
    "finish_time": 25608102,
    "limit_cost_by_ms": 18.92133331298828,
    "model_name": "resnet50",
    "recv_time": 25588412,
    "tag": "901",
    "total_cost_by_ms": 19.690000534057617,
    "wait_cost": 0.022001266479492188
}
