{
    "child_model_execute_cost_by_ms": [
        10.871000289916992
    ],
    "child_model_run_time": [
        [
            10487221,
            10498092
        ]
    ],
    "execute_cost": 10.871000289916992,
    "finish_time": 10498099,
    "limit_cost_by_ms": 8.760000228881836,
    "model_name": "googlenet",
    "recv_time": 10443807,
    "tag": "123",
    "total_cost_by_ms": 54.29199981689453,
    "wait_cost": 43.420997619628906
}
