{
    "child_model_execute_cost_by_ms": [
        9.890000343322754
    ],
    "child_model_run_time": [
        [
            15118213,
            15128103
        ]
    ],
    "execute_cost": 9.890000343322754,
    "finish_time": 15128108,
    "limit_cost_by_ms": 8.760000228881836,
    "model_name": "googlenet",
    "recv_time": 15118109,
    "tag": "323",
    "total_cost_by_ms": 9.99899959564209,
    "wait_cost": 0.10899925231933594
}
