{
    "child_model_execute_cost_by_ms": [
        43.59000015258789
    ],
    "child_model_run_time": [
        [
            16253976,
            16297566
        ]
    ],
    "execute_cost": 43.59000015258789,
    "finish_time": 16297571,
    "limit_cost_by_ms": 47.192665100097656,
    "model_name": "vgg19",
    "recv_time": 16253963,
    "tag": "373",
    "total_cost_by_ms": 43.608001708984375,
    "wait_cost": 0.018001556396484375
}
