{
    "child_model_execute_cost_by_ms": [
        10.446000099182129
    ],
    "child_model_run_time": [
        [
            16795091,
            16805537
        ]
    ],
    "execute_cost": 10.446000099182129,
    "finish_time": 16805545,
    "limit_cost_by_ms": 8.760000228881836,
    "model_name": "googlenet",
    "recv_time": 16795078,
    "tag": "395",
    "total_cost_by_ms": 10.467000007629395,
    "wait_cost": 0.020999908447265625
}
