{
    "child_model_execute_cost_by_ms": [
        9.640999794006348
    ],
    "child_model_run_time": [
        [
            17785374,
            17795015
        ]
    ],
    "execute_cost": 9.640999794006348,
    "finish_time": 17795023,
    "limit_cost_by_ms": 8.760000228881836,
    "model_name": "googlenet",
    "recv_time": 17785206,
    "tag": "438",
    "total_cost_by_ms": 9.817000389099121,
    "wait_cost": 0.17600059509277344
}
