{
    "child_model_execute_cost_by_ms": [
        45.284000396728516
    ],
    "child_model_run_time": [
        [
            18709312,
            18754596
        ]
    ],
    "execute_cost": 45.284000396728516,
    "finish_time": 18754601,
    "limit_cost_by_ms": 47.192665100097656,
    "model_name": "vgg19",
    "recv_time": 18709156,
    "tag": "478",
    "total_cost_by_ms": 45.44499969482422,
    "wait_cost": 0.16099929809570313
}
