{
    "child_model_execute_cost_by_ms": [
        45.452999114990234
    ],
    "child_model_run_time": [
        [
            19414241,
            19459694
        ]
    ],
    "execute_cost": 45.452999114990234,
    "finish_time": 19459700,
    "limit_cost_by_ms": 47.192665100097656,
    "model_name": "vgg19",
    "recv_time": 19414235,
    "tag": "508",
    "total_cost_by_ms": 45.46500015258789,
    "wait_cost": 0.01200103759765625
}
