{
    "child_model_execute_cost_by_ms": [
        18.725000381469727
    ],
    "child_model_run_time": [
        [
            9108915,
            9127640
        ]
    ],
    "execute_cost": 18.725000381469727,
    "finish_time": 9127645,
    "limit_cost_by_ms": 18.93433380126953,
    "model_name": "resnet50",
    "recv_time": 9108744,
    "tag": "64",
    "total_cost_by_ms": 18.900999069213867,
    "wait_cost": 0.17599868774414063
}
