{
    "child_model_execute_cost_by_ms": [
        45.57099914550781
    ],
    "child_model_run_time": [
        [
            26216081,
            26261652
        ]
    ],
    "execute_cost": 45.57099914550781,
    "finish_time": 26261657,
    "limit_cost_by_ms": 47.192665100097656,
    "model_name": "vgg19",
    "recv_time": 26215964,
    "tag": "800",
    "total_cost_by_ms": 45.69300079345703,
    "wait_cost": 0.12200164794921875
}
