{
    "child_model_execute_cost_by_ms": [
        45.61399841308594
    ],
    "child_model_run_time": [
        [
            26282383,
            26327997
        ]
    ],
    "execute_cost": 45.61399841308594,
    "finish_time": 26328004,
    "limit_cost_by_ms": 47.192665100097656,
    "model_name": "vgg19",
    "recv_time": 26282376,
    "tag": "802",
    "total_cost_by_ms": 45.62799835205078,
    "wait_cost": 0.01399993896484375
}
