{
    "child_model_execute_cost_by_ms": [
        45.92300033569336
    ],
    "child_model_run_time": [
        [
            26489742,
            26535665
        ]
    ],
    "execute_cost": 45.92300033569336,
    "finish_time": 26535674,
    "limit_cost_by_ms": 47.192665100097656,
    "model_name": "vgg19",
    "recv_time": 26489619,
    "tag": "811",
    "total_cost_by_ms": 46.05500030517578,
    "wait_cost": 0.13199996948242188
}
