{
    "child_model_execute_cost_by_ms": [
        20.42099952697754
    ],
    "child_model_run_time": [
        [
            30170168,
            30190589
        ]
    ],
    "execute_cost": 20.42099952697754,
    "finish_time": 30190595,
    "limit_cost_by_ms": 18.93433380126953,
    "model_name": "resnet50",
    "recv_time": 30170001,
    "tag": "968",
    "total_cost_by_ms": 20.5939998626709,
    "wait_cost": 0.17300033569335938
}
