{
    "child_model_execute_cost_by_ms": [
        46.42399978637695
    ],
    "child_model_run_time": [
        [
            11137898,
            11184322
        ]
    ],
    "execute_cost": 46.42399978637695,
    "finish_time": 11184326,
    "limit_cost_by_ms": 18.894332885742188,
    "model_name": "resnet50",
    "recv_time": 11137886,
    "tag": "147",
    "total_cost_by_ms": 46.439998626708984,
    "wait_cost": 0.01599884033203125
}
