{
    "child_model_execute_cost_by_ms": [
        10.177000045776367
    ],
    "child_model_run_time": [
        [
            13833654,
            13843831
        ]
    ],
    "execute_cost": 10.177000045776367,
    "finish_time": 13843836,
    "limit_cost_by_ms": 9.072999954223633,
    "model_name": "googlenet",
    "recv_time": 13833643,
    "tag": "263",
    "total_cost_by_ms": 10.192999839782715,
    "wait_cost": 0.015999794006347656
}
