{
    "child_model_execute_cost_by_ms": [
        10.128999710083008
    ],
    "child_model_run_time": [
        [
            15083421,
            15093550
        ]
    ],
    "execute_cost": 10.128999710083008,
    "finish_time": 15093556,
    "limit_cost_by_ms": 9.072999954223633,
    "model_name": "googlenet",
    "recv_time": 15083298,
    "tag": "317",
    "total_cost_by_ms": 10.258000373840332,
    "wait_cost": 0.12900066375732422
}
