{
    "child_model_execute_cost_by_ms": [
        20.034000396728516
    ],
    "child_model_run_time": [
        [
            15567225,
            15587259
        ]
    ],
    "execute_cost": 20.034000396728516,
    "finish_time": 15587264,
    "limit_cost_by_ms": 18.894332885742188,
    "model_name": "resnet50",
    "recv_time": 15567114,
    "tag": "338",
    "total_cost_by_ms": 20.149999618530273,
    "wait_cost": 0.11599922180175781
}
