{
    "child_model_execute_cost_by_ms": [
        8.357000350952148
    ],
    "child_model_run_time": [
        [
            15792716,
            15801073
        ]
    ],
    "execute_cost": 8.357000350952148,
    "finish_time": 15801077,
    "limit_cost_by_ms": 7.111999988555908,
    "model_name": "squeezenetv1",
    "recv_time": 15792701,
    "tag": "348",
    "total_cost_by_ms": 8.37600040435791,
    "wait_cost": 0.01900005340576172
}
