{
    "child_model_execute_cost_by_ms": [
        45.41999816894531
    ],
    "child_model_run_time": [
        [
            18482532,
            18527952
        ]
    ],
    "execute_cost": 45.41999816894531,
    "finish_time": 18527955,
    "limit_cost_by_ms": 47.37066650390625,
    "model_name": "vgg19",
    "recv_time": 18482452,
    "tag": "463",
    "total_cost_by_ms": 45.50299835205078,
    "wait_cost": 0.08300018310546875
}
