{
    "child_model_execute_cost_by_ms": [
        47.055999755859375
    ],
    "child_model_run_time": [
        [
            19262003,
            19309059
        ]
    ],
    "execute_cost": 47.055999755859375,
    "finish_time": 19309062,
    "limit_cost_by_ms": 47.37066650390625,
    "model_name": "vgg19",
    "recv_time": 19261989,
    "tag": "496",
    "total_cost_by_ms": 47.073001861572266,
    "wait_cost": 0.017002105712890625
}
