{
    "child_model_execute_cost_by_ms": [
        46.07899856567383
    ],
    "child_model_run_time": [
        [
            23003809,
            23049888
        ]
    ],
    "execute_cost": 46.07899856567383,
    "finish_time": 23049892,
    "limit_cost_by_ms": 47.37066650390625,
    "model_name": "vgg19",
    "recv_time": 23003792,
    "tag": "655",
    "total_cost_by_ms": 46.099998474121094,
    "wait_cost": 0.020999908447265625
}
