{
    "child_model_execute_cost_by_ms": [
        61.430999755859375
    ],
    "child_model_run_time": [
        [
            9509470,
            9570901
        ]
    ],
    "execute_cost": 61.430999755859375,
    "finish_time": 9570906,
    "limit_cost_by_ms": 47.37066650390625,
    "model_name": "vgg19",
    "recv_time": 9509459,
    "tag": "77",
    "total_cost_by_ms": 61.446998596191406,
    "wait_cost": 0.01599884033203125
}
