{
    "child_model_execute_cost_by_ms": [
        20.204999923706055
    ],
    "child_model_run_time": [
        [
            30679593,
            30699798
        ]
    ],
    "execute_cost": 20.204999923706055,
    "finish_time": 30699803,
    "limit_cost_by_ms": 18.894332885742188,
    "model_name": "resnet50",
    "recv_time": 30679574,
    "tag": "980",
    "total_cost_by_ms": 20.229000091552734,
    "wait_cost": 0.024000167846679688
}
