{
    "child_model_execute_cost_by_ms": [
        46.66299819946289
    ],
    "child_model_run_time": [
        [
            30719127,
            30765790
        ]
    ],
    "execute_cost": 46.66299819946289,
    "finish_time": 30765794,
    "limit_cost_by_ms": 47.37066650390625,
    "model_name": "vgg19",
    "recv_time": 30719110,
    "tag": "983",
    "total_cost_by_ms": 46.683998107910156,
    "wait_cost": 0.020999908447265625
}
