{
    "child_model_execute_cost_by_ms": [
        8.387999534606934
    ],
    "child_model_run_time": [
        [
            8017363,
            8025751
        ]
    ],
    "execute_cost": 8.387999534606934,
    "finish_time": 8025758,
    "limit_cost_by_ms": 7.1576666831970215,
    "model_name": "squeezenetv1",
    "recv_time": 8017253,
    "tag": "14",
    "total_cost_by_ms": 8.505000114440918,
    "wait_cost": 0.11700057983398438
}
