{
    "child_model_execute_cost_by_ms": [
        8.253000259399414
    ],
    "child_model_run_time": [
        [
            11691419,
            11699672
        ]
    ],
    "execute_cost": 8.253000259399414,
    "finish_time": 11699678,
    "limit_cost_by_ms": 7.1576666831970215,
    "model_name": "squeezenetv1",
    "recv_time": 11691298,
    "tag": "151",
    "total_cost_by_ms": 8.380000114440918,
    "wait_cost": 0.1269998550415039
}
