{
    "child_model_execute_cost_by_ms": [
        18.356000900268555,
        16.78700065612793,
        19.517000198364258
    ],
    "child_model_run_time": [
        [
            13756955,
            13775311
        ],
        [
            13775409,
            13792196
        ],
        [
            13792281,
            13811798
        ]
    ],
    "execute_cost": 54.660003662109375,
    "finish_time": 13811804,
    "limit_cost_by_ms": 46.75299835205078,
    "model_name": "vgg19",
    "recv_time": 13756791,
    "tag": "228",
    "total_cost_by_ms": 55.01300048828125,
    "wait_cost": 0.352996826171875
}
