{
    "child_model_execute_cost_by_ms": [
        18.527000427246094,
        16.679000854492188,
        19.66699981689453
    ],
    "child_model_run_time": [
        [
            15389745,
            15408272
        ],
        [
            15408319,
            15424998
        ],
        [
            15425014,
            15444681
        ]
    ],
    "execute_cost": 54.87300109863281,
    "finish_time": 15444686,
    "limit_cost_by_ms": 46.75299835205078,
    "model_name": "vgg19",
    "recv_time": 15389618,
    "tag": "289",
    "total_cost_by_ms": 55.06800079345703,
    "wait_cost": 0.19499969482421875
}
