{
    "child_model_execute_cost_by_ms": [
        15.055000305175781,
        9.081999778747559
    ],
    "child_model_run_time": [
        [
            16075617,
            16090672
        ],
        [
            16090766,
            16099848
        ]
    ],
    "execute_cost": 24.137001037597656,
    "finish_time": 16099856,
    "limit_cost_by_ms": 18.93400001525879,
    "model_name": "resnet50",
    "recv_time": 16059488,
    "tag": "314",
    "total_cost_by_ms": 40.36800003051758,
    "wait_cost": 16.230998992919922
}
