{
    "child_model_execute_cost_by_ms": [
        15.682000160217285,
        9.057000160217285
    ],
    "child_model_run_time": [
        [
            16259180,
            16274862
        ],
        [
            16274918,
            16283975
        ]
    ],
    "execute_cost": 24.73900032043457,
    "finish_time": 16283980,
    "limit_cost_by_ms": 18.93400001525879,
    "model_name": "resnet50",
    "recv_time": 16244140,
    "tag": "320",
    "total_cost_by_ms": 39.84000015258789,
    "wait_cost": 15.10099983215332
}
