{
    "child_model_execute_cost_by_ms": [
        15.194000244140625,
        8.78600025177002
    ],
    "child_model_run_time": [
        [
            16422125,
            16437319
        ],
        [
            16437417,
            16446203
        ]
    ],
    "execute_cost": 23.979999542236328,
    "finish_time": 16446208,
    "limit_cost_by_ms": 18.93400001525879,
    "model_name": "resnet50",
    "recv_time": 16421942,
    "tag": "326",
    "total_cost_by_ms": 24.266000747680664,
    "wait_cost": 0.28600120544433594
}
