{
    "child_model_execute_cost_by_ms": [
        8.28600025177002
    ],
    "child_model_run_time": [
        [
            17566697,
            17574983
        ]
    ],
    "execute_cost": 8.28600025177002,
    "finish_time": 17574989,
    "limit_cost_by_ms": 7.1576666831970215,
    "model_name": "squeezenetv1",
    "recv_time": 17566580,
    "tag": "368",
    "total_cost_by_ms": 8.409000396728516,
    "wait_cost": 0.1230001449584961
}
