{
    "child_model_execute_cost_by_ms": [
        18.531999588012695,
        18.69300079345703,
        20.229000091552734
    ],
    "child_model_run_time": [
        [
            18065398,
            18083930
        ],
        [
            18108367,
            18127060
        ],
        [
            18137110,
            18157339
        ]
    ],
    "execute_cost": 57.45399856567383,
    "finish_time": 18157344,
    "limit_cost_by_ms": 46.75299835205078,
    "model_name": "vgg19",
    "recv_time": 18065239,
    "tag": "387",
    "total_cost_by_ms": 92.1050033569336,
    "wait_cost": 34.651004791259766
}
