{
    "child_model_execute_cost_by_ms": [
        18.493999481201172,
        16.85700035095215,
        19.70800018310547
    ],
    "child_model_run_time": [
        [
            22088722,
            22107216
        ],
        [
            22107311,
            22124168
        ],
        [
            22124185,
            22143893
        ]
    ],
    "execute_cost": 55.058998107910156,
    "finish_time": 22143898,
    "limit_cost_by_ms": 46.75299835205078,
    "model_name": "vgg19",
    "recv_time": 22088624,
    "tag": "535",
    "total_cost_by_ms": 55.27399826049805,
    "wait_cost": 0.21500015258789063
}
