{
    "child_model_execute_cost_by_ms": [
        18.6200008392334,
        17.187000274658203,
        20.350000381469727
    ],
    "child_model_run_time": [
        [
            25817998,
            25836618
        ],
        [
            25836707,
            25853894
        ],
        [
            25853909,
            25874259
        ]
    ],
    "execute_cost": 56.15699768066406,
    "finish_time": 25874265,
    "limit_cost_by_ms": 46.75299835205078,
    "model_name": "vgg19",
    "recv_time": 25817852,
    "tag": "670",
    "total_cost_by_ms": 56.41299819946289,
    "wait_cost": 0.2560005187988281
}
