{
    "child_model_execute_cost_by_ms": [
        18.4950008392334,
        17.648000717163086,
        20.253999710083008
    ],
    "child_model_run_time": [
        [
            27897415,
            27915910
        ],
        [
            27916020,
            27933668
        ],
        [
            27933755,
            27954009
        ]
    ],
    "execute_cost": 56.397003173828125,
    "finish_time": 27954013,
    "limit_cost_by_ms": 46.75299835205078,
    "model_name": "vgg19",
    "recv_time": 27897254,
    "tag": "745",
    "total_cost_by_ms": 56.75899887084961,
    "wait_cost": 0.3619956970214844
}
