{
    "child_model_execute_cost_by_ms": [
        18.764999389648438,
        17.20800018310547,
        20.50200080871582
    ],
    "child_model_run_time": [
        [
            28064682,
            28083447
        ],
        [
            28083531,
            28100739
        ],
        [
            28109305,
            28129807
        ]
    ],
    "execute_cost": 56.474998474121094,
    "finish_time": 28129811,
    "limit_cost_by_ms": 46.75299835205078,
    "model_name": "vgg19",
    "recv_time": 28064518,
    "tag": "751",
    "total_cost_by_ms": 65.29299926757813,
    "wait_cost": 8.818000793457031
}
