{
    "child_model_execute_cost_by_ms": [
        8.180000305175781
    ],
    "child_model_run_time": [
        [
            28369503,
            28377683
        ]
    ],
    "execute_cost": 8.180000305175781,
    "finish_time": 28377695,
    "limit_cost_by_ms": 7.1576666831970215,
    "model_name": "squeezenetv1",
    "recv_time": 28355242,
    "tag": "762",
    "total_cost_by_ms": 22.452999114990234,
    "wait_cost": 14.272998809814453
}
