{
    "child_model_execute_cost_by_ms": [
        8.564000129699707
    ],
    "child_model_run_time": [
        [
            28889743,
            28898307
        ]
    ],
    "execute_cost": 8.564000129699707,
    "finish_time": 28898314,
    "limit_cost_by_ms": 7.1576666831970215,
    "model_name": "squeezenetv1",
    "recv_time": 28869511,
    "tag": "780",
    "total_cost_by_ms": 28.80299949645996,
    "wait_cost": 20.238998413085938
}
