{
    "child_model_execute_cost_by_ms": [
        19.216999053955078,
        17.551000595092773,
        19.988000869750977
    ],
    "child_model_run_time": [
        [
            33628568,
            33647785
        ],
        [
            33647879,
            33665430
        ],
        [
            33665515,
            33685503
        ]
    ],
    "execute_cost": 56.75599670410156,
    "finish_time": 33685507,
    "limit_cost_by_ms": 46.75299835205078,
    "model_name": "vgg19",
    "recv_time": 33628430,
    "tag": "953",
    "total_cost_by_ms": 57.07699966430664,
    "wait_cost": 0.3210029602050781
}
