{
    "child_model_execute_cost_by_ms": [
        7.585000038146973
    ],
    "child_model_run_time": [
        [
            10259781,
            10267366
        ]
    ],
    "execute_cost": 7.585000038146973,
    "finish_time": 10267374,
    "limit_cost_by_ms": 7.1576666831970215,
    "model_name": "squeezenetv1",
    "recv_time": 10247376,
    "tag": "98",
    "total_cost_by_ms": 19.99799919128418,
    "wait_cost": 12.412999153137207
}
