{
    "child_model_execute_cost_by_ms": [
        14.656999588012695,
        9.10099983215332
    ],
    "child_model_run_time": [
        [
            33920101,
            33934758
        ],
        [
            33934851,
            33943952
        ]
    ],
    "execute_cost": 23.757999420166016,
    "finish_time": 33943957,
    "limit_cost_by_ms": 18.93400001525879,
    "model_name": "resnet50",
    "recv_time": 33920077,
    "tag": "962",
    "total_cost_by_ms": 23.8799991607666,
    "wait_cost": 0.12199974060058594
}
