{
    "child_model_execute_cost_by_ms": [
        15.487000465393066,
        9.484000205993652
    ],
    "child_model_run_time": [
        [
            34253687,
            34269174
        ],
        [
            34269268,
            34278752
        ]
    ],
    "execute_cost": 24.97100067138672,
    "finish_time": 34278758,
    "limit_cost_by_ms": 18.93400001525879,
    "model_name": "resnet50",
    "recv_time": 34246503,
    "tag": "974",
    "total_cost_by_ms": 32.255001068115234,
    "wait_cost": 7.284000396728516
}
