{
    "child_model_execute_cost_by_ms": [
        24.349000930786133
    ],
    "child_model_run_time": [
        [
            9656135,
            9680484
        ]
    ],
    "execute_cost": 24.349000930786133,
    "finish_time": 9680486,
    "limit_cost_by_ms": 7.227666854858398,
    "model_name": "squeezenetv1",
    "recv_time": 9656028,
    "tag": "75",
    "total_cost_by_ms": 24.45800018310547,
    "wait_cost": 0.10899925231933594
}
