{
    "child_model_execute_cost_by_ms": [
        21.433000564575195
    ],
    "child_model_run_time": [
        [
            29566050,
            29587483
        ]
    ],
    "execute_cost": 21.433000564575195,
    "finish_time": 29587486,
    "limit_cost_by_ms": 19.13599967956543,
    "model_name": "resnet50",
    "recv_time": 29565981,
    "tag": "890",
    "total_cost_by_ms": 21.5049991607666,
    "wait_cost": 0.07199859619140625
}
