{
    "child_model_execute_cost_by_ms": [
        45.702999114990234
    ],
    "child_model_run_time": [
        [
            13852332,
            13898035
        ]
    ],
    "execute_cost": 45.702999114990234,
    "finish_time": 13898037,
    "limit_cost_by_ms": 47.227664947509766,
    "model_name": "vgg19",
    "recv_time": 13852279,
    "tag": "299",
    "total_cost_by_ms": 45.757999420166016,
    "wait_cost": 0.05500030517578125
}
