{
    "child_model_execute_cost_by_ms": [
        9.675999641418457
    ],
    "child_model_run_time": [
        [
            14135571,
            14145247
        ]
    ],
    "execute_cost": 9.675999641418457,
    "finish_time": 14145252,
    "limit_cost_by_ms": 8.630666732788086,
    "model_name": "googlenet",
    "recv_time": 14135558,
    "tag": "312",
    "total_cost_by_ms": 9.694000244140625,
    "wait_cost": 0.01800060272216797
}
