{
    "child_model_execute_cost_by_ms": [
        47.111000061035156
    ],
    "child_model_run_time": [
        [
            17585939,
            17633050
        ]
    ],
    "execute_cost": 47.111000061035156,
    "finish_time": 17633054,
    "limit_cost_by_ms": 8.630666732788086,
    "model_name": "googlenet",
    "recv_time": 17585853,
    "tag": "484",
    "total_cost_by_ms": 47.20100021362305,
    "wait_cost": 0.09000015258789063
}
