{
    "child_model_execute_cost_by_ms": [
        9.682999610900879
    ],
    "child_model_run_time": [
        [
            23167091,
            23176774
        ]
    ],
    "execute_cost": 9.682999610900879,
    "finish_time": 23176780,
    "limit_cost_by_ms": 8.630666732788086,
    "model_name": "googlenet",
    "recv_time": 23166932,
    "tag": "757",
    "total_cost_by_ms": 9.847999572753906,
    "wait_cost": 0.16499996185302734
}
