{
    "child_model_execute_cost_by_ms": [
        21.259000778198242
    ],
    "child_model_run_time": [
        [
            25358035,
            25379294
        ]
    ],
    "execute_cost": 21.259000778198242,
    "finish_time": 25379299,
    "limit_cost_by_ms": 8.630666732788086,
    "model_name": "googlenet",
    "recv_time": 25358023,
    "tag": "861",
    "total_cost_by_ms": 21.275999069213867,
    "wait_cost": 0.016998291015625
}
