{
    "child_model_execute_cost_by_ms": [
        18.67300033569336,
        16.898000717163086,
        19.343000411987305
    ],
    "child_model_run_time": [
        [
            13618943,
            13637616
        ],
        [
            13637653,
            13654551
        ],
        [
            13654577,
            13673920
        ]
    ],
    "execute_cost": 54.91400146484375,
    "finish_time": 13673927,
    "limit_cost_by_ms": 46.86666488647461,
    "model_name": "vgg19",
    "recv_time": 13618840,
    "tag": "224",
    "total_cost_by_ms": 55.08700180053711,
    "wait_cost": 0.17300033569335938
}
