{
    "child_model_execute_cost_by_ms": [
        58.15999984741211
    ],
    "child_model_run_time": [
        [
            19364747,
            19422907
        ]
    ],
    "execute_cost": 58.15999984741211,
    "finish_time": 19422913,
    "limit_cost_by_ms": 46.2066650390625,
    "model_name": "vgg19",
    "recv_time": 19364735,
    "tag": "455",
    "total_cost_by_ms": 58.178001403808594,
    "wait_cost": 0.018001556396484375
}
