{
    "child_model_execute_cost_by_ms": [
        10.40999984741211
    ],
    "child_model_run_time": [
        [
            19869940,
            19880350
        ]
    ],
    "execute_cost": 10.40999984741211,
    "finish_time": 19880357,
    "limit_cost_by_ms": 8.965999603271484,
    "model_name": "googlenet",
    "recv_time": 19864873,
    "tag": "528",
    "total_cost_by_ms": 15.484000205993652,
    "wait_cost": 5.074000358581543
}
