{
    "child_model_execute_cost_by_ms": [
        8.46399974822998
    ],
    "child_model_run_time": [
        [
            9853094,
            9861558
        ]
    ],
    "execute_cost": 8.46399974822998,
    "finish_time": 9861565,
    "limit_cost_by_ms": 7.197333335876465,
    "model_name": "squeezenetv1",
    "recv_time": 9852964,
    "tag": "86",
    "total_cost_by_ms": 8.60099983215332,
    "wait_cost": 0.13700008392333984
}
