{
    "child_model_execute_cost_by_ms": [
        10.581000328063965
    ],
    "child_model_run_time": [
        [
            10795058,
            10805639
        ]
    ],
    "execute_cost": 10.581000328063965,
    "finish_time": 10805645,
    "limit_cost_by_ms": 8.623666763305664,
    "model_name": "googlenet",
    "recv_time": 10733666,
    "tag": "155",
    "total_cost_by_ms": 71.97899627685547,
    "wait_cost": 61.39799499511719
}
