{
    "child_model_execute_cost_by_ms": [
        10.586999893188477
    ],
    "child_model_run_time": [
        [
            11370804,
            11381391
        ]
    ],
    "execute_cost": 10.586999893188477,
    "finish_time": 11381404,
    "limit_cost_by_ms": 8.623666763305664,
    "model_name": "googlenet",
    "recv_time": 11341490,
    "tag": "182",
    "total_cost_by_ms": 39.91400146484375,
    "wait_cost": 29.327001571655273
}
