{
    "child_model_execute_cost_by_ms": [
        10.694000244140625
    ],
    "child_model_run_time": [
        [
            11559690,
            11570384
        ]
    ],
    "execute_cost": 10.694000244140625,
    "finish_time": 11570396,
    "limit_cost_by_ms": 8.623666763305664,
    "model_name": "googlenet",
    "recv_time": 11516199,
    "tag": "191",
    "total_cost_by_ms": 54.196998596191406,
    "wait_cost": 43.50299835205078
}
