{
    "child_model_execute_cost_by_ms": [
        8.633999824523926
    ],
    "child_model_run_time": [
        [
            12784031,
            12792665
        ]
    ],
    "execute_cost": 8.633999824523926,
    "finish_time": 12792678,
    "limit_cost_by_ms": 7.102666854858398,
    "model_name": "squeezenetv1",
    "recv_time": 12783919,
    "tag": "241",
    "total_cost_by_ms": 8.758999824523926,
    "wait_cost": 0.125
}
