{
    "child_model_execute_cost_by_ms": [
        21.52899932861328
    ],
    "child_model_run_time": [
        [
            13193051,
            13214580
        ]
    ],
    "execute_cost": 21.52899932861328,
    "finish_time": 13214588,
    "limit_cost_by_ms": 18.968334197998047,
    "model_name": "resnet50",
    "recv_time": 13183000,
    "tag": "245",
    "total_cost_by_ms": 31.58799934387207,
    "wait_cost": 10.059000015258789
}
