{
    "child_model_execute_cost_by_ms": [
        8.07800006866455
    ],
    "child_model_run_time": [
        [
            13547313,
            13555391
        ]
    ],
    "execute_cost": 8.07800006866455,
    "finish_time": 13555398,
    "limit_cost_by_ms": 7.0879998207092285,
    "model_name": "squeezenetv1",
    "recv_time": 13547160,
    "tag": "287",
    "total_cost_by_ms": 8.23799991607666,
    "wait_cost": 0.15999984741210938
}
