{
    "child_model_execute_cost_by_ms": [
        8.451000213623047
    ],
    "child_model_run_time": [
        [
            13800223,
            13808674
        ]
    ],
    "execute_cost": 8.451000213623047,
    "finish_time": 13808681,
    "limit_cost_by_ms": 7.0879998207092285,
    "model_name": "squeezenetv1",
    "recv_time": 13799828,
    "tag": "299",
    "total_cost_by_ms": 8.852999687194824,
    "wait_cost": 0.40199947357177734
}
