{
    "child_model_execute_cost_by_ms": [
        8.590999603271484
    ],
    "child_model_run_time": [
        [
            14869051,
            14877642
        ]
    ],
    "execute_cost": 8.590999603271484,
    "finish_time": 14877646,
    "limit_cost_by_ms": 7.2789998054504395,
    "model_name": "squeezenetv1",
    "recv_time": 14851146,
    "tag": "323",
    "total_cost_by_ms": 26.5,
    "wait_cost": 17.909000396728516
}
