{
    "child_model_execute_cost_by_ms": [
        10.722000122070313
    ],
    "child_model_run_time": [
        [
            8221242,
            8231964
        ]
    ],
    "execute_cost": 10.722000122070313,
    "finish_time": 8231978,
    "limit_cost_by_ms": 8.623666763305664,
    "model_name": "googlenet",
    "recv_time": 8179252,
    "tag": "34",
    "total_cost_by_ms": 52.72600173950195,
    "wait_cost": 42.00400161743164
}
