{
    "child_model_execute_cost_by_ms": [
        8.555999755859375
    ],
    "child_model_run_time": [
        [
            15102079,
            15110635
        ]
    ],
    "execute_cost": 8.555999755859375,
    "finish_time": 15110647,
    "limit_cost_by_ms": 7.102666854858398,
    "model_name": "squeezenetv1",
    "recv_time": 15076694,
    "tag": "350",
    "total_cost_by_ms": 33.952999114990234,
    "wait_cost": 25.39699935913086
}
