{
    "child_model_execute_cost_by_ms": [
        20.63800048828125
    ],
    "child_model_run_time": [
        [
            15376882,
            15397520
        ]
    ],
    "execute_cost": 20.63800048828125,
    "finish_time": 15397528,
    "limit_cost_by_ms": 18.54800033569336,
    "model_name": "resnet50",
    "recv_time": 15337617,
    "tag": "373",
    "total_cost_by_ms": 59.9109992980957,
    "wait_cost": 39.27299880981445
}
