{
    "child_model_execute_cost_by_ms": [
        8.638999938964844
    ],
    "child_model_run_time": [
        [
            16044600,
            16053239
        ]
    ],
    "execute_cost": 8.638999938964844,
    "finish_time": 16053246,
    "limit_cost_by_ms": 7.102666854858398,
    "model_name": "squeezenetv1",
    "recv_time": 16034249,
    "tag": "394",
    "total_cost_by_ms": 18.996999740600586,
    "wait_cost": 10.357999801635742
}
