{
    "child_model_execute_cost_by_ms": [
        46.375
    ],
    "child_model_run_time": [
        [
            17583587,
            17629962
        ]
    ],
    "execute_cost": 46.375,
    "finish_time": 17629968,
    "limit_cost_by_ms": 47.375,
    "model_name": "vgg19",
    "recv_time": 17566836,
    "tag": "449",
    "total_cost_by_ms": 63.13199996948242,
    "wait_cost": 16.756999969482422
}
