{
    "child_model_execute_cost_by_ms": [
        10.678000450134277
    ],
    "child_model_run_time": [
        [
            8477160,
            8487838
        ]
    ],
    "execute_cost": 10.678000450134277,
    "finish_time": 8487851,
    "limit_cost_by_ms": 8.623666763305664,
    "model_name": "googlenet",
    "recv_time": 8434410,
    "tag": "46",
    "total_cost_by_ms": 53.441001892089844,
    "wait_cost": 42.76300048828125
}
