{
    "child_model_execute_cost_by_ms": [
        44.70500183105469
    ],
    "child_model_run_time": [
        [
            17521684,
            17566389
        ]
    ],
    "execute_cost": 44.70500183105469,
    "finish_time": 17566394,
    "limit_cost_by_ms": 46.40833282470703,
    "model_name": "vgg19",
    "recv_time": 17521669,
    "tag": "465",
    "total_cost_by_ms": 44.724998474121094,
    "wait_cost": 0.01999664306640625
}
