{
    "child_model_execute_cost_by_ms": [
        8.711000442504883
    ],
    "child_model_run_time": [
        [
            17735554,
            17744265
        ]
    ],
    "execute_cost": 8.711000442504883,
    "finish_time": 17744281,
    "limit_cost_by_ms": 7.102666854858398,
    "model_name": "squeezenetv1",
    "recv_time": 17718407,
    "tag": "474",
    "total_cost_by_ms": 25.874000549316406,
    "wait_cost": 17.163000106811523
}
