{
    "child_model_execute_cost_by_ms": [
        10.08899974822998
    ],
    "child_model_run_time": [
        [
            18527624,
            18537713
        ]
    ],
    "execute_cost": 10.08899974822998,
    "finish_time": 18537722,
    "limit_cost_by_ms": 8.522000312805176,
    "model_name": "googlenet",
    "recv_time": 18519260,
    "tag": "513",
    "total_cost_by_ms": 18.461999893188477,
    "wait_cost": 8.373000144958496
}
