{
    "child_model_execute_cost_by_ms": [
        8.428000450134277
    ],
    "child_model_run_time": [
        [
            18770703,
            18779131
        ]
    ],
    "execute_cost": 8.428000450134277,
    "finish_time": 18779137,
    "limit_cost_by_ms": 7.102666854858398,
    "model_name": "squeezenetv1",
    "recv_time": 18770689,
    "tag": "524",
    "total_cost_by_ms": 8.447999954223633,
    "wait_cost": 0.01999950408935547
}
