{
    "child_model_execute_cost_by_ms": [
        9.666999816894531
    ],
    "child_model_run_time": [
        [
            18779612,
            18789279
        ]
    ],
    "execute_cost": 9.666999816894531,
    "finish_time": 18789287,
    "limit_cost_by_ms": 8.522000312805176,
    "model_name": "googlenet",
    "recv_time": 18779573,
    "tag": "525",
    "total_cost_by_ms": 9.71399974822998,
    "wait_cost": 0.04699993133544922
}
