{
    "child_model_execute_cost_by_ms": [
        19.895000457763672
    ],
    "child_model_run_time": [
        [
            19386081,
            19405976
        ]
    ],
    "execute_cost": 19.895000457763672,
    "finish_time": 19405983,
    "limit_cost_by_ms": 18.54800033569336,
    "model_name": "resnet50",
    "recv_time": 19371404,
    "tag": "563",
    "total_cost_by_ms": 34.57899856567383,
    "wait_cost": 14.683998107910156
}
