{
    "child_model_execute_cost_by_ms": [
        8.118000030517578
    ],
    "child_model_run_time": [
        [
            20561181,
            20569299
        ]
    ],
    "execute_cost": 8.118000030517578,
    "finish_time": 20569310,
    "limit_cost_by_ms": 7.0879998207092285,
    "model_name": "squeezenetv1",
    "recv_time": 20561101,
    "tag": "619",
    "total_cost_by_ms": 8.208999633789063,
    "wait_cost": 0.09099960327148438
}
