{
    "child_model_execute_cost_by_ms": [
        46.084999084472656
    ],
    "child_model_run_time": [
        [
            21159713,
            21205798
        ]
    ],
    "execute_cost": 46.084999084472656,
    "finish_time": 21205803,
    "limit_cost_by_ms": 46.09633255004883,
    "model_name": "vgg19",
    "recv_time": 21140204,
    "tag": "647",
    "total_cost_by_ms": 65.5989990234375,
    "wait_cost": 19.513999938964844
}
