{
    "child_model_execute_cost_by_ms": [
        8.52400016784668
    ],
    "child_model_run_time": [
        [
            21995542,
            22004066
        ]
    ],
    "execute_cost": 8.52400016784668,
    "finish_time": 22004073,
    "limit_cost_by_ms": 7.0879998207092285,
    "model_name": "squeezenetv1",
    "recv_time": 21990152,
    "tag": "686",
    "total_cost_by_ms": 13.920999526977539,
    "wait_cost": 5.396999359130859
}
