{
    "child_model_execute_cost_by_ms": [
        10.456000328063965
    ],
    "child_model_run_time": [
        [
            22666933,
            22677389
        ]
    ],
    "execute_cost": 10.456000328063965,
    "finish_time": 22677402,
    "limit_cost_by_ms": 8.623666763305664,
    "model_name": "googlenet",
    "recv_time": 22649016,
    "tag": "717",
    "total_cost_by_ms": 28.38599967956543,
    "wait_cost": 17.93000030517578
}
