{
    "child_model_execute_cost_by_ms": [
        10.571000099182129
    ],
    "child_model_run_time": [
        [
            22837164,
            22847735
        ]
    ],
    "execute_cost": 10.571000099182129,
    "finish_time": 22847746,
    "limit_cost_by_ms": 8.623666763305664,
    "model_name": "googlenet",
    "recv_time": 22816532,
    "tag": "725",
    "total_cost_by_ms": 31.214000701904297,
    "wait_cost": 20.643001556396484
}
