{
    "child_model_execute_cost_by_ms": [
        46.57600021362305
    ],
    "child_model_run_time": [
        [
            23736536,
            23783112
        ]
    ],
    "execute_cost": 46.57600021362305,
    "finish_time": 23783117,
    "limit_cost_by_ms": 47.375,
    "model_name": "vgg19",
    "recv_time": 23734822,
    "tag": "731",
    "total_cost_by_ms": 48.29499816894531,
    "wait_cost": 1.7189979553222656
}
