{
    "child_model_execute_cost_by_ms": [
        10.222000122070313
    ],
    "child_model_run_time": [
        [
            23416522,
            23426744
        ]
    ],
    "execute_cost": 10.222000122070313,
    "finish_time": 23426750,
    "limit_cost_by_ms": 8.623666763305664,
    "model_name": "googlenet",
    "recv_time": 23416368,
    "tag": "752",
    "total_cost_by_ms": 10.381999969482422,
    "wait_cost": 0.15999984741210938
}
