{
    "child_model_execute_cost_by_ms": [
        45.42399978637695
    ],
    "child_model_run_time": [
        [
            23966033,
            24011457
        ]
    ],
    "execute_cost": 45.42399978637695,
    "finish_time": 24011464,
    "limit_cost_by_ms": 46.40833282470703,
    "model_name": "vgg19",
    "recv_time": 23965887,
    "tag": "769",
    "total_cost_by_ms": 45.57699966430664,
    "wait_cost": 0.1529998779296875
}
