{
    "child_model_execute_cost_by_ms": [
        8.697999954223633
    ],
    "child_model_run_time": [
        [
            24437043,
            24445741
        ]
    ],
    "execute_cost": 8.697999954223633,
    "finish_time": 24445747,
    "limit_cost_by_ms": 7.0879998207092285,
    "model_name": "squeezenetv1",
    "recv_time": 24418430,
    "tag": "799",
    "total_cost_by_ms": 27.316999435424805,
    "wait_cost": 18.618999481201172
}
