{
    "child_model_execute_cost_by_ms": [
        48.805999755859375
    ],
    "child_model_run_time": [
        [
            29013999,
            29062805
        ]
    ],
    "execute_cost": 48.805999755859375,
    "finish_time": 29062813,
    "limit_cost_by_ms": 47.375,
    "model_name": "vgg19",
    "recv_time": 29013881,
    "tag": "967",
    "total_cost_by_ms": 48.93199920654297,
    "wait_cost": 0.12599945068359375
}
