{
    "child_model_execute_cost_by_ms": [
        47.584999084472656
    ],
    "child_model_run_time": [
        [
            10608810,
            10656395
        ]
    ],
    "execute_cost": 47.584999084472656,
    "finish_time": 10656404,
    "limit_cost_by_ms": 46.78533172607422,
    "model_name": "vgg19",
    "recv_time": 10608624,
    "tag": "138",
    "total_cost_by_ms": 47.779998779296875,
    "wait_cost": 0.19499969482421875
}
