{
    "child_model_execute_cost_by_ms": [
        45.3849983215332
    ],
    "child_model_run_time": [
        [
            12344113,
            12389498
        ]
    ],
    "execute_cost": 45.3849983215332,
    "finish_time": 12389506,
    "limit_cost_by_ms": 46.78533172607422,
    "model_name": "vgg19",
    "recv_time": 12324912,
    "tag": "225",
    "total_cost_by_ms": 64.59400177001953,
    "wait_cost": 19.209003448486328
}
