{
    "child_model_execute_cost_by_ms": [
        9.592000007629395
    ],
    "child_model_run_time": [
        [
            16845659,
            16855251
        ]
    ],
    "execute_cost": 9.592000007629395,
    "finish_time": 16855255,
    "limit_cost_by_ms": 8.723333358764648,
    "model_name": "googlenet",
    "recv_time": 16845650,
    "tag": "450",
    "total_cost_by_ms": 9.604999542236328,
    "wait_cost": 0.012999534606933594
}
