{
    "child_model_execute_cost_by_ms": [
        9.979999542236328
    ],
    "child_model_run_time": [
        [
            20458432,
            20468412
        ]
    ],
    "execute_cost": 9.979999542236328,
    "finish_time": 20468419,
    "limit_cost_by_ms": 8.723333358764648,
    "model_name": "googlenet",
    "recv_time": 20458417,
    "tag": "629",
    "total_cost_by_ms": 10.001999855041504,
    "wait_cost": 0.02200031280517578
}
