{
    "child_model_execute_cost_by_ms": [
        6.960999965667725
    ],
    "child_model_run_time": [
        [
            20843134,
            20850095
        ]
    ],
    "execute_cost": 6.960999965667725,
    "finish_time": 20850098,
    "limit_cost_by_ms": 6.072000026702881,
    "model_name": "yolov2",
    "recv_time": 20825039,
    "tag": "139",
    "total_cost_by_ms": 25.05900001525879,
    "wait_cost": 18.097999572753906
}
