{
    "child_model_execute_cost_by_ms": [
        13.553000450134277
    ],
    "child_model_run_time": [
        [
            21052773,
            21066326
        ]
    ],
    "execute_cost": 13.553000450134277,
    "finish_time": 21066330,
    "limit_cost_by_ms": 6.9723334312438965,
    "model_name": "gpt128v2",
    "recv_time": 21052717,
    "tag": "150",
    "total_cost_by_ms": 13.61299991607666,
    "wait_cost": 0.05999946594238281
}
