{
    "child_model_execute_cost_by_ms": [
        45.11899948120117
    ],
    "child_model_run_time": [
        [
            21068517,
            21113636
        ]
    ],
    "execute_cost": 45.11899948120117,
    "finish_time": 21113640,
    "limit_cost_by_ms": 46.44200134277344,
    "model_name": "vgg19",
    "recv_time": 21068445,
    "tag": "151",
    "total_cost_by_ms": 45.19499969482422,
    "wait_cost": 0.07600021362304688
}
