{
    "child_model_execute_cost_by_ms": [
        18.954999923706055
    ],
    "child_model_run_time": [
        [
            27774012,
            27792967
        ]
    ],
    "execute_cost": 18.954999923706055,
    "finish_time": 27792970,
    "limit_cost_by_ms": 18.99766731262207,
    "model_name": "resnet50",
    "recv_time": 27755757,
    "tag": "490",
    "total_cost_by_ms": 37.2130012512207,
    "wait_cost": 18.25800132751465
}
