{
    "child_model_execute_cost_by_ms": [
        21.42300033569336
    ],
    "child_model_run_time": [
        [
            27845975,
            27867398
        ]
    ],
    "execute_cost": 21.42300033569336,
    "finish_time": 27867406,
    "limit_cost_by_ms": 18.99766731262207,
    "model_name": "resnet50",
    "recv_time": 27845908,
    "tag": "493",
    "total_cost_by_ms": 21.49799919128418,
    "wait_cost": 0.07499885559082031
}
