{
    "child_model_execute_cost_by_ms": [
        13.654000282287598
    ],
    "child_model_run_time": [
        [
            29937654,
            29951308
        ]
    ],
    "execute_cost": 13.654000282287598,
    "finish_time": 29951312,
    "limit_cost_by_ms": 6.9723334312438965,
    "model_name": "gpt128v2",
    "recv_time": 29931230,
    "tag": "597",
    "total_cost_by_ms": 20.082000732421875,
    "wait_cost": 6.428000450134277
}
