{
    "child_model_execute_cost_by_ms": [
        10.817999839782715
    ],
    "child_model_run_time": [
        [
            31032149,
            31042967
        ]
    ],
    "execute_cost": 10.817999839782715,
    "finish_time": 31042979,
    "limit_cost_by_ms": 8.895333290100098,
    "model_name": "googlenet",
    "recv_time": 31032041,
    "tag": "652",
    "total_cost_by_ms": 10.937999725341797,
    "wait_cost": 0.11999988555908203
}
