{
    "child_model_execute_cost_by_ms": [
        13.869999885559082
    ],
    "child_model_run_time": [
        [
            31134801,
            31148671
        ]
    ],
    "execute_cost": 13.869999885559082,
    "finish_time": 31148683,
    "limit_cost_by_ms": 6.9723334312438965,
    "model_name": "gpt128v2",
    "recv_time": 31134790,
    "tag": "657",
    "total_cost_by_ms": 13.892999649047852,
    "wait_cost": 0.02299976348876953
}
