{
    "child_model_execute_cost_by_ms": [
        22.079999923706055
    ],
    "child_model_run_time": [
        [
            31711021,
            31733101
        ]
    ],
    "execute_cost": 22.079999923706055,
    "finish_time": 31733108,
    "limit_cost_by_ms": 18.99766731262207,
    "model_name": "resnet50",
    "recv_time": 31682111,
    "tag": "686",
    "total_cost_by_ms": 50.99700164794922,
    "wait_cost": 28.917001724243164
}
