{
    "child_model_execute_cost_by_ms": [
        19.518999099731445
    ],
    "child_model_run_time": [
        [
            32065057,
            32084576
        ]
    ],
    "execute_cost": 19.518999099731445,
    "finish_time": 32084583,
    "limit_cost_by_ms": 18.99766731262207,
    "model_name": "resnet50",
    "recv_time": 32064995,
    "tag": "705",
    "total_cost_by_ms": 19.58799934387207,
    "wait_cost": 0.069000244140625
}
