{
    "child_model_execute_cost_by_ms": [
        13.517999649047852
    ],
    "child_model_run_time": [
        [
            32333418,
            32346936
        ]
    ],
    "execute_cost": 13.517999649047852,
    "finish_time": 32346947,
    "limit_cost_by_ms": 6.9723334312438965,
    "model_name": "gpt128v2",
    "recv_time": 32327769,
    "tag": "718",
    "total_cost_by_ms": 19.17799949645996,
    "wait_cost": 5.659999847412109
}
