{
    "child_model_execute_cost_by_ms": [
        11.361000061035156
    ],
    "child_model_run_time": [
        [
            34365768,
            34377129
        ]
    ],
    "execute_cost": 11.361000061035156,
    "finish_time": 34377135,
    "limit_cost_by_ms": 8.895333290100098,
    "model_name": "googlenet",
    "recv_time": 34342839,
    "tag": "816",
    "total_cost_by_ms": 34.29600143432617,
    "wait_cost": 22.935001373291016
}
