{
    "child_model_execute_cost_by_ms": [
        14.300999641418457
    ],
    "child_model_run_time": [
        [
            36150331,
            36164632
        ]
    ],
    "execute_cost": 14.300999641418457,
    "finish_time": 36164645,
    "limit_cost_by_ms": 6.9723334312438965,
    "model_name": "gpt128v2",
    "recv_time": 36150277,
    "tag": "904",
    "total_cost_by_ms": 14.368000030517578,
    "wait_cost": 0.0670003890991211
}
