{
    "child_model_execute_cost_by_ms": [
        10.640999794006348
    ],
    "child_model_run_time": [
        [
            12018953,
            12029594
        ]
    ],
    "execute_cost": 10.640999794006348,
    "finish_time": 12029601,
    "limit_cost_by_ms": 8.692333221435547,
    "model_name": "googlenet",
    "recv_time": 12015881,
    "tag": "191",
    "total_cost_by_ms": 13.720000267028809,
    "wait_cost": 3.079000473022461
}
