{
    "child_model_execute_cost_by_ms": [
        8.0600004196167
    ],
    "child_model_run_time": [
        [
            13116394,
            13124454
        ]
    ],
    "execute_cost": 8.0600004196167,
    "finish_time": 13124462,
    "limit_cost_by_ms": 7.154666900634766,
    "model_name": "squeezenetv1",
    "recv_time": 13116242,
    "tag": "239",
    "total_cost_by_ms": 8.220000267028809,
    "wait_cost": 0.15999984741210938
}
