{
    "child_model_execute_cost_by_ms": [
        44.617000579833984
    ],
    "child_model_run_time": [
        [
            13397547,
            13442164
        ]
    ],
    "execute_cost": 44.617000579833984,
    "finish_time": 13442176,
    "limit_cost_by_ms": 47.228668212890625,
    "model_name": "vgg19",
    "recv_time": 13397374,
    "tag": "252",
    "total_cost_by_ms": 44.801998138427734,
    "wait_cost": 0.18499755859375
}
