{
    "child_model_execute_cost_by_ms": [
        11.11299991607666
    ],
    "child_model_run_time": [
        [
            21300971,
            21312084
        ]
    ],
    "execute_cost": 11.11299991607666,
    "finish_time": 21312091,
    "limit_cost_by_ms": 8.933333396911621,
    "model_name": "googlenet",
    "recv_time": 21297043,
    "tag": "593",
    "total_cost_by_ms": 15.04800033569336,
    "wait_cost": 3.935000419616699
}
