{
    "child_model_execute_cost_by_ms": [
        8.125
    ],
    "child_model_run_time": [
        [
            9561107,
            9569232
        ]
    ],
    "execute_cost": 8.125,
    "finish_time": 9569237,
    "limit_cost_by_ms": 7.154666900634766,
    "model_name": "squeezenetv1",
    "recv_time": 9556865,
    "tag": "84",
    "total_cost_by_ms": 12.371999740600586,
    "wait_cost": 4.246999740600586
}
