{
    "child_model_execute_cost_by_ms": [
        19.082000732421875,
        17.542999267578125,
        20.267000198364258
    ],
    "child_model_run_time": [
        [
            23903297,
            23922379
        ],
        [
            23922410,
            23939953
        ],
        [
            23939975,
            23960242
        ]
    ],
    "execute_cost": 56.891998291015625,
    "finish_time": 23960246,
    "limit_cost_by_ms": 47.417667388916016,
    "model_name": "vgg19",
    "recv_time": 23896865,
    "tag": "607",
    "total_cost_by_ms": 63.38100051879883,
    "wait_cost": 6.489002227783203
}
