{
    "child_model_execute_cost_by_ms": [
        44.3849983215332
    ],
    "child_model_run_time": [
        [
            11772953,
            11817338
        ]
    ],
    "execute_cost": 44.3849983215332,
    "finish_time": 11817342,
    "limit_cost_by_ms": 47.255001068115234,
    "model_name": "vgg19",
    "recv_time": 11772911,
    "tag": "170",
    "total_cost_by_ms": 44.430999755859375,
    "wait_cost": 0.046001434326171875
}
