{
    "child_model_execute_cost_by_ms": [
        19.62299919128418
    ],
    "child_model_run_time": [
        [
            26906606,
            26926229
        ]
    ],
    "execute_cost": 19.62299919128418,
    "finish_time": 26926233,
    "limit_cost_by_ms": 18.988666534423828,
    "model_name": "resnet50",
    "recv_time": 26906482,
    "tag": "829",
    "total_cost_by_ms": 19.750999450683594,
    "wait_cost": 0.12800025939941406
}
