{
    "child_model_execute_cost_by_ms": [
        8.868000030517578
    ],
    "child_model_run_time": [
        [
            20972658,
            20981526
        ]
    ],
    "execute_cost": 8.868000030517578,
    "finish_time": 20981530,
    "limit_cost_by_ms": 8.539999961853027,
    "model_name": "googlenet",
    "recv_time": 20972536,
    "tag": "580",
    "total_cost_by_ms": 8.994000434875488,
    "wait_cost": 0.12600040435791016
}
