{
    "child_model_execute_cost_by_ms": [
        8.256999969482422
    ],
    "child_model_run_time": [
        [
            24764621,
            24772878
        ]
    ],
    "execute_cost": 8.256999969482422,
    "finish_time": 24772888,
    "limit_cost_by_ms": 7.125999927520752,
    "model_name": "squeezenetv1",
    "recv_time": 24764433,
    "tag": "748",
    "total_cost_by_ms": 8.454999923706055,
    "wait_cost": 0.1979999542236328
}
