{
    "child_model_execute_cost_by_ms": [
        9.097999572753906
    ],
    "child_model_run_time": [
        [
            29985580,
            29994678
        ]
    ],
    "execute_cost": 9.097999572753906,
    "finish_time": 29994681,
    "limit_cost_by_ms": 8.539999961853027,
    "model_name": "googlenet",
    "recv_time": 29985575,
    "tag": "977",
    "total_cost_by_ms": 9.105999946594238,
    "wait_cost": 0.008000373840332031
}
