{
    "child_model_execute_cost_by_ms": [
        8.331000328063965
    ],
    "child_model_run_time": [
        [
            30453254,
            30461585
        ]
    ],
    "execute_cost": 8.331000328063965,
    "finish_time": 30461594,
    "limit_cost_by_ms": 7.125999927520752,
    "model_name": "squeezenetv1",
    "recv_time": 30453038,
    "tag": "997",
    "total_cost_by_ms": 8.555999755859375,
    "wait_cost": 0.22499942779541016
}
