{
    "child_model_execute_cost_by_ms": [
        15.335000038146973
    ],
    "child_model_run_time": [
        [
            13350738,
            13366073
        ]
    ],
    "execute_cost": 15.335000038146973,
    "finish_time": 13366076,
    "limit_cost_by_ms": 7.375666618347168,
    "model_name": "squeezenetv1",
    "recv_time": 13350643,
    "tag": "297",
    "total_cost_by_ms": 15.432999610900879,
    "wait_cost": 0.09799957275390625
}
