{
    "child_model_execute_cost_by_ms": [
        23.339000701904297
    ],
    "child_model_run_time": [
        [
            13680650,
            13703989
        ]
    ],
    "execute_cost": 23.339000701904297,
    "finish_time": 13703993,
    "limit_cost_by_ms": 7.199999809265137,
    "model_name": "squeezenetv1",
    "recv_time": 13680545,
    "tag": "300",
    "total_cost_by_ms": 23.447999954223633,
    "wait_cost": 0.10899925231933594
}
