{
    "child_model_execute_cost_by_ms": [
        24.849000930786133
    ],
    "child_model_run_time": [
        [
            14272828,
            14297677
        ]
    ],
    "execute_cost": 24.849000930786133,
    "finish_time": 14297683,
    "limit_cost_by_ms": 7.375666618347168,
    "model_name": "squeezenetv1",
    "recv_time": 14272723,
    "tag": "345",
    "total_cost_by_ms": 24.959999084472656,
    "wait_cost": 0.11099815368652344
}
