{
    "child_model_execute_cost_by_ms": [
        76.6729965209961
    ],
    "child_model_run_time": [
        [
            15344162,
            15420835
        ]
    ],
    "execute_cost": 76.6729965209961,
    "finish_time": 15420839,
    "limit_cost_by_ms": 18.983999252319336,
    "model_name": "resnet50",
    "recv_time": 15344023,
    "tag": "401",
    "total_cost_by_ms": 76.81600189208984,
    "wait_cost": 0.14300537109375
}
