{
    "child_model_execute_cost_by_ms": [
        18.613000869750977
    ],
    "child_model_run_time": [
        [
            16241299,
            16259912
        ]
    ],
    "execute_cost": 18.613000869750977,
    "finish_time": 16259916,
    "limit_cost_by_ms": 7.199999809265137,
    "model_name": "squeezenetv1",
    "recv_time": 16241292,
    "tag": "431",
    "total_cost_by_ms": 18.624000549316406,
    "wait_cost": 0.010999679565429688
}
