{
    "child_model_execute_cost_by_ms": [
        63.61600112915039
    ],
    "child_model_run_time": [
        [
            16367144,
            16430760
        ]
    ],
    "execute_cost": 63.61600112915039,
    "finish_time": 16430760,
    "limit_cost_by_ms": 8.954999923706055,
    "model_name": "googlenet",
    "recv_time": 16367103,
    "tag": "453",
    "total_cost_by_ms": 63.65700149536133,
    "wait_cost": 0.0410003662109375
}
