{
    "child_model_execute_cost_by_ms": [
        83.09400177001953
    ],
    "child_model_run_time": [
        [
            16373022,
            16456116
        ]
    ],
    "execute_cost": 83.09400177001953,
    "finish_time": 16456121,
    "limit_cost_by_ms": 7.375666618347168,
    "model_name": "squeezenetv1",
    "recv_time": 16372877,
    "tag": "454",
    "total_cost_by_ms": 83.24400329589844,
    "wait_cost": 0.15000152587890625
}
