{
    "child_model_execute_cost_by_ms": [
        54.500999450683594
    ],
    "child_model_run_time": [
        [
            19884566,
            19939067
        ]
    ],
    "execute_cost": 54.500999450683594,
    "finish_time": 19939070,
    "limit_cost_by_ms": 7.375666618347168,
    "model_name": "squeezenetv1",
    "recv_time": 19884512,
    "tag": "632",
    "total_cost_by_ms": 54.55799865722656,
    "wait_cost": 0.05699920654296875
}
