{
    "child_model_execute_cost_by_ms": [
        44.99100112915039
    ],
    "child_model_run_time": [
        [
            22244526,
            22289517
        ]
    ],
    "execute_cost": 44.99100112915039,
    "finish_time": 22289520,
    "limit_cost_by_ms": 47.39099884033203,
    "model_name": "vgg19",
    "recv_time": 22244512,
    "tag": "750",
    "total_cost_by_ms": 45.007999420166016,
    "wait_cost": 0.016998291015625
}
