{
    "child_model_execute_cost_by_ms": [
        61.874000549316406
    ],
    "child_model_run_time": [
        [
            22970530,
            23032404
        ]
    ],
    "execute_cost": 61.874000549316406,
    "finish_time": 23032409,
    "limit_cost_by_ms": 7.375666618347168,
    "model_name": "squeezenetv1",
    "recv_time": 22970491,
    "tag": "788",
    "total_cost_by_ms": 61.917999267578125,
    "wait_cost": 0.04399871826171875
}
