{
    "child_model_execute_cost_by_ms": [
        56.099998474121094
    ],
    "child_model_run_time": [
        [
            23300256,
            23356356
        ]
    ],
    "execute_cost": 56.099998474121094,
    "finish_time": 23356360,
    "limit_cost_by_ms": 8.954999923706055,
    "model_name": "googlenet",
    "recv_time": 23300175,
    "tag": "805",
    "total_cost_by_ms": 56.185001373291016,
    "wait_cost": 0.08500289916992188
}
