{
    "child_model_execute_cost_by_ms": [
        56.96099853515625
    ],
    "child_model_run_time": [
        [
            23367269,
            23424230
        ]
    ],
    "execute_cost": 56.96099853515625,
    "finish_time": 23424234,
    "limit_cost_by_ms": 7.375666618347168,
    "model_name": "squeezenetv1",
    "recv_time": 23367259,
    "tag": "808",
    "total_cost_by_ms": 56.974998474121094,
    "wait_cost": 0.01399993896484375
}
