{
    "child_model_execute_cost_by_ms": [
        19.18199920654297
    ],
    "child_model_run_time": [
        [
            25179945,
            25199127
        ]
    ],
    "execute_cost": 19.18199920654297,
    "finish_time": 25199132,
    "limit_cost_by_ms": 18.983999252319336,
    "model_name": "resnet50",
    "recv_time": 25179930,
    "tag": "897",
    "total_cost_by_ms": 19.20199966430664,
    "wait_cost": 0.020000457763671875
}
