{
    "child_model_execute_cost_by_ms": [
        80.74600219726563
    ],
    "child_model_run_time": [
        [
            9391475,
            9472221
        ]
    ],
    "execute_cost": 80.74600219726563,
    "finish_time": 9472226,
    "limit_cost_by_ms": 7.298333168029785,
    "model_name": "squeezenetv1",
    "recv_time": 9391458,
    "tag": "52",
    "total_cost_by_ms": 80.76799774169922,
    "wait_cost": 0.02199554443359375
}
