{
    "child_model_execute_cost_by_ms": [
        7.9079999923706055
    ],
    "child_model_run_time": [
        [
            22384657,
            22392565
        ]
    ],
    "execute_cost": 7.9079999923706055,
    "finish_time": 22392570,
    "limit_cost_by_ms": 7.298333168029785,
    "model_name": "squeezenetv1",
    "recv_time": 22384652,
    "tag": "730",
    "total_cost_by_ms": 7.918000221252441,
    "wait_cost": 0.010000228881835938
}
