{
    "child_model_execute_cost_by_ms": [
        8.92300033569336
    ],
    "child_model_run_time": [
        [
            16782634,
            16791557
        ]
    ],
    "execute_cost": 8.92300033569336,
    "finish_time": 16791564,
    "limit_cost_by_ms": 7.193666458129883,
    "model_name": "squeezenetv1",
    "recv_time": 16738302,
    "tag": "382",
    "total_cost_by_ms": 53.262001037597656,
    "wait_cost": 44.3390007019043
}
