{
    "child_model_execute_cost_by_ms": [
        45.525001525878906
    ],
    "child_model_run_time": [
        [
            16896650,
            16942175
        ]
    ],
    "execute_cost": 45.525001525878906,
    "finish_time": 16942184,
    "limit_cost_by_ms": 47.21900177001953,
    "model_name": "vgg19",
    "recv_time": 16886653,
    "tag": "388",
    "total_cost_by_ms": 55.53099822998047,
    "wait_cost": 10.005996704101563
}
