{
    "child_model_execute_cost_by_ms": [
        8.28499984741211
    ],
    "child_model_run_time": [
        [
            18686075,
            18694360
        ]
    ],
    "execute_cost": 8.28499984741211,
    "finish_time": 18694364,
    "limit_cost_by_ms": 7.193666458129883,
    "model_name": "squeezenetv1",
    "recv_time": 18682978,
    "tag": "464",
    "total_cost_by_ms": 11.38599967956543,
    "wait_cost": 3.1009998321533203
}
