{
    "child_model_execute_cost_by_ms": [
        44.36600112915039
    ],
    "child_model_run_time": [
        [
            20856359,
            20900725
        ]
    ],
    "execute_cost": 44.36600112915039,
    "finish_time": 20900733,
    "limit_cost_by_ms": 47.21900177001953,
    "model_name": "vgg19",
    "recv_time": 20856347,
    "tag": "558",
    "total_cost_by_ms": 44.38600158691406,
    "wait_cost": 0.020000457763671875
}
