{
    "child_model_execute_cost_by_ms": [
        8.965999603271484
    ],
    "child_model_run_time": [
        [
            24959903,
            24968869
        ]
    ],
    "execute_cost": 8.965999603271484,
    "finish_time": 24968874,
    "limit_cost_by_ms": 7.193666458129883,
    "model_name": "squeezenetv1",
    "recv_time": 24954628,
    "tag": "733",
    "total_cost_by_ms": 14.246000289916992,
    "wait_cost": 5.280000686645508
}
