{
    "child_model_execute_cost_by_ms": [
        9.98900032043457
    ],
    "child_model_run_time": [
        [
            28832457,
            28842446
        ]
    ],
    "execute_cost": 9.98900032043457,
    "finish_time": 28842454,
    "limit_cost_by_ms": 8.855999946594238,
    "model_name": "googlenet",
    "recv_time": 28832316,
    "tag": "897",
    "total_cost_by_ms": 10.137999534606934,
    "wait_cost": 0.14899921417236328
}
