{
    "child_model_execute_cost_by_ms": [
        11.029000282287598
    ],
    "child_model_run_time": [
        [
            30293914,
            30304943
        ]
    ],
    "execute_cost": 11.029000282287598,
    "finish_time": 30304950,
    "limit_cost_by_ms": 8.855999946594238,
    "model_name": "googlenet",
    "recv_time": 30292925,
    "tag": "959",
    "total_cost_by_ms": 12.024999618530273,
    "wait_cost": 0.9959993362426758
}
