{
    "child_model_execute_cost_by_ms": [
        62.00299835205078
    ],
    "child_model_run_time": [
        [
            24653337,
            24715340
        ]
    ],
    "execute_cost": 62.00299835205078,
    "finish_time": 24715346,
    "limit_cost_by_ms": 8.812666893005371,
    "model_name": "googlenet",
    "recv_time": 24653330,
    "tag": "727",
    "total_cost_by_ms": 62.01599884033203,
    "wait_cost": 0.01300048828125
}
