{
    "child_model_execute_cost_by_ms": [
        10.074000358581543
    ],
    "child_model_run_time": [
        [
            10414947,
            10425021
        ]
    ],
    "execute_cost": 10.074000358581543,
    "finish_time": 10425027,
    "limit_cost_by_ms": 8.812666893005371,
    "model_name": "googlenet",
    "recv_time": 10414941,
    "tag": "89",
    "total_cost_by_ms": 10.086000442504883,
    "wait_cost": 0.012000083923339844
}
