{
    "child_model_execute_cost_by_ms": [
        10.241999626159668
    ],
    "child_model_run_time": [
        [
            10727460,
            10737702
        ]
    ],
    "execute_cost": 10.241999626159668,
    "finish_time": 10737714,
    "limit_cost_by_ms": 9.215332984924316,
    "model_name": "googlenet",
    "recv_time": 10727360,
    "tag": "113",
    "total_cost_by_ms": 10.354000091552734,
    "wait_cost": 0.1120004653930664
}
