{
    "child_model_execute_cost_by_ms": [
        10.17300033569336
    ],
    "child_model_run_time": [
        [
            10813023,
            10823196
        ]
    ],
    "execute_cost": 10.17300033569336,
    "finish_time": 10823210,
    "limit_cost_by_ms": 9.215332984924316,
    "model_name": "googlenet",
    "recv_time": 10805038,
    "tag": "118",
    "total_cost_by_ms": 18.172000885009766,
    "wait_cost": 7.999000549316406
}
