{
    "child_model_execute_cost_by_ms": [
        8.711000442504883
    ],
    "child_model_run_time": [
        [
            11997900,
            12006611
        ]
    ],
    "execute_cost": 8.711000442504883,
    "finish_time": 12006617,
    "limit_cost_by_ms": 7.292333126068115,
    "model_name": "squeezenetv1",
    "recv_time": 11976673,
    "tag": "182",
    "total_cost_by_ms": 29.944000244140625,
    "wait_cost": 21.232999801635742
}
