{
    "child_model_execute_cost_by_ms": [
        20.777999877929688
    ],
    "child_model_run_time": [
        [
            8594368,
            8615146
        ]
    ],
    "execute_cost": 20.777999877929688,
    "finish_time": 8615158,
    "limit_cost_by_ms": 19.030332565307617,
    "model_name": "resnet50",
    "recv_time": 8563379,
    "tag": "40",
    "total_cost_by_ms": 51.77899932861328,
    "wait_cost": 31.000999450683594
}
