{
    "child_model_execute_cost_by_ms": [
        48.099998474121094
    ],
    "child_model_run_time": [
        [
            17423257,
            17471357
        ]
    ],
    "execute_cost": 48.099998474121094,
    "finish_time": 17471363,
    "limit_cost_by_ms": 47.474998474121094,
    "model_name": "vgg19",
    "recv_time": 17377844,
    "tag": "406",
    "total_cost_by_ms": 93.51899719238281,
    "wait_cost": 45.41899871826172
}
