{
    "child_model_execute_cost_by_ms": [
        10.371000289916992
    ],
    "child_model_run_time": [
        [
            18548955,
            18559326
        ]
    ],
    "execute_cost": 10.371000289916992,
    "finish_time": 18559337,
    "limit_cost_by_ms": 8.875666618347168,
    "model_name": "googlenet",
    "recv_time": 18531532,
    "tag": "454",
    "total_cost_by_ms": 27.80500030517578,
    "wait_cost": 17.43400001525879
}
