{
    "child_model_execute_cost_by_ms": [
        51.71500015258789
    ],
    "child_model_run_time": [
        [
            20949990,
            21001705
        ]
    ],
    "execute_cost": 51.71500015258789,
    "finish_time": 21001711,
    "limit_cost_by_ms": 47.474998474121094,
    "model_name": "vgg19",
    "recv_time": 20944202,
    "tag": "551",
    "total_cost_by_ms": 57.50899887084961,
    "wait_cost": 5.793998718261719
}
