{
    "child_model_execute_cost_by_ms": [
        21.533000946044922
    ],
    "child_model_run_time": [
        [
            24244235,
            24265768
        ]
    ],
    "execute_cost": 21.533000946044922,
    "finish_time": 24265777,
    "limit_cost_by_ms": 19.030332565307617,
    "model_name": "resnet50",
    "recv_time": 24061860,
    "tag": "682",
    "total_cost_by_ms": 203.91700744628906,
    "wait_cost": 182.38400268554688
}
