{
    "child_model_execute_cost_by_ms": [
        10.720999717712402
    ],
    "child_model_run_time": [
        [
            24571931,
            24582652
        ]
    ],
    "execute_cost": 10.720999717712402,
    "finish_time": 24582666,
    "limit_cost_by_ms": 8.875666618347168,
    "model_name": "googlenet",
    "recv_time": 24357609,
    "tag": "694",
    "total_cost_by_ms": 225.0570068359375,
    "wait_cost": 214.3360137939453
}
