{
    "child_model_execute_cost_by_ms": [
        9.131999969482422
    ],
    "child_model_run_time": [
        [
            24715736,
            24724868
        ]
    ],
    "execute_cost": 9.131999969482422,
    "finish_time": 24724876,
    "limit_cost_by_ms": 7.292333126068115,
    "model_name": "squeezenetv1",
    "recv_time": 24608095,
    "tag": "704",
    "total_cost_by_ms": 116.78099822998047,
    "wait_cost": 107.64900207519531
}
