{
    "child_model_execute_cost_by_ms": [
        51.12200164794922
    ],
    "child_model_run_time": [
        [
            26108552,
            26159674
        ]
    ],
    "execute_cost": 51.12200164794922,
    "finish_time": 26159680,
    "limit_cost_by_ms": 47.474998474121094,
    "model_name": "vgg19",
    "recv_time": 25793802,
    "tag": "751",
    "total_cost_by_ms": 365.87799072265625,
    "wait_cost": 314.7559814453125
}
