{
    "child_model_execute_cost_by_ms": [
        9.220000267028809
    ],
    "child_model_run_time": [
        [
            27666428,
            27675648
        ]
    ],
    "execute_cost": 9.220000267028809,
    "finish_time": 27675665,
    "limit_cost_by_ms": 7.529666900634766,
    "model_name": "squeezenetv1",
    "recv_time": 27638091,
    "tag": "813",
    "total_cost_by_ms": 37.57400131225586,
    "wait_cost": 28.354000091552734
}
