{
    "child_model_execute_cost_by_ms": [
        10.263999938964844
    ],
    "child_model_run_time": [
        [
            28182415,
            28192679
        ]
    ],
    "execute_cost": 10.263999938964844,
    "finish_time": 28192687,
    "limit_cost_by_ms": 9.215332984924316,
    "model_name": "googlenet",
    "recv_time": 28177292,
    "tag": "834",
    "total_cost_by_ms": 15.395000457763672,
    "wait_cost": 5.131000518798828
}
