{
    "child_model_execute_cost_by_ms": [
        20.434999465942383
    ],
    "child_model_run_time": [
        [
            31751654,
            31772089
        ]
    ],
    "execute_cost": 20.434999465942383,
    "finish_time": 31772096,
    "limit_cost_by_ms": 19.030332565307617,
    "model_name": "resnet50",
    "recv_time": 31686008,
    "tag": "986",
    "total_cost_by_ms": 86.08799743652344,
    "wait_cost": 65.65299987792969
}
