{
    "child_model_execute_cost_by_ms": [
        9.255999565124512
    ],
    "child_model_run_time": [
        [
            21382664,
            21391920
        ]
    ],
    "execute_cost": 9.255999565124512,
    "finish_time": 21391934,
    "limit_cost_by_ms": 7.381666660308838,
    "model_name": "squeezenetv1",
    "recv_time": 21368196,
    "tag": "540",
    "total_cost_by_ms": 23.738000869750977,
    "wait_cost": 14.482001304626465
}
