{
    "child_model_execute_cost_by_ms": [
        8.880999565124512
    ],
    "child_model_run_time": [
        [
            24846063,
            24854944
        ]
    ],
    "execute_cost": 8.880999565124512,
    "finish_time": 24854952,
    "limit_cost_by_ms": 7.381666660308838,
    "model_name": "squeezenetv1",
    "recv_time": 24842496,
    "tag": "685",
    "total_cost_by_ms": 12.456000328063965,
    "wait_cost": 3.575000762939453
}
