{
    "child_model_execute_cost_by_ms": [
        19.15999984741211,
        19.784000396728516,
        21.534000396728516
    ],
    "child_model_run_time": [
        [
            29143737,
            29162897
        ],
        [
            29209250,
            29229034
        ],
        [
            29229075,
            29250609
        ]
    ],
    "execute_cost": 60.47800064086914,
    "finish_time": 29250614,
    "limit_cost_by_ms": 47.46799850463867,
    "model_name": "vgg19",
    "recv_time": 25231870,
    "tag": "701",
    "total_cost_by_ms": 4018.743896484375,
    "wait_cost": 3958.265869140625
}
