{
    "child_model_execute_cost_by_ms": [
        8.33899974822998
    ],
    "child_model_run_time": [
        [
            9933031,
            9941370
        ]
    ],
    "execute_cost": 8.33899974822998,
    "finish_time": 9941377,
    "limit_cost_by_ms": 7.23799991607666,
    "model_name": "squeezenetv1",
    "recv_time": 9932864,
    "tag": "111",
    "total_cost_by_ms": 8.512999534606934,
    "wait_cost": 0.17399978637695313
}
