{
    "child_model_execute_cost_by_ms": [
        8.378000259399414
    ],
    "child_model_run_time": [
        [
            10752098,
            10760476
        ]
    ],
    "execute_cost": 8.378000259399414,
    "finish_time": 10760483,
    "limit_cost_by_ms": 7.23799991607666,
    "model_name": "squeezenetv1",
    "recv_time": 10747512,
    "tag": "152",
    "total_cost_by_ms": 12.970999717712402,
    "wait_cost": 4.592999458312988
}
