{
    "child_model_execute_cost_by_ms": [
        8.060999870300293
    ],
    "child_model_run_time": [
        [
            10980630,
            10988691
        ]
    ],
    "execute_cost": 8.060999870300293,
    "finish_time": 10988697,
    "limit_cost_by_ms": 7.23799991607666,
    "model_name": "squeezenetv1",
    "recv_time": 10980498,
    "tag": "164",
    "total_cost_by_ms": 8.199000358581543,
    "wait_cost": 0.13800048828125
}
