{
    "child_model_execute_cost_by_ms": [
        19.003000259399414
    ],
    "child_model_run_time": [
        [
            12220195,
            12239198
        ]
    ],
    "execute_cost": 19.003000259399414,
    "finish_time": 12239205,
    "limit_cost_by_ms": 19.031999588012695,
    "model_name": "resnet50",
    "recv_time": 12215630,
    "tag": "227",
    "total_cost_by_ms": 23.575000762939453,
    "wait_cost": 4.572000503540039
}
