{
    "child_model_execute_cost_by_ms": [
        44.047000885009766
    ],
    "child_model_run_time": [
        [
            8306154,
            8350201
        ]
    ],
    "execute_cost": 44.047000885009766,
    "finish_time": 8350206,
    "limit_cost_by_ms": 47.13666534423828,
    "model_name": "vgg19",
    "recv_time": 8306136,
    "tag": "29",
    "total_cost_by_ms": 44.06999969482422,
    "wait_cost": 0.022998809814453125
}
