{
    "child_model_execute_cost_by_ms": [
        18.97599983215332
    ],
    "child_model_run_time": [
        [
            13520476,
            13539452
        ]
    ],
    "execute_cost": 18.97599983215332,
    "finish_time": 13539460,
    "limit_cost_by_ms": 19.031999588012695,
    "model_name": "resnet50",
    "recv_time": 13520327,
    "tag": "292",
    "total_cost_by_ms": 19.132999420166016,
    "wait_cost": 0.1569995880126953
}
