{
    "child_model_execute_cost_by_ms": [
        8.074999809265137
    ],
    "child_model_run_time": [
        [
            14687317,
            14695392
        ]
    ],
    "execute_cost": 8.074999809265137,
    "finish_time": 14695397,
    "limit_cost_by_ms": 7.23799991607666,
    "model_name": "squeezenetv1",
    "recv_time": 14687202,
    "tag": "352",
    "total_cost_by_ms": 8.194999694824219,
    "wait_cost": 0.11999988555908203
}
