{
    "child_model_execute_cost_by_ms": [
        44.77199935913086
    ],
    "child_model_run_time": [
        [
            15509943,
            15554715
        ]
    ],
    "execute_cost": 44.77199935913086,
    "finish_time": 15554720,
    "limit_cost_by_ms": 47.13666534423828,
    "model_name": "vgg19",
    "recv_time": 15509843,
    "tag": "394",
    "total_cost_by_ms": 44.87699890136719,
    "wait_cost": 0.10499954223632813
}
