{
    "child_model_execute_cost_by_ms": [
        19.222999572753906
    ],
    "child_model_run_time": [
        [
            8578494,
            8597717
        ]
    ],
    "execute_cost": 19.222999572753906,
    "finish_time": 8597722,
    "limit_cost_by_ms": 19.031999588012695,
    "model_name": "resnet50",
    "recv_time": 8578329,
    "tag": "42",
    "total_cost_by_ms": 19.39299964904785,
    "wait_cost": 0.1700000762939453
}
