{
    "child_model_execute_cost_by_ms": [
        18.8439998626709
    ],
    "child_model_run_time": [
        [
            16635428,
            16654272
        ]
    ],
    "execute_cost": 18.8439998626709,
    "finish_time": 16654277,
    "limit_cost_by_ms": 19.031999588012695,
    "model_name": "resnet50",
    "recv_time": 16635256,
    "tag": "451",
    "total_cost_by_ms": 19.020999908447266,
    "wait_cost": 0.1770000457763672
}
