{
    "child_model_execute_cost_by_ms": [
        11.086000442504883
    ],
    "child_model_run_time": [
        [
            19045228,
            19056314
        ]
    ],
    "execute_cost": 11.086000442504883,
    "finish_time": 19056322,
    "limit_cost_by_ms": 9.095333099365234,
    "model_name": "googlenet",
    "recv_time": 19002283,
    "tag": "570",
    "total_cost_by_ms": 54.03900146484375,
    "wait_cost": 42.9530029296875
}
