{
    "child_model_execute_cost_by_ms": [
        9.619000434875488
    ],
    "child_model_run_time": [
        [
            19502943,
            19512562
        ]
    ],
    "execute_cost": 9.619000434875488,
    "finish_time": 19512569,
    "limit_cost_by_ms": 9.095333099365234,
    "model_name": "googlenet",
    "recv_time": 19502780,
    "tag": "594",
    "total_cost_by_ms": 9.788999557495117,
    "wait_cost": 0.1699991226196289
}
