{
    "child_model_execute_cost_by_ms": [
        11.184000015258789
    ],
    "child_model_run_time": [
        [
            21628759,
            21639943
        ]
    ],
    "execute_cost": 11.184000015258789,
    "finish_time": 21639956,
    "limit_cost_by_ms": 9.095333099365234,
    "model_name": "googlenet",
    "recv_time": 21577862,
    "tag": "700",
    "total_cost_by_ms": 62.09400177001953,
    "wait_cost": 50.910003662109375
}
