{
    "child_model_execute_cost_by_ms": [
        9.892999649047852
    ],
    "child_model_run_time": [
        [
            21772628,
            21782521
        ]
    ],
    "execute_cost": 9.892999649047852,
    "finish_time": 21782526,
    "limit_cost_by_ms": 9.095333099365234,
    "model_name": "googlenet",
    "recv_time": 21769232,
    "tag": "708",
    "total_cost_by_ms": 13.293999671936035,
    "wait_cost": 3.4010000228881836
}
