{
    "child_model_execute_cost_by_ms": [
        19.07900047302246
    ],
    "child_model_run_time": [
        [
            21782949,
            21802028
        ]
    ],
    "execute_cost": 19.07900047302246,
    "finish_time": 21802037,
    "limit_cost_by_ms": 19.031999588012695,
    "model_name": "resnet50",
    "recv_time": 21782851,
    "tag": "709",
    "total_cost_by_ms": 19.18600082397461,
    "wait_cost": 0.10700035095214844
}
