{
    "child_model_execute_cost_by_ms": [
        9.630999565124512
    ],
    "child_model_run_time": [
        [
            27459107,
            27468738
        ]
    ],
    "execute_cost": 9.630999565124512,
    "finish_time": 27468745,
    "limit_cost_by_ms": 9.095333099365234,
    "model_name": "googlenet",
    "recv_time": 27458933,
    "tag": "995",
    "total_cost_by_ms": 9.812000274658203,
    "wait_cost": 0.1810007095336914
}
