{
    "child_model_execute_cost_by_ms": [
        44.49599838256836
    ],
    "child_model_run_time": [
        [
            10705175,
            10749671
        ]
    ],
    "execute_cost": 44.49599838256836,
    "finish_time": 10749677,
    "limit_cost_by_ms": 47.422000885009766,
    "model_name": "vgg19",
    "recv_time": 10705159,
    "tag": "137",
    "total_cost_by_ms": 44.518001556396484,
    "wait_cost": 0.022003173828125
}
