{
    "child_model_execute_cost_by_ms": [
        68.16600036621094
    ],
    "child_model_run_time": [
        [
            25740571,
            25808737
        ]
    ],
    "execute_cost": 68.16600036621094,
    "finish_time": 25808741,
    "limit_cost_by_ms": 9.177666664123535,
    "model_name": "googlenet",
    "recv_time": 25740565,
    "tag": "878",
    "total_cost_by_ms": 68.1760025024414,
    "wait_cost": 0.01000213623046875
}
