{
    "child_model_execute_cost_by_ms": [
        9.312000274658203
    ],
    "child_model_run_time": [
        [
            25829029,
            25838341
        ]
    ],
    "execute_cost": 9.312000274658203,
    "finish_time": 25838346,
    "limit_cost_by_ms": 9.177666664123535,
    "model_name": "googlenet",
    "recv_time": 25829022,
    "tag": "880",
    "total_cost_by_ms": 9.324000358581543,
    "wait_cost": 0.012000083923339844
}
