{
    "squeezenetv1": {
        "min": 1.0502680267024433,
        "avg": 2.4924609341729798,
        "max": 4.024286247025066,
        "std": 0.7877077994276764
    },
    "googlenet": {
        "min": 1.0701206034911641,
        "avg": 2.4316362104303564,
        "max": 4.425034147376519,
        "std": 0.759309344521642
    },
    "vgg19": {
        "min": 1.183263644501122,
        "avg": 2.3633982979441046,
        "max": 5.891181440290364,
        "std": 0.8187700655985466
    },
    "resnet50": {
        "min": 1.2036873673653061,
        "avg": 2.1539394784997135,
        "max": 4.883766683938333,
        "std": 0.5743878222234783
    },
    "total": {
        "min": 1.0502680267024433,
        "avg": 2.3604877928980192,
        "max": 5.891181440290364,
        "std": 0.7509704104641264
    }
}