{
    "child_model_execute_cost_by_ms": [
        11.029999732971191
    ],
    "child_model_run_time": [
        [
            21119925,
            21130955
        ]
    ],
    "execute_cost": 11.029999732971191,
    "finish_time": 21130965,
    "limit_cost_by_ms": 8.62933349609375,
    "model_name": "googlenet",
    "recv_time": 21096175,
    "tag": "148",
    "total_cost_by_ms": 34.790000915527344,
    "wait_cost": 23.76000213623047
}
