{
    "child_model_execute_cost_by_ms": [
        19.336999893188477
    ],
    "child_model_run_time": [
        [
            22570890,
            22590227
        ]
    ],
    "execute_cost": 19.336999893188477,
    "finish_time": 22590235,
    "limit_cost_by_ms": 18.81800079345703,
    "model_name": "resnet50",
    "recv_time": 22570835,
    "tag": "222",
    "total_cost_by_ms": 19.399999618530273,
    "wait_cost": 0.06299972534179688
}
