{
    "child_model_execute_cost_by_ms": [
        9.930000305175781
    ],
    "child_model_run_time": [
        [
            22959369,
            22969299
        ]
    ],
    "execute_cost": 9.930000305175781,
    "finish_time": 22969305,
    "limit_cost_by_ms": 8.62933349609375,
    "model_name": "googlenet",
    "recv_time": 22959361,
    "tag": "241",
    "total_cost_by_ms": 9.944000244140625,
    "wait_cost": 0.01399993896484375
}
