{
    "child_model_execute_cost_by_ms": [
        12.265000343322754
    ],
    "child_model_run_time": [
        [
            23058961,
            23071226
        ]
    ],
    "execute_cost": 12.265000343322754,
    "finish_time": 23071232,
    "limit_cost_by_ms": 8.62933349609375,
    "model_name": "googlenet",
    "recv_time": 23054127,
    "tag": "246",
    "total_cost_by_ms": 17.104999542236328,
    "wait_cost": 4.839999198913574
}
