{
    "child_model_execute_cost_by_ms": [
        10.246000289916992
    ],
    "child_model_run_time": [
        [
            25201089,
            25211335
        ]
    ],
    "execute_cost": 10.246000289916992,
    "finish_time": 25211341,
    "limit_cost_by_ms": 8.62933349609375,
    "model_name": "googlenet",
    "recv_time": 25201029,
    "tag": "353",
    "total_cost_by_ms": 10.312000274658203,
    "wait_cost": 0.06599998474121094
}
