{
    "child_model_execute_cost_by_ms": [
        45.10100173950195
    ],
    "child_model_run_time": [
        [
            25611839,
            25656940
        ]
    ],
    "execute_cost": 45.10100173950195,
    "finish_time": 25656947,
    "limit_cost_by_ms": 46.95766830444336,
    "model_name": "vgg19",
    "recv_time": 25611781,
    "tag": "374",
    "total_cost_by_ms": 45.16600036621094,
    "wait_cost": 0.06499862670898438
}
