{
    "child_model_execute_cost_by_ms": [
        22.136999130249023
    ],
    "child_model_run_time": [
        [
            25778249,
            25800386
        ]
    ],
    "execute_cost": 22.136999130249023,
    "finish_time": 25800393,
    "limit_cost_by_ms": 18.81800079345703,
    "model_name": "resnet50",
    "recv_time": 25738296,
    "tag": "381",
    "total_cost_by_ms": 62.09700012207031,
    "wait_cost": 39.959999084472656
}
