{
    "child_model_execute_cost_by_ms": [
        6.545000076293945
    ],
    "child_model_run_time": [
        [
            18989844,
            18996389
        ]
    ],
    "execute_cost": 6.545000076293945,
    "finish_time": 18996401,
    "limit_cost_by_ms": 6.004000186920166,
    "model_name": "yolov2",
    "recv_time": 18989782,
    "tag": "41",
    "total_cost_by_ms": 6.61899995803833,
    "wait_cost": 0.07399988174438477
}
