{
    "child_model_execute_cost_by_ms": [
        12.36400032043457
    ],
    "child_model_run_time": [
        [
            26804200,
            26816564
        ]
    ],
    "execute_cost": 12.36400032043457,
    "finish_time": 26816567,
    "limit_cost_by_ms": 8.62933349609375,
    "model_name": "googlenet",
    "recv_time": 26800475,
    "tag": "433",
    "total_cost_by_ms": 16.091999053955078,
    "wait_cost": 3.727998733520508
}
