{
    "child_model_execute_cost_by_ms": [
        14.522000312805176
    ],
    "child_model_run_time": [
        [
            27138038,
            27152560
        ]
    ],
    "execute_cost": 14.522000312805176,
    "finish_time": 27152566,
    "limit_cost_by_ms": 6.953999996185303,
    "model_name": "gpt128v2",
    "recv_time": 27127248,
    "tag": "451",
    "total_cost_by_ms": 25.31800079345703,
    "wait_cost": 10.796000480651855
}
