{
    "child_model_execute_cost_by_ms": [
        6.394000053405762
    ],
    "child_model_run_time": [
        [
            28544607,
            28551001
        ]
    ],
    "execute_cost": 6.394000053405762,
    "finish_time": 28551004,
    "limit_cost_by_ms": 6.004000186920166,
    "model_name": "yolov2",
    "recv_time": 28543105,
    "tag": "521",
    "total_cost_by_ms": 7.89900016784668,
    "wait_cost": 1.505000114440918
}
