{
    "child_model_execute_cost_by_ms": [
        45.922000885009766
    ],
    "child_model_run_time": [
        [
            29343690,
            29389612
        ]
    ],
    "execute_cost": 45.922000885009766,
    "finish_time": 29389618,
    "limit_cost_by_ms": 46.95766830444336,
    "model_name": "vgg19",
    "recv_time": 29343440,
    "tag": "561",
    "total_cost_by_ms": 46.178001403808594,
    "wait_cost": 0.2560005187988281
}
