{
    "child_model_execute_cost_by_ms": [
        19.774999618530273
    ],
    "child_model_run_time": [
        [
            29727533,
            29747308
        ]
    ],
    "execute_cost": 19.774999618530273,
    "finish_time": 29747311,
    "limit_cost_by_ms": 18.81800079345703,
    "model_name": "resnet50",
    "recv_time": 29698592,
    "tag": "580",
    "total_cost_by_ms": 48.71900177001953,
    "wait_cost": 28.944002151489258
}
