{
    "child_model_execute_cost_by_ms": [
        20.541000366210938
    ],
    "child_model_run_time": [
        [
            32480385,
            32500926
        ]
    ],
    "execute_cost": 20.541000366210938,
    "finish_time": 32500929,
    "limit_cost_by_ms": 18.81800079345703,
    "model_name": "resnet50",
    "recv_time": 32459875,
    "tag": "716",
    "total_cost_by_ms": 41.05400085449219,
    "wait_cost": 20.51300048828125
}
