{
    "child_model_execute_cost_by_ms": [
        12.901000022888184
    ],
    "child_model_run_time": [
        [
            37656581,
            37669482
        ]
    ],
    "execute_cost": 12.901000022888184,
    "finish_time": 37669492,
    "limit_cost_by_ms": 8.62933349609375,
    "model_name": "googlenet",
    "recv_time": 37646854,
    "tag": "977",
    "total_cost_by_ms": 22.63800048828125,
    "wait_cost": 9.737000465393066
}
