{
    "child_model_execute_cost_by_ms": [
        6.7230000495910645
    ],
    "child_model_run_time": [
        [
            37836166,
            37842889
        ]
    ],
    "execute_cost": 6.7230000495910645,
    "finish_time": 37842894,
    "limit_cost_by_ms": 6.004000186920166,
    "model_name": "yolov2",
    "recv_time": 37831247,
    "tag": "984",
    "total_cost_by_ms": 11.647000312805176,
    "wait_cost": 4.924000263214111
}
