{
    "child_model_execute_cost_by_ms": [
        17.702999114990234,
        17.98699951171875,
        20.74799919128418
    ],
    "child_model_run_time": [
        [
            12458692,
            12476395
        ],
        [
            12500632,
            12518619
        ],
        [
            12528990,
            12549738
        ]
    ],
    "execute_cost": 56.43799591064453,
    "finish_time": 12549744,
    "limit_cost_by_ms": 47.35599899291992,
    "model_name": "vgg19",
    "recv_time": 11146745,
    "tag": "139",
    "total_cost_by_ms": 1402.9990234375,
    "wait_cost": 1346.56103515625
}
