{
    "child_model_execute_cost_by_ms": [
        18.200000762939453,
        19.256000518798828,
        20.541000366210938
    ],
    "child_model_run_time": [
        [
            17283066,
            17301266
        ],
        [
            17345425,
            17364681
        ],
        [
            17364765,
            17385306
        ]
    ],
    "execute_cost": 57.99700164794922,
    "finish_time": 17385311,
    "limit_cost_by_ms": 47.35599899291992,
    "model_name": "vgg19",
    "recv_time": 14704614,
    "tag": "285",
    "total_cost_by_ms": 2680.697021484375,
    "wait_cost": 2622.699951171875
}
