{
    "child_model_execute_cost_by_ms": [
        18.041000366210938,
        17.66200065612793,
        21.51799964904785
    ],
    "child_model_run_time": [
        [
            29020989,
            29039030
        ],
        [
            29039134,
            29056796
        ],
        [
            29101161,
            29122679
        ]
    ],
    "execute_cost": 57.22100067138672,
    "finish_time": 29122685,
    "limit_cost_by_ms": 47.35599899291992,
    "model_name": "vgg19",
    "recv_time": 23083375,
    "tag": "631",
    "total_cost_by_ms": 6039.31005859375,
    "wait_cost": 5982.0888671875
}
