{
    "child_model_execute_cost_by_ms": [
        19.111000061035156
    ],
    "child_model_run_time": [
        [
            12396686,
            12415797
        ]
    ],
    "execute_cost": 19.111000061035156,
    "finish_time": 12415802,
    "limit_cost_by_ms": 18.770666122436523,
    "model_name": "resnet50",
    "recv_time": 12396679,
    "tag": "199",
    "total_cost_by_ms": 19.12299919128418,
    "wait_cost": 0.011999130249023438
}
