{
    "child_model_execute_cost_by_ms": [
        8.548999786376953
    ],
    "child_model_run_time": [
        [
            25862020,
            25870569
        ]
    ],
    "execute_cost": 8.548999786376953,
    "finish_time": 25870574,
    "limit_cost_by_ms": 7.197000026702881,
    "model_name": "squeezenetv1",
    "recv_time": 25861852,
    "tag": "789",
    "total_cost_by_ms": 8.722000122070313,
    "wait_cost": 0.17300033569335938
}
