{
    "child_model_execute_cost_by_ms": [
        47.5099983215332
    ],
    "child_model_run_time": [
        [
            26017735,
            26065245
        ]
    ],
    "execute_cost": 47.5099983215332,
    "finish_time": 26065249,
    "limit_cost_by_ms": 46.584999084472656,
    "model_name": "vgg19",
    "recv_time": 26017623,
    "tag": "796",
    "total_cost_by_ms": 47.625999450683594,
    "wait_cost": 0.11600112915039063
}
