{
    "child_model_execute_cost_by_ms": [
        46.21699905395508
    ],
    "child_model_run_time": [
        [
            20809152,
            20855369
        ]
    ],
    "execute_cost": 46.21699905395508,
    "finish_time": 20855373,
    "limit_cost_by_ms": 44.6075553894043,
    "model_name": "vgg19",
    "recv_time": 20783583,
    "tag": "108",
    "total_cost_by_ms": 71.79000091552734,
    "wait_cost": 25.573001861572266
}
