{
    "child_model_execute_cost_by_ms": [
        8.244000434875488
    ],
    "child_model_run_time": [
        [
            18910740,
            18918984
        ]
    ],
    "execute_cost": 8.244000434875488,
    "finish_time": 18918995,
    "limit_cost_by_ms": 5.824999809265137,
    "model_name": "yolov2",
    "recv_time": 18887352,
    "tag": "12",
    "total_cost_by_ms": 31.64299964904785,
    "wait_cost": 23.398998260498047
}
