{
    "child_model_execute_cost_by_ms": [
        13.559000015258789
    ],
    "child_model_run_time": [
        [
            21996934,
            22010493
        ]
    ],
    "execute_cost": 13.559000015258789,
    "finish_time": 22010504,
    "limit_cost_by_ms": 6.965333461761475,
    "model_name": "gpt128v2",
    "recv_time": 21986690,
    "tag": "168",
    "total_cost_by_ms": 23.81399917602539,
    "wait_cost": 10.254999160766602
}
