{
    "child_model_execute_cost_by_ms": [
        6.822999954223633
    ],
    "child_model_run_time": [
        [
            22196360,
            22203183
        ]
    ],
    "execute_cost": 6.822999954223633,
    "finish_time": 22203194,
    "limit_cost_by_ms": 5.824999809265137,
    "model_name": "yolov2",
    "recv_time": 22194820,
    "tag": "179",
    "total_cost_by_ms": 8.37399959564209,
    "wait_cost": 1.550999641418457
}
