{
    "child_model_execute_cost_by_ms": [
        18.468000411987305
    ],
    "child_model_run_time": [
        [
            27113780,
            27132248
        ]
    ],
    "execute_cost": 18.468000411987305,
    "finish_time": 27132260,
    "limit_cost_by_ms": 6.965333461761475,
    "model_name": "gpt128v2",
    "recv_time": 27061471,
    "tag": "421",
    "total_cost_by_ms": 70.78900146484375,
    "wait_cost": 52.32099914550781
}
