{
    "child_model_execute_cost_by_ms": [
        13.602999687194824
    ],
    "child_model_run_time": [
        [
            28427230,
            28440833
        ]
    ],
    "execute_cost": 13.602999687194824,
    "finish_time": 28440845,
    "limit_cost_by_ms": 6.965333461761475,
    "model_name": "gpt128v2",
    "recv_time": 28413503,
    "tag": "488",
    "total_cost_by_ms": 27.341999053955078,
    "wait_cost": 13.738999366760254
}
