{
    "child_model_execute_cost_by_ms": [
        6.988999843597412
    ],
    "child_model_run_time": [
        [
            32748863,
            32755852
        ]
    ],
    "execute_cost": 6.988999843597412,
    "finish_time": 32755857,
    "limit_cost_by_ms": 5.824999809265137,
    "model_name": "yolov2",
    "recv_time": 32742995,
    "tag": "701",
    "total_cost_by_ms": 12.862000465393066,
    "wait_cost": 5.873000621795654
}
