{
    "child_model_execute_cost_by_ms": [
        13.49899959564209
    ],
    "child_model_run_time": [
        [
            33431054,
            33444553
        ]
    ],
    "execute_cost": 13.49899959564209,
    "finish_time": 33444563,
    "limit_cost_by_ms": 8.541666984558105,
    "model_name": "googlenet",
    "recv_time": 33379559,
    "tag": "733",
    "total_cost_by_ms": 65.00399780273438,
    "wait_cost": 51.50499725341797
}
