{
    "child_model_execute_cost_by_ms": [
        20.243000030517578
    ],
    "child_model_run_time": [
        [
            34252903,
            34273146
        ]
    ],
    "execute_cost": 20.243000030517578,
    "finish_time": 34273150,
    "limit_cost_by_ms": 17.794666290283203,
    "model_name": "resnet50",
    "recv_time": 34198877,
    "tag": "774",
    "total_cost_by_ms": 74.27300262451172,
    "wait_cost": 54.03000259399414
}
