{
    "child_model_execute_cost_by_ms": [
        20.493000030517578
    ],
    "child_model_run_time": [
        [
            35268382,
            35288875
        ]
    ],
    "execute_cost": 20.493000030517578,
    "finish_time": 35288879,
    "limit_cost_by_ms": 17.794666290283203,
    "model_name": "resnet50",
    "recv_time": 35267615,
    "tag": "825",
    "total_cost_by_ms": 21.263999938964844,
    "wait_cost": 0.7709999084472656
}
