{
    "child_model_execute_cost_by_ms": [
        7.364999771118164
    ],
    "child_model_run_time": [
        [
            35337259,
            35344624
        ]
    ],
    "execute_cost": 7.364999771118164,
    "finish_time": 35344634,
    "limit_cost_by_ms": 5.824999809265137,
    "model_name": "yolov2",
    "recv_time": 35322378,
    "tag": "829",
    "total_cost_by_ms": 22.256000518798828,
    "wait_cost": 14.891000747680664
}
