{
    "child_model_execute_cost_by_ms": [
        20.368999481201172
    ],
    "child_model_run_time": [
        [
            37998159,
            38018528
        ]
    ],
    "execute_cost": 20.368999481201172,
    "finish_time": 38018532,
    "limit_cost_by_ms": 17.794666290283203,
    "model_name": "resnet50",
    "recv_time": 37981932,
    "tag": "960",
    "total_cost_by_ms": 36.599998474121094,
    "wait_cost": 16.230998992919922
}
