{
    "child_model_execute_cost_by_ms": [
        18.31800079345703,
        16.812999725341797,
        20.46299934387207
    ],
    "child_model_run_time": [
        [
            28876610,
            28894928
        ],
        [
            28894957,
            28911770
        ],
        [
            28945028,
            28965491
        ]
    ],
    "execute_cost": 55.59400177001953,
    "finish_time": 28965498,
    "limit_cost_by_ms": 47.05400085449219,
    "model_name": "vgg19",
    "recv_time": 28876597,
    "tag": "769",
    "total_cost_by_ms": 88.9010009765625,
    "wait_cost": 33.30699920654297
}
