{
    "child_model_execute_cost_by_ms": [
        10.02299976348877
    ],
    "child_model_run_time": [
        [
            10131354,
            10141377
        ]
    ],
    "execute_cost": 10.02299976348877,
    "finish_time": 10141385,
    "limit_cost_by_ms": 8.79800033569336,
    "model_name": "googlenet",
    "recv_time": 10131338,
    "tag": "84",
    "total_cost_by_ms": 10.04699993133545,
    "wait_cost": 0.024000167846679688
}
