{
    "child_model_execute_cost_by_ms": [
        29.479999542236328
    ],
    "child_model_run_time": [
        [
            14004553,
            14034033
        ]
    ],
    "execute_cost": 29.479999542236328,
    "finish_time": 14034038,
    "limit_cost_by_ms": 8.98799991607666,
    "model_name": "googlenet",
    "recv_time": 14004515,
    "tag": "271",
    "total_cost_by_ms": 29.523000717163086,
    "wait_cost": 0.04300117492675781
}
