{
    "child_model_execute_cost_by_ms": [
        9.800000190734863
    ],
    "child_model_run_time": [
        [
            24205634,
            24215434
        ]
    ],
    "execute_cost": 9.800000190734863,
    "finish_time": 24215440,
    "limit_cost_by_ms": 8.98799991607666,
    "model_name": "googlenet",
    "recv_time": 24205622,
    "tag": "765",
    "total_cost_by_ms": 9.817999839782715,
    "wait_cost": 0.017999649047851563
}
