{
    "child_model_execute_cost_by_ms": [
        19.20800018310547
    ],
    "child_model_run_time": [
        [
            25127460,
            25146668
        ]
    ],
    "execute_cost": 19.20800018310547,
    "finish_time": 25146673,
    "limit_cost_by_ms": 19.63166618347168,
    "model_name": "resnet50",
    "recv_time": 25127451,
    "tag": "810",
    "total_cost_by_ms": 19.222000122070313,
    "wait_cost": 0.01399993896484375
}
