{
    "child_model_execute_cost_by_ms": [
        11.937000274658203
    ],
    "child_model_run_time": [
        [
            7920662,
            7932599
        ]
    ],
    "execute_cost": 11.937000274658203,
    "finish_time": 7932603,
    "limit_cost_by_ms": 8.96500015258789,
    "model_name": "googlenet",
    "recv_time": 7920634,
    "tag": "3",
    "total_cost_by_ms": 11.968999862670898,
    "wait_cost": 0.03199958801269531
}
