{
    "child_model_execute_cost_by_ms": [
        44.71500015258789
    ],
    "child_model_run_time": [
        [
            13555476,
            13600191
        ]
    ],
    "execute_cost": 44.71500015258789,
    "finish_time": 13600193,
    "limit_cost_by_ms": 47.17100143432617,
    "model_name": "vgg19",
    "recv_time": 13555460,
    "tag": "259",
    "total_cost_by_ms": 44.733001708984375,
    "wait_cost": 0.018001556396484375
}
