{
    "child_model_execute_cost_by_ms": [
        8.940999984741211
    ],
    "child_model_run_time": [
        [
            16728203,
            16737144
        ]
    ],
    "execute_cost": 8.940999984741211,
    "finish_time": 16737148,
    "limit_cost_by_ms": 8.96500015258789,
    "model_name": "googlenet",
    "recv_time": 16728195,
    "tag": "388",
    "total_cost_by_ms": 8.95300006866455,
    "wait_cost": 0.012000083923339844
}
