{
    "child_model_execute_cost_by_ms": [
        45.4640007019043
    ],
    "child_model_run_time": [
        [
            17801508,
            17846972
        ]
    ],
    "execute_cost": 45.4640007019043,
    "finish_time": 17846974,
    "limit_cost_by_ms": 47.17100143432617,
    "model_name": "vgg19",
    "recv_time": 17801362,
    "tag": "446",
    "total_cost_by_ms": 45.61199951171875,
    "wait_cost": 0.14799880981445313
}
