{
    "child_model_execute_cost_by_ms": [
        30.04800033569336
    ],
    "child_model_run_time": [
        [
            19739822,
            19769870
        ]
    ],
    "execute_cost": 30.04800033569336,
    "finish_time": 19769873,
    "limit_cost_by_ms": 18.981666564941406,
    "model_name": "resnet50",
    "recv_time": 19739652,
    "tag": "530",
    "total_cost_by_ms": 30.22100067138672,
    "wait_cost": 0.17300033569335938
}
