{
    "child_model_execute_cost_by_ms": [
        8.201000213623047
    ],
    "child_model_run_time": [
        [
            23213855,
            23222056
        ]
    ],
    "execute_cost": 8.201000213623047,
    "finish_time": 23222061,
    "limit_cost_by_ms": 7.224666595458984,
    "model_name": "squeezenetv1",
    "recv_time": 23213701,
    "tag": "682",
    "total_cost_by_ms": 8.359999656677246,
    "wait_cost": 0.15899944305419922
}
