{
    "child_model_execute_cost_by_ms": [
        46.52199935913086
    ],
    "child_model_run_time": [
        [
            24385275,
            24431797
        ]
    ],
    "execute_cost": 46.52199935913086,
    "finish_time": 24431800,
    "limit_cost_by_ms": 47.255001068115234,
    "model_name": "vgg19",
    "recv_time": 24385180,
    "tag": "722",
    "total_cost_by_ms": 46.619998931884766,
    "wait_cost": 0.09799957275390625
}
