{
    "child_model_execute_cost_by_ms": [
        33.54100036621094
    ],
    "child_model_run_time": [
        [
            25865025,
            25898566
        ]
    ],
    "execute_cost": 33.54100036621094,
    "finish_time": 25898570,
    "limit_cost_by_ms": 18.981666564941406,
    "model_name": "resnet50",
    "recv_time": 25864883,
    "tag": "798",
    "total_cost_by_ms": 33.6870002746582,
    "wait_cost": 0.14599990844726563
}
