{
    "child_model_execute_cost_by_ms": [
        56.23899841308594
    ],
    "child_model_run_time": [
        [
            28083780,
            28140019
        ]
    ],
    "execute_cost": 56.23899841308594,
    "finish_time": 28140022,
    "limit_cost_by_ms": 18.981666564941406,
    "model_name": "resnet50",
    "recv_time": 28083613,
    "tag": "893",
    "total_cost_by_ms": 56.409000396728516,
    "wait_cost": 0.17000198364257813
}
