{
    "child_model_execute_cost_by_ms": [
        8.093999862670898
    ],
    "child_model_run_time": [
        [
            23441737,
            23449831
        ]
    ],
    "execute_cost": 8.093999862670898,
    "finish_time": 23449838,
    "limit_cost_by_ms": 7.1479997634887695,
    "model_name": "squeezenetv1",
    "recv_time": 23441609,
    "tag": "690",
    "total_cost_by_ms": 8.229000091552734,
    "wait_cost": 0.13500022888183594
}
