{
    "child_model_execute_cost_by_ms": [
        46.573001861572266
    ],
    "child_model_run_time": [
        [
            9790532,
            9837105
        ]
    ],
    "execute_cost": 46.573001861572266,
    "finish_time": 9837113,
    "limit_cost_by_ms": 47.53499984741211,
    "model_name": "vgg19",
    "recv_time": 9780779,
    "tag": "102",
    "total_cost_by_ms": 56.33399963378906,
    "wait_cost": 9.760997772216797
}
