{
    "child_model_execute_cost_by_ms": [
        44.42900085449219
    ],
    "child_model_run_time": [
        [
            11669712,
            11714141
        ]
    ],
    "execute_cost": 44.42900085449219,
    "finish_time": 11714147,
    "limit_cost_by_ms": 47.53499984741211,
    "model_name": "vgg19",
    "recv_time": 11669548,
    "tag": "192",
    "total_cost_by_ms": 44.5989990234375,
    "wait_cost": 0.1699981689453125
}
