{
    "child_model_execute_cost_by_ms": [
        45.24300003051758
    ],
    "child_model_run_time": [
        [
            12520407,
            12565650
        ]
    ],
    "execute_cost": 45.24300003051758,
    "finish_time": 12565655,
    "limit_cost_by_ms": 47.53499984741211,
    "model_name": "vgg19",
    "recv_time": 12520229,
    "tag": "232",
    "total_cost_by_ms": 45.42599868774414,
    "wait_cost": 0.1829986572265625
}
