{
    "child_model_execute_cost_by_ms": [
        20.22800064086914
    ],
    "child_model_run_time": [
        [
            8538070,
            8558298
        ]
    ],
    "execute_cost": 20.22800064086914,
    "finish_time": 8558304,
    "limit_cost_by_ms": 18.922332763671875,
    "model_name": "resnet50",
    "recv_time": 8502746,
    "tag": "35",
    "total_cost_by_ms": 55.55799865722656,
    "wait_cost": 35.32999801635742
}
