{
    "child_model_execute_cost_by_ms": [
        9.666999816894531
    ],
    "child_model_run_time": [
        [
            15494114,
            15503781
        ]
    ],
    "execute_cost": 9.666999816894531,
    "finish_time": 15503790,
    "limit_cost_by_ms": 8.96500015258789,
    "model_name": "googlenet",
    "recv_time": 15493983,
    "tag": "371",
    "total_cost_by_ms": 9.807000160217285,
    "wait_cost": 0.1400003433227539
}
