{
    "child_model_execute_cost_by_ms": [
        20.878000259399414
    ],
    "child_model_run_time": [
        [
            16511372,
            16532250
        ]
    ],
    "execute_cost": 20.878000259399414,
    "finish_time": 16532259,
    "limit_cost_by_ms": 18.856000900268555,
    "model_name": "resnet50",
    "recv_time": 16500884,
    "tag": "419",
    "total_cost_by_ms": 31.375,
    "wait_cost": 10.496999740600586
}
