{
    "child_model_execute_cost_by_ms": [
        19.23900032043457
    ],
    "child_model_run_time": [
        [
            17726831,
            17746070
        ]
    ],
    "execute_cost": 19.23900032043457,
    "finish_time": 17746076,
    "limit_cost_by_ms": 18.856000900268555,
    "model_name": "resnet50",
    "recv_time": 17726679,
    "tag": "477",
    "total_cost_by_ms": 19.39699935913086,
    "wait_cost": 0.15799903869628906
}
