{
    "child_model_execute_cost_by_ms": [
        8.126999855041504
    ],
    "child_model_run_time": [
        [
            18581742,
            18589869
        ]
    ],
    "execute_cost": 8.126999855041504,
    "finish_time": 18589875,
    "limit_cost_by_ms": 7.289000034332275,
    "model_name": "squeezenetv1",
    "recv_time": 18581639,
    "tag": "516",
    "total_cost_by_ms": 8.236000061035156,
    "wait_cost": 0.10900020599365234
}
