{
    "child_model_execute_cost_by_ms": [
        19.31800079345703
    ],
    "child_model_run_time": [
        [
            19453861,
            19473179
        ]
    ],
    "execute_cost": 19.31800079345703,
    "finish_time": 19473186,
    "limit_cost_by_ms": 18.856000900268555,
    "model_name": "resnet50",
    "recv_time": 19453807,
    "tag": "557",
    "total_cost_by_ms": 19.378999710083008,
    "wait_cost": 0.06099891662597656
}
