{
    "child_model_execute_cost_by_ms": [
        46.297000885009766
    ],
    "child_model_run_time": [
        [
            8950586,
            8996883
        ]
    ],
    "execute_cost": 46.297000885009766,
    "finish_time": 8996888,
    "limit_cost_by_ms": 47.53499984741211,
    "model_name": "vgg19",
    "recv_time": 8938325,
    "tag": "63",
    "total_cost_by_ms": 58.5629997253418,
    "wait_cost": 12.265998840332031
}
