{
    "child_model_execute_cost_by_ms": [
        7.926000118255615
    ],
    "child_model_run_time": [
        [
            24949873,
            24957799
        ]
    ],
    "execute_cost": 7.926000118255615,
    "finish_time": 24957805,
    "limit_cost_by_ms": 7.289000034332275,
    "model_name": "squeezenetv1",
    "recv_time": 24949781,
    "tag": "813",
    "total_cost_by_ms": 8.02400016784668,
    "wait_cost": 0.09800004959106445
}
