{
    "child_model_execute_cost_by_ms": [
        8.164999961853027
    ],
    "child_model_run_time": [
        [
            25461092,
            25469257
        ]
    ],
    "execute_cost": 8.164999961853027,
    "finish_time": 25469264,
    "limit_cost_by_ms": 7.289000034332275,
    "model_name": "squeezenetv1",
    "recv_time": 25460945,
    "tag": "837",
    "total_cost_by_ms": 8.319000244140625,
    "wait_cost": 0.15400028228759766
}
