{
    "child_model_execute_cost_by_ms": [
        46.694000244140625
    ],
    "child_model_run_time": [
        [
            9544610,
            9591304
        ]
    ],
    "execute_cost": 46.694000244140625,
    "finish_time": 9591310,
    "limit_cost_by_ms": 47.53499984741211,
    "model_name": "vgg19",
    "recv_time": 9529769,
    "tag": "91",
    "total_cost_by_ms": 61.54100036621094,
    "wait_cost": 14.847000122070313
}
