{
    "child_model_execute_cost_by_ms": [
        8.206999778747559
    ],
    "child_model_run_time": [
        [
            27079887,
            27088094
        ]
    ],
    "execute_cost": 8.206999778747559,
    "finish_time": 27088104,
    "limit_cost_by_ms": 7.314333438873291,
    "model_name": "squeezenetv1",
    "recv_time": 27074320,
    "tag": "917",
    "total_cost_by_ms": 13.784000396728516,
    "wait_cost": 5.577000617980957
}
