{
    "child_model_execute_cost_by_ms": [
        9.51200008392334
    ],
    "child_model_run_time": [
        [
            27953727,
            27963239
        ]
    ],
    "execute_cost": 9.51200008392334,
    "finish_time": 27963244,
    "limit_cost_by_ms": 8.96500015258789,
    "model_name": "googlenet",
    "recv_time": 27953606,
    "tag": "954",
    "total_cost_by_ms": 9.637999534606934,
    "wait_cost": 0.12599945068359375
}
