{
    "child_model_execute_cost_by_ms": [
        8.612000465393066
    ],
    "child_model_run_time": [
        [
            28178033,
            28186645
        ]
    ],
    "execute_cost": 8.612000465393066,
    "finish_time": 28186652,
    "limit_cost_by_ms": 7.289000034332275,
    "model_name": "squeezenetv1",
    "recv_time": 28151195,
    "tag": "964",
    "total_cost_by_ms": 35.457000732421875,
    "wait_cost": 26.845001220703125
}
