{
    "child_model_execute_cost_by_ms": [
        52.87799835205078
    ],
    "child_model_run_time": [
        [
            15549631,
            15602509
        ]
    ],
    "execute_cost": 52.87799835205078,
    "finish_time": 15602513,
    "limit_cost_by_ms": 8.374666213989258,
    "model_name": "googlenet",
    "recv_time": 15549617,
    "tag": "391",
    "total_cost_by_ms": 52.895999908447266,
    "wait_cost": 0.018001556396484375
}
