{
    "child_model_execute_cost_by_ms": [
        36.28300094604492
    ],
    "child_model_run_time": [
        [
            16951551,
            16987834
        ]
    ],
    "execute_cost": 36.28300094604492,
    "finish_time": 16987838,
    "limit_cost_by_ms": 8.374666213989258,
    "model_name": "googlenet",
    "recv_time": 16951538,
    "tag": "460",
    "total_cost_by_ms": 36.29999923706055,
    "wait_cost": 0.016998291015625
}
