{
    "child_model_execute_cost_by_ms": [
        7.800000190734863
    ],
    "child_model_run_time": [
        [
            19287560,
            19295360
        ]
    ],
    "execute_cost": 7.800000190734863,
    "finish_time": 19295363,
    "limit_cost_by_ms": 6.960999965667725,
    "model_name": "squeezenetv1",
    "recv_time": 19287552,
    "tag": "581",
    "total_cost_by_ms": 7.810999870300293,
    "wait_cost": 0.010999679565429688
}
