{
    "child_model_execute_cost_by_ms": [
        49.558998107910156
    ],
    "child_model_run_time": [
        [
            23627255,
            23676814
        ]
    ],
    "execute_cost": 49.558998107910156,
    "finish_time": 23676816,
    "limit_cost_by_ms": 46.05066680908203,
    "model_name": "vgg19",
    "recv_time": 23627243,
    "tag": "808",
    "total_cost_by_ms": 49.573001861572266,
    "wait_cost": 0.014003753662109375
}
