{
    "child_model_execute_cost_by_ms": [
        10.723999977111816
    ],
    "child_model_run_time": [
        [
            25999918,
            26010642
        ]
    ],
    "execute_cost": 10.723999977111816,
    "finish_time": 26010648,
    "limit_cost_by_ms": 8.374666213989258,
    "model_name": "googlenet",
    "recv_time": 25999905,
    "tag": "929",
    "total_cost_by_ms": 10.743000030517578,
    "wait_cost": 0.01900005340576172
}
