{
    "child_model_execute_cost_by_ms": [
        14.87600040435791,
        8.807999610900879
    ],
    "child_model_run_time": [
        [
            15118305,
            15133181
        ],
        [
            15133275,
            15142083
        ]
    ],
    "execute_cost": 23.68400001525879,
    "finish_time": 15142089,
    "limit_cost_by_ms": 18.775667190551758,
    "model_name": "resnet50",
    "recv_time": 15118291,
    "tag": "321",
    "total_cost_by_ms": 23.79800033569336,
    "wait_cost": 0.11400032043457031
}
