{
    "child_model_execute_cost_by_ms": [
        15.206999778747559,
        8.973999977111816
    ],
    "child_model_run_time": [
        [
            24387626,
            24402833
        ],
        [
            24402905,
            24411879
        ]
    ],
    "execute_cost": 24.180999755859375,
    "finish_time": 24411885,
    "limit_cost_by_ms": 18.775667190551758,
    "model_name": "resnet50",
    "recv_time": 24379012,
    "tag": "734",
    "total_cost_by_ms": 32.87300109863281,
    "wait_cost": 8.692001342773438
}
