{
    "child_model_execute_cost_by_ms": [
        10.418999671936035
    ],
    "child_model_run_time": [
        [
            26954611,
            26965030
        ]
    ],
    "execute_cost": 10.418999671936035,
    "finish_time": 26965035,
    "limit_cost_by_ms": 8.806333541870117,
    "model_name": "googlenet",
    "recv_time": 26947866,
    "tag": "847",
    "total_cost_by_ms": 17.16900062561035,
    "wait_cost": 6.750000953674316
}
