{
    "child_model_execute_cost_by_ms": [
        9.494999885559082
    ],
    "child_model_run_time": [
        [
            17605517,
            17615012
        ]
    ],
    "execute_cost": 9.494999885559082,
    "finish_time": 17615018,
    "limit_cost_by_ms": 8.78066635131836,
    "model_name": "googlenet",
    "recv_time": 17605314,
    "tag": "359",
    "total_cost_by_ms": 9.704000473022461,
    "wait_cost": 0.2090005874633789
}
