{
    "child_model_execute_cost_by_ms": [
        9.593000411987305
    ],
    "child_model_run_time": [
        [
            20051034,
            20060627
        ]
    ],
    "execute_cost": 9.593000411987305,
    "finish_time": 20060637,
    "limit_cost_by_ms": 8.78066635131836,
    "model_name": "googlenet",
    "recv_time": 20046643,
    "tag": "450",
    "total_cost_by_ms": 13.994000434875488,
    "wait_cost": 4.401000022888184
}
