{
    "child_model_execute_cost_by_ms": [
        7.539000034332275
    ],
    "child_model_run_time": [
        [
            29936496,
            29944035
        ]
    ],
    "execute_cost": 7.539000034332275,
    "finish_time": 29944040,
    "limit_cost_by_ms": 7.260666847229004,
    "model_name": "squeezenetv1",
    "recv_time": 29936421,
    "tag": "814",
    "total_cost_by_ms": 7.61899995803833,
    "wait_cost": 0.07999992370605469
}
