{
    "child_model_execute_cost_by_ms": [
        46.38999938964844
    ],
    "child_model_run_time": [
        [
            12272681,
            12319071
        ]
    ],
    "execute_cost": 46.38999938964844,
    "finish_time": 12319077,
    "limit_cost_by_ms": 47.481666564941406,
    "model_name": "vgg19",
    "recv_time": 12272521,
    "tag": "177",
    "total_cost_by_ms": 46.555999755859375,
    "wait_cost": 0.1660003662109375
}
