{
    "child_model_execute_cost_by_ms": [
        53.9739990234375
    ],
    "child_model_run_time": [
        [
            9727955,
            9781929
        ]
    ],
    "execute_cost": 53.9739990234375,
    "finish_time": 9781934,
    "limit_cost_by_ms": 9.157333374023438,
    "model_name": "googlenet",
    "recv_time": 9727796,
    "tag": "77",
    "total_cost_by_ms": 54.13800048828125,
    "wait_cost": 0.16400146484375
}
