{
    "child_model_execute_cost_by_ms": [
        45.46500015258789
    ],
    "child_model_run_time": [
        [
            24538768,
            24584233
        ]
    ],
    "execute_cost": 45.46500015258789,
    "finish_time": 24584238,
    "limit_cost_by_ms": 46.71699905395508,
    "model_name": "vgg19",
    "recv_time": 24510579,
    "tag": "695",
    "total_cost_by_ms": 73.65899658203125,
    "wait_cost": 28.19399642944336
}
