{
    "child_model_execute_cost_by_ms": [
        19.367000579833984
    ],
    "child_model_run_time": [
        [
            25887658,
            25907025
        ]
    ],
    "execute_cost": 19.367000579833984,
    "finish_time": 25907030,
    "limit_cost_by_ms": 18.872333526611328,
    "model_name": "resnet50",
    "recv_time": 25887553,
    "tag": "752",
    "total_cost_by_ms": 19.476999282836914,
    "wait_cost": 0.10999870300292969
}
