{
    "child_model_execute_cost_by_ms": [
        8.357999801635742
    ],
    "child_model_run_time": [
        [
            11948874,
            11957232
        ]
    ],
    "execute_cost": 8.357999801635742,
    "finish_time": 11957239,
    "limit_cost_by_ms": 7.1479997634887695,
    "model_name": "squeezenetv1",
    "recv_time": 11948774,
    "tag": "184",
    "total_cost_by_ms": 8.46500015258789,
    "wait_cost": 0.10700035095214844
}
