{
    "child_model_execute_cost_by_ms": [
        10.333000183105469
    ],
    "child_model_run_time": [
        [
            13569403,
            13579736
        ]
    ],
    "execute_cost": 10.333000183105469,
    "finish_time": 13579746,
    "limit_cost_by_ms": 8.619667053222656,
    "model_name": "googlenet",
    "recv_time": 13569229,
    "tag": "255",
    "total_cost_by_ms": 10.517000198364258,
    "wait_cost": 0.18400001525878906
}
