{
    "child_model_execute_cost_by_ms": [
        9.586999893188477
    ],
    "child_model_run_time": [
        [
            14528456,
            14538043
        ]
    ],
    "execute_cost": 9.586999893188477,
    "finish_time": 14538053,
    "limit_cost_by_ms": 8.619667053222656,
    "model_name": "googlenet",
    "recv_time": 14528336,
    "tag": "298",
    "total_cost_by_ms": 9.717000007629395,
    "wait_cost": 0.13000011444091797
}
