{
    "child_model_execute_cost_by_ms": [
        8.343000411987305
    ],
    "child_model_run_time": [
        [
            15163152,
            15171495
        ]
    ],
    "execute_cost": 8.343000411987305,
    "finish_time": 15171508,
    "limit_cost_by_ms": 7.1479997634887695,
    "model_name": "squeezenetv1",
    "recv_time": 15162982,
    "tag": "326",
    "total_cost_by_ms": 8.526000022888184,
    "wait_cost": 0.1829996109008789
}
