{
    "child_model_execute_cost_by_ms": [
        8.727999687194824
    ],
    "child_model_run_time": [
        [
            18920139,
            18928867
        ]
    ],
    "execute_cost": 8.727999687194824,
    "finish_time": 18928874,
    "limit_cost_by_ms": 7.1479997634887695,
    "model_name": "squeezenetv1",
    "recv_time": 18886844,
    "tag": "491",
    "total_cost_by_ms": 42.029998779296875,
    "wait_cost": 33.301998138427734
}
