{
    "child_model_execute_cost_by_ms": [
        19.179000854492188
    ],
    "child_model_run_time": [
        [
            14742958,
            14762137
        ]
    ],
    "execute_cost": 19.179000854492188,
    "finish_time": 14762143,
    "limit_cost_by_ms": 18.18400001525879,
    "model_name": "resnet50",
    "recv_time": 14742842,
    "tag": "307",
    "total_cost_by_ms": 19.301000595092773,
    "wait_cost": 0.12199974060058594
}
