{
    "child_model_execute_cost_by_ms": [
        48.10599899291992
    ],
    "child_model_run_time": [
        [
            20770204,
            20818310
        ]
    ],
    "execute_cost": 48.10599899291992,
    "finish_time": 20818316,
    "limit_cost_by_ms": 47.01900100708008,
    "model_name": "vgg19",
    "recv_time": 20767482,
    "tag": "574",
    "total_cost_by_ms": 50.83399963378906,
    "wait_cost": 2.7280006408691406
}
