{
    "child_model_execute_cost_by_ms": [
        44.43000030517578
    ],
    "child_model_run_time": [
        [
            25180309,
            25224739
        ]
    ],
    "execute_cost": 44.43000030517578,
    "finish_time": 25224748,
    "limit_cost_by_ms": 47.01900100708008,
    "model_name": "vgg19",
    "recv_time": 25180250,
    "tag": "766",
    "total_cost_by_ms": 44.49800109863281,
    "wait_cost": 0.06800079345703125
}
