{
    "child_model_execute_cost_by_ms": [
        48.847999572753906
    ],
    "child_model_run_time": [
        [
            8670720,
            8719568
        ]
    ],
    "execute_cost": 48.847999572753906,
    "finish_time": 8719573,
    "limit_cost_by_ms": 18.680665969848633,
    "model_name": "resnet50",
    "recv_time": 8670705,
    "tag": "15",
    "total_cost_by_ms": 48.86800003051758,
    "wait_cost": 0.020000457763671875
}
