{
    "child_model_execute_cost_by_ms": [
        7.966000080108643
    ],
    "child_model_run_time": [
        [
            19589804,
            19597770
        ]
    ],
    "execute_cost": 7.966000080108643,
    "finish_time": 19597776,
    "limit_cost_by_ms": 7.275000095367432,
    "model_name": "squeezenetv1",
    "recv_time": 19589797,
    "tag": "520",
    "total_cost_by_ms": 7.979000091552734,
    "wait_cost": 0.013000011444091797
}
