{
    "child_model_execute_cost_by_ms": [
        21.92799949645996
    ],
    "child_model_run_time": [
        [
            23210626,
            23232554
        ]
    ],
    "execute_cost": 21.92799949645996,
    "finish_time": 23232558,
    "limit_cost_by_ms": 8.805999755859375,
    "model_name": "googlenet",
    "recv_time": 23210614,
    "tag": "688",
    "total_cost_by_ms": 21.944000244140625,
    "wait_cost": 0.016000747680664063
}
