{
    "child_model_execute_cost_by_ms": [
        7.603000164031982
    ],
    "child_model_run_time": [
        [
            24453046,
            24460649
        ]
    ],
    "execute_cost": 7.603000164031982,
    "finish_time": 24460654,
    "limit_cost_by_ms": 7.275000095367432,
    "model_name": "squeezenetv1",
    "recv_time": 24453039,
    "tag": "748",
    "total_cost_by_ms": 7.614999771118164,
    "wait_cost": 0.01199960708618164
}
