{
    "child_model_execute_cost_by_ms": [
        18.902000427246094
    ],
    "child_model_run_time": [
        [
            25885649,
            25904551
        ]
    ],
    "execute_cost": 18.902000427246094,
    "finish_time": 25904558,
    "limit_cost_by_ms": 18.680665969848633,
    "model_name": "resnet50",
    "recv_time": 25885633,
    "tag": "817",
    "total_cost_by_ms": 18.924999237060547,
    "wait_cost": 0.022998809814453125
}
