{
    "child_model_execute_cost_by_ms": [
        8.508000373840332
    ],
    "child_model_run_time": [
        [
            28997812,
            29006320
        ]
    ],
    "execute_cost": 8.508000373840332,
    "finish_time": 29006328,
    "limit_cost_by_ms": 7.275000095367432,
    "model_name": "squeezenetv1",
    "recv_time": 28997772,
    "tag": "958",
    "total_cost_by_ms": 8.555999755859375,
    "wait_cost": 0.04799938201904297
}
