{
    "child_model_execute_cost_by_ms": [
        15.223999977111816,
        8.991000175476074
    ],
    "child_model_run_time": [
        [
            17794332,
            17809556
        ],
        [
            17809662,
            17818653
        ]
    ],
    "execute_cost": 24.21500015258789,
    "finish_time": 17818662,
    "limit_cost_by_ms": 18.637666702270508,
    "model_name": "resnet50",
    "recv_time": 17794206,
    "tag": "472",
    "total_cost_by_ms": 24.45599937438965,
    "wait_cost": 0.2409992218017578
}
