{
    "child_model_execute_cost_by_ms": [
        10.79699993133545
    ],
    "child_model_run_time": [
        [
            15994563,
            16005360
        ]
    ],
    "execute_cost": 10.79699993133545,
    "finish_time": 16005374,
    "limit_cost_by_ms": 8.665666580200195,
    "model_name": "googlenet",
    "recv_time": 15994341,
    "tag": "424",
    "total_cost_by_ms": 11.032999992370605,
    "wait_cost": 0.23600006103515625
}
