{
    "child_model_execute_cost_by_ms": [
        8.411999702453613
    ],
    "child_model_run_time": [
        [
            18897362,
            18905774
        ]
    ],
    "execute_cost": 8.411999702453613,
    "finish_time": 18905783,
    "limit_cost_by_ms": 7.116333484649658,
    "model_name": "squeezenetv1",
    "recv_time": 18897192,
    "tag": "575",
    "total_cost_by_ms": 8.590999603271484,
    "wait_cost": 0.1789999008178711
}
