{
    "child_model_execute_cost_by_ms": [
        10.779999732971191
    ],
    "child_model_run_time": [
        [
            19728762,
            19739542
        ]
    ],
    "execute_cost": 10.779999732971191,
    "finish_time": 19739549,
    "limit_cost_by_ms": 8.665666580200195,
    "model_name": "googlenet",
    "recv_time": 19728632,
    "tag": "619",
    "total_cost_by_ms": 10.916999816894531,
    "wait_cost": 0.13700008392333984
}
