{
    "child_model_execute_cost_by_ms": [
        7.63100004196167
    ],
    "child_model_run_time": [
        [
            21888537,
            21896168
        ]
    ],
    "execute_cost": 7.63100004196167,
    "finish_time": 21896173,
    "limit_cost_by_ms": 7.116333484649658,
    "model_name": "squeezenetv1",
    "recv_time": 21888419,
    "tag": "732",
    "total_cost_by_ms": 7.754000186920166,
    "wait_cost": 0.1230001449584961
}
