{
    "child_model_execute_cost_by_ms": [
        15.045000076293945
    ],
    "child_model_run_time": [
        [
            16824342,
            16839387
        ]
    ],
    "execute_cost": 15.045000076293945,
    "finish_time": 16839392,
    "limit_cost_by_ms": 7.264999866485596,
    "model_name": "squeezenetv1",
    "recv_time": 16824180,
    "tag": "431",
    "total_cost_by_ms": 15.211999893188477,
    "wait_cost": 0.16699981689453125
}
