{
    "child_model_execute_cost_by_ms": [
        20.194000244140625
    ],
    "child_model_run_time": [
        [
            21151696,
            21171890
        ]
    ],
    "execute_cost": 20.194000244140625,
    "finish_time": 21171893,
    "limit_cost_by_ms": 19.168333053588867,
    "model_name": "resnet50",
    "recv_time": 21151670,
    "tag": "637",
    "total_cost_by_ms": 20.222999572753906,
    "wait_cost": 0.02899932861328125
}
