{
    "child_model_execute_cost_by_ms": [
        51.89899826049805
    ],
    "child_model_run_time": [
        [
            21415148,
            21467047
        ]
    ],
    "execute_cost": 51.89899826049805,
    "finish_time": 21467049,
    "limit_cost_by_ms": 19.168333053588867,
    "model_name": "resnet50",
    "recv_time": 21415112,
    "tag": "650",
    "total_cost_by_ms": 51.9370002746582,
    "wait_cost": 0.03800201416015625
}
