{
    "child_model_execute_cost_by_ms": [
        60.33599853515625
    ],
    "child_model_run_time": [
        [
            22845929,
            22906265
        ]
    ],
    "execute_cost": 60.33599853515625,
    "finish_time": 22906268,
    "limit_cost_by_ms": 8.895999908447266,
    "model_name": "googlenet",
    "recv_time": 22845794,
    "tag": "717",
    "total_cost_by_ms": 60.4739990234375,
    "wait_cost": 0.13800048828125
}
