{
    "child_model_execute_cost_by_ms": [
        7.370999813079834
    ],
    "child_model_run_time": [
        [
            16065140,
            16072511
        ]
    ],
    "execute_cost": 7.370999813079834,
    "finish_time": 16072516,
    "limit_cost_by_ms": 7.209666728973389,
    "model_name": "squeezenetv1",
    "recv_time": 16061814,
    "tag": "338",
    "total_cost_by_ms": 10.70199966430664,
    "wait_cost": 3.3309998512268066
}
