{
    "child_model_execute_cost_by_ms": [
        7.565999984741211
    ],
    "child_model_run_time": [
        [
            18164791,
            18172357
        ]
    ],
    "execute_cost": 7.565999984741211,
    "finish_time": 18172360,
    "limit_cost_by_ms": 7.209666728973389,
    "model_name": "squeezenetv1",
    "recv_time": 18164671,
    "tag": "425",
    "total_cost_by_ms": 7.689000129699707,
    "wait_cost": 0.1230001449584961
}
