{
    "child_model_execute_cost_by_ms": [
        10.444999694824219
    ],
    "child_model_run_time": [
        [
            23321568,
            23332013
        ]
    ],
    "execute_cost": 10.444999694824219,
    "finish_time": 23332018,
    "limit_cost_by_ms": 8.96066665649414,
    "model_name": "googlenet",
    "recv_time": 23302393,
    "tag": "636",
    "total_cost_by_ms": 29.625,
    "wait_cost": 19.18000030517578
}
