{
    "child_model_execute_cost_by_ms": [
        8.633999824523926
    ],
    "child_model_run_time": [
        [
            24106810,
            24115444
        ]
    ],
    "execute_cost": 8.633999824523926,
    "finish_time": 24115450,
    "limit_cost_by_ms": 7.209666728973389,
    "model_name": "squeezenetv1",
    "recv_time": 24106677,
    "tag": "668",
    "total_cost_by_ms": 8.77299976348877,
    "wait_cost": 0.13899993896484375
}
