{
    "child_model_execute_cost_by_ms": [
        17.514999389648438,
        16.69499969482422,
        19.540000915527344
    ],
    "child_model_run_time": [
        [
            29077893,
            29095408
        ],
        [
            29095453,
            29112148
        ],
        [
            29112188,
            29131728
        ]
    ],
    "execute_cost": 53.75,
    "finish_time": 29131734,
    "limit_cost_by_ms": 46.47700119018555,
    "model_name": "vgg19",
    "recv_time": 29077880,
    "tag": "870",
    "total_cost_by_ms": 53.854000091552734,
    "wait_cost": 0.10400009155273438
}
