{
    "child_model_execute_cost_by_ms": [
        8.947999954223633
    ],
    "child_model_run_time": [
        [
            11327130,
            11336078
        ]
    ],
    "execute_cost": 8.947999954223633,
    "finish_time": 11336082,
    "limit_cost_by_ms": 7.185999870300293,
    "model_name": "squeezenetv1",
    "recv_time": 11327118,
    "tag": "154",
    "total_cost_by_ms": 8.96399974822998,
    "wait_cost": 0.015999794006347656
}
