{
    "child_model_execute_cost_by_ms": [
        20.45400047302246
    ],
    "child_model_run_time": [
        [
            12416662,
            12437116
        ]
    ],
    "execute_cost": 20.45400047302246,
    "finish_time": 12437122,
    "limit_cost_by_ms": 18.67300033569336,
    "model_name": "resnet50",
    "recv_time": 12416643,
    "tag": "201",
    "total_cost_by_ms": 20.479000091552734,
    "wait_cost": 0.024999618530273438
}
