{
    "child_model_execute_cost_by_ms": [
        20.461999893188477
    ],
    "child_model_run_time": [
        [
            15791523,
            15811985
        ]
    ],
    "execute_cost": 20.461999893188477,
    "finish_time": 15811988,
    "limit_cost_by_ms": 18.67300033569336,
    "model_name": "resnet50",
    "recv_time": 15791425,
    "tag": "350",
    "total_cost_by_ms": 20.562999725341797,
    "wait_cost": 0.10099983215332031
}
