{
    "child_model_execute_cost_by_ms": [
        20.430999755859375
    ],
    "child_model_run_time": [
        [
            8719219,
            8739650
        ]
    ],
    "execute_cost": 20.430999755859375,
    "finish_time": 8739653,
    "limit_cost_by_ms": 18.67300033569336,
    "model_name": "resnet50",
    "recv_time": 8719189,
    "tag": "42",
    "total_cost_by_ms": 20.464000701904297,
    "wait_cost": 0.033000946044921875
}
