{
    "child_model_execute_cost_by_ms": [
        10.552000045776367
    ],
    "child_model_run_time": [
        [
            17560876,
            17571428
        ]
    ],
    "execute_cost": 10.552000045776367,
    "finish_time": 17571432,
    "limit_cost_by_ms": 8.693666458129883,
    "model_name": "googlenet",
    "recv_time": 17560779,
    "tag": "427",
    "total_cost_by_ms": 10.652999877929688,
    "wait_cost": 0.10099983215332031
}
