{
    "child_model_execute_cost_by_ms": [
        20.58799934387207
    ],
    "child_model_run_time": [
        [
            28001264,
            28021852
        ]
    ],
    "execute_cost": 20.58799934387207,
    "finish_time": 28021855,
    "limit_cost_by_ms": 18.67300033569336,
    "model_name": "resnet50",
    "recv_time": 28001145,
    "tag": "885",
    "total_cost_by_ms": 20.709999084472656,
    "wait_cost": 0.12199974060058594
}
