kind, gpt128v2, yolov2, googlenet, resnet50, vgg19, total
DLIR, 1.1714285441807337, 1.0687739791066333, 1.0443045169183096, 1.4537117368647123, 1.162919564881437, 1.0443045169183096
OYST, 1.131801986756262, 1.0753811162208458, 1.1020250288242088, 1.3388839805893715, 1.1424164804202923, 1.0753811162208458
ClockWork, 1.2009364012278343, 1.0643222315341487, 1.0994821980087255, 1.0053398053861204, 1.0, 1.0
PREMA, 1.3108401189892382, 1.049991736889961, 1.0801211258893435, 1.0022801945091848, 1.0, 1.0
MPS, 1.7240808559485192, 1.064489266555153, 1.0784521562300835, 1.0, 1.0, 1.0
