kind, gpt128v2, yolov2, googlenet, resnet50, vgg19, total
DLIR, 3.066759291376388, 2.7653472161719908, 2.5928186101298167, 2.2973692864080024, 2.092852344102039, 2.562561371707884
OYST, 2.8859378794763795, 2.578376582053739, 2.484230165185193, 2.318780516554748, 2.1069951878942863, 2.47460447016737
ClockWork, 4.187204789568483, 4.9860599580762885, 3.757572022533483, 1.9212150318620402, 1.0952239140433973, 3.1863902982905232
PREMA, 3.726275886087206, 3.3575639401960475, 3.484119852443718, 2.17527531532789, 1.1282394051726474, 2.7731125912206354
MPS, 7.395503113848353, 5.142079396000979, 5.045202653978603, 2.3146260303949497, 1.109787801649076, 4.1986123458087885
