kind, gpt128v2, yolov2, googlenet, resnet50, vgg19, total
DLIR, 5.586285727364676, 4.586411960763885, 5.951310168186848, 4.35486753276224, 2.937453352775486, 5.951310168186848
OYST, 4.829094759159426, 4.906560690209963, 5.899555163463363, 4.0727102569036955, 2.927410119867957, 5.899555163463363
ClockWork, 13.916106919674945, 11.485699462539378, 9.92089955750855, 4.7299139160291555, 1.9937159681072782, 13.916106919674945
PREMA, 9.174609162386899, 8.994874033302857, 8.904590408346474, 5.258096530442824, 2.245179621193099, 9.174609162386899
MPS, 19.23290578417249, 13.34610853277896, 11.711494278822526, 5.521780173380983, 2.091324287715573, 19.23290578417249
