kind, gpt128v2, yolov2, googlenet, resnet50, vgg19, total
DLIR, 1.0514026510253576, 0.927250695620319, 1.0546173782762986, 0.6476124691948585, 0.4792406414142883, 0.9270758336743317
OYST, 0.9313654896949083, 0.84006429197306, 1.014045629493076, 0.669976078137793, 0.47741940058979787, 0.8489647243525601
ClockWork, 2.4195186650642038, 2.870920044112022, 2.0648587362170785, 0.9053867937982172, 0.17078737238820668, 2.434642171508869
PREMA, 2.127817579969566, 1.916366698011484, 2.0283934859405033, 1.2005801045412574, 0.2418934116416443, 1.9272482840807403
MPS, 4.5468652088797334, 3.1105737385351544, 2.7178588718858725, 1.1963519535457303, 0.18017993199880689, 3.5765167464785756
