{
    "child_model_execute_cost_by_ms": [
        19.334999084472656
    ],
    "child_model_run_time": [
        [
            22433028,
            22452363
        ]
    ],
    "execute_cost": 19.334999084472656,
    "finish_time": 22452369,
    "limit_cost_by_ms": 17.84000015258789,
    "model_name": "resnet50",
    "recv_time": 22432975,
    "tag": "190",
    "total_cost_by_ms": 19.393999099731445,
    "wait_cost": 0.05900001525878906
}
