{
    "child_model_execute_cost_by_ms": [
        13.526000022888184
    ],
    "child_model_run_time": [
        [
            25562292,
            25575818
        ]
    ],
    "execute_cost": 13.526000022888184,
    "finish_time": 25575828,
    "limit_cost_by_ms": 7.089000225067139,
    "model_name": "gpt128v2",
    "recv_time": 25547571,
    "tag": "346",
    "total_cost_by_ms": 28.256999969482422,
    "wait_cost": 14.730999946594238
}
