{
    "child_model_execute_cost_by_ms": [
        43.53099822998047
    ],
    "child_model_run_time": [
        [
            26488537,
            26532068
        ]
    ],
    "execute_cost": 43.53099822998047,
    "finish_time": 26532071,
    "limit_cost_by_ms": 43.815555572509766,
    "model_name": "vgg19",
    "recv_time": 26488486,
    "tag": "394",
    "total_cost_by_ms": 43.584999084472656,
    "wait_cost": 0.0540008544921875
}
