{
    "child_model_execute_cost_by_ms": [
        44.465999603271484
    ],
    "child_model_run_time": [
        [
            26585945,
            26630411
        ]
    ],
    "execute_cost": 44.465999603271484,
    "finish_time": 26630415,
    "limit_cost_by_ms": 43.815555572509766,
    "model_name": "vgg19",
    "recv_time": 26585893,
    "tag": "399",
    "total_cost_by_ms": 44.52199935913086,
    "wait_cost": 0.055999755859375
}
