{
    "child_model_execute_cost_by_ms": [
        9.836000442504883
    ],
    "child_model_run_time": [
        [
            29118424,
            29128260
        ]
    ],
    "execute_cost": 9.836000442504883,
    "finish_time": 29128265,
    "limit_cost_by_ms": 8.896333694458008,
    "model_name": "googlenet",
    "recv_time": 29118378,
    "tag": "528",
    "total_cost_by_ms": 9.88700008392334,
    "wait_cost": 0.05099964141845703
}
