{
    "child_model_execute_cost_by_ms": [
        13.031999588012695
    ],
    "child_model_run_time": [
        [
            29200863,
            29213895
        ]
    ],
    "execute_cost": 13.031999588012695,
    "finish_time": 29213899,
    "limit_cost_by_ms": 7.089000225067139,
    "model_name": "gpt128v2",
    "recv_time": 29200848,
    "tag": "532",
    "total_cost_by_ms": 13.050999641418457,
    "wait_cost": 0.01900005340576172
}
