{
    "child_model_execute_cost_by_ms": [
        10.39799976348877
    ],
    "child_model_run_time": [
        [
            20026351,
            20036749
        ]
    ],
    "execute_cost": 10.39799976348877,
    "finish_time": 20036758,
    "limit_cost_by_ms": 8.896333694458008,
    "model_name": "googlenet",
    "recv_time": 19985945,
    "tag": "68",
    "total_cost_by_ms": 50.8129997253418,
    "wait_cost": 40.415000915527344
}
