{
    "child_model_execute_cost_by_ms": [
        22.285999298095703
    ],
    "child_model_run_time": [
        [
            33617723,
            33640009
        ]
    ],
    "execute_cost": 22.285999298095703,
    "finish_time": 33640015,
    "limit_cost_by_ms": 17.84000015258789,
    "model_name": "resnet50",
    "recv_time": 33592974,
    "tag": "756",
    "total_cost_by_ms": 47.04100036621094,
    "wait_cost": 24.755001068115234
}
