{
    "child_model_execute_cost_by_ms": [
        13.175000190734863
    ],
    "child_model_run_time": [
        [
            33707688,
            33720863
        ]
    ],
    "execute_cost": 13.175000190734863,
    "finish_time": 33720874,
    "limit_cost_by_ms": 8.896333694458008,
    "model_name": "googlenet",
    "recv_time": 33688786,
    "tag": "760",
    "total_cost_by_ms": 32.0880012512207,
    "wait_cost": 18.913002014160156
}
