{
    "child_model_execute_cost_by_ms": [
        9.255000114440918
    ],
    "child_model_run_time": [
        [
            33812999,
            33822254
        ]
    ],
    "execute_cost": 9.255000114440918,
    "finish_time": 33822259,
    "limit_cost_by_ms": 5.834333419799805,
    "model_name": "yolov2",
    "recv_time": 33792710,
    "tag": "765",
    "total_cost_by_ms": 29.548999786376953,
    "wait_cost": 20.29399871826172
}
