{
    "child_model_execute_cost_by_ms": [
        13.394000053405762
    ],
    "child_model_run_time": [
        [
            35395020,
            35408414
        ]
    ],
    "execute_cost": 13.394000053405762,
    "finish_time": 35408425,
    "limit_cost_by_ms": 7.089000225067139,
    "model_name": "gpt128v2",
    "recv_time": 35357881,
    "tag": "843",
    "total_cost_by_ms": 50.54399871826172,
    "wait_cost": 37.14999771118164
}
