{
    "child_model_execute_cost_by_ms": [
        20.013999938964844
    ],
    "child_model_run_time": [
        [
            36105333,
            36125347
        ]
    ],
    "execute_cost": 20.013999938964844,
    "finish_time": 36125354,
    "limit_cost_by_ms": 17.84000015258789,
    "model_name": "resnet50",
    "recv_time": 36084627,
    "tag": "879",
    "total_cost_by_ms": 40.72700119018555,
    "wait_cost": 20.713001251220703
}
