{
    "child_model_execute_cost_by_ms": [
        20.937999725341797
    ],
    "child_model_run_time": [
        [
            36705762,
            36726700
        ]
    ],
    "execute_cost": 20.937999725341797,
    "finish_time": 36726708,
    "limit_cost_by_ms": 17.84000015258789,
    "model_name": "resnet50",
    "recv_time": 36705712,
    "tag": "909",
    "total_cost_by_ms": 20.996000289916992,
    "wait_cost": 0.05800056457519531
}
