{
    "child_model_execute_cost_by_ms": [
        7.51800012588501
    ],
    "child_model_run_time": [
        [
            20544278,
            20551796
        ]
    ],
    "execute_cost": 7.51800012588501,
    "finish_time": 20551807,
    "limit_cost_by_ms": 5.834333419799805,
    "model_name": "yolov2",
    "recv_time": 20502172,
    "tag": "94",
    "total_cost_by_ms": 49.6349983215332,
    "wait_cost": 42.11699676513672
}
