{
    "child_model_execute_cost_by_ms": [
        20.97599983215332
    ],
    "child_model_run_time": [
        [
            37310061,
            37331037
        ]
    ],
    "execute_cost": 20.97599983215332,
    "finish_time": 37331044,
    "limit_cost_by_ms": 17.84000015258789,
    "model_name": "resnet50",
    "recv_time": 37310010,
    "tag": "939",
    "total_cost_by_ms": 21.034000396728516,
    "wait_cost": 0.05800056457519531
}
