{
    "child_model_execute_cost_by_ms": [
        48.165000915527344
    ],
    "child_model_run_time": [
        [
            18131529,
            18179694
        ]
    ],
    "execute_cost": 48.165000915527344,
    "finish_time": 18179704,
    "limit_cost_by_ms": 47.86366653442383,
    "model_name": "vgg19",
    "recv_time": 17792022,
    "tag": "410",
    "total_cost_by_ms": 387.6820068359375,
    "wait_cost": 339.5169982910156
}
