{
    "child_model_execute_cost_by_ms": [
        49.43899917602539
    ],
    "child_model_run_time": [
        [
            29797494,
            29846933
        ]
    ],
    "execute_cost": 49.43899917602539,
    "finish_time": 29846941,
    "limit_cost_by_ms": 47.86366653442383,
    "model_name": "vgg19",
    "recv_time": 28785193,
    "tag": "871",
    "total_cost_by_ms": 1061.748046875,
    "wait_cost": 1012.3090209960938
}
