{
    "child_model_execute_cost_by_ms": [
        27.80699920654297
    ],
    "child_model_run_time": [
        [
            10479415,
            10507222
        ]
    ],
    "execute_cost": 27.80699920654297,
    "finish_time": 10507224,
    "limit_cost_by_ms": 9.175999641418457,
    "model_name": "googlenet",
    "recv_time": 10479287,
    "tag": "121",
    "total_cost_by_ms": 27.937000274658203,
    "wait_cost": 0.13000106811523438
}
