{
    "child_model_execute_cost_by_ms": [
        46.12300109863281
    ],
    "child_model_run_time": [
        [
            11040638,
            11086761
        ]
    ],
    "execute_cost": 46.12300109863281,
    "finish_time": 11086765,
    "limit_cost_by_ms": 47.24166488647461,
    "model_name": "vgg19",
    "recv_time": 11040531,
    "tag": "146",
    "total_cost_by_ms": 46.23400115966797,
    "wait_cost": 0.11100006103515625
}
