{
    "child_model_execute_cost_by_ms": [
        45.13800048828125
    ],
    "child_model_run_time": [
        [
            8128076,
            8173214
        ]
    ],
    "execute_cost": 45.13800048828125,
    "finish_time": 8173217,
    "limit_cost_by_ms": 47.24166488647461,
    "model_name": "vgg19",
    "recv_time": 8127947,
    "tag": "21",
    "total_cost_by_ms": 45.27000045776367,
    "wait_cost": 0.13199996948242188
}
