{
    "child_model_execute_cost_by_ms": [
        55.32899856567383
    ],
    "child_model_run_time": [
        [
            12779272,
            12834601
        ]
    ],
    "execute_cost": 55.32899856567383,
    "finish_time": 12834603,
    "limit_cost_by_ms": 9.175999641418457,
    "model_name": "googlenet",
    "recv_time": 12779262,
    "tag": "222",
    "total_cost_by_ms": 55.340999603271484,
    "wait_cost": 0.01200103759765625
}
