{
    "child_model_execute_cost_by_ms": [
        21.14900016784668
    ],
    "child_model_run_time": [
        [
            13547990,
            13569139
        ]
    ],
    "execute_cost": 21.14900016784668,
    "finish_time": 13569144,
    "limit_cost_by_ms": 7.362666606903076,
    "model_name": "squeezenetv1",
    "recv_time": 13547897,
    "tag": "254",
    "total_cost_by_ms": 21.246999740600586,
    "wait_cost": 0.09799957275390625
}
