{
    "child_model_execute_cost_by_ms": [
        10.059000015258789
    ],
    "child_model_run_time": [
        [
            14553632,
            14563691
        ]
    ],
    "execute_cost": 10.059000015258789,
    "finish_time": 14563695,
    "limit_cost_by_ms": 9.175999641418457,
    "model_name": "googlenet",
    "recv_time": 14553509,
    "tag": "297",
    "total_cost_by_ms": 10.185999870300293,
    "wait_cost": 0.1269998550415039
}
