{
    "child_model_execute_cost_by_ms": [
        54.21900177001953
    ],
    "child_model_run_time": [
        [
            15401150,
            15455369
        ]
    ],
    "execute_cost": 54.21900177001953,
    "finish_time": 15455373,
    "limit_cost_by_ms": 7.362666606903076,
    "model_name": "squeezenetv1",
    "recv_time": 15400999,
    "tag": "334",
    "total_cost_by_ms": 54.374000549316406,
    "wait_cost": 0.154998779296875
}
