{
    "child_model_execute_cost_by_ms": [
        45.433998107910156
    ],
    "child_model_run_time": [
        [
            16009732,
            16055166
        ]
    ],
    "execute_cost": 45.433998107910156,
    "finish_time": 16055171,
    "limit_cost_by_ms": 47.24166488647461,
    "model_name": "vgg19",
    "recv_time": 16009719,
    "tag": "360",
    "total_cost_by_ms": 45.45199966430664,
    "wait_cost": 0.018001556396484375
}
