{
    "child_model_execute_cost_by_ms": [
        20.121000289916992
    ],
    "child_model_run_time": [
        [
            16966400,
            16986521
        ]
    ],
    "execute_cost": 20.121000289916992,
    "finish_time": 16986523,
    "limit_cost_by_ms": 18.941667556762695,
    "model_name": "resnet50",
    "recv_time": 16966290,
    "tag": "401",
    "total_cost_by_ms": 20.232999801635742,
    "wait_cost": 0.11199951171875
}
