{
    "child_model_execute_cost_by_ms": [
        44.310001373291016
    ],
    "child_model_run_time": [
        [
            8877795,
            8922105
        ]
    ],
    "execute_cost": 44.310001373291016,
    "finish_time": 8922109,
    "limit_cost_by_ms": 47.24166488647461,
    "model_name": "vgg19",
    "recv_time": 8877641,
    "tag": "53",
    "total_cost_by_ms": 44.46799850463867,
    "wait_cost": 0.15799713134765625
}
