{
    "child_model_execute_cost_by_ms": [
        10.753000259399414
    ],
    "child_model_run_time": [
        [
            19854045,
            19864798
        ]
    ],
    "execute_cost": 10.753000259399414,
    "finish_time": 19864803,
    "limit_cost_by_ms": 9.175999641418457,
    "model_name": "googlenet",
    "recv_time": 19853881,
    "tag": "522",
    "total_cost_by_ms": 10.92199993133545,
    "wait_cost": 0.16899967193603516
}
