{
    "child_model_execute_cost_by_ms": [
        22.658000946044922
    ],
    "child_model_run_time": [
        [
            23605623,
            23628281
        ]
    ],
    "execute_cost": 22.658000946044922,
    "finish_time": 23628284,
    "limit_cost_by_ms": 9.175999641418457,
    "model_name": "googlenet",
    "recv_time": 23605466,
    "tag": "682",
    "total_cost_by_ms": 22.81800079345703,
    "wait_cost": 0.15999984741210938
}
