{
    "child_model_execute_cost_by_ms": [
        8.383000373840332
    ],
    "child_model_run_time": [
        [
            23906331,
            23914714
        ]
    ],
    "execute_cost": 8.383000373840332,
    "finish_time": 23914719,
    "limit_cost_by_ms": 7.362666606903076,
    "model_name": "squeezenetv1",
    "recv_time": 23906237,
    "tag": "695",
    "total_cost_by_ms": 8.482000350952148,
    "wait_cost": 0.0989999771118164
}
