{
    "child_model_execute_cost_by_ms": [
        9.960000038146973
    ],
    "child_model_run_time": [
        [
            9451659,
            9461619
        ]
    ],
    "execute_cost": 9.960000038146973,
    "finish_time": 9461624,
    "limit_cost_by_ms": 9.175999641418457,
    "model_name": "googlenet",
    "recv_time": 9451495,
    "tag": "77",
    "total_cost_by_ms": 10.128999710083008,
    "wait_cost": 0.16899967193603516
}
