{
    "child_model_execute_cost_by_ms": [
        50.819000244140625
    ],
    "child_model_run_time": [
        [
            25823054,
            25873873
        ]
    ],
    "execute_cost": 50.819000244140625,
    "finish_time": 25873876,
    "limit_cost_by_ms": 47.24166488647461,
    "model_name": "vgg19",
    "recv_time": 25823048,
    "tag": "776",
    "total_cost_by_ms": 50.827999114990234,
    "wait_cost": 0.008998870849609375
}
