{
    "child_model_execute_cost_by_ms": [
        44.96500015258789
    ],
    "child_model_run_time": [
        [
            9612032,
            9656997
        ]
    ],
    "execute_cost": 44.96500015258789,
    "finish_time": 9657001,
    "limit_cost_by_ms": 47.29033279418945,
    "model_name": "vgg19",
    "recv_time": 9611979,
    "tag": "79",
    "total_cost_by_ms": 45.02199935913086,
    "wait_cost": 0.05699920654296875
}
