{
    "child_model_execute_cost_by_ms": [
        46.0989990234375
    ],
    "child_model_run_time": [
        [
            27874346,
            27920445
        ]
    ],
    "execute_cost": 46.0989990234375,
    "finish_time": 27920449,
    "limit_cost_by_ms": 47.24166488647461,
    "model_name": "vgg19",
    "recv_time": 27874341,
    "tag": "862",
    "total_cost_by_ms": 46.108001708984375,
    "wait_cost": 0.009002685546875
}
