{
    "child_model_execute_cost_by_ms": [
        34.88999938964844
    ],
    "child_model_run_time": [
        [
            10089667,
            10124557
        ]
    ],
    "execute_cost": 34.88999938964844,
    "finish_time": 10124561,
    "limit_cost_by_ms": 18.9689998626709,
    "model_name": "resnet50",
    "recv_time": 10089651,
    "tag": "98",
    "total_cost_by_ms": 34.90999984741211,
    "wait_cost": 0.020000457763671875
}
