{
    "child_model_execute_cost_by_ms": [
        19.006999969482422
    ],
    "child_model_run_time": [
        [
            13506301,
            13525308
        ]
    ],
    "execute_cost": 19.006999969482422,
    "finish_time": 13525311,
    "limit_cost_by_ms": 18.935333251953125,
    "model_name": "resnet50",
    "recv_time": 13506150,
    "tag": "306",
    "total_cost_by_ms": 19.160999298095703,
    "wait_cost": 0.15399932861328125
}
