{
    "child_model_execute_cost_by_ms": [
        8.0
    ],
    "child_model_run_time": [
        [
            13607972,
            13615972
        ]
    ],
    "execute_cost": 8.0,
    "finish_time": 13615978,
    "limit_cost_by_ms": 7.263333320617676,
    "model_name": "squeezenetv1",
    "recv_time": 13607821,
    "tag": "318",
    "total_cost_by_ms": 8.156999588012695,
    "wait_cost": 0.1569995880126953
}
