{
    "child_model_execute_cost_by_ms": [
        19.131000518798828
    ],
    "child_model_run_time": [
        [
            16280513,
            16299644
        ]
    ],
    "execute_cost": 19.131000518798828,
    "finish_time": 16299648,
    "limit_cost_by_ms": 18.935333251953125,
    "model_name": "resnet50",
    "recv_time": 16280499,
    "tag": "454",
    "total_cost_by_ms": 19.14900016784668,
    "wait_cost": 0.017999649047851563
}
