{
    "child_model_execute_cost_by_ms": [
        44.92399978637695
    ],
    "child_model_run_time": [
        [
            20839685,
            20884609
        ]
    ],
    "execute_cost": 44.92399978637695,
    "finish_time": 20884612,
    "limit_cost_by_ms": 47.266998291015625,
    "model_name": "vgg19",
    "recv_time": 20839669,
    "tag": "701",
    "total_cost_by_ms": 44.94300079345703,
    "wait_cost": 0.019001007080078125
}
