{
    "child_model_execute_cost_by_ms": [
        48.9379997253418
    ],
    "child_model_run_time": [
        [
            21399471,
            21448409
        ]
    ],
    "execute_cost": 48.9379997253418,
    "finish_time": 21448412,
    "limit_cost_by_ms": 8.802000045776367,
    "model_name": "googlenet",
    "recv_time": 21399344,
    "tag": "722",
    "total_cost_by_ms": 49.06800079345703,
    "wait_cost": 0.13000106811523438
}
