{
    "child_model_execute_cost_by_ms": [
        18.957000732421875
    ],
    "child_model_run_time": [
        [
            9229177,
            9248134
        ]
    ],
    "execute_cost": 18.957000732421875,
    "finish_time": 9248138,
    "limit_cost_by_ms": 18.935333251953125,
    "model_name": "resnet50",
    "recv_time": 9229159,
    "tag": "78",
    "total_cost_by_ms": 18.979000091552734,
    "wait_cost": 0.021999359130859375
}
