{
    "child_model_execute_cost_by_ms": [
        20.4950008392334
    ],
    "child_model_run_time": [
        [
            26420303,
            26440798
        ]
    ],
    "execute_cost": 20.4950008392334,
    "finish_time": 26440801,
    "limit_cost_by_ms": 8.700666427612305,
    "model_name": "googlenet",
    "recv_time": 26420147,
    "tag": "991",
    "total_cost_by_ms": 20.65399932861328,
    "wait_cost": 0.1589984893798828
}
