{
    "child_model_execute_cost_by_ms": [
        61.71500015258789
    ],
    "child_model_run_time": [
        [
            21304399,
            21366114
        ]
    ],
    "execute_cost": 61.71500015258789,
    "finish_time": 21366118,
    "limit_cost_by_ms": 46.326332092285156,
    "model_name": "vgg19",
    "recv_time": 21304332,
    "tag": "157",
    "total_cost_by_ms": 61.7859992980957,
    "wait_cost": 0.0709991455078125
}
