{
    "child_model_execute_cost_by_ms": [
        44.073001861572266
    ],
    "child_model_run_time": [
        [
            22790534,
            22834607
        ]
    ],
    "execute_cost": 44.073001861572266,
    "finish_time": 22834609,
    "limit_cost_by_ms": 46.326332092285156,
    "model_name": "vgg19",
    "recv_time": 22790475,
    "tag": "229",
    "total_cost_by_ms": 44.13399887084961,
    "wait_cost": 0.06099700927734375
}
