{
    "child_model_execute_cost_by_ms": [
        6.331999778747559
    ],
    "child_model_run_time": [
        [
            18722846,
            18729178
        ]
    ],
    "execute_cost": 6.331999778747559,
    "finish_time": 18729182,
    "limit_cost_by_ms": 5.986666679382324,
    "model_name": "yolov2",
    "recv_time": 18722783,
    "tag": "31",
    "total_cost_by_ms": 6.39900016784668,
    "wait_cost": 0.0670003890991211
}
