{
    "child_model_execute_cost_by_ms": [
        62.3120002746582
    ],
    "child_model_run_time": [
        [
            25916501,
            25978813
        ]
    ],
    "execute_cost": 62.3120002746582,
    "finish_time": 25978815,
    "limit_cost_by_ms": 18.967666625976563,
    "model_name": "resnet50",
    "recv_time": 25916444,
    "tag": "386",
    "total_cost_by_ms": 62.37099838256836,
    "wait_cost": 0.05899810791015625
}
