{
    "child_model_execute_cost_by_ms": [
        19.18899917602539
    ],
    "child_model_run_time": [
        [
            26649376,
            26668565
        ]
    ],
    "execute_cost": 19.18899917602539,
    "finish_time": 26668569,
    "limit_cost_by_ms": 8.571332931518555,
    "model_name": "googlenet",
    "recv_time": 26649316,
    "tag": "419",
    "total_cost_by_ms": 19.253000259399414,
    "wait_cost": 0.06400108337402344
}
