{
    "child_model_execute_cost_by_ms": [
        12.65999984741211
    ],
    "child_model_run_time": [
        [
            19123154,
            19135814
        ]
    ],
    "execute_cost": 12.65999984741211,
    "finish_time": 19135818,
    "limit_cost_by_ms": 7.074999809265137,
    "model_name": "gpt128v2",
    "recv_time": 19123108,
    "tag": "50",
    "total_cost_by_ms": 12.710000038146973,
    "wait_cost": 0.05000019073486328
}
