{
    "child_model_execute_cost_by_ms": [
        33.571998596191406
    ],
    "child_model_run_time": [
        [
            31273528,
            31307100
        ]
    ],
    "execute_cost": 33.571998596191406,
    "finish_time": 31307104,
    "limit_cost_by_ms": 7.074999809265137,
    "model_name": "gpt128v2",
    "recv_time": 31273484,
    "tag": "643",
    "total_cost_by_ms": 33.619998931884766,
    "wait_cost": 0.048000335693359375
}
