{
    "child_model_execute_cost_by_ms": [
        72.52100372314453
    ],
    "child_model_run_time": [
        [
            32433390,
            32505911
        ]
    ],
    "execute_cost": 72.52100372314453,
    "finish_time": 32505914,
    "limit_cost_by_ms": 18.967666625976563,
    "model_name": "resnet50",
    "recv_time": 32433328,
    "tag": "701",
    "total_cost_by_ms": 72.58599853515625,
    "wait_cost": 0.06499481201171875
}
