{
    "child_model_execute_cost_by_ms": [
        39.933998107910156
    ],
    "child_model_run_time": [
        [
            34961821,
            35001755
        ]
    ],
    "execute_cost": 39.933998107910156,
    "finish_time": 35001758,
    "limit_cost_by_ms": 18.967666625976563,
    "model_name": "resnet50",
    "recv_time": 34961773,
    "tag": "820",
    "total_cost_by_ms": 39.98500061035156,
    "wait_cost": 0.05100250244140625
}
