{
    "child_model_execute_cost_by_ms": [
        50.86199951171875
    ],
    "child_model_run_time": [
        [
            35434710,
            35485572
        ]
    ],
    "execute_cost": 50.86199951171875,
    "finish_time": 35485576,
    "limit_cost_by_ms": 8.571332931518555,
    "model_name": "googlenet",
    "recv_time": 35434652,
    "tag": "842",
    "total_cost_by_ms": 50.92399978637695,
    "wait_cost": 0.062000274658203125
}
