{
    "child_model_execute_cost_by_ms": [
        46.36000061035156
    ],
    "child_model_run_time": [
        [
            38369352,
            38415712
        ]
    ],
    "execute_cost": 46.36000061035156,
    "finish_time": 38415713,
    "limit_cost_by_ms": 46.326332092285156,
    "model_name": "vgg19",
    "recv_time": 38369312,
    "tag": "980",
    "total_cost_by_ms": 46.4010009765625,
    "wait_cost": 0.0410003662109375
}
