{
    "child_model_execute_cost_by_ms": [
        9.935999870300293
    ],
    "child_model_run_time": [
        [
            22158255,
            22168191
        ]
    ],
    "execute_cost": 9.935999870300293,
    "finish_time": 22168203,
    "limit_cost_by_ms": 8.940999984741211,
    "model_name": "googlenet",
    "recv_time": 22153896,
    "tag": "682",
    "total_cost_by_ms": 14.307000160217285,
    "wait_cost": 4.371000289916992
}
