{
    "child_model_execute_cost_by_ms": [
        8.060999870300293
    ],
    "child_model_run_time": [
        [
            26358564,
            26366625
        ]
    ],
    "execute_cost": 8.060999870300293,
    "finish_time": 26366637,
    "limit_cost_by_ms": 7.223333358764648,
    "model_name": "squeezenetv1",
    "recv_time": 26347166,
    "tag": "878",
    "total_cost_by_ms": 19.47100067138672,
    "wait_cost": 11.410000801086426
}
