{
    "child_model_execute_cost_by_ms": [
        8.414999961853027
    ],
    "child_model_run_time": [
        [
            28625266,
            28633681
        ]
    ],
    "execute_cost": 8.414999961853027,
    "finish_time": 28633693,
    "limit_cost_by_ms": 7.223333358764648,
    "model_name": "squeezenetv1",
    "recv_time": 28616986,
    "tag": "985",
    "total_cost_by_ms": 16.707000732421875,
    "wait_cost": 8.292000770568848
}
