{
    "child_model_execute_cost_by_ms": [
        66.39800262451172
    ],
    "child_model_run_time": [
        [
            18035749,
            18102147
        ]
    ],
    "execute_cost": 66.39800262451172,
    "finish_time": 18102151,
    "limit_cost_by_ms": 18.834333419799805,
    "model_name": "resnet50",
    "recv_time": 18035678,
    "tag": "394",
    "total_cost_by_ms": 66.4729995727539,
    "wait_cost": 0.0749969482421875
}
