{
    "child_model_execute_cost_by_ms": [
        46.29600143432617
    ],
    "child_model_run_time": [
        [
            23335177,
            23381473
        ]
    ],
    "execute_cost": 46.29600143432617,
    "finish_time": 23381476,
    "limit_cost_by_ms": 46.26033401489258,
    "model_name": "vgg19",
    "recv_time": 23335101,
    "tag": "613",
    "total_cost_by_ms": 46.375,
    "wait_cost": 0.07899856567382813
}
