{
    "child_model_execute_cost_by_ms": [
        59.611000061035156
    ],
    "child_model_run_time": [
        [
            24120933,
            24180544
        ]
    ],
    "execute_cost": 59.611000061035156,
    "finish_time": 24180549,
    "limit_cost_by_ms": 46.26033401489258,
    "model_name": "vgg19",
    "recv_time": 24120839,
    "tag": "645",
    "total_cost_by_ms": 59.709999084472656,
    "wait_cost": 0.0989990234375
}
