{
    "child_model_execute_cost_by_ms": [
        18.447999954223633,
        17.48200035095215,
        20.695999145507813
    ],
    "child_model_run_time": [
        [
            15138935,
            15157383
        ],
        [
            15157433,
            15174915
        ],
        [
            15182624,
            15203320
        ]
    ],
    "execute_cost": 56.625999450683594,
    "finish_time": 15203330,
    "limit_cost_by_ms": 47.275665283203125,
    "model_name": "vgg19",
    "recv_time": 15138805,
    "tag": "272",
    "total_cost_by_ms": 64.5250015258789,
    "wait_cost": 7.8990020751953125
}
