{
    "child_model_execute_cost_by_ms": [
        10.071999549865723
    ],
    "child_model_run_time": [
        [
            20255127,
            20265199
        ]
    ],
    "execute_cost": 10.071999549865723,
    "finish_time": 20265202,
    "limit_cost_by_ms": 9.188333511352539,
    "model_name": "googlenet",
    "recv_time": 20255121,
    "tag": "511",
    "total_cost_by_ms": 10.081000328063965,
    "wait_cost": 0.009000778198242188
}
