{
    "child_model_execute_cost_by_ms": [
        11.503999710083008
    ],
    "child_model_run_time": [
        [
            9843245,
            9854749
        ]
    ],
    "execute_cost": 11.503999710083008,
    "finish_time": 9854754,
    "limit_cost_by_ms": 7.165333271026611,
    "model_name": "squeezenetv1",
    "recv_time": 9843152,
    "tag": "64",
    "total_cost_by_ms": 11.60200023651123,
    "wait_cost": 0.09800052642822266
}
