{
    "child_model_execute_cost_by_ms": [
        32.683998107910156
    ],
    "child_model_run_time": [
        [
            23464162,
            23496846
        ]
    ],
    "execute_cost": 32.683998107910156,
    "finish_time": 23496852,
    "limit_cost_by_ms": 19.12933349609375,
    "model_name": "resnet50",
    "recv_time": 23464059,
    "tag": "647",
    "total_cost_by_ms": 32.792999267578125,
    "wait_cost": 0.10900115966796875
}
