{
    "child_model_execute_cost_by_ms": [
        66.06300354003906
    ],
    "child_model_run_time": [
        [
            31555902,
            31621965
        ]
    ],
    "execute_cost": 66.06300354003906,
    "finish_time": 31621972,
    "limit_cost_by_ms": 47.38100051879883,
    "model_name": "vgg19",
    "recv_time": 31554379,
    "tag": "991",
    "total_cost_by_ms": 67.59300231933594,
    "wait_cost": 1.529998779296875
}
