{
    "child_model_execute_cost_by_ms": [
        25.94499969482422
    ],
    "child_model_run_time": [
        [
            10891488,
            10917433
        ]
    ],
    "execute_cost": 25.94499969482422,
    "finish_time": 10917440,
    "limit_cost_by_ms": 8.756333351135254,
    "model_name": "googlenet",
    "recv_time": 10891471,
    "tag": "123",
    "total_cost_by_ms": 25.9689998626709,
    "wait_cost": 0.024000167846679688
}
