{
    "child_model_execute_cost_by_ms": [
        17.6560001373291,
        17.299999237060547,
        20.58300018310547
    ],
    "child_model_run_time": [
        [
            28461816,
            28479472
        ],
        [
            28479561,
            28496861
        ],
        [
            28530356,
            28550939
        ]
    ],
    "execute_cost": 55.53900146484375,
    "finish_time": 28550944,
    "limit_cost_by_ms": 46.665000915527344,
    "model_name": "vgg19",
    "recv_time": 28453301,
    "tag": "831",
    "total_cost_by_ms": 97.64299774169922,
    "wait_cost": 42.10399627685547
}
