{
    "child_model_execute_cost_by_ms": [
        10.586000442504883
    ],
    "child_model_run_time": [
        [
            9754841,
            9765427
        ]
    ],
    "execute_cost": 10.586000442504883,
    "finish_time": 9765433,
    "limit_cost_by_ms": 8.940666198730469,
    "model_name": "googlenet",
    "recv_time": 9736491,
    "tag": "109",
    "total_cost_by_ms": 28.941999435424805,
    "wait_cost": 18.355998992919922
}
