{
    "child_model_execute_cost_by_ms": [
        8.687999725341797
    ],
    "child_model_run_time": [
        [
            10392389,
            10401077
        ]
    ],
    "execute_cost": 8.687999725341797,
    "finish_time": 10401089,
    "limit_cost_by_ms": 7.448999881744385,
    "model_name": "squeezenetv1",
    "recv_time": 10352088,
    "tag": "133",
    "total_cost_by_ms": 49.000999450683594,
    "wait_cost": 40.3129997253418
}
