{
    "child_model_execute_cost_by_ms": [
        46.979000091552734
    ],
    "child_model_run_time": [
        [
            10837327,
            10884306
        ]
    ],
    "execute_cost": 46.979000091552734,
    "finish_time": 10884313,
    "limit_cost_by_ms": 47.564334869384766,
    "model_name": "vgg19",
    "recv_time": 10810422,
    "tag": "163",
    "total_cost_by_ms": 73.89099884033203,
    "wait_cost": 26.911998748779297
}
