{
    "child_model_execute_cost_by_ms": [
        46.91600036621094
    ],
    "child_model_run_time": [
        [
            10972617,
            11019533
        ]
    ],
    "execute_cost": 46.91600036621094,
    "finish_time": 11019540,
    "limit_cost_by_ms": 47.479331970214844,
    "model_name": "vgg19",
    "recv_time": 10946634,
    "tag": "163",
    "total_cost_by_ms": 72.90599822998047,
    "wait_cost": 25.98999786376953
}
