{
    "child_model_execute_cost_by_ms": [
        8.760000228881836
    ],
    "child_model_run_time": [
        [
            11652770,
            11661530
        ]
    ],
    "execute_cost": 8.760000228881836,
    "finish_time": 11661538,
    "limit_cost_by_ms": 7.448999881744385,
    "model_name": "squeezenetv1",
    "recv_time": 11595450,
    "tag": "195",
    "total_cost_by_ms": 66.08799743652344,
    "wait_cost": 57.32799530029297
}
