{
    "child_model_execute_cost_by_ms": [
        19.926000595092773
    ],
    "child_model_run_time": [
        [
            11672681,
            11692607
        ]
    ],
    "execute_cost": 19.926000595092773,
    "finish_time": 11692615,
    "limit_cost_by_ms": 18.80900001525879,
    "model_name": "resnet50",
    "recv_time": 11662082,
    "tag": "197",
    "total_cost_by_ms": 30.533000946044922,
    "wait_cost": 10.607000350952148
}
