{
    "child_model_execute_cost_by_ms": [
        21.44099998474121
    ],
    "child_model_run_time": [
        [
            11746745,
            11768186
        ]
    ],
    "execute_cost": 21.44099998474121,
    "finish_time": 11768195,
    "limit_cost_by_ms": 18.80900001525879,
    "model_name": "resnet50",
    "recv_time": 11703090,
    "tag": "200",
    "total_cost_by_ms": 65.1050033569336,
    "wait_cost": 43.66400146484375
}
