{
    "child_model_execute_cost_by_ms": [
        8.413000106811523
    ],
    "child_model_run_time": [
        [
            11666213,
            11674626
        ]
    ],
    "execute_cost": 8.413000106811523,
    "finish_time": 11674637,
    "limit_cost_by_ms": 7.27133321762085,
    "model_name": "squeezenetv1",
    "recv_time": 11666198,
    "tag": "204",
    "total_cost_by_ms": 8.439000129699707,
    "wait_cost": 0.026000022888183594
}
