{
    "child_model_execute_cost_by_ms": [
        44.20800018310547
    ],
    "child_model_run_time": [
        [
            8149243,
            8193451
        ]
    ],
    "execute_cost": 44.20800018310547,
    "finish_time": 8193457,
    "limit_cost_by_ms": 47.479331970214844,
    "model_name": "vgg19",
    "recv_time": 8149135,
    "tag": "23",
    "total_cost_by_ms": 44.321998596191406,
    "wait_cost": 0.1139984130859375
}
