{
    "child_model_execute_cost_by_ms": [
        19.804000854492188
    ],
    "child_model_run_time": [
        [
            12567025,
            12586829
        ]
    ],
    "execute_cost": 19.804000854492188,
    "finish_time": 12586837,
    "limit_cost_by_ms": 18.80900001525879,
    "model_name": "resnet50",
    "recv_time": 12566770,
    "tag": "243",
    "total_cost_by_ms": 20.066999435424805,
    "wait_cost": 0.2629985809326172
}
