{
    "child_model_execute_cost_by_ms": [
        20.55699920654297
    ],
    "child_model_run_time": [
        [
            12899042,
            12919599
        ]
    ],
    "execute_cost": 20.55699920654297,
    "finish_time": 12919604,
    "limit_cost_by_ms": 18.923999786376953,
    "model_name": "resnet50",
    "recv_time": 12867536,
    "tag": "265",
    "total_cost_by_ms": 52.06800079345703,
    "wait_cost": 31.511001586914063
}
