{
    "child_model_execute_cost_by_ms": [
        8.557000160217285
    ],
    "child_model_run_time": [
        [
            13126181,
            13134738
        ]
    ],
    "execute_cost": 8.557000160217285,
    "finish_time": 13134747,
    "limit_cost_by_ms": 7.27133321762085,
    "model_name": "squeezenetv1",
    "recv_time": 13098673,
    "tag": "276",
    "total_cost_by_ms": 36.07400131225586,
    "wait_cost": 27.51700210571289
}
