{
    "child_model_execute_cost_by_ms": [
        11.27299976348877
    ],
    "child_model_run_time": [
        [
            14444267,
            14455540
        ]
    ],
    "execute_cost": 11.27299976348877,
    "finish_time": 14455553,
    "limit_cost_by_ms": 8.761666297912598,
    "model_name": "googlenet",
    "recv_time": 14427089,
    "tag": "328",
    "total_cost_by_ms": 28.464000701904297,
    "wait_cost": 17.191001892089844
}
