{
    "child_model_execute_cost_by_ms": [
        20.535999298095703
    ],
    "child_model_run_time": [
        [
            8522724,
            8543260
        ]
    ],
    "execute_cost": 20.535999298095703,
    "finish_time": 8543269,
    "limit_cost_by_ms": 18.84433364868164,
    "model_name": "resnet50",
    "recv_time": 8511881,
    "tag": "36",
    "total_cost_by_ms": 31.38800048828125,
    "wait_cost": 10.852001190185547
}
