{
    "child_model_execute_cost_by_ms": [
        21.28499984741211
    ],
    "child_model_run_time": [
        [
            15017944,
            15039229
        ]
    ],
    "execute_cost": 21.28499984741211,
    "finish_time": 15039238,
    "limit_cost_by_ms": 18.80900001525879,
    "model_name": "resnet50",
    "recv_time": 14973345,
    "tag": "363",
    "total_cost_by_ms": 65.89299774169922,
    "wait_cost": 44.60799789428711
}
