{
    "child_model_execute_cost_by_ms": [
        20.868999481201172
    ],
    "child_model_run_time": [
        [
            15137392,
            15158261
        ]
    ],
    "execute_cost": 20.868999481201172,
    "finish_time": 15158269,
    "limit_cost_by_ms": 18.80900001525879,
    "model_name": "resnet50",
    "recv_time": 15105380,
    "tag": "369",
    "total_cost_by_ms": 52.888999938964844,
    "wait_cost": 32.02000045776367
}
