{
    "child_model_execute_cost_by_ms": [
        46.24399948120117
    ],
    "child_model_run_time": [
        [
            15198204,
            15244448
        ]
    ],
    "execute_cost": 46.24399948120117,
    "finish_time": 15244455,
    "limit_cost_by_ms": 47.479331970214844,
    "model_name": "vgg19",
    "recv_time": 15198064,
    "tag": "373",
    "total_cost_by_ms": 46.39099884033203,
    "wait_cost": 0.14699935913085938
}
