{
    "child_model_execute_cost_by_ms": [
        10.206999778747559
    ],
    "child_model_run_time": [
        [
            15743545,
            15753752
        ]
    ],
    "execute_cost": 10.206999778747559,
    "finish_time": 15753758,
    "limit_cost_by_ms": 8.761666297912598,
    "model_name": "googlenet",
    "recv_time": 15743445,
    "tag": "392",
    "total_cost_by_ms": 10.312999725341797,
    "wait_cost": 0.10599994659423828
}
