{
    "child_model_execute_cost_by_ms": [
        46.32899856567383
    ],
    "child_model_run_time": [
        [
            16772983,
            16819312
        ]
    ],
    "execute_cost": 46.32899856567383,
    "finish_time": 16819316,
    "limit_cost_by_ms": 47.479331970214844,
    "model_name": "vgg19",
    "recv_time": 16758198,
    "tag": "450",
    "total_cost_by_ms": 61.11800003051758,
    "wait_cost": 14.78900146484375
}
