{
    "child_model_execute_cost_by_ms": [
        8.592000007629395
    ],
    "child_model_run_time": [
        [
            17409174,
            17417766
        ]
    ],
    "execute_cost": 8.592000007629395,
    "finish_time": 17417773,
    "limit_cost_by_ms": 7.27133321762085,
    "model_name": "squeezenetv1",
    "recv_time": 17394373,
    "tag": "486",
    "total_cost_by_ms": 23.399999618530273,
    "wait_cost": 14.807999610900879
}
