{
    "child_model_execute_cost_by_ms": [
        10.678000450134277
    ],
    "child_model_run_time": [
        [
            18669390,
            18680068
        ]
    ],
    "execute_cost": 10.678000450134277,
    "finish_time": 18680078,
    "limit_cost_by_ms": 8.940666198730469,
    "model_name": "googlenet",
    "recv_time": 18629150,
    "tag": "547",
    "total_cost_by_ms": 50.928001403808594,
    "wait_cost": 40.25
}
