{
    "child_model_execute_cost_by_ms": [
        45.70600128173828
    ],
    "child_model_run_time": [
        [
            18913173,
            18958879
        ]
    ],
    "execute_cost": 45.70600128173828,
    "finish_time": 18958884,
    "limit_cost_by_ms": 47.564334869384766,
    "model_name": "vgg19",
    "recv_time": 18913069,
    "tag": "560",
    "total_cost_by_ms": 45.814998626708984,
    "wait_cost": 0.10899734497070313
}
