{
    "child_model_execute_cost_by_ms": [
        10.92300033569336
    ],
    "child_model_run_time": [
        [
            19422797,
            19433720
        ]
    ],
    "execute_cost": 10.92300033569336,
    "finish_time": 19433727,
    "limit_cost_by_ms": 8.761666297912598,
    "model_name": "googlenet",
    "recv_time": 19385385,
    "tag": "572",
    "total_cost_by_ms": 48.34199905395508,
    "wait_cost": 37.41899871826172
}
