{
    "child_model_execute_cost_by_ms": [
        46.137001037597656
    ],
    "child_model_run_time": [
        [
            20102469,
            20148606
        ]
    ],
    "execute_cost": 46.137001037597656,
    "finish_time": 20148612,
    "limit_cost_by_ms": 47.564334869384766,
    "model_name": "vgg19",
    "recv_time": 20102456,
    "tag": "618",
    "total_cost_by_ms": 46.15599822998047,
    "wait_cost": 0.0189971923828125
}
