{
    "child_model_execute_cost_by_ms": [
        8.666000366210938
    ],
    "child_model_run_time": [
        [
            20932233,
            20940899
        ]
    ],
    "execute_cost": 8.666000366210938,
    "finish_time": 20940905,
    "limit_cost_by_ms": 7.448999881744385,
    "model_name": "squeezenetv1",
    "recv_time": 20908165,
    "tag": "653",
    "total_cost_by_ms": 32.7400016784668,
    "wait_cost": 24.07400131225586
}
