{
    "child_model_execute_cost_by_ms": [
        10.822999954223633
    ],
    "child_model_run_time": [
        [
            22082466,
            22093289
        ]
    ],
    "execute_cost": 10.822999954223633,
    "finish_time": 22093302,
    "limit_cost_by_ms": 8.99566650390625,
    "model_name": "googlenet",
    "recv_time": 22035572,
    "tag": "708",
    "total_cost_by_ms": 57.72999954223633,
    "wait_cost": 46.90699768066406
}
