{
    "child_model_execute_cost_by_ms": [
        44.12699890136719
    ],
    "child_model_run_time": [
        [
            9048618,
            9092745
        ]
    ],
    "execute_cost": 44.12699890136719,
    "finish_time": 9092752,
    "limit_cost_by_ms": 47.564334869384766,
    "model_name": "vgg19",
    "recv_time": 9048464,
    "tag": "74",
    "total_cost_by_ms": 44.28799819946289,
    "wait_cost": 0.16099929809570313
}
