{
    "child_model_execute_cost_by_ms": [
        10.053000450134277
    ],
    "child_model_run_time": [
        [
            22526786,
            22536839
        ]
    ],
    "execute_cost": 10.053000450134277,
    "finish_time": 22536852,
    "limit_cost_by_ms": 8.99566650390625,
    "model_name": "googlenet",
    "recv_time": 22526662,
    "tag": "731",
    "total_cost_by_ms": 10.1899995803833,
    "wait_cost": 0.13699913024902344
}
