{
    "child_model_execute_cost_by_ms": [
        19.628000259399414
    ],
    "child_model_run_time": [
        [
            23144457,
            23164085
        ]
    ],
    "execute_cost": 19.628000259399414,
    "finish_time": 23164089,
    "limit_cost_by_ms": 18.80900001525879,
    "model_name": "resnet50",
    "recv_time": 23134436,
    "tag": "761",
    "total_cost_by_ms": 29.652999877929688,
    "wait_cost": 10.024999618530273
}
