{
    "child_model_execute_cost_by_ms": [
        21.22800064086914
    ],
    "child_model_run_time": [
        [
            24967792,
            24989020
        ]
    ],
    "execute_cost": 21.22800064086914,
    "finish_time": 24989031,
    "limit_cost_by_ms": 18.923999786376953,
    "model_name": "resnet50",
    "recv_time": 24953010,
    "tag": "851",
    "total_cost_by_ms": 36.020999908447266,
    "wait_cost": 14.792999267578125
}
