{
    "child_model_execute_cost_by_ms": [
        10.520999908447266
    ],
    "child_model_run_time": [
        [
            25227107,
            25237628
        ]
    ],
    "execute_cost": 10.520999908447266,
    "finish_time": 25237635,
    "limit_cost_by_ms": 8.940666198730469,
    "model_name": "googlenet",
    "recv_time": 25226943,
    "tag": "864",
    "total_cost_by_ms": 10.692000389099121,
    "wait_cost": 0.17100048065185547
}
