{
    "child_model_execute_cost_by_ms": [
        10.157999992370605
    ],
    "child_model_run_time": [
        [
            26051937,
            26062095
        ]
    ],
    "execute_cost": 10.157999992370605,
    "finish_time": 26062102,
    "limit_cost_by_ms": 8.99566650390625,
    "model_name": "googlenet",
    "recv_time": 26051766,
    "tag": "901",
    "total_cost_by_ms": 10.336000442504883,
    "wait_cost": 0.17800045013427734
}
