{
    "child_model_execute_cost_by_ms": [
        8.456000328063965
    ],
    "child_model_run_time": [
        [
            26828133,
            26836589
        ]
    ],
    "execute_cost": 8.456000328063965,
    "finish_time": 26836594,
    "limit_cost_by_ms": 7.378666877746582,
    "model_name": "squeezenetv1",
    "recv_time": 26800825,
    "tag": "932",
    "total_cost_by_ms": 35.76900100708008,
    "wait_cost": 27.312999725341797
}
