{
    "child_model_execute_cost_by_ms": [
        20.266000747680664
    ],
    "child_model_run_time": [
        [
            27918019,
            27938285
        ]
    ],
    "execute_cost": 20.266000747680664,
    "finish_time": 27938290,
    "limit_cost_by_ms": 18.923999786376953,
    "model_name": "resnet50",
    "recv_time": 27911040,
    "tag": "994",
    "total_cost_by_ms": 27.25,
    "wait_cost": 6.983999252319336
}
