{
    "child_model_execute_cost_by_ms": [
        8.397000312805176
    ],
    "child_model_run_time": [
        [
            17581836,
            17590233
        ]
    ],
    "execute_cost": 8.397000312805176,
    "finish_time": 17590243,
    "limit_cost_by_ms": 7.425666809082031,
    "model_name": "squeezenetv1",
    "recv_time": 17571714,
    "tag": "406",
    "total_cost_by_ms": 18.52899932861328,
    "wait_cost": 10.131999015808105
}
