{
    "child_model_execute_cost_by_ms": [
        8.472999572753906
    ],
    "child_model_run_time": [
        [
            11330497,
            11338970
        ]
    ],
    "execute_cost": 8.472999572753906,
    "finish_time": 11338976,
    "limit_cost_by_ms": 7.335333347320557,
    "model_name": "squeezenetv1",
    "recv_time": 11319917,
    "tag": "188",
    "total_cost_by_ms": 19.05900001525879,
    "wait_cost": 10.586000442504883
}
