{
    "child_model_execute_cost_by_ms": [
        45.6349983215332
    ],
    "child_model_run_time": [
        [
            12044936,
            12090571
        ]
    ],
    "execute_cost": 45.6349983215332,
    "finish_time": 12090577,
    "limit_cost_by_ms": 47.16666793823242,
    "model_name": "vgg19",
    "recv_time": 12044764,
    "tag": "228",
    "total_cost_by_ms": 45.8129997253418,
    "wait_cost": 0.17800140380859375
}
