{
    "child_model_execute_cost_by_ms": [
        9.704999923706055
    ],
    "child_model_run_time": [
        [
            13612734,
            13622439
        ]
    ],
    "execute_cost": 9.704999923706055,
    "finish_time": 13622447,
    "limit_cost_by_ms": 8.75,
    "model_name": "googlenet",
    "recv_time": 13612626,
    "tag": "313",
    "total_cost_by_ms": 9.821000099182129,
    "wait_cost": 0.11600017547607422
}
