{
    "child_model_execute_cost_by_ms": [
        18.73200035095215,
        17.68400001525879,
        20.01099967956543
    ],
    "child_model_run_time": [
        [
            26536399,
            26555131
        ],
        [
            26555217,
            26572901
        ],
        [
            26572917,
            26592928
        ]
    ],
    "execute_cost": 56.427001953125,
    "finish_time": 26592933,
    "limit_cost_by_ms": 47.0880012512207,
    "model_name": "vgg19",
    "recv_time": 26514388,
    "tag": "808",
    "total_cost_by_ms": 78.54499816894531,
    "wait_cost": 22.117996215820313
}
