{
    "child_model_execute_cost_by_ms": [
        10.913000106811523
    ],
    "child_model_run_time": [
        [
            22875344,
            22886257
        ]
    ],
    "execute_cost": 10.913000106811523,
    "finish_time": 22886271,
    "limit_cost_by_ms": 9.814666748046875,
    "model_name": "googlenet",
    "recv_time": 22825042,
    "tag": "618",
    "total_cost_by_ms": 61.229000091552734,
    "wait_cost": 50.316001892089844
}
