{
    "child_model_execute_cost_by_ms": [
        8.131999969482422
    ],
    "child_model_run_time": [
        [
            11153074,
            11161206
        ]
    ],
    "execute_cost": 8.131999969482422,
    "finish_time": 11161214,
    "limit_cost_by_ms": 7.125999927520752,
    "model_name": "squeezenetv1",
    "recv_time": 11152979,
    "tag": "147",
    "total_cost_by_ms": 8.234999656677246,
    "wait_cost": 0.10299968719482422
}
