{
    "child_model_execute_cost_by_ms": [
        14.734000205993652,
        8.979999542236328
    ],
    "child_model_run_time": [
        [
            12833760,
            12848494
        ],
        [
            12848544,
            12857524
        ]
    ],
    "execute_cost": 23.714000701904297,
    "finish_time": 12857531,
    "limit_cost_by_ms": 18.955333709716797,
    "model_name": "resnet50",
    "recv_time": 12833745,
    "tag": "221",
    "total_cost_by_ms": 23.785999298095703,
    "wait_cost": 0.07199859619140625
}
