{
    "child_model_execute_cost_by_ms": [
        14.842000007629395,
        9.192000389099121
    ],
    "child_model_run_time": [
        [
            13761541,
            13776383
        ],
        [
            13776469,
            13785661
        ]
    ],
    "execute_cost": 24.034000396728516,
    "finish_time": 13785671,
    "limit_cost_by_ms": 18.955333709716797,
    "model_name": "resnet50",
    "recv_time": 13748790,
    "tag": "263",
    "total_cost_by_ms": 36.88100051879883,
    "wait_cost": 12.847000122070313
}
