{
    "child_model_execute_cost_by_ms": [
        9.281999588012695
    ],
    "child_model_run_time": [
        [
            7831918,
            7841200
        ]
    ],
    "execute_cost": 9.281999588012695,
    "finish_time": 7841210,
    "limit_cost_by_ms": 7.291333198547363,
    "model_name": "squeezenetv1",
    "recv_time": 7827318,
    "tag": "2",
    "total_cost_by_ms": 13.892000198364258,
    "wait_cost": 4.6100006103515625
}
