{
    "child_model_execute_cost_by_ms": [
        17.518999099731445,
        16.46500015258789,
        20.143999099731445
    ],
    "child_model_run_time": [
        [
            12169777,
            12187296
        ],
        [
            12187337,
            12203802
        ],
        [
            12213067,
            12233211
        ]
    ],
    "execute_cost": 54.12799835205078,
    "finish_time": 12233218,
    "limit_cost_by_ms": 47.37766647338867,
    "model_name": "vgg19",
    "recv_time": 12169670,
    "tag": "166",
    "total_cost_by_ms": 63.54800033569336,
    "wait_cost": 9.420001983642578
}
