{
    "child_model_execute_cost_by_ms": [
        7.559000015258789
    ],
    "child_model_run_time": [
        [
            12834715,
            12842274
        ]
    ],
    "execute_cost": 7.559000015258789,
    "finish_time": 12842278,
    "limit_cost_by_ms": 7.291333198547363,
    "model_name": "squeezenetv1",
    "recv_time": 12834593,
    "tag": "187",
    "total_cost_by_ms": 7.684999942779541,
    "wait_cost": 0.12599992752075195
}
