{
    "child_model_execute_cost_by_ms": [
        10.322999954223633
    ],
    "child_model_run_time": [
        [
            18791056,
            18801379
        ]
    ],
    "execute_cost": 10.322999954223633,
    "finish_time": 18801387,
    "limit_cost_by_ms": 8.798999786376953,
    "model_name": "googlenet",
    "recv_time": 18790957,
    "tag": "408",
    "total_cost_by_ms": 10.430000305175781,
    "wait_cost": 0.10700035095214844
}
