{
    "child_model_execute_cost_by_ms": [
        18.466999053955078,
        17.110000610351563,
        19.402000427246094
    ],
    "child_model_run_time": [
        [
            19751037,
            19769504
        ],
        [
            19769546,
            19786656
        ],
        [
            19786686,
            19806088
        ]
    ],
    "execute_cost": 54.979000091552734,
    "finish_time": 19806094,
    "limit_cost_by_ms": 47.37766647338867,
    "model_name": "vgg19",
    "recv_time": 19750898,
    "tag": "444",
    "total_cost_by_ms": 55.19599914550781,
    "wait_cost": 0.21699905395507813
}
