{
    "child_model_execute_cost_by_ms": [
        18.636999130249023,
        16.761999130249023,
        19.687999725341797
    ],
    "child_model_run_time": [
        [
            21212893,
            21231530
        ],
        [
            21231623,
            21248385
        ],
        [
            21248403,
            21268091
        ]
    ],
    "execute_cost": 55.086997985839844,
    "finish_time": 21268096,
    "limit_cost_by_ms": 47.12900161743164,
    "model_name": "vgg19",
    "recv_time": 21212726,
    "tag": "497",
    "total_cost_by_ms": 55.369998931884766,
    "wait_cost": 0.2830009460449219
}
