{
    "child_model_execute_cost_by_ms": [
        8.45300006866455
    ],
    "child_model_run_time": [
        [
            23483055,
            23491508
        ]
    ],
    "execute_cost": 8.45300006866455,
    "finish_time": 23491516,
    "limit_cost_by_ms": 7.209333419799805,
    "model_name": "squeezenetv1",
    "recv_time": 23482958,
    "tag": "579",
    "total_cost_by_ms": 8.557999610900879,
    "wait_cost": 0.10499954223632813
}
