{
    "child_model_execute_cost_by_ms": [
        9.319000244140625
    ],
    "child_model_run_time": [
        [
            23749874,
            23759193
        ]
    ],
    "execute_cost": 9.319000244140625,
    "finish_time": 23759199,
    "limit_cost_by_ms": 8.814000129699707,
    "model_name": "googlenet",
    "recv_time": 23749825,
    "tag": "589",
    "total_cost_by_ms": 9.37399959564209,
    "wait_cost": 0.054999351501464844
}
