{
    "child_model_execute_cost_by_ms": [
        17.902999877929688,
        17.8700008392334,
        20.215999603271484
    ],
    "child_model_run_time": [
        [
            24017044,
            24034947
        ],
        [
            24043337,
            24061207
        ],
        [
            24061234,
            24081450
        ]
    ],
    "execute_cost": 55.9890022277832,
    "finish_time": 24081456,
    "limit_cost_by_ms": 47.37766647338867,
    "model_name": "vgg19",
    "recv_time": 24016918,
    "tag": "599",
    "total_cost_by_ms": 64.53800201416016,
    "wait_cost": 8.548999786376953
}
