{
    "child_model_execute_cost_by_ms": [
        14.774999618530273,
        8.638999938964844
    ],
    "child_model_run_time": [
        [
            24771793,
            24786568
        ],
        [
            24786657,
            24795296
        ]
    ],
    "execute_cost": 23.413999557495117,
    "finish_time": 24795314,
    "limit_cost_by_ms": 18.89666748046875,
    "model_name": "resnet50",
    "recv_time": 24771618,
    "tag": "626",
    "total_cost_by_ms": 23.695999145507813,
    "wait_cost": 0.2819995880126953
}
