{
    "child_model_execute_cost_by_ms": [
        8.232000350952148
    ],
    "child_model_run_time": [
        [
            25080515,
            25088747
        ]
    ],
    "execute_cost": 8.232000350952148,
    "finish_time": 25088760,
    "limit_cost_by_ms": 7.209333419799805,
    "model_name": "squeezenetv1",
    "recv_time": 25068741,
    "tag": "638",
    "total_cost_by_ms": 20.018999099731445,
    "wait_cost": 11.786998748779297
}
