{
    "child_model_execute_cost_by_ms": [
        19.04199981689453,
        17.57200050354004,
        20.511999130249023
    ],
    "child_model_run_time": [
        [
            30112384,
            30131426
        ],
        [
            30131472,
            30149044
        ],
        [
            30149086,
            30169598
        ]
    ],
    "execute_cost": 57.125999450683594,
    "finish_time": 30169605,
    "limit_cost_by_ms": 47.37766647338867,
    "model_name": "vgg19",
    "recv_time": 30112253,
    "tag": "820",
    "total_cost_by_ms": 57.35200119018555,
    "wait_cost": 0.22600173950195313
}
