{
    "child_model_execute_cost_by_ms": [
        8.404999732971191
    ],
    "child_model_run_time": [
        [
            30510112,
            30518517
        ]
    ],
    "execute_cost": 8.404999732971191,
    "finish_time": 30518528,
    "limit_cost_by_ms": 7.209333419799805,
    "model_name": "squeezenetv1",
    "recv_time": 30509931,
    "tag": "834",
    "total_cost_by_ms": 8.597000122070313,
    "wait_cost": 0.1920003890991211
}
