{
    "child_model_execute_cost_by_ms": [
        9.506999969482422
    ],
    "child_model_run_time": [
        [
            31398328,
            31407835
        ]
    ],
    "execute_cost": 9.506999969482422,
    "finish_time": 31407839,
    "limit_cost_by_ms": 8.814000129699707,
    "model_name": "googlenet",
    "recv_time": 31398211,
    "tag": "866",
    "total_cost_by_ms": 9.628000259399414,
    "wait_cost": 0.12100028991699219
}
