{
    "child_model_execute_cost_by_ms": [
        8.982999801635742
    ],
    "child_model_run_time": [
        [
            32960224,
            32969207
        ]
    ],
    "execute_cost": 8.982999801635742,
    "finish_time": 32969216,
    "limit_cost_by_ms": 8.814000129699707,
    "model_name": "googlenet",
    "recv_time": 32956789,
    "tag": "924",
    "total_cost_by_ms": 12.427000045776367,
    "wait_cost": 3.444000244140625
}
