{
    "child_model_execute_cost_by_ms": [
        19.23699951171875
    ],
    "child_model_run_time": [
        [
            10698447,
            10717684
        ]
    ],
    "execute_cost": 19.23699951171875,
    "finish_time": 10717690,
    "limit_cost_by_ms": 18.603666305541992,
    "model_name": "resnet50",
    "recv_time": 10698316,
    "tag": "145",
    "total_cost_by_ms": 19.374000549316406,
    "wait_cost": 0.13700103759765625
}
