{
    "child_model_execute_cost_by_ms": [
        19.138999938964844
    ],
    "child_model_run_time": [
        [
            11027753,
            11046892
        ]
    ],
    "execute_cost": 19.138999938964844,
    "finish_time": 11046898,
    "limit_cost_by_ms": 18.603666305541992,
    "model_name": "resnet50",
    "recv_time": 11027630,
    "tag": "161",
    "total_cost_by_ms": 19.26799964904785,
    "wait_cost": 0.1289997100830078
}
