{
    "child_model_execute_cost_by_ms": [
        19.33799934387207
    ],
    "child_model_run_time": [
        [
            11180655,
            11199993
        ]
    ],
    "execute_cost": 19.33799934387207,
    "finish_time": 11200000,
    "limit_cost_by_ms": 18.69499969482422,
    "model_name": "resnet50",
    "recv_time": 11180578,
    "tag": "161",
    "total_cost_by_ms": 19.422000885009766,
    "wait_cost": 0.08400154113769531
}
