{
    "child_model_execute_cost_by_ms": [
        44.59000015258789
    ],
    "child_model_run_time": [
        [
            11149296,
            11193886
        ]
    ],
    "execute_cost": 44.59000015258789,
    "finish_time": 11193893,
    "limit_cost_by_ms": 46.1150016784668,
    "model_name": "vgg19",
    "recv_time": 11149123,
    "tag": "168",
    "total_cost_by_ms": 44.77000045776367,
    "wait_cost": 0.18000030517578125
}
