{
    "child_model_execute_cost_by_ms": [
        43.691001892089844
    ],
    "child_model_run_time": [
        [
            11806809,
            11850500
        ]
    ],
    "execute_cost": 43.691001892089844,
    "finish_time": 11850509,
    "limit_cost_by_ms": 47.10066604614258,
    "model_name": "vgg19",
    "recv_time": 11806672,
    "tag": "192",
    "total_cost_by_ms": 43.83700180053711,
    "wait_cost": 0.14599990844726563
}
