{
    "child_model_execute_cost_by_ms": [
        9.52299976348877
    ],
    "child_model_run_time": [
        [
            12374194,
            12383717
        ]
    ],
    "execute_cost": 9.52299976348877,
    "finish_time": 12383723,
    "limit_cost_by_ms": 8.673333168029785,
    "model_name": "googlenet",
    "recv_time": 12368979,
    "tag": "219",
    "total_cost_by_ms": 14.744000434875488,
    "wait_cost": 5.221000671386719
}
