{
    "child_model_execute_cost_by_ms": [
        20.82699966430664
    ],
    "child_model_run_time": [
        [
            12746292,
            12767119
        ]
    ],
    "execute_cost": 20.82699966430664,
    "finish_time": 12767126,
    "limit_cost_by_ms": 18.66200065612793,
    "model_name": "resnet50",
    "recv_time": 12725357,
    "tag": "245",
    "total_cost_by_ms": 41.76900100708008,
    "wait_cost": 20.942001342773438
}
