{
    "child_model_execute_cost_by_ms": [
        46.00699996948242
    ],
    "child_model_run_time": [
        [
            13035587,
            13081594
        ]
    ],
    "execute_cost": 46.00699996948242,
    "finish_time": 13081600,
    "limit_cost_by_ms": 46.1150016784668,
    "model_name": "vgg19",
    "recv_time": 13021054,
    "tag": "257",
    "total_cost_by_ms": 60.54600143432617,
    "wait_cost": 14.53900146484375
}
