{
    "child_model_execute_cost_by_ms": [
        45.07899856567383
    ],
    "child_model_run_time": [
        [
            14255544,
            14300623
        ]
    ],
    "execute_cost": 45.07899856567383,
    "finish_time": 14300632,
    "limit_cost_by_ms": 46.43199920654297,
    "model_name": "vgg19",
    "recv_time": 14255425,
    "tag": "318",
    "total_cost_by_ms": 45.207000732421875,
    "wait_cost": 0.12800216674804688
}
