{
    "child_model_execute_cost_by_ms": [
        9.819000244140625
    ],
    "child_model_run_time": [
        [
            14477258,
            14487077
        ]
    ],
    "execute_cost": 9.819000244140625,
    "finish_time": 14487089,
    "limit_cost_by_ms": 8.673333168029785,
    "model_name": "googlenet",
    "recv_time": 14477161,
    "tag": "319",
    "total_cost_by_ms": 9.928000450134277,
    "wait_cost": 0.10900020599365234
}
