{
    "child_model_execute_cost_by_ms": [
        9.623000144958496
    ],
    "child_model_run_time": [
        [
            16200232,
            16209855
        ]
    ],
    "execute_cost": 9.623000144958496,
    "finish_time": 16209863,
    "limit_cost_by_ms": 8.593999862670898,
    "model_name": "googlenet",
    "recv_time": 16200060,
    "tag": "407",
    "total_cost_by_ms": 9.803000450134277,
    "wait_cost": 0.18000030517578125
}
