{
    "child_model_execute_cost_by_ms": [
        10.097000122070313
    ],
    "child_model_run_time": [
        [
            17161405,
            17171502
        ]
    ],
    "execute_cost": 10.097000122070313,
    "finish_time": 17171510,
    "limit_cost_by_ms": 8.593999862670898,
    "model_name": "googlenet",
    "recv_time": 17161227,
    "tag": "451",
    "total_cost_by_ms": 10.282999992370605,
    "wait_cost": 0.18599987030029297
}
