{
    "child_model_execute_cost_by_ms": [
        19.253999710083008
    ],
    "child_model_run_time": [
        [
            17265053,
            17284307
        ]
    ],
    "execute_cost": 19.253999710083008,
    "finish_time": 17284315,
    "limit_cost_by_ms": 18.603666305541992,
    "model_name": "resnet50",
    "recv_time": 17264946,
    "tag": "457",
    "total_cost_by_ms": 19.368999481201172,
    "wait_cost": 0.11499977111816406
}
