{
    "child_model_execute_cost_by_ms": [
        8.920000076293945
    ],
    "child_model_run_time": [
        [
            18540561,
            18549481
        ]
    ],
    "execute_cost": 8.920000076293945,
    "finish_time": 18549495,
    "limit_cost_by_ms": 7.117000102996826,
    "model_name": "squeezenetv1",
    "recv_time": 18496719,
    "tag": "509",
    "total_cost_by_ms": 52.7760009765625,
    "wait_cost": 43.85600280761719
}
