{
    "child_model_execute_cost_by_ms": [
        45.06999969482422
    ],
    "child_model_run_time": [
        [
            20432714,
            20477784
        ]
    ],
    "execute_cost": 45.06999969482422,
    "finish_time": 20477793,
    "limit_cost_by_ms": 47.10066604614258,
    "model_name": "vgg19",
    "recv_time": 20432551,
    "tag": "597",
    "total_cost_by_ms": 45.242000579833984,
    "wait_cost": 0.17200088500976563
}
