{
    "child_model_execute_cost_by_ms": [
        10.487000465393066
    ],
    "child_model_run_time": [
        [
            21416762,
            21427249
        ]
    ],
    "execute_cost": 10.487000465393066,
    "finish_time": 21427256,
    "limit_cost_by_ms": 8.727666854858398,
    "model_name": "googlenet",
    "recv_time": 21416749,
    "tag": "635",
    "total_cost_by_ms": 10.506999969482422,
    "wait_cost": 0.01999950408935547
}
