{
    "child_model_execute_cost_by_ms": [
        8.755000114440918
    ],
    "child_model_run_time": [
        [
            21152594,
            21161349
        ]
    ],
    "execute_cost": 8.755000114440918,
    "finish_time": 21161357,
    "limit_cost_by_ms": 7.188000202178955,
    "model_name": "squeezenetv1",
    "recv_time": 21098164,
    "tag": "638",
    "total_cost_by_ms": 63.19300079345703,
    "wait_cost": 54.4379997253418
}
