{
    "child_model_execute_cost_by_ms": [
        20.766000747680664
    ],
    "child_model_run_time": [
        [
            21218996,
            21239762
        ]
    ],
    "execute_cost": 20.766000747680664,
    "finish_time": 21239774,
    "limit_cost_by_ms": 18.603666305541992,
    "model_name": "resnet50",
    "recv_time": 21172688,
    "tag": "641",
    "total_cost_by_ms": 67.08599853515625,
    "wait_cost": 46.31999969482422
}
