{
    "child_model_execute_cost_by_ms": [
        8.07800006866455
    ],
    "child_model_run_time": [
        [
            22509726,
            22517804
        ]
    ],
    "execute_cost": 8.07800006866455,
    "finish_time": 22517811,
    "limit_cost_by_ms": 7.117000102996826,
    "model_name": "squeezenetv1",
    "recv_time": 22509708,
    "tag": "697",
    "total_cost_by_ms": 8.102999687194824,
    "wait_cost": 0.024999618530273438
}
