{
    "child_model_execute_cost_by_ms": [
        20.059999465942383
    ],
    "child_model_run_time": [
        [
            23114337,
            23134397
        ]
    ],
    "execute_cost": 20.059999465942383,
    "finish_time": 23134405,
    "limit_cost_by_ms": 18.981332778930664,
    "model_name": "resnet50",
    "recv_time": 23114170,
    "tag": "713",
    "total_cost_by_ms": 20.235000610351563,
    "wait_cost": 0.1750011444091797
}
