{
    "child_model_execute_cost_by_ms": [
        45.48500061035156
    ],
    "child_model_run_time": [
        [
            24648377,
            24693862
        ]
    ],
    "execute_cost": 45.48500061035156,
    "finish_time": 24693867,
    "limit_cost_by_ms": 46.1150016784668,
    "model_name": "vgg19",
    "recv_time": 24638186,
    "tag": "802",
    "total_cost_by_ms": 55.680999755859375,
    "wait_cost": 10.195999145507813
}
