{
    "child_model_execute_cost_by_ms": [
        46.5359992980957
    ],
    "child_model_run_time": [
        [
            24885986,
            24932522
        ]
    ],
    "execute_cost": 46.5359992980957,
    "finish_time": 24932529,
    "limit_cost_by_ms": 47.10066604614258,
    "model_name": "vgg19",
    "recv_time": 24885885,
    "tag": "810",
    "total_cost_by_ms": 46.64400100708008,
    "wait_cost": 0.108001708984375
}
