{
    "child_model_execute_cost_by_ms": [
        18.951000213623047
    ],
    "child_model_run_time": [
        [
            24968228,
            24987179
        ]
    ],
    "execute_cost": 18.951000213623047,
    "finish_time": 24987186,
    "limit_cost_by_ms": 18.603666305541992,
    "model_name": "resnet50",
    "recv_time": 24968063,
    "tag": "817",
    "total_cost_by_ms": 19.12299919128418,
    "wait_cost": 0.1719989776611328
}
