{
    "child_model_execute_cost_by_ms": [
        18.975000381469727
    ],
    "child_model_run_time": [
        [
            25472821,
            25491796
        ]
    ],
    "execute_cost": 18.975000381469727,
    "finish_time": 25491802,
    "limit_cost_by_ms": 18.603666305541992,
    "model_name": "resnet50",
    "recv_time": 25472711,
    "tag": "841",
    "total_cost_by_ms": 19.090999603271484,
    "wait_cost": 0.11599922180175781
}
