{
    "child_model_execute_cost_by_ms": [
        10.336999893188477
    ],
    "child_model_run_time": [
        [
            27844288,
            27854625
        ]
    ],
    "execute_cost": 10.336999893188477,
    "finish_time": 27854632,
    "limit_cost_by_ms": 8.673333168029785,
    "model_name": "googlenet",
    "recv_time": 27844274,
    "tag": "951",
    "total_cost_by_ms": 10.357999801635742,
    "wait_cost": 0.020999908447265625
}
