{
    "child_model_execute_cost_by_ms": [
        9.706999778747559
    ],
    "child_model_run_time": [
        [
            28494671,
            28504378
        ]
    ],
    "execute_cost": 9.706999778747559,
    "finish_time": 28504385,
    "limit_cost_by_ms": 8.578332901000977,
    "model_name": "googlenet",
    "recv_time": 28494536,
    "tag": "983",
    "total_cost_by_ms": 9.848999977111816,
    "wait_cost": 0.1420001983642578
}
