{
    "child_model_execute_cost_by_ms": [
        44.051998138427734
    ],
    "child_model_run_time": [
        [
            28704726,
            28748778
        ]
    ],
    "execute_cost": 44.051998138427734,
    "finish_time": 28748784,
    "limit_cost_by_ms": 47.10066604614258,
    "model_name": "vgg19",
    "recv_time": 28704624,
    "tag": "992",
    "total_cost_by_ms": 44.15999984741211,
    "wait_cost": 0.108001708984375
}
