{
    "child_model_execute_cost_by_ms": [
        53.89899826049805
    ],
    "child_model_run_time": [
        [
            13843198,
            13897097
        ]
    ],
    "execute_cost": 53.89899826049805,
    "finish_time": 13897100,
    "limit_cost_by_ms": 19.012332916259766,
    "model_name": "resnet50",
    "recv_time": 13843050,
    "tag": "249",
    "total_cost_by_ms": 54.04999923706055,
    "wait_cost": 0.1510009765625
}
