{
    "child_model_execute_cost_by_ms": [
        49.2760009765625
    ],
    "child_model_run_time": [
        [
            14727050,
            14776326
        ]
    ],
    "execute_cost": 49.2760009765625,
    "finish_time": 14776329,
    "limit_cost_by_ms": 19.211666107177734,
    "model_name": "resnet50",
    "recv_time": 14726909,
    "tag": "295",
    "total_cost_by_ms": 49.41999816894531,
    "wait_cost": 0.1439971923828125
}
