{
    "child_model_execute_cost_by_ms": [
        20.457000732421875
    ],
    "child_model_run_time": [
        [
            8360679,
            8381136
        ]
    ],
    "execute_cost": 20.457000732421875,
    "finish_time": 8381138,
    "limit_cost_by_ms": 8.911666870117188,
    "model_name": "googlenet",
    "recv_time": 8360663,
    "tag": "34",
    "total_cost_by_ms": 20.475000381469727,
    "wait_cost": 0.017999649047851563
}
