{
    "child_model_execute_cost_by_ms": [
        102.0199966430664
    ],
    "child_model_run_time": [
        [
            18991451,
            19093471
        ]
    ],
    "execute_cost": 102.0199966430664,
    "finish_time": 19093474,
    "limit_cost_by_ms": 19.211666107177734,
    "model_name": "resnet50",
    "recv_time": 18991436,
    "tag": "464",
    "total_cost_by_ms": 102.03800201416016,
    "wait_cost": 0.01800537109375
}
