{
    "child_model_execute_cost_by_ms": [
        26.48200035095215
    ],
    "child_model_run_time": [
        [
            20584081,
            20610563
        ]
    ],
    "execute_cost": 26.48200035095215,
    "finish_time": 20610566,
    "limit_cost_by_ms": 8.911666870117188,
    "model_name": "googlenet",
    "recv_time": 20584062,
    "tag": "526",
    "total_cost_by_ms": 26.503999710083008,
    "wait_cost": 0.021999359130859375
}
