{
    "child_model_execute_cost_by_ms": [
        63.382999420166016
    ],
    "child_model_run_time": [
        [
            22950777,
            23014160
        ]
    ],
    "execute_cost": 63.382999420166016,
    "finish_time": 23014164,
    "limit_cost_by_ms": 7.302666664123535,
    "model_name": "squeezenetv1",
    "recv_time": 22950765,
    "tag": "620",
    "total_cost_by_ms": 63.39899826049805,
    "wait_cost": 0.01599884033203125
}
