{
    "child_model_execute_cost_by_ms": [
        96.2040023803711
    ],
    "child_model_run_time": [
        [
            24841591,
            24937795
        ]
    ],
    "execute_cost": 96.2040023803711,
    "finish_time": 24937800,
    "limit_cost_by_ms": 47.67566680908203,
    "model_name": "vgg19",
    "recv_time": 24826308,
    "tag": "693",
    "total_cost_by_ms": 111.49199676513672,
    "wait_cost": 15.287994384765625
}
