{
    "child_model_execute_cost_by_ms": [
        101.75
    ],
    "child_model_run_time": [
        [
            26408398,
            26510148
        ]
    ],
    "execute_cost": 101.75,
    "finish_time": 26510151,
    "limit_cost_by_ms": 8.911666870117188,
    "model_name": "googlenet",
    "recv_time": 26408388,
    "tag": "751",
    "total_cost_by_ms": 101.76300048828125,
    "wait_cost": 0.01300048828125
}
