{
    "child_model_execute_cost_by_ms": [
        93.4530029296875
    ],
    "child_model_run_time": [
        [
            26732787,
            26826240
        ]
    ],
    "execute_cost": 93.4530029296875,
    "finish_time": 26826244,
    "limit_cost_by_ms": 19.211666107177734,
    "model_name": "resnet50",
    "recv_time": 26732689,
    "tag": "764",
    "total_cost_by_ms": 93.55500030517578,
    "wait_cost": 0.10199737548828125
}
