{
    "child_model_execute_cost_by_ms": [
        97.5009994506836
    ],
    "child_model_run_time": [
        [
            26964400,
            27061901
        ]
    ],
    "execute_cost": 97.5009994506836,
    "finish_time": 27061904,
    "limit_cost_by_ms": 8.911666870117188,
    "model_name": "googlenet",
    "recv_time": 26964247,
    "tag": "772",
    "total_cost_by_ms": 97.65699768066406,
    "wait_cost": 0.15599822998046875
}
