{
    "child_model_execute_cost_by_ms": [
        12.64900016784668
    ],
    "child_model_run_time": [
        [
            27890493,
            27903142
        ]
    ],
    "execute_cost": 12.64900016784668,
    "finish_time": 27903143,
    "limit_cost_by_ms": 7.302666664123535,
    "model_name": "squeezenetv1",
    "recv_time": 27890485,
    "tag": "806",
    "total_cost_by_ms": 12.657999992370605,
    "wait_cost": 0.008999824523925781
}
