{
    "child_model_execute_cost_by_ms": [
        38.29600143432617
    ],
    "child_model_run_time": [
        [
            29880536,
            29918832
        ]
    ],
    "execute_cost": 38.29600143432617,
    "finish_time": 29918835,
    "limit_cost_by_ms": 8.911666870117188,
    "model_name": "googlenet",
    "recv_time": 29880523,
    "tag": "883",
    "total_cost_by_ms": 38.3120002746582,
    "wait_cost": 0.01599884033203125
}
