{
    "child_model_execute_cost_by_ms": [
        70.66600036621094
    ],
    "child_model_run_time": [
        [
            31406873,
            31477539
        ]
    ],
    "execute_cost": 70.66600036621094,
    "finish_time": 31477544,
    "limit_cost_by_ms": 7.302666664123535,
    "model_name": "squeezenetv1",
    "recv_time": 31406798,
    "tag": "944",
    "total_cost_by_ms": 70.74600219726563,
    "wait_cost": 0.0800018310546875
}
