{
    "child_model_execute_cost_by_ms": [
        43.875999450683594
    ],
    "child_model_run_time": [
        [
            21341349,
            21385225
        ]
    ],
    "execute_cost": 43.875999450683594,
    "finish_time": 21385230,
    "limit_cost_by_ms": 47.07733154296875,
    "model_name": "vgg19",
    "recv_time": 21341181,
    "tag": "642",
    "total_cost_by_ms": 44.04899978637695,
    "wait_cost": 0.17300033569335938
}
