{
    "child_model_execute_cost_by_ms": [
        9.836999893188477
    ],
    "child_model_run_time": [
        [
            27867378,
            27877215
        ]
    ],
    "execute_cost": 9.836999893188477,
    "finish_time": 27877223,
    "limit_cost_by_ms": 8.685999870300293,
    "model_name": "googlenet",
    "recv_time": 27867280,
    "tag": "950",
    "total_cost_by_ms": 9.942999839782715,
    "wait_cost": 0.10599994659423828
}
