{
    "child_model_execute_cost_by_ms": [
        18.91900062561035
    ],
    "child_model_run_time": [
        [
            28879694,
            28898613
        ]
    ],
    "execute_cost": 18.91900062561035,
    "finish_time": 28898619,
    "limit_cost_by_ms": 18.869667053222656,
    "model_name": "resnet50",
    "recv_time": 28879592,
    "tag": "998",
    "total_cost_by_ms": 19.027000427246094,
    "wait_cost": 0.10799980163574219
}
