{
    "child_model_execute_cost_by_ms": [
        10.048999786376953
    ],
    "child_model_run_time": [
        [
            11868726,
            11878775
        ]
    ],
    "execute_cost": 10.048999786376953,
    "finish_time": 11878786,
    "limit_cost_by_ms": 8.971333503723145,
    "model_name": "googlenet",
    "recv_time": 11855492,
    "tag": "169",
    "total_cost_by_ms": 23.29400062561035,
    "wait_cost": 13.245000839233398
}
