{
    "child_model_execute_cost_by_ms": [
        11.005000114440918
    ],
    "child_model_run_time": [
        [
            14586385,
            14597390
        ]
    ],
    "execute_cost": 11.005000114440918,
    "finish_time": 14597403,
    "limit_cost_by_ms": 8.971333503723145,
    "model_name": "googlenet",
    "recv_time": 14573281,
    "tag": "280",
    "total_cost_by_ms": 24.121999740600586,
    "wait_cost": 13.116999626159668
}
