{
    "child_model_execute_cost_by_ms": [
        15.215999603271484,
        9.152000427246094
    ],
    "child_model_run_time": [
        [
            17990614,
            18005830
        ],
        [
            18005878,
            18015030
        ]
    ],
    "execute_cost": 24.368000030517578,
    "finish_time": 18015040,
    "limit_cost_by_ms": 18.836000442504883,
    "model_name": "resnet50",
    "recv_time": 17986979,
    "tag": "422",
    "total_cost_by_ms": 28.06100082397461,
    "wait_cost": 3.6930007934570313
}
