{
    "child_model_execute_cost_by_ms": [
        8.489999771118164
    ],
    "child_model_run_time": [
        [
            13457372,
            13465862
        ]
    ],
    "execute_cost": 8.489999771118164,
    "finish_time": 13465869,
    "limit_cost_by_ms": 7.125999927520752,
    "model_name": "squeezenetv1",
    "recv_time": 13457274,
    "tag": "248",
    "total_cost_by_ms": 8.595000267028809,
    "wait_cost": 0.10500049591064453
}
