{
    "child_model_execute_cost_by_ms": [
        9.029999732971191
    ],
    "child_model_run_time": [
        [
            21442918,
            21451948
        ]
    ],
    "execute_cost": 9.029999732971191,
    "finish_time": 21451951,
    "limit_cost_by_ms": 8.539999961853027,
    "model_name": "googlenet",
    "recv_time": 21442792,
    "tag": "601",
    "total_cost_by_ms": 9.159000396728516,
    "wait_cost": 0.12900066375732422
}
