{
    "child_model_execute_cost_by_ms": [
        9.036999702453613
    ],
    "child_model_run_time": [
        [
            29154381,
            29163418
        ]
    ],
    "execute_cost": 9.036999702453613,
    "finish_time": 29163423,
    "limit_cost_by_ms": 8.539999961853027,
    "model_name": "googlenet",
    "recv_time": 29154265,
    "tag": "941",
    "total_cost_by_ms": 9.157999992370605,
    "wait_cost": 0.12100028991699219
}
