{
    "child_model_execute_cost_by_ms": [
        15.079999923706055
    ],
    "child_model_run_time": [
        [
            22936608,
            22951688
        ]
    ],
    "execute_cost": 15.079999923706055,
    "finish_time": 22951693,
    "limit_cost_by_ms": 7.272333145141602,
    "model_name": "squeezenetv1",
    "recv_time": 22936600,
    "tag": "694",
    "total_cost_by_ms": 15.093000411987305,
    "wait_cost": 0.01300048828125
}
