{
    "child_model_execute_cost_by_ms": [
        27.322999954223633
    ],
    "child_model_run_time": [
        [
            23152747,
            23180070
        ]
    ],
    "execute_cost": 27.322999954223633,
    "finish_time": 23180075,
    "limit_cost_by_ms": 7.272333145141602,
    "model_name": "squeezenetv1",
    "recv_time": 23152732,
    "tag": "704",
    "total_cost_by_ms": 27.343000411987305,
    "wait_cost": 0.020000457763671875
}
