{
    "child_model_execute_cost_by_ms": [
        45.597999572753906
    ],
    "child_model_run_time": [
        [
            25153796,
            25199394
        ]
    ],
    "execute_cost": 45.597999572753906,
    "finish_time": 25199403,
    "limit_cost_by_ms": 47.19300079345703,
    "model_name": "vgg19",
    "recv_time": 25153739,
    "tag": "870",
    "total_cost_by_ms": 45.66400146484375,
    "wait_cost": 0.06600189208984375
}
