{
    "child_model_execute_cost_by_ms": [
        48.12099838256836
    ],
    "child_model_run_time": [
        [
            16546676,
            16594797
        ]
    ],
    "execute_cost": 48.12099838256836,
    "finish_time": 16594801,
    "limit_cost_by_ms": 7.454666614532471,
    "model_name": "squeezenetv1",
    "recv_time": 16546662,
    "tag": "340",
    "total_cost_by_ms": 48.138999938964844,
    "wait_cost": 0.018001556396484375
}
