{
    "child_model_execute_cost_by_ms": [
        43.29199981689453
    ],
    "child_model_run_time": [
        [
            19730162,
            19773454
        ]
    ],
    "execute_cost": 43.29199981689453,
    "finish_time": 19773459,
    "limit_cost_by_ms": 19.108333587646484,
    "model_name": "resnet50",
    "recv_time": 19730017,
    "tag": "467",
    "total_cost_by_ms": 43.44200134277344,
    "wait_cost": 0.15000152587890625
}
