{
    "child_model_execute_cost_by_ms": [
        19.60300064086914
    ],
    "child_model_run_time": [
        [
            21689563,
            21709166
        ]
    ],
    "execute_cost": 19.60300064086914,
    "finish_time": 21709167,
    "limit_cost_by_ms": 19.108333587646484,
    "model_name": "resnet50",
    "recv_time": 21689425,
    "tag": "544",
    "total_cost_by_ms": 19.742000579833984,
    "wait_cost": 0.13899993896484375
}
