{
    "child_model_execute_cost_by_ms": [
        20.763999938964844,
        19.514999389648438,
        20.743999481201172
    ],
    "child_model_run_time": [
        [
            17689594,
            17710358
        ],
        [
            17729702,
            17749217
        ],
        [
            17749253,
            17769997
        ]
    ],
    "execute_cost": 61.02299880981445,
    "finish_time": 17770003,
    "limit_cost_by_ms": 47.46799850463867,
    "model_name": "vgg19",
    "recv_time": 16068771,
    "tag": "330",
    "total_cost_by_ms": 1701.2320556640625,
    "wait_cost": 1640.2091064453125
}
