{
    "child_model_execute_cost_by_ms": [
        8.765999794006348
    ],
    "child_model_run_time": [
        [
            9835052,
            9843818
        ]
    ],
    "execute_cost": 8.765999794006348,
    "finish_time": 9843828,
    "limit_cost_by_ms": 7.381666660308838,
    "model_name": "squeezenetv1",
    "recv_time": 9827244,
    "tag": "79",
    "total_cost_by_ms": 16.583999633789063,
    "wait_cost": 7.817999839782715
}
