{
    "child_model_execute_cost_by_ms": [
        59.020999908447266
    ],
    "child_model_run_time": [
        [
            9174407,
            9233428
        ]
    ],
    "execute_cost": 59.020999908447266,
    "finish_time": 9233435,
    "limit_cost_by_ms": 47.38100051879883,
    "model_name": "vgg19",
    "recv_time": 9174324,
    "tag": "37",
    "total_cost_by_ms": 59.111000061035156,
    "wait_cost": 0.09000015258789063
}
