{
    "child_model_execute_cost_by_ms": [
        15.590999603271484
    ],
    "child_model_run_time": [
        [
            10079103,
            10094694
        ]
    ],
    "execute_cost": 15.590999603271484,
    "finish_time": 10094701,
    "limit_cost_by_ms": 7.165333271026611,
    "model_name": "squeezenetv1",
    "recv_time": 10079060,
    "tag": "74",
    "total_cost_by_ms": 15.640999794006348,
    "wait_cost": 0.05000019073486328
}
