{
    "child_model_execute_cost_by_ms": [
        8.081000328063965
    ],
    "child_model_run_time": [
        [
            10064240,
            10072321
        ]
    ],
    "execute_cost": 8.081000328063965,
    "finish_time": 10072333,
    "limit_cost_by_ms": 7.236999988555908,
    "model_name": "squeezenetv1",
    "recv_time": 10054912,
    "tag": "110",
    "total_cost_by_ms": 17.42099952697754,
    "wait_cost": 9.339999198913574
}
