{
    "child_model_execute_cost_by_ms": [
        9.163000106811523
    ],
    "child_model_run_time": [
        [
            10329974,
            10339137
        ]
    ],
    "execute_cost": 9.163000106811523,
    "finish_time": 10339143,
    "limit_cost_by_ms": 8.962333679199219,
    "model_name": "googlenet",
    "recv_time": 10328512,
    "tag": "122",
    "total_cost_by_ms": 10.630999565124512,
    "wait_cost": 1.4679994583129883
}
