{
    "child_model_execute_cost_by_ms": [
        8.321999549865723
    ],
    "child_model_run_time": [
        [
            10814987,
            10823309
        ]
    ],
    "execute_cost": 8.321999549865723,
    "finish_time": 10823321,
    "limit_cost_by_ms": 7.236999988555908,
    "model_name": "squeezenetv1",
    "recv_time": 10810724,
    "tag": "145",
    "total_cost_by_ms": 12.597000122070313,
    "wait_cost": 4.27500057220459
}
