{
    "child_model_execute_cost_by_ms": [
        8.553000450134277
    ],
    "child_model_run_time": [
        [
            12986241,
            12994794
        ]
    ],
    "execute_cost": 8.553000450134277,
    "finish_time": 12994800,
    "limit_cost_by_ms": 7.236999988555908,
    "model_name": "squeezenetv1",
    "recv_time": 12983063,
    "tag": "248",
    "total_cost_by_ms": 11.737000465393066,
    "wait_cost": 3.184000015258789
}
