{
    "child_model_execute_cost_by_ms": [
        15.00100040435791,
        9.527000427246094
    ],
    "child_model_run_time": [
        [
            14295679,
            14310680
        ],
        [
            14328891,
            14338418
        ]
    ],
    "execute_cost": 24.527999877929688,
    "finish_time": 14338429,
    "limit_cost_by_ms": 18.864334106445313,
    "model_name": "resnet50",
    "recv_time": 14282364,
    "tag": "311",
    "total_cost_by_ms": 56.064998626708984,
    "wait_cost": 31.536998748779297
}
