{
    "child_model_execute_cost_by_ms": [
        19.08799934387207,
        18.697999954223633,
        20.590999603271484
    ],
    "child_model_run_time": [
        [
            17977030,
            17996118
        ],
        [
            18039148,
            18057846
        ],
        [
            18057936,
            18078527
        ]
    ],
    "execute_cost": 58.37699890136719,
    "finish_time": 18078536,
    "limit_cost_by_ms": 47.19033432006836,
    "model_name": "vgg19",
    "recv_time": 17976867,
    "tag": "485",
    "total_cost_by_ms": 101.66899871826172,
    "wait_cost": 43.29199981689453
}
