{
    "child_model_execute_cost_by_ms": [
        7.960000038146973
    ],
    "child_model_run_time": [
        [
            18204418,
            18212378
        ]
    ],
    "execute_cost": 7.960000038146973,
    "finish_time": 18212390,
    "limit_cost_by_ms": 7.236999988555908,
    "model_name": "squeezenetv1",
    "recv_time": 18189437,
    "tag": "494",
    "total_cost_by_ms": 22.952999114990234,
    "wait_cost": 14.992999076843262
}
