{
    "child_model_execute_cost_by_ms": [
        10.092000007629395
    ],
    "child_model_run_time": [
        [
            18451395,
            18461487
        ]
    ],
    "execute_cost": 10.092000007629395,
    "finish_time": 18461492,
    "limit_cost_by_ms": 8.962333679199219,
    "model_name": "googlenet",
    "recv_time": 18451291,
    "tag": "505",
    "total_cost_by_ms": 10.201000213623047,
    "wait_cost": 0.10900020599365234
}
