{
    "child_model_execute_cost_by_ms": [
        18.892000198364258,
        17.825000762939453,
        20.266000747680664
    ],
    "child_model_run_time": [
        [
            18922285,
            18941177
        ],
        [
            18941269,
            18959094
        ],
        [
            18959133,
            18979399
        ]
    ],
    "execute_cost": 56.983001708984375,
    "finish_time": 18979404,
    "limit_cost_by_ms": 47.19033432006836,
    "model_name": "vgg19",
    "recv_time": 18917897,
    "tag": "530",
    "total_cost_by_ms": 61.50699996948242,
    "wait_cost": 4.523998260498047
}
