{
    "child_model_execute_cost_by_ms": [
        10.288999557495117
    ],
    "child_model_run_time": [
        [
            19305585,
            19315874
        ]
    ],
    "execute_cost": 10.288999557495117,
    "finish_time": 19315885,
    "limit_cost_by_ms": 8.962333679199219,
    "model_name": "googlenet",
    "recv_time": 19299657,
    "tag": "545",
    "total_cost_by_ms": 16.22800064086914,
    "wait_cost": 5.939001083374023
}
