{
    "child_model_execute_cost_by_ms": [
        18.66900062561035,
        18.88800048828125,
        21.950000762939453
    ],
    "child_model_run_time": [
        [
            22426223,
            22444892
        ],
        [
            22444923,
            22463811
        ],
        [
            22508419,
            22530369
        ]
    ],
    "execute_cost": 59.50699996948242,
    "finish_time": 22530376,
    "limit_cost_by_ms": 47.55666732788086,
    "model_name": "vgg19",
    "recv_time": 22418579,
    "tag": "691",
    "total_cost_by_ms": 111.7969970703125,
    "wait_cost": 52.28999710083008
}
