{
    "child_model_execute_cost_by_ms": [
        15.539999961853027,
        9.4399995803833
    ],
    "child_model_run_time": [
        [
            23547940,
            23563480
        ],
        [
            23563533,
            23572973
        ]
    ],
    "execute_cost": 24.979999542236328,
    "finish_time": 23572981,
    "limit_cost_by_ms": 18.864334106445313,
    "model_name": "resnet50",
    "recv_time": 23519938,
    "tag": "743",
    "total_cost_by_ms": 53.042999267578125,
    "wait_cost": 28.062999725341797
}
