{
    "child_model_execute_cost_by_ms": [
        10.387999534606934
    ],
    "child_model_run_time": [
        [
            25006718,
            25017106
        ]
    ],
    "execute_cost": 10.387999534606934,
    "finish_time": 25017117,
    "limit_cost_by_ms": 8.962333679199219,
    "model_name": "googlenet",
    "recv_time": 24990342,
    "tag": "810",
    "total_cost_by_ms": 26.774999618530273,
    "wait_cost": 16.387001037597656
}
