{
    "child_model_execute_cost_by_ms": [
        10.5
    ],
    "child_model_run_time": [
        [
            27872194,
            27882694
        ]
    ],
    "execute_cost": 10.5,
    "finish_time": 27882703,
    "limit_cost_by_ms": 9.099666595458984,
    "model_name": "googlenet",
    "recv_time": 27872073,
    "tag": "950",
    "total_cost_by_ms": 10.630000114440918,
    "wait_cost": 0.13000011444091797
}
