{
    "child_model_execute_cost_by_ms": [
        10.762999534606934
    ],
    "child_model_run_time": [
        [
            28678155,
            28688918
        ]
    ],
    "execute_cost": 10.762999534606934,
    "finish_time": 28688932,
    "limit_cost_by_ms": 9.099666595458984,
    "model_name": "googlenet",
    "recv_time": 28673324,
    "tag": "988",
    "total_cost_by_ms": 15.607999801635742,
    "wait_cost": 4.845000267028809
}
