{
    "child_model_execute_cost_by_ms": [
        18.027999877929688,
        17.542999267578125,
        21.035999298095703
    ],
    "child_model_run_time": [
        [
            12486946,
            12504974
        ],
        [
            12504989,
            12522532
        ],
        [
            12522579,
            12543615
        ]
    ],
    "execute_cost": 56.606998443603516,
    "finish_time": 12543623,
    "limit_cost_by_ms": 47.56999969482422,
    "model_name": "vgg19",
    "recv_time": 11708770,
    "tag": "169",
    "total_cost_by_ms": 834.85302734375,
    "wait_cost": 778.2460327148438
}
