{
    "child_model_execute_cost_by_ms": [
        18.299999237060547,
        19.868000030517578,
        21.14299964904785
    ],
    "child_model_run_time": [
        [
            12644521,
            12662821
        ],
        [
            12706822,
            12726690
        ],
        [
            12726779,
            12747922
        ]
    ],
    "execute_cost": 59.310997009277344,
    "finish_time": 12747928,
    "limit_cost_by_ms": 47.56999969482422,
    "model_name": "vgg19",
    "recv_time": 11860558,
    "tag": "175",
    "total_cost_by_ms": 887.3699951171875,
    "wait_cost": 828.0590209960938
}
