{
    "child_model_execute_cost_by_ms": [
        15.210000038146973,
        9.553000450134277
    ],
    "child_model_run_time": [
        [
            13045734,
            13060944
        ],
        [
            13061037,
            13070590
        ]
    ],
    "execute_cost": 24.76300048828125,
    "finish_time": 13070598,
    "limit_cost_by_ms": 18.916000366210938,
    "model_name": "resnet50",
    "recv_time": 13034858,
    "tag": "219",
    "total_cost_by_ms": 35.7400016784668,
    "wait_cost": 10.977001190185547
}
