{
    "child_model_execute_cost_by_ms": [
        8.708999633789063
    ],
    "child_model_run_time": [
        [
            13896071,
            13904780
        ]
    ],
    "execute_cost": 8.708999633789063,
    "finish_time": 13904791,
    "limit_cost_by_ms": 7.321333408355713,
    "model_name": "squeezenetv1",
    "recv_time": 13883844,
    "tag": "253",
    "total_cost_by_ms": 20.94700050354004,
    "wait_cost": 12.238000869750977
}
