{
    "child_model_execute_cost_by_ms": [
        10.038000106811523
    ],
    "child_model_run_time": [
        [
            14396448,
            14406486
        ]
    ],
    "execute_cost": 10.038000106811523,
    "finish_time": 14406500,
    "limit_cost_by_ms": 8.907333374023438,
    "model_name": "googlenet",
    "recv_time": 14381879,
    "tag": "274",
    "total_cost_by_ms": 24.621000289916992,
    "wait_cost": 14.583000183105469
}
