{
    "child_model_execute_cost_by_ms": [
        7.804999828338623
    ],
    "child_model_run_time": [
        [
            14810629,
            14818434
        ]
    ],
    "execute_cost": 7.804999828338623,
    "finish_time": 14818444,
    "limit_cost_by_ms": 7.321333408355713,
    "model_name": "squeezenetv1",
    "recv_time": 14806882,
    "tag": "293",
    "total_cost_by_ms": 11.562000274658203,
    "wait_cost": 3.75700044631958
}
