{
    "child_model_execute_cost_by_ms": [
        15.880000114440918,
        9.175000190734863
    ],
    "child_model_run_time": [
        [
            14915313,
            14931193
        ],
        [
            14939509,
            14948684
        ]
    ],
    "execute_cost": 25.05500030517578,
    "finish_time": 14948691,
    "limit_cost_by_ms": 18.916000366210938,
    "model_name": "resnet50",
    "recv_time": 14909122,
    "tag": "296",
    "total_cost_by_ms": 39.569000244140625,
    "wait_cost": 14.513999938964844
}
