{
    "child_model_execute_cost_by_ms": [
        8.560999870300293
    ],
    "child_model_run_time": [
        [
            19772828,
            19781389
        ]
    ],
    "execute_cost": 8.560999870300293,
    "finish_time": 19781401,
    "limit_cost_by_ms": 7.321333408355713,
    "model_name": "squeezenetv1",
    "recv_time": 19754590,
    "tag": "489",
    "total_cost_by_ms": 26.81100082397461,
    "wait_cost": 18.25
}
