{
    "child_model_execute_cost_by_ms": [
        8.333000183105469
    ],
    "child_model_run_time": [
        [
            20273078,
            20281411
        ]
    ],
    "execute_cost": 8.333000183105469,
    "finish_time": 20281424,
    "limit_cost_by_ms": 7.321333408355713,
    "model_name": "squeezenetv1",
    "recv_time": 20265669,
    "tag": "509",
    "total_cost_by_ms": 15.755000114440918,
    "wait_cost": 7.421999931335449
}
