{
    "child_model_execute_cost_by_ms": [
        10.842000007629395
    ],
    "child_model_run_time": [
        [
            20579146,
            20589988
        ]
    ],
    "execute_cost": 10.842000007629395,
    "finish_time": 20590002,
    "limit_cost_by_ms": 8.907333374023438,
    "model_name": "googlenet",
    "recv_time": 20548292,
    "tag": "520",
    "total_cost_by_ms": 41.709999084472656,
    "wait_cost": 30.868000030517578
}
