{
    "child_model_execute_cost_by_ms": [
        15.545000076293945,
        9.170000076293945
    ],
    "child_model_run_time": [
        [
            20694794,
            20710339
        ],
        [
            20710370,
            20719540
        ]
    ],
    "execute_cost": 24.71500015258789,
    "finish_time": 20719550,
    "limit_cost_by_ms": 18.916000366210938,
    "model_name": "resnet50",
    "recv_time": 20675203,
    "tag": "526",
    "total_cost_by_ms": 44.34700012207031,
    "wait_cost": 19.631999969482422
}
