{
    "child_model_execute_cost_by_ms": [
        9.019000053405762
    ],
    "child_model_run_time": [
        [
            21747250,
            21756269
        ]
    ],
    "execute_cost": 9.019000053405762,
    "finish_time": 21756281,
    "limit_cost_by_ms": 7.381666660308838,
    "model_name": "squeezenetv1",
    "recv_time": 21740808,
    "tag": "556",
    "total_cost_by_ms": 15.472999572753906,
    "wait_cost": 6.4539995193481445
}
