{
    "child_model_execute_cost_by_ms": [
        10.194000244140625
    ],
    "child_model_run_time": [
        [
            22640971,
            22651165
        ]
    ],
    "execute_cost": 10.194000244140625,
    "finish_time": 22651179,
    "limit_cost_by_ms": 8.907333374023438,
    "model_name": "googlenet",
    "recv_time": 22625834,
    "tag": "604",
    "total_cost_by_ms": 25.344999313354492,
    "wait_cost": 15.150999069213867
}
