{
    "child_model_execute_cost_by_ms": [
        15.866999626159668,
        10.359000205993652
    ],
    "child_model_run_time": [
        [
            22881355,
            22897222
        ],
        [
            22916595,
            22926954
        ]
    ],
    "execute_cost": 26.22599983215332,
    "finish_time": 22926964,
    "limit_cost_by_ms": 18.916000366210938,
    "model_name": "resnet50",
    "recv_time": 22865194,
    "tag": "613",
    "total_cost_by_ms": 61.77000045776367,
    "wait_cost": 35.54399871826172
}
