{
    "child_model_execute_cost_by_ms": [
        18.018999099731445,
        19.375,
        20.875999450683594
    ],
    "child_model_run_time": [
        [
            9732124,
            9750143
        ],
        [
            9794683,
            9814058
        ],
        [
            9814091,
            9834967
        ]
    ],
    "execute_cost": 58.269996643066406,
    "finish_time": 9834971,
    "limit_cost_by_ms": 47.46799850463867,
    "model_name": "vgg19",
    "recv_time": 9415997,
    "tag": "62",
    "total_cost_by_ms": 418.9739990234375,
    "wait_cost": 360.7040100097656
}
