{
    "child_model_execute_cost_by_ms": [
        10.60200023651123
    ],
    "child_model_run_time": [
        [
            27718794,
            27729396
        ]
    ],
    "execute_cost": 10.60200023651123,
    "finish_time": 27729407,
    "limit_cost_by_ms": 9.15333366394043,
    "model_name": "googlenet",
    "recv_time": 27696237,
    "tag": "801",
    "total_cost_by_ms": 33.16999816894531,
    "wait_cost": 22.567996978759766
}
