{
    "child_model_execute_cost_by_ms": [
        8.449000358581543
    ],
    "child_model_run_time": [
        [
            27802524,
            27810973
        ]
    ],
    "execute_cost": 8.449000358581543,
    "finish_time": 27810986,
    "limit_cost_by_ms": 7.321333408355713,
    "model_name": "squeezenetv1",
    "recv_time": 27784440,
    "tag": "816",
    "total_cost_by_ms": 26.54599952697754,
    "wait_cost": 18.097000122070313
}
