{
    "child_model_execute_cost_by_ms": [
        18.009000778198242,
        18.239999771118164,
        21.726999282836914
    ],
    "child_model_run_time": [
        [
            28484291,
            28502300
        ],
        [
            28502384,
            28520624
        ],
        [
            28565227,
            28586954
        ]
    ],
    "execute_cost": 57.97599792480469,
    "finish_time": 28586960,
    "limit_cost_by_ms": 47.46799850463867,
    "model_name": "vgg19",
    "recv_time": 24703642,
    "tag": "679",
    "total_cost_by_ms": 3883.318115234375,
    "wait_cost": 3825.342041015625
}
