{
    "child_model_execute_cost_by_ms": [
        8.977999687194824
    ],
    "child_model_run_time": [
        [
            29162990,
            29171968
        ]
    ],
    "execute_cost": 8.977999687194824,
    "finish_time": 29171979,
    "limit_cost_by_ms": 7.381666660308838,
    "model_name": "squeezenetv1",
    "recv_time": 29147549,
    "tag": "857",
    "total_cost_by_ms": 24.43000030517578,
    "wait_cost": 15.452000617980957
}
