{
    "child_model_execute_cost_by_ms": [
        11.10200023651123
    ],
    "child_model_run_time": [
        [
            29088421,
            29099523
        ]
    ],
    "execute_cost": 11.10200023651123,
    "finish_time": 29099532,
    "limit_cost_by_ms": 8.907333374023438,
    "model_name": "googlenet",
    "recv_time": 29066825,
    "tag": "867",
    "total_cost_by_ms": 32.707000732421875,
    "wait_cost": 21.604999542236328
}
