{
    "child_model_execute_cost_by_ms": [
        10.512999534606934
    ],
    "child_model_run_time": [
        [
            31994827,
            32005340
        ]
    ],
    "execute_cost": 10.512999534606934,
    "finish_time": 32005352,
    "limit_cost_by_ms": 8.907333374023438,
    "model_name": "googlenet",
    "recv_time": 31988663,
    "tag": "983",
    "total_cost_by_ms": 16.68899917602539,
    "wait_cost": 6.175999641418457
}
