{
    "child_model_execute_cost_by_ms": [
        19.065000534057617
    ],
    "child_model_run_time": [
        [
            12906512,
            12925577
        ]
    ],
    "execute_cost": 19.065000534057617,
    "finish_time": 12925585,
    "limit_cost_by_ms": 18.828332901000977,
    "model_name": "resnet50",
    "recv_time": 12906498,
    "tag": "189",
    "total_cost_by_ms": 19.086999893188477,
    "wait_cost": 0.021999359130859375
}
