{
    "child_model_execute_cost_by_ms": [
        9.220000267028809
    ],
    "child_model_run_time": [
        [
            18649122,
            18658342
        ]
    ],
    "execute_cost": 9.220000267028809,
    "finish_time": 18658349,
    "limit_cost_by_ms": 8.848666191101074,
    "model_name": "googlenet",
    "recv_time": 18649115,
    "tag": "425",
    "total_cost_by_ms": 9.234000205993652,
    "wait_cost": 0.01399993896484375
}
