kind, gpt128v2, yolov2, googlenet, resnet50, vgg19, total
DLIR, 5.631773462404646, 4.445487784055409, 5.119018349337519, 4.24299811716426, 2.606867420406601, 5.631773462404646
OYST, 5.28948134986242, 4.625937273344398, 5.182151591252592, 4.185940794770955, 2.6597117548178546, 5.28948134986242
ClockWork, 12.728824037705992, 11.715301289730709, 11.134919461299667, 4.634365790100776, 1.9438402903787444, 12.728824037705992
PREMA, 9.10674189972092, 8.719021272142202, 7.824066439195064, 5.248599927130502, 2.2062391689596588, 9.10674189972092
MPS, 20.162688444716853, 12.787152109616562, 13.254169100558936, 7.108716079319752, 2.7161768113805533, 20.162688444716853
