kind, gpt128v2, yolov2, googlenet, resnet50, vgg19, total
DLIR, 1.8241255727354524, 1.0377305741854845, 1.035764046218365, 1.3399630586908398, 1.161021278893046, 1.035764046218365
OYST, 1.1151653522607423, 1.0651817955382563, 1.0120716174678435, 1.3910013998212218, 1.1451957511674231, 1.0120716174678435
ClockWork, 1.1972620780235959, 1.0204137553947552, 1.071525357975209, 1.022479341384108, 1.0, 1.0
PREMA, 1.2578766239901125, 1.0450853276762762, 1.0732347858093259, 1.0110034569273525, 1.0, 1.0
MPS, 1.3734461181563122, 1.062227490198525, 1.0741478991139854, 1.0, 1.0, 1.0
