kind, gpt128v2, yolov2, googlenet, resnet50, vgg19, total
DLIR, 3.013512616174934, 2.5710947670979674, 2.397618996647916, 2.194070071062573, 1.861929243631628, 2.4072681142269707
OYST, 2.9723368885205534, 2.601734543170156, 2.3147246488940763, 2.2121509017431547, 1.865593103416639, 2.392918433507486
ClockWork, 3.5470653383026027, 3.2941179948037496, 2.681666153820803, 1.720866720250793, 1.0756400468933598, 2.46204505219621
PREMA, 3.300404146690306, 2.742340763081933, 2.596307655166872, 1.8384366176146636, 1.086137535929344, 2.3112633761675467
MPS, 5.851033280598471, 3.3260534022435837, 3.025307361822606, 1.9994601508276302, 1.0893719650607472, 3.0543936589808363
