kind, gpt128v2, yolov2, googlenet, resnet50, vgg19, total
DLIR, 0.9925214229345102, 0.9474945226184236, 0.869411177352241, 0.6467965643945179, 0.44520490836831544, 0.8919623194372203
OYST, 1.0266931100003178, 0.9973641743494415, 0.861640844245355, 0.669286908580971, 0.44129671311705254, 0.907115846836468
ClockWork, 1.9968919329584343, 2.53414885469648, 1.758152219023762, 0.831839865682061, 0.1651474355799704, 1.9254584079521548
PREMA, 1.6924617170272376, 1.8227810179471768, 1.5195564347250157, 0.9296958876584912, 0.20709863745013624, 1.5700154891355214
MPS, 4.136284167385781, 2.6836963350850866, 2.2343550379336543, 1.0590141515155507, 0.20011445009100287, 2.9364030491035864
