kind, gpt128v2, yolov2, googlenet, resnet50, vgg19, total
DLIR, 1.0222623705884077, 0.9017277394742229, 0.9875783046019067, 0.6826885067924701, 0.44264069321065586, 0.9179686053314512
OYST, 0.9453708094824541, 0.9100358956710377, 1.0732791832953419, 0.676934243100871, 0.4485282793319009, 0.9052773312900223
ClockWork, 2.290262035506805, 2.9773478927755246, 2.139042577960935, 0.8471571410806419, 0.16355626168886986, 2.3451819871343886
PREMA, 2.1307720969483084, 2.1131728042783138, 2.125390611010385, 1.0358185788326901, 0.2046357977544741, 1.9794971652286195
MPS, 4.768485082632406, 3.248359365660121, 2.510179882890626, 1.11363276618012, 0.17268729031476573, 3.568361911138152
