kind, gpt128v2, yolov2, googlenet, resnet50, vgg19, total
DLIR, 5.720254270958574, 4.56315365722234, 5.42074667627022, 4.130148150164353, 2.6614089849602474, 5.720254270958574
OYST, 5.682963521315933, 4.413031280935745, 5.631442863226405, 4.260608287505953, 2.7112565706901415, 5.682963521315933
ClockWork, 13.757336408414647, 15.626634558054375, 11.752863432975564, 4.011512814624349, 1.9604847617392236, 15.626634558054375
PREMA, 9.363819003476166, 9.017487867218804, 9.102557414965023, 5.226378697375607, 2.1221667094108363, 9.363819003476166
MPS, 19.004729489220495, 14.816275985197894, 10.812383213356613, 4.929639661322775, 1.6804964615950075, 19.004729489220495
