kind, gpt128v2, yolov2, googlenet, resnet50, vgg19, total
DLIR, 3.0167074394998616, 2.3509226074861216, 2.3641905426436356, 2.1396662302502922, 1.8581408016773826, 2.34620704974003
OYST, 2.9252431967510226, 2.4079623000700683, 2.3811750713454902, 2.119702024732566, 1.9151572199963882, 2.350052507383842
ClockWork, 3.8841264030860434, 4.3629553194004576, 3.423459484117607, 1.666892934460193, 1.0952802904965864, 2.884325652843555
PREMA, 3.821447621255978, 3.0957618962488476, 3.22707339486409, 1.7852428530576894, 1.109476613997443, 2.6078818678974764
MPS, 7.247231143766128, 4.517202308634668, 3.887394013872795, 1.9557603128929664, 1.123141665699974, 3.746978507620498
