kind, gpt128v2, yolov2, googlenet, resnet50, vgg19, total
DLIR, 1.130299830263364, 1.0275390502625281, 1.085228320192757, 1.287438117325708, 1.1501831681100863, 1.0275390502625281
OYST, 1.4490046585471552, 1.0601490575077215, 1.0351377863088693, 1.3792477958980485, 1.1771245741776861, 1.0351377863088693
ClockWork, 1.2762227552518657, 1.070414657360176, 1.150406321947351, 1.0154568238445225, 1.0, 1.0
PREMA, 1.211676681915536, 1.0456361896201194, 1.1006643965328222, 1.0086619247496365, 1.0, 1.0
MPS, 1.357552214111769, 1.019030724815686, 1.043215814522319, 1.0, 1.0, 1.0
