{
    "child_model_execute_cost_by_ms": [
        45.59299850463867
    ],
    "child_model_run_time": [
        [
            15899930,
            15945523
        ]
    ],
    "execute_cost": 45.59299850463867,
    "finish_time": 15945525,
    "limit_cost_by_ms": 47.28533172607422,
    "model_name": "vgg19",
    "recv_time": 15899913,
    "tag": "434",
    "total_cost_by_ms": 45.61199951171875,
    "wait_cost": 0.019001007080078125
}
