{
    "child_model_execute_cost_by_ms": [
        45.56100082397461
    ],
    "child_model_run_time": [
        [
            21884782,
            21930343
        ]
    ],
    "execute_cost": 45.56100082397461,
    "finish_time": 21930346,
    "limit_cost_by_ms": 47.28533172607422,
    "model_name": "vgg19",
    "recv_time": 21884678,
    "tag": "748",
    "total_cost_by_ms": 45.667999267578125,
    "wait_cost": 0.10699844360351563
}
