{
    "child_model_execute_cost_by_ms": [
        44.91999816894531
    ],
    "child_model_run_time": [
        [
            18170030,
            18214950
        ]
    ],
    "execute_cost": 44.91999816894531,
    "finish_time": 18214955,
    "limit_cost_by_ms": 47.13166809082031,
    "model_name": "vgg19",
    "recv_time": 18170019,
    "tag": "448",
    "total_cost_by_ms": 44.93600082397461,
    "wait_cost": 0.016002655029296875
}
