{
    "child_model_execute_cost_by_ms": [
        45.073001861572266
    ],
    "child_model_run_time": [
        [
            19178299,
            19223372
        ]
    ],
    "execute_cost": 45.073001861572266,
    "finish_time": 19223376,
    "limit_cost_by_ms": 47.13166809082031,
    "model_name": "vgg19",
    "recv_time": 19159919,
    "tag": "491",
    "total_cost_by_ms": 63.457000732421875,
    "wait_cost": 18.38399887084961
}
