{
    "child_model_execute_cost_by_ms": [
        44.520999908447266
    ],
    "child_model_run_time": [
        [
            26134046,
            26178567
        ]
    ],
    "execute_cost": 44.520999908447266,
    "finish_time": 26178572,
    "limit_cost_by_ms": 47.13166809082031,
    "model_name": "vgg19",
    "recv_time": 26133999,
    "tag": "789",
    "total_cost_by_ms": 44.573001861572266,
    "wait_cost": 0.052001953125
}
