{
    "child_model_execute_cost_by_ms": [
        19.349000930786133,
        18.766000747680664,
        20.236000061035156
    ],
    "child_model_run_time": [
        [
            13649652,
            13669001
        ],
        [
            13692863,
            13711629
        ],
        [
            13719794,
            13740030
        ]
    ],
    "execute_cost": 58.35100173950195,
    "finish_time": 13740036,
    "limit_cost_by_ms": 46.452667236328125,
    "model_name": "vgg19",
    "recv_time": 13649555,
    "tag": "220",
    "total_cost_by_ms": 90.48100280761719,
    "wait_cost": 32.130001068115234
}
