{
    "child_model_execute_cost_by_ms": [
        19.459999084472656,
        17.572999954223633,
        19.722000122070313
    ],
    "child_model_run_time": [
        [
            15217844,
            15237304
        ],
        [
            15237336,
            15254909
        ],
        [
            15254938,
            15274660
        ]
    ],
    "execute_cost": 56.75499725341797,
    "finish_time": 15274664,
    "limit_cost_by_ms": 46.452667236328125,
    "model_name": "vgg19",
    "recv_time": 15210801,
    "tag": "279",
    "total_cost_by_ms": 63.862998962402344,
    "wait_cost": 7.108001708984375
}
