{
    "child_model_execute_cost_by_ms": [
        45.2760009765625
    ],
    "child_model_run_time": [
        [
            13647174,
            13692450
        ]
    ],
    "execute_cost": 45.2760009765625,
    "finish_time": 13692456,
    "limit_cost_by_ms": 46.701332092285156,
    "model_name": "vgg19",
    "recv_time": 13646988,
    "tag": "305",
    "total_cost_by_ms": 45.46799850463867,
    "wait_cost": 0.19199752807617188
}
