{
    "child_model_execute_cost_by_ms": [
        45.69200134277344
    ],
    "child_model_run_time": [
        [
            19353933,
            19399625
        ]
    ],
    "execute_cost": 45.69200134277344,
    "finish_time": 19399632,
    "limit_cost_by_ms": 46.701332092285156,
    "model_name": "vgg19",
    "recv_time": 19346817,
    "tag": "598",
    "total_cost_by_ms": 52.814998626708984,
    "wait_cost": 7.122997283935547
}
