{
    "child_model_execute_cost_by_ms": [
        8.395000457763672
    ],
    "child_model_run_time": [
        [
            9089999,
            9098394
        ]
    ],
    "execute_cost": 8.395000457763672,
    "finish_time": 9098400,
    "limit_cost_by_ms": 7.179333209991455,
    "model_name": "squeezenetv1",
    "recv_time": 9089803,
    "tag": "64",
    "total_cost_by_ms": 8.597000122070313,
    "wait_cost": 0.20199966430664063
}
