{
    "child_model_execute_cost_by_ms": [
        8.9399995803833
    ],
    "child_model_run_time": [
        [
            25237501,
            25246441
        ]
    ],
    "execute_cost": 8.9399995803833,
    "finish_time": 25246450,
    "limit_cost_by_ms": 7.179333209991455,
    "model_name": "squeezenetv1",
    "recv_time": 25210380,
    "tag": "907",
    "total_cost_by_ms": 36.06999969482422,
    "wait_cost": 27.130001068115234
}
