{
    "child_model_execute_cost_by_ms": [
        8.024999618530273
    ],
    "child_model_run_time": [
        [
            21911034,
            21919059
        ]
    ],
    "execute_cost": 8.024999618530273,
    "finish_time": 21919067,
    "limit_cost_by_ms": 7.158666610717773,
    "model_name": "squeezenetv1",
    "recv_time": 21910922,
    "tag": "588",
    "total_cost_by_ms": 8.145000457763672,
    "wait_cost": 0.12000083923339844
}
