{
    "child_model_execute_cost_by_ms": [
        18.12299919128418,
        16.791000366210938,
        19.32699966430664
    ],
    "child_model_run_time": [
        [
            10807648,
            10825771
        ],
        [
            10825859,
            10842650
        ],
        [
            10842690,
            10862017
        ]
    ],
    "execute_cost": 54.24100112915039,
    "finish_time": 10862022,
    "limit_cost_by_ms": 46.03499984741211,
    "model_name": "vgg19",
    "recv_time": 10807468,
    "tag": "134",
    "total_cost_by_ms": 54.55400085449219,
    "wait_cost": 0.3129997253417969
}
