{
    "child_model_execute_cost_by_ms": [
        46.94300079345703
    ],
    "child_model_run_time": [
        [
            10338733,
            10385676
        ]
    ],
    "execute_cost": 46.94300079345703,
    "finish_time": 10385681,
    "limit_cost_by_ms": 47.10900115966797,
    "model_name": "vgg19",
    "recv_time": 10318875,
    "tag": "129",
    "total_cost_by_ms": 66.80599975585938,
    "wait_cost": 19.862998962402344
}
