{
    "child_model_execute_cost_by_ms": [
        9.793999671936035
    ],
    "child_model_run_time": [
        [
            10300070,
            10309864
        ]
    ],
    "execute_cost": 9.793999671936035,
    "finish_time": 10309873,
    "limit_cost_by_ms": 8.64566707611084,
    "model_name": "googlenet",
    "recv_time": 10299904,
    "tag": "130",
    "total_cost_by_ms": 9.968999862670898,
    "wait_cost": 0.17500019073486328
}
