{
    "child_model_execute_cost_by_ms": [
        9.973999977111816
    ],
    "child_model_run_time": [
        [
            11784425,
            11794399
        ]
    ],
    "execute_cost": 9.973999977111816,
    "finish_time": 11794409,
    "limit_cost_by_ms": 8.64566707611084,
    "model_name": "googlenet",
    "recv_time": 11779205,
    "tag": "206",
    "total_cost_by_ms": 15.204000473022461,
    "wait_cost": 5.2300004959106445
}
