{
    "child_model_execute_cost_by_ms": [
        10.229999542236328
    ],
    "child_model_run_time": [
        [
            15320786,
            15331016
        ]
    ],
    "execute_cost": 10.229999542236328,
    "finish_time": 15331022,
    "limit_cost_by_ms": 8.820666313171387,
    "model_name": "googlenet",
    "recv_time": 15317653,
    "tag": "380",
    "total_cost_by_ms": 13.369000434875488,
    "wait_cost": 3.13900089263916
}
