{
    "child_model_execute_cost_by_ms": [
        19.459999084472656
    ],
    "child_model_run_time": [
        [
            18740988,
            18760448
        ]
    ],
    "execute_cost": 19.459999084472656,
    "finish_time": 18760456,
    "limit_cost_by_ms": 18.887666702270508,
    "model_name": "resnet50",
    "recv_time": 18740887,
    "tag": "558",
    "total_cost_by_ms": 19.569000244140625,
    "wait_cost": 0.10900115966796875
}
