{
    "child_model_execute_cost_by_ms": [
        9.843000411987305
    ],
    "child_model_run_time": [
        [
            20874874,
            20884717
        ]
    ],
    "execute_cost": 9.843000411987305,
    "finish_time": 20884724,
    "limit_cost_by_ms": 8.64566707611084,
    "model_name": "googlenet",
    "recv_time": 20874857,
    "tag": "665",
    "total_cost_by_ms": 9.866999626159668,
    "wait_cost": 0.02399921417236328
}
