{
    "child_model_execute_cost_by_ms": [
        8.118000030517578
    ],
    "child_model_run_time": [
        [
            9269020,
            9277138
        ]
    ],
    "execute_cost": 8.118000030517578,
    "finish_time": 9277146,
    "limit_cost_by_ms": 7.024333477020264,
    "model_name": "squeezenetv1",
    "recv_time": 9269002,
    "tag": "78",
    "total_cost_by_ms": 8.144000053405762,
    "wait_cost": 0.026000022888183594
}
