{
    "child_model_execute_cost_by_ms": [
        10.869000434875488
    ],
    "child_model_run_time": [
        [
            24244223,
            24255092
        ]
    ],
    "execute_cost": 10.869000434875488,
    "finish_time": 24255100,
    "limit_cost_by_ms": 8.64566707611084,
    "model_name": "googlenet",
    "recv_time": 24230897,
    "tag": "834",
    "total_cost_by_ms": 24.202999114990234,
    "wait_cost": 13.333998680114746
}
