{
    "child_model_execute_cost_by_ms": [
        7.815999984741211
    ],
    "child_model_run_time": [
        [
            24275268,
            24283084
        ]
    ],
    "execute_cost": 7.815999984741211,
    "finish_time": 24283090,
    "limit_cost_by_ms": 7.024333477020264,
    "model_name": "squeezenetv1",
    "recv_time": 24255653,
    "tag": "836",
    "total_cost_by_ms": 27.437000274658203,
    "wait_cost": 19.621000289916992
}
