{
    "child_model_execute_cost_by_ms": [
        10.772000312805176
    ],
    "child_model_run_time": [
        [
            26524274,
            26535046
        ]
    ],
    "execute_cost": 10.772000312805176,
    "finish_time": 26535056,
    "limit_cost_by_ms": 8.64566707611084,
    "model_name": "googlenet",
    "recv_time": 26504692,
    "tag": "950",
    "total_cost_by_ms": 30.36400032043457,
    "wait_cost": 19.591999053955078
}
