{
    "child_model_execute_cost_by_ms": [
        8.187999725341797
    ],
    "child_model_run_time": [
        [
            12039370,
            12047558
        ]
    ],
    "execute_cost": 8.187999725341797,
    "finish_time": 12047573,
    "limit_cost_by_ms": 7.269000053405762,
    "model_name": "squeezenetv1",
    "recv_time": 12025733,
    "tag": "154",
    "total_cost_by_ms": 21.84000015258789,
    "wait_cost": 13.652000427246094
}
