{
    "child_model_execute_cost_by_ms": [
        18.533000946044922,
        17.660999298095703,
        20.690000534057617
    ],
    "child_model_run_time": [
        [
            13144009,
            13162542
        ],
        [
            13162633,
            13180294
        ],
        [
            13204277,
            13224967
        ]
    ],
    "execute_cost": 56.884002685546875,
    "finish_time": 13224976,
    "limit_cost_by_ms": 47.37900161743164,
    "model_name": "vgg19",
    "recv_time": 13138936,
    "tag": "192",
    "total_cost_by_ms": 86.04000091552734,
    "wait_cost": 29.15599822998047
}
