{
    "child_model_execute_cost_by_ms": [
        10.404000282287598
    ],
    "child_model_run_time": [
        [
            19085189,
            19095593
        ]
    ],
    "execute_cost": 10.404000282287598,
    "finish_time": 19095609,
    "limit_cost_by_ms": 8.883333206176758,
    "model_name": "googlenet",
    "recv_time": 19067294,
    "tag": "395",
    "total_cost_by_ms": 28.315000534057617,
    "wait_cost": 17.910999298095703
}
