{
    "child_model_execute_cost_by_ms": [
        8.204999923706055
    ],
    "child_model_run_time": [
        [
            19470734,
            19478939
        ]
    ],
    "execute_cost": 8.204999923706055,
    "finish_time": 19478952,
    "limit_cost_by_ms": 7.22866678237915,
    "model_name": "squeezenetv1",
    "recv_time": 19470564,
    "tag": "401",
    "total_cost_by_ms": 8.387999534606934,
    "wait_cost": 0.1829996109008789
}
