{
    "child_model_execute_cost_by_ms": [
        15.397000312805176,
        9.098999977111816
    ],
    "child_model_run_time": [
        [
            8959705,
            8975102
        ],
        [
            8975212,
            8984311
        ]
    ],
    "execute_cost": 24.496000289916992,
    "finish_time": 8984322,
    "limit_cost_by_ms": 19.007667541503906,
    "model_name": "resnet50",
    "recv_time": 8933318,
    "tag": "46",
    "total_cost_by_ms": 51.00400161743164,
    "wait_cost": 26.50800132751465
}
