{
    "child_model_execute_cost_by_ms": [
        14.946999549865723,
        9.085000038146973
    ],
    "child_model_run_time": [
        [
            24040817,
            24055764
        ],
        [
            24055853,
            24064938
        ]
    ],
    "execute_cost": 24.031999588012695,
    "finish_time": 24064949,
    "limit_cost_by_ms": 19.007667541503906,
    "model_name": "resnet50",
    "recv_time": 24022456,
    "tag": "548",
    "total_cost_by_ms": 42.49300003051758,
    "wait_cost": 18.461000442504883
}
