{
    "child_model_execute_cost_by_ms": [
        17.613000869750977,
        17.70400047302246,
        20.613000869750977
    ],
    "child_model_run_time": [
        [
            23956641,
            23974254
        ],
        [
            23982941,
            24000645
        ],
        [
            24000737,
            24021350
        ]
    ],
    "execute_cost": 55.93000030517578,
    "finish_time": 24021355,
    "limit_cost_by_ms": 47.2313346862793,
    "model_name": "vgg19",
    "recv_time": 23934297,
    "tag": "555",
    "total_cost_by_ms": 87.05799865722656,
    "wait_cost": 31.12799835205078
}
