{
    "child_model_execute_cost_by_ms": [
        8.9350004196167
    ],
    "child_model_run_time": [
        [
            26644930,
            26653865
        ]
    ],
    "execute_cost": 8.9350004196167,
    "finish_time": 26653877,
    "limit_cost_by_ms": 7.269000053405762,
    "model_name": "squeezenetv1",
    "recv_time": 26640669,
    "tag": "635",
    "total_cost_by_ms": 13.208000183105469,
    "wait_cost": 4.2729997634887695
}
