{
    "child_model_execute_cost_by_ms": [
        18.476999282836914,
        17.642000198364258,
        21.697999954223633
    ],
    "child_model_run_time": [
        [
            26751784,
            26770261
        ],
        [
            26770356,
            26787998
        ],
        [
            26812571,
            26834269
        ]
    ],
    "execute_cost": 57.81700134277344,
    "finish_time": 26834273,
    "limit_cost_by_ms": 47.2313346862793,
    "model_name": "vgg19",
    "recv_time": 26751623,
    "tag": "652",
    "total_cost_by_ms": 82.6500015258789,
    "wait_cost": 24.83300018310547
}
