{
    "child_model_execute_cost_by_ms": [
        13.78499984741211,
        8.404999732971191
    ],
    "child_model_run_time": [
        [
            29360540,
            29374325
        ],
        [
            29374411,
            29382816
        ]
    ],
    "execute_cost": 22.189998626708984,
    "finish_time": 29382820,
    "limit_cost_by_ms": 19.007667541503906,
    "model_name": "resnet50",
    "recv_time": 29360468,
    "tag": "726",
    "total_cost_by_ms": 22.351999282836914,
    "wait_cost": 0.1620006561279297
}
