{
    "child_model_execute_cost_by_ms": [
        10.07699966430664
    ],
    "child_model_run_time": [
        [
            29547315,
            29557392
        ]
    ],
    "execute_cost": 10.07699966430664,
    "finish_time": 29557399,
    "limit_cost_by_ms": 8.864666938781738,
    "model_name": "googlenet",
    "recv_time": 29526429,
    "tag": "745",
    "total_cost_by_ms": 30.969999313354492,
    "wait_cost": 20.89299964904785
}
