{
    "child_model_execute_cost_by_ms": [
        19.062000274658203,
        17.993000030517578,
        20.913000106811523
    ],
    "child_model_run_time": [
        [
            35008979,
            35028041
        ],
        [
            35028132,
            35046125
        ],
        [
            35046211,
            35067124
        ]
    ],
    "execute_cost": 57.96800231933594,
    "finish_time": 35067129,
    "limit_cost_by_ms": 47.37900161743164,
    "model_name": "vgg19",
    "recv_time": 34998931,
    "tag": "913",
    "total_cost_by_ms": 68.197998046875,
    "wait_cost": 10.229995727539063
}
