{
    "child_model_execute_cost_by_ms": [
        19.483999252319336,
        18.159000396728516,
        20.801000595092773
    ],
    "child_model_run_time": [
        [
            37274785,
            37294269
        ],
        [
            37302580,
            37320739
        ],
        [
            37320830,
            37341631
        ]
    ],
    "execute_cost": 58.444000244140625,
    "finish_time": 37341637,
    "limit_cost_by_ms": 47.37900161743164,
    "model_name": "vgg19",
    "recv_time": 37248861,
    "tag": "987",
    "total_cost_by_ms": 92.7760009765625,
    "wait_cost": 34.332000732421875
}
