{
    "child_model_execute_cost_by_ms": [
        8.07699966430664
    ],
    "child_model_run_time": [
        [
            11561909,
            11569986
        ]
    ],
    "execute_cost": 8.07699966430664,
    "finish_time": 11569993,
    "limit_cost_by_ms": 7.121333122253418,
    "model_name": "squeezenetv1",
    "recv_time": 11561785,
    "tag": "179",
    "total_cost_by_ms": 8.208000183105469,
    "wait_cost": 0.13100051879882813
}
