{
    "child_model_execute_cost_by_ms": [
        8.368000030517578
    ],
    "child_model_run_time": [
        [
            13345249,
            13353617
        ]
    ],
    "execute_cost": 8.368000030517578,
    "finish_time": 13353623,
    "limit_cost_by_ms": 7.121333122253418,
    "model_name": "squeezenetv1",
    "recv_time": 13338312,
    "tag": "263",
    "total_cost_by_ms": 15.310999870300293,
    "wait_cost": 6.942999839782715
}
