{
    "child_model_execute_cost_by_ms": [
        10.04699993133545
    ],
    "child_model_run_time": [
        [
            15117131,
            15127178
        ]
    ],
    "execute_cost": 10.04699993133545,
    "finish_time": 15127184,
    "limit_cost_by_ms": 8.685999870300293,
    "model_name": "googlenet",
    "recv_time": 15117118,
    "tag": "347",
    "total_cost_by_ms": 10.065999984741211,
    "wait_cost": 0.01900005340576172
}
