{
    "child_model_execute_cost_by_ms": [
        10.39900016784668
    ],
    "child_model_run_time": [
        [
            11595537,
            11605936
        ]
    ],
    "execute_cost": 10.39900016784668,
    "finish_time": 11605948,
    "limit_cost_by_ms": 9.079000473022461,
    "model_name": "googlenet",
    "recv_time": 11579141,
    "tag": "159",
    "total_cost_by_ms": 26.80699920654297,
    "wait_cost": 16.40799903869629
}
