{
    "child_model_execute_cost_by_ms": [
        15.746999740600586,
        9.451000213623047
    ],
    "child_model_run_time": [
        [
            19709770,
            19725517
        ],
        [
            19725610,
            19735061
        ]
    ],
    "execute_cost": 25.197999954223633,
    "finish_time": 19735068,
    "limit_cost_by_ms": 18.889999389648438,
    "model_name": "resnet50",
    "recv_time": 19695264,
    "tag": "501",
    "total_cost_by_ms": 39.80400085449219,
    "wait_cost": 14.606000900268555
}
