{
    "child_model_execute_cost_by_ms": [
        15.529000282287598,
        9.866999626159668
    ],
    "child_model_run_time": [
        [
            21853053,
            21868582
        ],
        [
            21877455,
            21887322
        ]
    ],
    "execute_cost": 25.395999908447266,
    "finish_time": 21887333,
    "limit_cost_by_ms": 18.889999389648438,
    "model_name": "resnet50",
    "recv_time": 21843134,
    "tag": "594",
    "total_cost_by_ms": 44.19900131225586,
    "wait_cost": 18.803001403808594
}
