{
    "child_model_execute_cost_by_ms": [
        19.542999267578125,
        18.139999389648438,
        20.983999252319336
    ],
    "child_model_run_time": [
        [
            30852540,
            30872083
        ],
        [
            30872121,
            30890261
        ],
        [
            30890277,
            30911261
        ]
    ],
    "execute_cost": 58.66699981689453,
    "finish_time": 30911265,
    "limit_cost_by_ms": 47.271331787109375,
    "model_name": "vgg19",
    "recv_time": 30788893,
    "tag": "963",
    "total_cost_by_ms": 122.37200164794922,
    "wait_cost": 63.70500183105469
}
