{
    "child_model_execute_cost_by_ms": [
        38.347999572753906
    ],
    "child_model_run_time": [
        [
            10825429,
            10863777
        ]
    ],
    "execute_cost": 38.347999572753906,
    "finish_time": 10863782,
    "limit_cost_by_ms": 7.112666606903076,
    "model_name": "squeezenetv1",
    "recv_time": 10825419,
    "tag": "156",
    "total_cost_by_ms": 38.362998962402344,
    "wait_cost": 0.0149993896484375
}
