{
    "child_model_execute_cost_by_ms": [
        21.547000885009766
    ],
    "child_model_run_time": [
        [
            11465212,
            11486759
        ]
    ],
    "execute_cost": 21.547000885009766,
    "finish_time": 11486765,
    "limit_cost_by_ms": 18.991666793823242,
    "model_name": "resnet50",
    "recv_time": 11465200,
    "tag": "187",
    "total_cost_by_ms": 21.565000534057617,
    "wait_cost": 0.017999649047851563
}
