{
    "child_model_execute_cost_by_ms": [
        18.95800018310547
    ],
    "child_model_run_time": [
        [
            12867877,
            12886835
        ]
    ],
    "execute_cost": 18.95800018310547,
    "finish_time": 12886840,
    "limit_cost_by_ms": 18.991666793823242,
    "model_name": "resnet50",
    "recv_time": 12867743,
    "tag": "257",
    "total_cost_by_ms": 19.097000122070313,
    "wait_cost": 0.13899993896484375
}
