{
    "child_model_execute_cost_by_ms": [
        44.93299865722656
    ],
    "child_model_run_time": [
        [
            13944712,
            13989645
        ]
    ],
    "execute_cost": 44.93299865722656,
    "finish_time": 13989648,
    "limit_cost_by_ms": 47.03799819946289,
    "model_name": "vgg19",
    "recv_time": 13944620,
    "tag": "311",
    "total_cost_by_ms": 45.02799987792969,
    "wait_cost": 0.095001220703125
}
