{
    "child_model_execute_cost_by_ms": [
        51.52399826049805
    ],
    "child_model_run_time": [
        [
            14371341,
            14422865
        ]
    ],
    "execute_cost": 51.52399826049805,
    "finish_time": 14422872,
    "limit_cost_by_ms": 7.112666606903076,
    "model_name": "squeezenetv1",
    "recv_time": 14371322,
    "tag": "333",
    "total_cost_by_ms": 51.54999923706055,
    "wait_cost": 0.0260009765625
}
