{
    "child_model_execute_cost_by_ms": [
        9.51200008392334
    ],
    "child_model_run_time": [
        [
            15971200,
            15980712
        ]
    ],
    "execute_cost": 9.51200008392334,
    "finish_time": 15980717,
    "limit_cost_by_ms": 8.569000244140625,
    "model_name": "googlenet",
    "recv_time": 15971011,
    "tag": "412",
    "total_cost_by_ms": 9.706000328063965,
    "wait_cost": 0.194000244140625
}
