{
    "child_model_execute_cost_by_ms": [
        43.80400085449219
    ],
    "child_model_run_time": [
        [
            16094082,
            16137886
        ]
    ],
    "execute_cost": 43.80400085449219,
    "finish_time": 16137889,
    "limit_cost_by_ms": 47.03799819946289,
    "model_name": "vgg19",
    "recv_time": 16094065,
    "tag": "419",
    "total_cost_by_ms": 43.82400131225586,
    "wait_cost": 0.020000457763671875
}
