{
    "child_model_execute_cost_by_ms": [
        53.638999938964844
    ],
    "child_model_run_time": [
        [
            16240528,
            16294167
        ]
    ],
    "execute_cost": 53.638999938964844,
    "finish_time": 16294172,
    "limit_cost_by_ms": 18.98699951171875,
    "model_name": "resnet50",
    "recv_time": 16240435,
    "tag": "420",
    "total_cost_by_ms": 53.73699951171875,
    "wait_cost": 0.09799957275390625
}
