{
    "child_model_execute_cost_by_ms": [
        54.277000427246094
    ],
    "child_model_run_time": [
        [
            17966583,
            18020860
        ]
    ],
    "execute_cost": 54.277000427246094,
    "finish_time": 18020863,
    "limit_cost_by_ms": 47.03799819946289,
    "model_name": "vgg19",
    "recv_time": 17966566,
    "tag": "513",
    "total_cost_by_ms": 54.297000885009766,
    "wait_cost": 0.020000457763671875
}
