{
    "child_model_execute_cost_by_ms": [
        9.793000221252441
    ],
    "child_model_run_time": [
        [
            18545257,
            18555050
        ]
    ],
    "execute_cost": 9.793000221252441,
    "finish_time": 18555055,
    "limit_cost_by_ms": 8.569000244140625,
    "model_name": "googlenet",
    "recv_time": 18545184,
    "tag": "540",
    "total_cost_by_ms": 9.871000289916992,
    "wait_cost": 0.07800006866455078
}
