{
    "child_model_execute_cost_by_ms": [
        14.956999778747559
    ],
    "child_model_run_time": [
        [
            8863407,
            8878364
        ]
    ],
    "execute_cost": 14.956999778747559,
    "finish_time": 8878369,
    "limit_cost_by_ms": 7.112666606903076,
    "model_name": "squeezenetv1",
    "recv_time": 8863243,
    "tag": "58",
    "total_cost_by_ms": 15.12600040435791,
    "wait_cost": 0.16900062561035156
}
