{
    "child_model_execute_cost_by_ms": [
        9.821999549865723
    ],
    "child_model_run_time": [
        [
            19294405,
            19304227
        ]
    ],
    "execute_cost": 9.821999549865723,
    "finish_time": 19304232,
    "limit_cost_by_ms": 8.569000244140625,
    "model_name": "googlenet",
    "recv_time": 19294395,
    "tag": "578",
    "total_cost_by_ms": 9.836999893188477,
    "wait_cost": 0.015000343322753906
}
