{
    "child_model_execute_cost_by_ms": [
        44.3120002746582
    ],
    "child_model_run_time": [
        [
            21837688,
            21882000
        ]
    ],
    "execute_cost": 44.3120002746582,
    "finish_time": 21882006,
    "limit_cost_by_ms": 47.03799819946289,
    "model_name": "vgg19",
    "recv_time": 21837519,
    "tag": "705",
    "total_cost_by_ms": 44.48699951171875,
    "wait_cost": 0.17499923706054688
}
