{
    "child_model_execute_cost_by_ms": [
        8.079999923706055
    ],
    "child_model_run_time": [
        [
            22315312,
            22323392
        ]
    ],
    "execute_cost": 8.079999923706055,
    "finish_time": 22323397,
    "limit_cost_by_ms": 7.112666606903076,
    "model_name": "squeezenetv1",
    "recv_time": 22315180,
    "tag": "728",
    "total_cost_by_ms": 8.217000007629395,
    "wait_cost": 0.13700008392333984
}
