{
    "child_model_execute_cost_by_ms": [
        21.408000946044922
    ],
    "child_model_run_time": [
        [
            23964880,
            23986288
        ]
    ],
    "execute_cost": 21.408000946044922,
    "finish_time": 23986292,
    "limit_cost_by_ms": 7.112666606903076,
    "model_name": "squeezenetv1",
    "recv_time": 23964779,
    "tag": "810",
    "total_cost_by_ms": 21.51300048828125,
    "wait_cost": 0.10499954223632813
}
