{
    "child_model_execute_cost_by_ms": [
        7.960000038146973
    ],
    "child_model_run_time": [
        [
            24377084,
            24385044
        ]
    ],
    "execute_cost": 7.960000038146973,
    "finish_time": 24385049,
    "limit_cost_by_ms": 7.244999885559082,
    "model_name": "squeezenetv1",
    "recv_time": 24376981,
    "tag": "822",
    "total_cost_by_ms": 8.067999839782715,
    "wait_cost": 0.10799980163574219
}
