{
    "child_model_execute_cost_by_ms": [
        44.29399871826172
    ],
    "child_model_run_time": [
        [
            25372605,
            25416899
        ]
    ],
    "execute_cost": 44.29399871826172,
    "finish_time": 25416903,
    "limit_cost_by_ms": 47.03799819946289,
    "model_name": "vgg19",
    "recv_time": 25372508,
    "tag": "881",
    "total_cost_by_ms": 44.39500045776367,
    "wait_cost": 0.10100173950195313
}
