{
    "child_model_execute_cost_by_ms": [
        18.993000030517578
    ],
    "child_model_run_time": [
        [
            26715479,
            26734472
        ]
    ],
    "execute_cost": 18.993000030517578,
    "finish_time": 26734478,
    "limit_cost_by_ms": 18.991666793823242,
    "model_name": "resnet50",
    "recv_time": 26715309,
    "tag": "947",
    "total_cost_by_ms": 19.16900062561035,
    "wait_cost": 0.17600059509277344
}
