{
    "child_model_execute_cost_by_ms": [
        9.557000160217285
    ],
    "child_model_run_time": [
        [
            27680570,
            27690127
        ]
    ],
    "execute_cost": 9.557000160217285,
    "finish_time": 27690133,
    "limit_cost_by_ms": 8.569000244140625,
    "model_name": "googlenet",
    "recv_time": 27680558,
    "tag": "995",
    "total_cost_by_ms": 9.574999809265137,
    "wait_cost": 0.017999649047851563
}
