{
    "child_model_execute_cost_by_ms": [
        20.253000259399414,
        19.19700050354004,
        22.492000579833984
    ],
    "child_model_run_time": [
        [
            11960452,
            11980705
        ],
        [
            11980750,
            11999947
        ],
        [
            12000035,
            12022527
        ]
    ],
    "execute_cost": 61.94200134277344,
    "finish_time": 12022533,
    "limit_cost_by_ms": 46.520668029785156,
    "model_name": "vgg19",
    "recv_time": 11960325,
    "tag": "202",
    "total_cost_by_ms": 62.20800018310547,
    "wait_cost": 0.26599884033203125
}
