{
    "child_model_execute_cost_by_ms": [
        9.869000434875488
    ],
    "child_model_run_time": [
        [
            15732042,
            15741911
        ]
    ],
    "execute_cost": 9.869000434875488,
    "finish_time": 15741923,
    "limit_cost_by_ms": 8.694666862487793,
    "model_name": "googlenet",
    "recv_time": 15728273,
    "tag": "380",
    "total_cost_by_ms": 13.649999618530273,
    "wait_cost": 3.780999183654785
}
