{
    "child_model_execute_cost_by_ms": [
        8.711000442504883
    ],
    "child_model_run_time": [
        [
            13002455,
            13011166
        ]
    ],
    "execute_cost": 8.711000442504883,
    "finish_time": 13011174,
    "limit_cost_by_ms": 7.334000110626221,
    "model_name": "squeezenetv1",
    "recv_time": 13002414,
    "tag": "244",
    "total_cost_by_ms": 8.760000228881836,
    "wait_cost": 0.048999786376953125
}
