{
    "child_model_execute_cost_by_ms": [
        60.632999420166016
    ],
    "child_model_run_time": [
        [
            19554864,
            19615497
        ]
    ],
    "execute_cost": 60.632999420166016,
    "finish_time": 19615503,
    "limit_cost_by_ms": 46.75133514404297,
    "model_name": "vgg19",
    "recv_time": 19554850,
    "tag": "583",
    "total_cost_by_ms": 60.65299987792969,
    "wait_cost": 0.020000457763671875
}
