{
    "child_model_execute_cost_by_ms": [
        46.084999084472656
    ],
    "child_model_run_time": [
        [
            23115412,
            23161497
        ]
    ],
    "execute_cost": 46.084999084472656,
    "finish_time": 23161504,
    "limit_cost_by_ms": 46.75133514404297,
    "model_name": "vgg19",
    "recv_time": 23115280,
    "tag": "765",
    "total_cost_by_ms": 46.2239990234375,
    "wait_cost": 0.13899993896484375
}
