{
    "child_model_execute_cost_by_ms": [
        14.574999809265137
    ],
    "child_model_run_time": [
        [
            25646742,
            25661317
        ]
    ],
    "execute_cost": 14.574999809265137,
    "finish_time": 25661323,
    "limit_cost_by_ms": 7.334000110626221,
    "model_name": "squeezenetv1",
    "recv_time": 25646701,
    "tag": "896",
    "total_cost_by_ms": 14.621999740600586,
    "wait_cost": 0.04699993133544922
}
