{
    "child_model_execute_cost_by_ms": [
        21.541000366210938
    ],
    "child_model_run_time": [
        [
            27086330,
            27107871
        ]
    ],
    "execute_cost": 21.541000366210938,
    "finish_time": 27107878,
    "limit_cost_by_ms": 7.334000110626221,
    "model_name": "squeezenetv1",
    "recv_time": 27086324,
    "tag": "969",
    "total_cost_by_ms": 21.554000854492188,
    "wait_cost": 0.01300048828125
}
