{
    "child_model_execute_cost_by_ms": [
        9.868000030517578
    ],
    "child_model_run_time": [
        [
            10953751,
            10963619
        ]
    ],
    "execute_cost": 9.868000030517578,
    "finish_time": 10963626,
    "limit_cost_by_ms": 8.717000007629395,
    "model_name": "googlenet",
    "recv_time": 10942742,
    "tag": "158",
    "total_cost_by_ms": 20.884000778198242,
    "wait_cost": 11.016000747680664
}
