{
    "child_model_execute_cost_by_ms": [
        46.4630012512207
    ],
    "child_model_run_time": [
        [
            21657559,
            21704022
        ]
    ],
    "execute_cost": 46.4630012512207,
    "finish_time": 21704027,
    "limit_cost_by_ms": 47.39799880981445,
    "model_name": "vgg19",
    "recv_time": 21657411,
    "tag": "560",
    "total_cost_by_ms": 46.61600112915039,
    "wait_cost": 0.1529998779296875
}
