{
    "child_model_execute_cost_by_ms": [
        9.895999908447266
    ],
    "child_model_run_time": [
        [
            24293950,
            24303846
        ]
    ],
    "execute_cost": 9.895999908447266,
    "finish_time": 24303853,
    "limit_cost_by_ms": 8.973666191101074,
    "model_name": "googlenet",
    "recv_time": 24293827,
    "tag": "667",
    "total_cost_by_ms": 10.026000022888184,
    "wait_cost": 0.13000011444091797
}
