kind, gpt128v2, yolov2, googlenet, resnet50, vgg19, total
DLIR, 1.1041557590081987, 1.063642506433024, 1.024406481608437, 1.3778343788174512, 1.1805678095646912, 1.024406481608437
OYST, 1.2640584584595385, 1.0232351968495985, 1.0473119910365916, 1.3493980215453292, 1.173818937781971, 1.0232351968495985
ClockWork, 1.271661053272824, 1.0473640162154962, 1.1037058841007796, 1.0068763170847093, 1.0, 1.0
PREMA, 1.27741751623462, 1.0445908632688434, 1.1031327512382736, 1.0, 1.0, 1.0
MPS, 1.392709734688964, 1.0421802768623616, 1.0821200462441214, 1.0067661611233343, 1.0, 1.0
