kind, gpt128v2, yolov2, googlenet, resnet50, vgg19, total
DLIR, 0.9654053611599848, 0.9979469818393467, 0.9015419369138201, 0.5148699478795515, 0.41071718321286915, 0.8620415361153461
OYST, 0.902658344783976, 1.0264284447467102, 0.9184617025061055, 0.5552639226234061, 0.4041333004107789, 0.8608960554748981
ClockWork, 2.1810080183295475, 2.493858028236886, 1.539840778186619, 0.8616224297040951, 0.20257853007919385, 1.9093761250369554
PREMA, 1.756501188658977, 2.0107818782380416, 1.2429848204988294, 1.140618023365227, 0.20791480978778382, 1.5590296187497323
MPS, 3.886638914337275, 2.8116184203434496, 2.0127028905653868, 1.1448200167335547, 0.19144865573444872, 2.641338048108642
