kind, gpt128v2, yolov2, googlenet, resnet50, vgg19, total
DLIR, 2.708678160832671, 2.1906959811825444, 1.861711511185019, 1.9949374265139899, 1.7708156336821748, 2.105073882292462
OYST, 2.7097526050086485, 2.2499432575706813, 1.9054745646872286, 2.003339922270941, 1.7870588272990617, 2.1308703071148476
ClockWork, 3.3799443412022723, 3.3152988750736787, 2.1394237734251065, 1.6012737363404093, 1.1024409873009728, 2.3081105299513998
PREMA, 2.948573126158904, 2.7171635746368725, 2.0940788930750607, 1.8210421690320262, 1.1018714860691754, 2.137033610925848
MPS, 4.456358542790575, 3.429739042106166, 2.495250116509828, 2.0331999426722542, 1.109348634091386, 2.7046764874419376
