kind, gpt128v2, yolov2, googlenet, resnet50, vgg19, total
DLIR, 5.448208338819156, 4.50423156658763, 5.789896386068649, 3.6783184806524756, 2.7458039640191503, 5.789896386068649
OYST, 5.129625444021588, 4.7144526432696265, 5.293356525559411, 3.8319466707173677, 2.7481778140178923, 5.293356525559411
ClockWork, 13.793250341295806, 11.618744464997878, 8.236438838686315, 4.759435046595327, 2.276167014427744, 13.793250341295806
PREMA, 9.287955226056209, 9.147066528409516, 7.224216427274813, 5.136026879936132, 2.2700420075423837, 9.287955226056209
MPS, 18.812332015552645, 14.964508702482094, 10.525096945172274, 5.307700446499034, 2.149620866959067, 18.812332015552645
