{
    "child_model_execute_cost_by_ms": [
        8.157999992370605
    ],
    "child_model_run_time": [
        [
            11163411,
            11171569
        ]
    ],
    "execute_cost": 8.157999992370605,
    "finish_time": 11171576,
    "limit_cost_by_ms": 7.420666694641113,
    "model_name": "squeezenetv1",
    "recv_time": 11163280,
    "tag": "169",
    "total_cost_by_ms": 8.295999526977539,
    "wait_cost": 0.1379995346069336
}
