{
    "child_model_execute_cost_by_ms": [
        10.670000076293945
    ],
    "child_model_run_time": [
        [
            8246700,
            8257370
        ]
    ],
    "execute_cost": 10.670000076293945,
    "finish_time": 8257373,
    "limit_cost_by_ms": 8.717000007629395,
    "model_name": "googlenet",
    "recv_time": 8232717,
    "tag": "20",
    "total_cost_by_ms": 24.6560001373291,
    "wait_cost": 13.986000061035156
}
