{
    "child_model_execute_cost_by_ms": [
        10.793000221252441
    ],
    "child_model_run_time": [
        [
            11985142,
            11995935
        ]
    ],
    "execute_cost": 10.793000221252441,
    "finish_time": 11995941,
    "limit_cost_by_ms": 8.717000007629395,
    "model_name": "googlenet",
    "recv_time": 11984974,
    "tag": "210",
    "total_cost_by_ms": 10.967000007629395,
    "wait_cost": 0.17399978637695313
}
