{
    "child_model_execute_cost_by_ms": [
        44.79600143432617
    ],
    "child_model_run_time": [
        [
            14901188,
            14945984
        ]
    ],
    "execute_cost": 44.79600143432617,
    "finish_time": 14945990,
    "limit_cost_by_ms": 47.23433303833008,
    "model_name": "vgg19",
    "recv_time": 14893008,
    "tag": "359",
    "total_cost_by_ms": 52.981998443603516,
    "wait_cost": 8.185997009277344
}
