{
    "child_model_execute_cost_by_ms": [
        30.834999084472656
    ],
    "child_model_run_time": [
        [
            18827337,
            18858172
        ]
    ],
    "execute_cost": 30.834999084472656,
    "finish_time": 18858179,
    "limit_cost_by_ms": 7.258999824523926,
    "model_name": "squeezenetv1",
    "recv_time": 18827312,
    "tag": "427",
    "total_cost_by_ms": 30.867000579833984,
    "wait_cost": 0.032001495361328125
}
