{
    "child_model_execute_cost_by_ms": [
        44.566001892089844
    ],
    "child_model_run_time": [
        [
            16219478,
            16264044
        ]
    ],
    "execute_cost": 44.566001892089844,
    "finish_time": 16264048,
    "limit_cost_by_ms": 8.84433364868164,
    "model_name": "googlenet",
    "recv_time": 16219465,
    "tag": "397",
    "total_cost_by_ms": 44.58300018310547,
    "wait_cost": 0.016998291015625
}
