{
    "child_model_execute_cost_by_ms": [
        42.33000183105469
    ],
    "child_model_run_time": [
        [
            22557363,
            22599693
        ]
    ],
    "execute_cost": 42.33000183105469,
    "finish_time": 22599696,
    "limit_cost_by_ms": 7.307333469390869,
    "model_name": "squeezenetv1",
    "recv_time": 22557358,
    "tag": "711",
    "total_cost_by_ms": 42.3380012512207,
    "wait_cost": 0.007999420166015625
}
