{
    "child_model_execute_cost_by_ms": [
        7.5960001945495605
    ],
    "child_model_run_time": [
        [
            24303953,
            24311549
        ]
    ],
    "execute_cost": 7.5960001945495605,
    "finish_time": 24311556,
    "limit_cost_by_ms": 7.307333469390869,
    "model_name": "squeezenetv1",
    "recv_time": 24303937,
    "tag": "800",
    "total_cost_by_ms": 7.61899995803833,
    "wait_cost": 0.02299976348876953
}
