{
    "child_model_execute_cost_by_ms": [
        19.26099967956543
    ],
    "child_model_run_time": [
        [
            24701531,
            24720792
        ]
    ],
    "execute_cost": 19.26099967956543,
    "finish_time": 24720799,
    "limit_cost_by_ms": 19.05266761779785,
    "model_name": "resnet50",
    "recv_time": 24701395,
    "tag": "820",
    "total_cost_by_ms": 19.40399932861328,
    "wait_cost": 0.14299964904785156
}
