{
    "child_model_execute_cost_by_ms": [
        7.447999954223633
    ],
    "child_model_run_time": [
        [
            25353834,
            25361282
        ]
    ],
    "execute_cost": 7.447999954223633,
    "finish_time": 25361285,
    "limit_cost_by_ms": 7.307333469390869,
    "model_name": "squeezenetv1",
    "recv_time": 25353827,
    "tag": "854",
    "total_cost_by_ms": 7.458000183105469,
    "wait_cost": 0.010000228881835938
}
