{
    "child_model_execute_cost_by_ms": [
        7.670000076293945
    ],
    "child_model_run_time": [
        [
            26638053,
            26645723
        ]
    ],
    "execute_cost": 7.670000076293945,
    "finish_time": 26645730,
    "limit_cost_by_ms": 7.307333469390869,
    "model_name": "squeezenetv1",
    "recv_time": 26638046,
    "tag": "918",
    "total_cost_by_ms": 7.684000015258789,
    "wait_cost": 0.01399993896484375
}
