{
    "child_model_execute_cost_by_ms": [
        44.720001220703125
    ],
    "child_model_run_time": [
        [
            14033655,
            14078375
        ]
    ],
    "execute_cost": 44.720001220703125,
    "finish_time": 14078383,
    "limit_cost_by_ms": 47.237335205078125,
    "model_name": "vgg19",
    "recv_time": 14033489,
    "tag": "273",
    "total_cost_by_ms": 44.89400100708008,
    "wait_cost": 0.17399978637695313
}
