{
    "child_model_execute_cost_by_ms": [
        10.649999618530273
    ],
    "child_model_run_time": [
        [
            15180492,
            15191142
        ]
    ],
    "execute_cost": 10.649999618530273,
    "finish_time": 15191148,
    "limit_cost_by_ms": 8.60966682434082,
    "model_name": "googlenet",
    "recv_time": 15161898,
    "tag": "318",
    "total_cost_by_ms": 29.25,
    "wait_cost": 18.600000381469727
}
