{
    "child_model_execute_cost_by_ms": [
        10.213000297546387
    ],
    "child_model_run_time": [
        [
            17465748,
            17475961
        ]
    ],
    "execute_cost": 10.213000297546387,
    "finish_time": 17475970,
    "limit_cost_by_ms": 8.54366683959961,
    "model_name": "googlenet",
    "recv_time": 17465736,
    "tag": "420",
    "total_cost_by_ms": 10.234000205993652,
    "wait_cost": 0.020999908447265625
}
