{
    "child_model_execute_cost_by_ms": [
        9.642999649047852
    ],
    "child_model_run_time": [
        [
            8759422,
            8769065
        ]
    ],
    "execute_cost": 9.642999649047852,
    "finish_time": 8769072,
    "limit_cost_by_ms": 8.54366683959961,
    "model_name": "googlenet",
    "recv_time": 8759255,
    "tag": "43",
    "total_cost_by_ms": 9.817000389099121,
    "wait_cost": 0.17400074005126953
}
