{
    "child_model_execute_cost_by_ms": [
        19.670000076293945
    ],
    "child_model_run_time": [
        [
            17476455,
            17496125
        ]
    ],
    "execute_cost": 19.670000076293945,
    "finish_time": 17496132,
    "limit_cost_by_ms": 18.883333206176758,
    "model_name": "resnet50",
    "recv_time": 17476347,
    "tag": "421",
    "total_cost_by_ms": 19.78499984741211,
    "wait_cost": 0.11499977111816406
}
