{
    "child_model_execute_cost_by_ms": [
        9.90999984741211
    ],
    "child_model_run_time": [
        [
            18704849,
            18714759
        ]
    ],
    "execute_cost": 9.90999984741211,
    "finish_time": 18714771,
    "limit_cost_by_ms": 8.54366683959961,
    "model_name": "googlenet",
    "recv_time": 18704835,
    "tag": "474",
    "total_cost_by_ms": 9.935999870300293,
    "wait_cost": 0.026000022888183594
}
