{
    "child_model_execute_cost_by_ms": [
        18.72100067138672
    ],
    "child_model_run_time": [
        [
            18769272,
            18787993
        ]
    ],
    "execute_cost": 18.72100067138672,
    "finish_time": 18787999,
    "limit_cost_by_ms": 18.883333206176758,
    "model_name": "resnet50",
    "recv_time": 18769175,
    "tag": "477",
    "total_cost_by_ms": 18.823999404907227,
    "wait_cost": 0.10299873352050781
}
