{
    "child_model_execute_cost_by_ms": [
        45.347999572753906
    ],
    "child_model_run_time": [
        [
            18854054,
            18899402
        ]
    ],
    "execute_cost": 45.347999572753906,
    "finish_time": 18899409,
    "limit_cost_by_ms": 47.237335205078125,
    "model_name": "vgg19",
    "recv_time": 18853957,
    "tag": "481",
    "total_cost_by_ms": 45.45199966430664,
    "wait_cost": 0.10400009155273438
}
