{
    "child_model_execute_cost_by_ms": [
        43.784000396728516
    ],
    "child_model_run_time": [
        [
            19153606,
            19197390
        ]
    ],
    "execute_cost": 43.784000396728516,
    "finish_time": 19197397,
    "limit_cost_by_ms": 47.237335205078125,
    "model_name": "vgg19",
    "recv_time": 19153590,
    "tag": "494",
    "total_cost_by_ms": 43.80699920654297,
    "wait_cost": 0.022998809814453125
}
