{
    "child_model_execute_cost_by_ms": [
        19.323999404907227
    ],
    "child_model_run_time": [
        [
            23744526,
            23763850
        ]
    ],
    "execute_cost": 19.323999404907227,
    "finish_time": 23763853,
    "limit_cost_by_ms": 18.888334274291992,
    "model_name": "resnet50",
    "recv_time": 23744520,
    "tag": "688",
    "total_cost_by_ms": 19.33300018310547,
    "wait_cost": 0.009000778198242188
}
