{
    "child_model_execute_cost_by_ms": [
        46.3650016784668
    ],
    "child_model_run_time": [
        [
            24154244,
            24200609
        ]
    ],
    "execute_cost": 46.3650016784668,
    "finish_time": 24200615,
    "limit_cost_by_ms": 47.237335205078125,
    "model_name": "vgg19",
    "recv_time": 24151388,
    "tag": "709",
    "total_cost_by_ms": 49.22700119018555,
    "wait_cost": 2.86199951171875
}
