{
    "child_model_execute_cost_by_ms": [
        9.895000457763672
    ],
    "child_model_run_time": [
        [
            26008859,
            26018754
        ]
    ],
    "execute_cost": 9.895000457763672,
    "finish_time": 26018761,
    "limit_cost_by_ms": 8.54366683959961,
    "model_name": "googlenet",
    "recv_time": 26008760,
    "tag": "788",
    "total_cost_by_ms": 10.00100040435791,
    "wait_cost": 0.10599994659423828
}
