{
    "child_model_execute_cost_by_ms": [
        8.628999710083008
    ],
    "child_model_run_time": [
        [
            27299937,
            27308566
        ]
    ],
    "execute_cost": 8.628999710083008,
    "finish_time": 27308572,
    "limit_cost_by_ms": 7.368666648864746,
    "model_name": "squeezenetv1",
    "recv_time": 27299853,
    "tag": "843",
    "total_cost_by_ms": 8.718999862670898,
    "wait_cost": 0.09000015258789063
}
