{
    "child_model_execute_cost_by_ms": [
        8.425999641418457
    ],
    "child_model_run_time": [
        [
            27471421,
            27479847
        ]
    ],
    "execute_cost": 8.425999641418457,
    "finish_time": 27479858,
    "limit_cost_by_ms": 7.368666648864746,
    "model_name": "squeezenetv1",
    "recv_time": 27471316,
    "tag": "851",
    "total_cost_by_ms": 8.541999816894531,
    "wait_cost": 0.11600017547607422
}
