{
    "child_model_execute_cost_by_ms": [
        44.00600051879883
    ],
    "child_model_run_time": [
        [
            30688166,
            30732172
        ]
    ],
    "execute_cost": 44.00600051879883,
    "finish_time": 30732176,
    "limit_cost_by_ms": 47.237335205078125,
    "model_name": "vgg19",
    "recv_time": 30688074,
    "tag": "990",
    "total_cost_by_ms": 44.10200119018555,
    "wait_cost": 0.09600067138671875
}
