{
    "child_model_execute_cost_by_ms": [
        10.77400016784668
    ],
    "child_model_run_time": [
        [
            28649638,
            28660412
        ]
    ],
    "execute_cost": 10.77400016784668,
    "finish_time": 28660422,
    "limit_cost_by_ms": 9.088333129882813,
    "model_name": "googlenet",
    "recv_time": 28642535,
    "tag": "920",
    "total_cost_by_ms": 17.886999130249023,
    "wait_cost": 7.112998962402344
}
