{
    "child_model_execute_cost_by_ms": [
        9.786999702453613
    ],
    "child_model_run_time": [
        [
            12067330,
            12077117
        ]
    ],
    "execute_cost": 9.786999702453613,
    "finish_time": 12077122,
    "limit_cost_by_ms": 8.714333534240723,
    "model_name": "googlenet",
    "recv_time": 12067317,
    "tag": "164",
    "total_cost_by_ms": 9.805000305175781,
    "wait_cost": 0.01800060272216797
}
