{
    "child_model_execute_cost_by_ms": [
        7.669000148773193
    ],
    "child_model_run_time": [
        [
            13510971,
            13518640
        ]
    ],
    "execute_cost": 7.669000148773193,
    "finish_time": 13518642,
    "limit_cost_by_ms": 7.177999973297119,
    "model_name": "squeezenetv1",
    "recv_time": 13495398,
    "tag": "219",
    "total_cost_by_ms": 23.243999481201172,
    "wait_cost": 15.57499885559082
}
