{
    "child_model_execute_cost_by_ms": [
        18.79400062561035,
        16.964000701904297,
        19.527999877929688
    ],
    "child_model_run_time": [
        [
            14835742,
            14854536
        ],
        [
            14854568,
            14871532
        ],
        [
            14871556,
            14891084
        ]
    ],
    "execute_cost": 55.28600311279297,
    "finish_time": 14891089,
    "limit_cost_by_ms": 46.86666488647461,
    "model_name": "vgg19",
    "recv_time": 14835722,
    "tag": "270",
    "total_cost_by_ms": 55.367000579833984,
    "wait_cost": 0.08099746704101563
}
