{
    "child_model_execute_cost_by_ms": [
        18.724000930786133,
        16.908000946044922,
        19.216999053955078
    ],
    "child_model_run_time": [
        [
            32519420,
            32538144
        ],
        [
            32538192,
            32555100
        ],
        [
            32555190,
            32574407
        ]
    ],
    "execute_cost": 54.849002838134766,
    "finish_time": 32574414,
    "limit_cost_by_ms": 46.86666488647461,
    "model_name": "vgg19",
    "recv_time": 32519259,
    "tag": "932",
    "total_cost_by_ms": 55.154998779296875,
    "wait_cost": 0.3059959411621094
}
