{
    "child_model_execute_cost_by_ms": [
        7.936999797821045
    ],
    "child_model_run_time": [
        [
            11145266,
            11153203
        ]
    ],
    "execute_cost": 7.936999797821045,
    "finish_time": 11153208,
    "limit_cost_by_ms": 7.13433313369751,
    "model_name": "squeezenetv1",
    "recv_time": 11145209,
    "tag": "178",
    "total_cost_by_ms": 7.999000072479248,
    "wait_cost": 0.062000274658203125
}
