{
    "child_model_execute_cost_by_ms": [
        9.449999809265137
    ],
    "child_model_run_time": [
        [
            12464665,
            12474115
        ]
    ],
    "execute_cost": 9.449999809265137,
    "finish_time": 12474122,
    "limit_cost_by_ms": 8.607666969299316,
    "model_name": "googlenet",
    "recv_time": 12464572,
    "tag": "249",
    "total_cost_by_ms": 9.550000190734863,
    "wait_cost": 0.10000038146972656
}
