{
    "child_model_execute_cost_by_ms": [
        9.885000228881836
    ],
    "child_model_run_time": [
        [
            8467506,
            8477391
        ]
    ],
    "execute_cost": 9.885000228881836,
    "finish_time": 8477398,
    "limit_cost_by_ms": 8.607666969299316,
    "model_name": "googlenet",
    "recv_time": 8467488,
    "tag": "33",
    "total_cost_by_ms": 9.90999984741211,
    "wait_cost": 0.024999618530273438
}
