{
    "child_model_execute_cost_by_ms": [
        19.308000564575195
    ],
    "child_model_run_time": [
        [
            8891278,
            8910586
        ]
    ],
    "execute_cost": 19.308000564575195,
    "finish_time": 8910589,
    "limit_cost_by_ms": 18.753999710083008,
    "model_name": "resnet50",
    "recv_time": 8891081,
    "tag": "56",
    "total_cost_by_ms": 19.507999420166016,
    "wait_cost": 0.1999988555908203
}
