{
    "child_model_execute_cost_by_ms": [
        8.480999946594238
    ],
    "child_model_run_time": [
        [
            18746746,
            18755227
        ]
    ],
    "execute_cost": 8.480999946594238,
    "finish_time": 18755233,
    "limit_cost_by_ms": 7.13433313369751,
    "model_name": "squeezenetv1",
    "recv_time": 18746599,
    "tag": "589",
    "total_cost_by_ms": 8.633999824523926,
    "wait_cost": 0.1529998779296875
}
