{
    "child_model_execute_cost_by_ms": [
        28.45400047302246
    ],
    "child_model_run_time": [
        [
            19035564,
            19064018
        ]
    ],
    "execute_cost": 28.45400047302246,
    "finish_time": 19064021,
    "limit_cost_by_ms": 18.753999710083008,
    "model_name": "resnet50",
    "recv_time": 19035550,
    "tag": "605",
    "total_cost_by_ms": 28.47100067138672,
    "wait_cost": 0.017000198364257813
}
