{
    "child_model_execute_cost_by_ms": [
        9.076000213623047
    ],
    "child_model_run_time": [
        [
            21177552,
            21186628
        ]
    ],
    "execute_cost": 9.076000213623047,
    "finish_time": 21186633,
    "limit_cost_by_ms": 8.607666969299316,
    "model_name": "googlenet",
    "recv_time": 21177539,
    "tag": "720",
    "total_cost_by_ms": 9.093999862670898,
    "wait_cost": 0.017999649047851563
}
