{
    "child_model_execute_cost_by_ms": [
        19.420000076293945
    ],
    "child_model_run_time": [
        [
            22877934,
            22897354
        ]
    ],
    "execute_cost": 19.420000076293945,
    "finish_time": 22897360,
    "limit_cost_by_ms": 18.753999710083008,
    "model_name": "resnet50",
    "recv_time": 22877871,
    "tag": "809",
    "total_cost_by_ms": 19.48900032043457,
    "wait_cost": 0.069000244140625
}
