{
    "child_model_execute_cost_by_ms": [
        8.119999885559082
    ],
    "child_model_run_time": [
        [
            19464938,
            19473058
        ]
    ],
    "execute_cost": 8.119999885559082,
    "finish_time": 19473064,
    "limit_cost_by_ms": 7.331999778747559,
    "model_name": "squeezenetv1",
    "recv_time": 19464777,
    "tag": "588",
    "total_cost_by_ms": 8.286999702453613,
    "wait_cost": 0.16699981689453125
}
