{
    "child_model_execute_cost_by_ms": [
        59.832000732421875
    ],
    "child_model_run_time": [
        [
            21737538,
            21797370
        ]
    ],
    "execute_cost": 59.832000732421875,
    "finish_time": 21797376,
    "limit_cost_by_ms": 8.717000007629395,
    "model_name": "googlenet",
    "recv_time": 21737380,
    "tag": "586",
    "total_cost_by_ms": 59.99599838256836,
    "wait_cost": 0.16399765014648438
}
