{
    "child_model_execute_cost_by_ms": [
        19.781999588012695,
        18.3439998626709,
        22.15999984741211
    ],
    "child_model_run_time": [
        [
            24844092,
            24863874
        ],
        [
            24863915,
            24882259
        ],
        [
            24926952,
            24949112
        ]
    ],
    "execute_cost": 60.2859992980957,
    "finish_time": 24949120,
    "limit_cost_by_ms": 47.35933303833008,
    "model_name": "vgg19",
    "recv_time": 24804307,
    "tag": "717",
    "total_cost_by_ms": 144.81300354003906,
    "wait_cost": 84.52700805664063
}
