{
    "child_model_execute_cost_by_ms": [
        8.074000358581543
    ],
    "child_model_run_time": [
        [
            13594737,
            13602811
        ]
    ],
    "execute_cost": 8.074000358581543,
    "finish_time": 13602817,
    "limit_cost_by_ms": 7.063333511352539,
    "model_name": "squeezenetv1",
    "recv_time": 13594571,
    "tag": "250",
    "total_cost_by_ms": 8.246000289916992,
    "wait_cost": 0.17199993133544922
}
