{
    "child_model_execute_cost_by_ms": [
        14.666000366210938,
        8.788000106811523
    ],
    "child_model_run_time": [
        [
            15204599,
            15219265
        ],
        [
            15219301,
            15228089
        ]
    ],
    "execute_cost": 23.45400047302246,
    "finish_time": 15228096,
    "limit_cost_by_ms": 18.882333755493164,
    "model_name": "resnet50",
    "recv_time": 15204505,
    "tag": "321",
    "total_cost_by_ms": 23.590999603271484,
    "wait_cost": 0.13699913024902344
}
