{
    "child_model_execute_cost_by_ms": [
        8.237000465393066
    ],
    "child_model_run_time": [
        [
            26603809,
            26612046
        ]
    ],
    "execute_cost": 8.237000465393066,
    "finish_time": 26612058,
    "limit_cost_by_ms": 7.063333511352539,
    "model_name": "squeezenetv1",
    "recv_time": 26603700,
    "tag": "810",
    "total_cost_by_ms": 8.357999801635742,
    "wait_cost": 0.12099933624267578
}
