{
    "child_model_execute_cost_by_ms": [
        13.52400016784668
    ],
    "child_model_run_time": [
        [
            18030826,
            18044350
        ]
    ],
    "execute_cost": 13.52400016784668,
    "finish_time": 18044362,
    "limit_cost_by_ms": 7.025000095367432,
    "model_name": "gpt128v2",
    "recv_time": 18030815,
    "tag": "2",
    "total_cost_by_ms": 13.54699993133545,
    "wait_cost": 0.02299976348876953
}
