{
    "child_model_execute_cost_by_ms": [
        7.307000160217285
    ],
    "child_model_run_time": [
        [
            20099870,
            20107177
        ]
    ],
    "execute_cost": 7.307000160217285,
    "finish_time": 20107182,
    "limit_cost_by_ms": 6.007999897003174,
    "model_name": "yolov2",
    "recv_time": 20082819,
    "tag": "104",
    "total_cost_by_ms": 24.363000869750977,
    "wait_cost": 17.055999755859375
}
