{
    "child_model_execute_cost_by_ms": [
        6.888000011444092
    ],
    "child_model_run_time": [
        [
            20898246,
            20905134
        ]
    ],
    "execute_cost": 6.888000011444092,
    "finish_time": 20905137,
    "limit_cost_by_ms": 6.007999897003174,
    "model_name": "yolov2",
    "recv_time": 20887973,
    "tag": "144",
    "total_cost_by_ms": 17.163999557495117,
    "wait_cost": 10.275999069213867
}
