{
    "child_model_execute_cost_by_ms": [
        6.400000095367432
    ],
    "child_model_run_time": [
        [
            21458449,
            21464849
        ]
    ],
    "execute_cost": 6.400000095367432,
    "finish_time": 21464854,
    "limit_cost_by_ms": 6.007999897003174,
    "model_name": "yolov2",
    "recv_time": 21458159,
    "tag": "173",
    "total_cost_by_ms": 6.695000171661377,
    "wait_cost": 0.2950000762939453
}
