{
    "child_model_execute_cost_by_ms": [
        26.645999908447266
    ],
    "child_model_run_time": [
        [
            18044400,
            18071046
        ]
    ],
    "execute_cost": 26.645999908447266,
    "finish_time": 18071051,
    "limit_cost_by_ms": 18.94099998474121,
    "model_name": "resnet50",
    "recv_time": 18030311,
    "tag": "3",
    "total_cost_by_ms": 40.7400016784668,
    "wait_cost": 14.094001770019531
}
