{
    "child_model_execute_cost_by_ms": [
        44.70100021362305
    ],
    "child_model_run_time": [
        [
            24532900,
            24577601
        ]
    ],
    "execute_cost": 44.70100021362305,
    "finish_time": 24577606,
    "limit_cost_by_ms": 46.461334228515625,
    "model_name": "vgg19",
    "recv_time": 24532841,
    "tag": "329",
    "total_cost_by_ms": 44.76499938964844,
    "wait_cost": 0.06399917602539063
}
