{
    "child_model_execute_cost_by_ms": [
        45.334999084472656
    ],
    "child_model_run_time": [
        [
            27065091,
            27110426
        ]
    ],
    "execute_cost": 45.334999084472656,
    "finish_time": 27110431,
    "limit_cost_by_ms": 46.461334228515625,
    "model_name": "vgg19",
    "recv_time": 27065031,
    "tag": "456",
    "total_cost_by_ms": 45.400001525878906,
    "wait_cost": 0.06500244140625
}
