{
    "child_model_execute_cost_by_ms": [
        9.980999946594238
    ],
    "child_model_run_time": [
        [
            27334970,
            27344951
        ]
    ],
    "execute_cost": 9.980999946594238,
    "finish_time": 27344956,
    "limit_cost_by_ms": 9.269000053405762,
    "model_name": "googlenet",
    "recv_time": 27334870,
    "tag": "469",
    "total_cost_by_ms": 10.086000442504883,
    "wait_cost": 0.10500049591064453
}
