{
    "child_model_execute_cost_by_ms": [
        45.814998626708984
    ],
    "child_model_run_time": [
        [
            31851615,
            31897430
        ]
    ],
    "execute_cost": 45.814998626708984,
    "finish_time": 31897433,
    "limit_cost_by_ms": 46.461334228515625,
    "model_name": "vgg19",
    "recv_time": 31851559,
    "tag": "696",
    "total_cost_by_ms": 45.874000549316406,
    "wait_cost": 0.059001922607421875
}
