{
    "child_model_execute_cost_by_ms": [
        11.918999671936035
    ],
    "child_model_run_time": [
        [
            33910730,
            33922649
        ]
    ],
    "execute_cost": 11.918999671936035,
    "finish_time": 33922658,
    "limit_cost_by_ms": 9.269000053405762,
    "model_name": "googlenet",
    "recv_time": 33898298,
    "tag": "797",
    "total_cost_by_ms": 24.360000610351563,
    "wait_cost": 12.441000938415527
}
