{
    "child_model_execute_cost_by_ms": [
        10.645999908447266
    ],
    "child_model_run_time": [
        [
            34009808,
            34020454
        ]
    ],
    "execute_cost": 10.645999908447266,
    "finish_time": 34020459,
    "limit_cost_by_ms": 9.269000053405762,
    "model_name": "googlenet",
    "recv_time": 34009737,
    "tag": "802",
    "total_cost_by_ms": 10.722000122070313,
    "wait_cost": 0.07600021362304688
}
