{
    "child_model_execute_cost_by_ms": [
        10.116999626159668
    ],
    "child_model_run_time": [
        [
            35432424,
            35442541
        ]
    ],
    "execute_cost": 10.116999626159668,
    "finish_time": 35442544,
    "limit_cost_by_ms": 9.269000053405762,
    "model_name": "googlenet",
    "recv_time": 35382023,
    "tag": "872",
    "total_cost_by_ms": 60.520999908447266,
    "wait_cost": 50.40399932861328
}
