{
    "child_model_execute_cost_by_ms": [
        13.932999610900879
    ],
    "child_model_run_time": [
        [
            37137416,
            37151349
        ]
    ],
    "execute_cost": 13.932999610900879,
    "finish_time": 37151354,
    "limit_cost_by_ms": 7.025000095367432,
    "model_name": "gpt128v2",
    "recv_time": 37120056,
    "tag": "956",
    "total_cost_by_ms": 31.29800033569336,
    "wait_cost": 17.365001678466797
}
