{
    "child_model_execute_cost_by_ms": [
        19.2189998626709
    ],
    "child_model_run_time": [
        [
            37171853,
            37191072
        ]
    ],
    "execute_cost": 19.2189998626709,
    "finish_time": 37191076,
    "limit_cost_by_ms": 18.94099998474121,
    "model_name": "resnet50",
    "recv_time": 37171811,
    "tag": "959",
    "total_cost_by_ms": 19.264999389648438,
    "wait_cost": 0.04599952697753906
}
