{
    "child_model_execute_cost_by_ms": [
        10.413000106811523
    ],
    "child_model_run_time": [
        [
            10164842,
            10175255
        ]
    ],
    "execute_cost": 10.413000106811523,
    "finish_time": 10175262,
    "limit_cost_by_ms": 8.749666213989258,
    "model_name": "googlenet",
    "recv_time": 10164821,
    "tag": "114",
    "total_cost_by_ms": 10.440999984741211,
    "wait_cost": 0.0279998779296875
}
