{
    "child_model_execute_cost_by_ms": [
        20.200000762939453
    ],
    "child_model_run_time": [
        [
            8243032,
            8263232
        ]
    ],
    "execute_cost": 20.200000762939453,
    "finish_time": 8263237,
    "limit_cost_by_ms": 18.954666137695313,
    "model_name": "resnet50",
    "recv_time": 8242853,
    "tag": "21",
    "total_cost_by_ms": 20.384000778198242,
    "wait_cost": 0.18400001525878906
}
