{
    "child_model_execute_cost_by_ms": [
        8.409000396728516
    ],
    "child_model_run_time": [
        [
            12981189,
            12989598
        ]
    ],
    "execute_cost": 8.409000396728516,
    "finish_time": 12989602,
    "limit_cost_by_ms": 7.206666469573975,
    "model_name": "squeezenetv1",
    "recv_time": 12981079,
    "tag": "251",
    "total_cost_by_ms": 8.52299976348877,
    "wait_cost": 0.1139993667602539
}
