{
    "child_model_execute_cost_by_ms": [
        75.11100006103516
    ],
    "child_model_run_time": [
        [
            14630645,
            14705756
        ]
    ],
    "execute_cost": 75.11100006103516,
    "finish_time": 14705760,
    "limit_cost_by_ms": 46.89400100708008,
    "model_name": "vgg19",
    "recv_time": 14630487,
    "tag": "332",
    "total_cost_by_ms": 75.27300262451172,
    "wait_cost": 0.1620025634765625
}
