{
    "child_model_execute_cost_by_ms": [
        17.459999084472656
    ],
    "child_model_run_time": [
        [
            17578805,
            17596265
        ]
    ],
    "execute_cost": 17.459999084472656,
    "finish_time": 17596270,
    "limit_cost_by_ms": 7.206666469573975,
    "model_name": "squeezenetv1",
    "recv_time": 17578643,
    "tag": "476",
    "total_cost_by_ms": 17.62700080871582,
    "wait_cost": 0.16700172424316406
}
