{
    "child_model_execute_cost_by_ms": [
        44.861000061035156
    ],
    "child_model_run_time": [
        [
            19916953,
            19961814
        ]
    ],
    "execute_cost": 44.861000061035156,
    "finish_time": 19961820,
    "limit_cost_by_ms": 46.89400100708008,
    "model_name": "vgg19",
    "recv_time": 19916781,
    "tag": "590",
    "total_cost_by_ms": 45.03900146484375,
    "wait_cost": 0.17800140380859375
}
