{
    "child_model_execute_cost_by_ms": [
        7.349999904632568
    ],
    "child_model_run_time": [
        [
            9061907,
            9069257
        ]
    ],
    "execute_cost": 7.349999904632568,
    "finish_time": 9069262,
    "limit_cost_by_ms": 7.177999973297119,
    "model_name": "squeezenetv1",
    "recv_time": 9061819,
    "tag": "50",
    "total_cost_by_ms": 7.442999839782715,
    "wait_cost": 0.09299993515014648
}
