{
    "child_model_execute_cost_by_ms": [
        18.952999114990234,
        19.211000442504883,
        19.99799919128418
    ],
    "child_model_run_time": [
        [
            31196805,
            31215758
        ],
        [
            31248413,
            31267624
        ],
        [
            31267671,
            31287669
        ]
    ],
    "execute_cost": 58.16200256347656,
    "finish_time": 31287676,
    "limit_cost_by_ms": 46.86666488647461,
    "model_name": "vgg19",
    "recv_time": 31196633,
    "tag": "882",
    "total_cost_by_ms": 91.04299926757813,
    "wait_cost": 32.88099670410156
}
