{
    "child_model_execute_cost_by_ms": [
        18.937000274658203,
        17.115999221801758,
        19.464000701904297
    ],
    "child_model_run_time": [
        [
            32430838,
            32449775
        ],
        [
            32449819,
            32466935
        ],
        [
            32466956,
            32486420
        ]
    ],
    "execute_cost": 55.51700210571289,
    "finish_time": 32486426,
    "limit_cost_by_ms": 46.86666488647461,
    "model_name": "vgg19",
    "recv_time": 32430666,
    "tag": "929",
    "total_cost_by_ms": 55.7599983215332,
    "wait_cost": 0.2429962158203125
}
