{
    "child_model_execute_cost_by_ms": [
        43.73699951171875
    ],
    "child_model_run_time": [
        [
            12097721,
            12141458
        ]
    ],
    "execute_cost": 43.73699951171875,
    "finish_time": 12141467,
    "limit_cost_by_ms": 7.290333271026611,
    "model_name": "squeezenetv1",
    "recv_time": 12097690,
    "tag": "155",
    "total_cost_by_ms": 43.777000427246094,
    "wait_cost": 0.04000091552734375
}
