{
    "child_model_execute_cost_by_ms": [
        16.875999450683594
    ],
    "child_model_run_time": [
        [
            15468276,
            15485152
        ]
    ],
    "execute_cost": 16.875999450683594,
    "finish_time": 15485154,
    "limit_cost_by_ms": 8.817999839782715,
    "model_name": "googlenet",
    "recv_time": 15468253,
    "tag": "294",
    "total_cost_by_ms": 16.900999069213867,
    "wait_cost": 0.024999618530273438
}
