{
    "child_model_execute_cost_by_ms": [
        19.591999053955078
    ],
    "child_model_run_time": [
        [
            21234269,
            21253861
        ]
    ],
    "execute_cost": 19.591999053955078,
    "finish_time": 21253866,
    "limit_cost_by_ms": 19.028667449951172,
    "model_name": "resnet50",
    "recv_time": 21234260,
    "tag": "533",
    "total_cost_by_ms": 19.606000900268555,
    "wait_cost": 0.014001846313476563
}
