{
    "child_model_execute_cost_by_ms": [
        47.4109992980957
    ],
    "child_model_run_time": [
        [
            29001044,
            29048455
        ]
    ],
    "execute_cost": 47.4109992980957,
    "finish_time": 29048461,
    "limit_cost_by_ms": 7.290333271026611,
    "model_name": "squeezenetv1",
    "recv_time": 29001038,
    "tag": "839",
    "total_cost_by_ms": 47.42300033569336,
    "wait_cost": 0.01200103759765625
}
