{
    "child_model_execute_cost_by_ms": [
        18.743999481201172,
        16.83799934387207,
        19.541000366210938
    ],
    "child_model_run_time": [
        [
            31204396,
            31223140
        ],
        [
            31223178,
            31240016
        ],
        [
            31240032,
            31259573
        ]
    ],
    "execute_cost": 55.12300109863281,
    "finish_time": 31259579,
    "limit_cost_by_ms": 46.553001403808594,
    "model_name": "vgg19",
    "recv_time": 31204341,
    "tag": "861",
    "total_cost_by_ms": 55.237998962402344,
    "wait_cost": 0.11499786376953125
}
