{
    "child_model_execute_cost_by_ms": [
        14.781999588012695,
        8.571000099182129
    ],
    "child_model_run_time": [
        [
            8955550,
            8970332
        ],
        [
            8970377,
            8978948
        ]
    ],
    "execute_cost": 23.35300064086914,
    "finish_time": 8978954,
    "limit_cost_by_ms": 18.637666702270508,
    "model_name": "resnet50",
    "recv_time": 8955367,
    "tag": "56",
    "total_cost_by_ms": 23.586999893188477,
    "wait_cost": 0.23399925231933594
}
