{
    "child_model_execute_cost_by_ms": [
        14.836000442504883,
        8.428999900817871
    ],
    "child_model_run_time": [
        [
            19575048,
            19589884
        ],
        [
            19589973,
            19598402
        ]
    ],
    "execute_cost": 23.264999389648438,
    "finish_time": 19598406,
    "limit_cost_by_ms": 18.637666702270508,
    "model_name": "resnet50",
    "recv_time": 19574862,
    "tag": "558",
    "total_cost_by_ms": 23.54400062561035,
    "wait_cost": 0.27900123596191406
}
