{
    "child_model_execute_cost_by_ms": [
        16.910999298095703,
        16.301000595092773,
        19.327999114990234
    ],
    "child_model_run_time": [
        [
            19940997,
            19957908
        ],
        [
            19957992,
            19974293
        ],
        [
            19974376,
            19993704
        ]
    ],
    "execute_cost": 52.53999710083008,
    "finish_time": 19993715,
    "limit_cost_by_ms": 46.044334411621094,
    "model_name": "vgg19",
    "recv_time": 19940913,
    "tag": "577",
    "total_cost_by_ms": 52.801998138427734,
    "wait_cost": 0.26200103759765625
}
