{
    "child_model_execute_cost_by_ms": [
        8.92300033569336
    ],
    "child_model_run_time": [
        [
            21913622,
            21922545
        ]
    ],
    "execute_cost": 8.92300033569336,
    "finish_time": 21922550,
    "limit_cost_by_ms": 7.154666900634766,
    "model_name": "squeezenetv1",
    "recv_time": 21900358,
    "tag": "669",
    "total_cost_by_ms": 22.191999435424805,
    "wait_cost": 13.268999099731445
}
