{
    "child_model_execute_cost_by_ms": [
        46.61000061035156
    ],
    "child_model_run_time": [
        [
            9518793,
            9565403
        ]
    ],
    "execute_cost": 46.61000061035156,
    "finish_time": 9565410,
    "limit_cost_by_ms": 47.23899841308594,
    "model_name": "vgg19",
    "recv_time": 9490149,
    "tag": "70",
    "total_cost_by_ms": 75.26100158691406,
    "wait_cost": 28.6510009765625
}
