{
    "child_model_execute_cost_by_ms": [
        17.788000106811523,
        18.209999084472656,
        20.31999969482422
    ],
    "child_model_run_time": [
        [
            16446906,
            16464694
        ],
        [
            16488416,
            16506626
        ],
        [
            16514379,
            16534699
        ]
    ],
    "execute_cost": 56.31800079345703,
    "finish_time": 16534708,
    "limit_cost_by_ms": 47.05400085449219,
    "model_name": "vgg19",
    "recv_time": 16446784,
    "tag": "315",
    "total_cost_by_ms": 87.92400360107422,
    "wait_cost": 31.606002807617188
}
