{
    "child_model_execute_cost_by_ms": [
        18.719999313354492,
        19.250999450683594,
        20.655000686645508
    ],
    "child_model_run_time": [
        [
            21537594,
            21556314
        ],
        [
            21598481,
            21617732
        ],
        [
            21617784,
            21638439
        ]
    ],
    "execute_cost": 58.625999450683594,
    "finish_time": 21638446,
    "limit_cost_by_ms": 47.05400085449219,
    "model_name": "vgg19",
    "recv_time": 21537518,
    "tag": "502",
    "total_cost_by_ms": 100.9280014038086,
    "wait_cost": 42.302001953125
}
