{
    "child_model_execute_cost_by_ms": [
        10.48900032043457
    ],
    "child_model_run_time": [
        [
            31534610,
            31545099
        ]
    ],
    "execute_cost": 10.48900032043457,
    "finish_time": 31545105,
    "limit_cost_by_ms": 8.79800033569336,
    "model_name": "googlenet",
    "recv_time": 31534456,
    "tag": "864",
    "total_cost_by_ms": 10.64900016784668,
    "wait_cost": 0.15999984741210938
}
