{
    "child_model_execute_cost_by_ms": [
        72.35399627685547
    ],
    "child_model_run_time": [
        [
            21402387,
            21474741
        ]
    ],
    "execute_cost": 72.35399627685547,
    "finish_time": 21474745,
    "limit_cost_by_ms": 9.03933334350586,
    "model_name": "googlenet",
    "recv_time": 21402334,
    "tag": "156",
    "total_cost_by_ms": 72.41100311279297,
    "wait_cost": 0.0570068359375
}
