{
    "child_model_execute_cost_by_ms": [
        52.14400100708008
    ],
    "child_model_run_time": [
        [
            27183573,
            27235717
        ]
    ],
    "execute_cost": 52.14400100708008,
    "finish_time": 27235719,
    "limit_cost_by_ms": 46.551334381103516,
    "model_name": "vgg19",
    "recv_time": 27183473,
    "tag": "425",
    "total_cost_by_ms": 52.24599838256836,
    "wait_cost": 0.10199737548828125
}
