{
    "child_model_execute_cost_by_ms": [
        47.02399826049805
    ],
    "child_model_run_time": [
        [
            34609324,
            34656348
        ]
    ],
    "execute_cost": 47.02399826049805,
    "finish_time": 34656351,
    "limit_cost_by_ms": 46.551334381103516,
    "model_name": "vgg19",
    "recv_time": 34609318,
    "tag": "766",
    "total_cost_by_ms": 47.03300094604492,
    "wait_cost": 0.009002685546875
}
