{
    "child_model_execute_cost_by_ms": [
        42.91600036621094
    ],
    "child_model_run_time": [
        [
            35471055,
            35513971
        ]
    ],
    "execute_cost": 42.91600036621094,
    "finish_time": 35513976,
    "limit_cost_by_ms": 6.98466682434082,
    "model_name": "gpt128v2",
    "recv_time": 35471015,
    "tag": "805",
    "total_cost_by_ms": 42.96099853515625,
    "wait_cost": 0.0449981689453125
}
