{
    "child_model_execute_cost_by_ms": [
        17.724000930786133
    ],
    "child_model_run_time": [
        [
            19814025,
            19831749
        ]
    ],
    "execute_cost": 17.724000930786133,
    "finish_time": 19831753,
    "limit_cost_by_ms": 9.03933334350586,
    "model_name": "googlenet",
    "recv_time": 19814012,
    "tag": "86",
    "total_cost_by_ms": 17.740999221801758,
    "wait_cost": 0.016998291015625
}
