{
    "child_model_execute_cost_by_ms": [
        15.074000358581543
    ],
    "child_model_run_time": [
        [
            37926736,
            37941810
        ]
    ],
    "execute_cost": 15.074000358581543,
    "finish_time": 37941814,
    "limit_cost_by_ms": 6.038666725158691,
    "model_name": "yolov2",
    "recv_time": 37926682,
    "tag": "920",
    "total_cost_by_ms": 15.131999969482422,
    "wait_cost": 0.057999610900878906
}
