{
    "child_model_execute_cost_by_ms": [
        40.78300094604492
    ],
    "child_model_run_time": [
        [
            37993279,
            38034062
        ]
    ],
    "execute_cost": 40.78300094604492,
    "finish_time": 38034064,
    "limit_cost_by_ms": 9.03933334350586,
    "model_name": "googlenet",
    "recv_time": 37993228,
    "tag": "922",
    "total_cost_by_ms": 40.83599853515625,
    "wait_cost": 0.052997589111328125
}
