{
    "child_model_execute_cost_by_ms": [
        21.368000030517578,
        17.0049991607666,
        19.777999877929688
    ],
    "child_model_run_time": [
        [
            24710990,
            24732358
        ],
        [
            24732383,
            24749388
        ],
        [
            24794138,
            24813916
        ]
    ],
    "execute_cost": 58.1510009765625,
    "finish_time": 24813919,
    "limit_cost_by_ms": 46.40800094604492,
    "model_name": "vgg19",
    "recv_time": 24699952,
    "tag": "285",
    "total_cost_by_ms": 113.96700286865234,
    "wait_cost": 55.816001892089844
}
