{
    "child_model_execute_cost_by_ms": [
        13.46500015258789
    ],
    "child_model_run_time": [
        [
            34250939,
            34264404
        ]
    ],
    "execute_cost": 13.46500015258789,
    "finish_time": 34264415,
    "limit_cost_by_ms": 7.049666881561279,
    "model_name": "gpt128v2",
    "recv_time": 34240889,
    "tag": "689",
    "total_cost_by_ms": 23.525999069213867,
    "wait_cost": 10.060998916625977
}
