{
    "child_model_execute_cost_by_ms": [
        12.222000122070313
    ],
    "child_model_run_time": [
        [
            20335100,
            20347322
        ]
    ],
    "execute_cost": 12.222000122070313,
    "finish_time": 20347327,
    "limit_cost_by_ms": 7.049666881561279,
    "model_name": "gpt128v2",
    "recv_time": 20335047,
    "tag": "95",
    "total_cost_by_ms": 12.279999732971191,
    "wait_cost": 0.057999610900878906
}
