{
    "child_model_execute_cost_by_ms": [
        7.879000186920166
    ],
    "child_model_run_time": [
        [
            11425853,
            11433732
        ]
    ],
    "execute_cost": 7.879000186920166,
    "finish_time": 11433739,
    "limit_cost_by_ms": 7.303666591644287,
    "model_name": "squeezenetv1",
    "recv_time": 11425754,
    "tag": "148",
    "total_cost_by_ms": 7.985000133514404,
    "wait_cost": 0.10599994659423828
}
