{
    "child_model_execute_cost_by_ms": [
        8.112000465393066
    ],
    "child_model_run_time": [
        [
            16429149,
            16437261
        ]
    ],
    "execute_cost": 8.112000465393066,
    "finish_time": 16437270,
    "limit_cost_by_ms": 7.303666591644287,
    "model_name": "squeezenetv1",
    "recv_time": 16429059,
    "tag": "397",
    "total_cost_by_ms": 8.211000442504883,
    "wait_cost": 0.0989999771118164
}
