{
    "child_model_execute_cost_by_ms": [
        10.168999671936035
    ],
    "child_model_run_time": [
        [
            18945784,
            18955953
        ]
    ],
    "execute_cost": 10.168999671936035,
    "finish_time": 18955960,
    "limit_cost_by_ms": 8.756333351135254,
    "model_name": "googlenet",
    "recv_time": 18945741,
    "tag": "520",
    "total_cost_by_ms": 10.218999862670898,
    "wait_cost": 0.05000019073486328
}
