{
    "child_model_execute_cost_by_ms": [
        9.793999671936035
    ],
    "child_model_run_time": [
        [
            21937551,
            21947345
        ]
    ],
    "execute_cost": 9.793999671936035,
    "finish_time": 21947353,
    "limit_cost_by_ms": 8.756333351135254,
    "model_name": "googlenet",
    "recv_time": 21937400,
    "tag": "669",
    "total_cost_by_ms": 9.95300006866455,
    "wait_cost": 0.15900039672851563
}
