{
    "child_model_execute_cost_by_ms": [
        18.815000534057617
    ],
    "child_model_run_time": [
        [
            26566362,
            26585177
        ]
    ],
    "execute_cost": 18.815000534057617,
    "finish_time": 26585184,
    "limit_cost_by_ms": 19.02899932861328,
    "model_name": "resnet50",
    "recv_time": 26566351,
    "tag": "900",
    "total_cost_by_ms": 18.83300018310547,
    "wait_cost": 0.017999649047851563
}
