{
    "child_model_execute_cost_by_ms": [
        10.050000190734863
    ],
    "child_model_run_time": [
        [
            10912162,
            10922212
        ]
    ],
    "execute_cost": 10.050000190734863,
    "finish_time": 10922224,
    "limit_cost_by_ms": 8.864666938781738,
    "model_name": "googlenet",
    "recv_time": 10894678,
    "tag": "105",
    "total_cost_by_ms": 27.54599952697754,
    "wait_cost": 17.49599838256836
}
