{
    "child_model_execute_cost_by_ms": [
        9.71500015258789
    ],
    "child_model_run_time": [
        [
            29089264,
            29098979
        ]
    ],
    "execute_cost": 9.71500015258789,
    "finish_time": 29098986,
    "limit_cost_by_ms": 8.864666938781738,
    "model_name": "googlenet",
    "recv_time": 29082046,
    "tag": "730",
    "total_cost_by_ms": 16.940000534057617,
    "wait_cost": 7.225000381469727
}
