{
    "child_model_execute_cost_by_ms": [
        17.22800064086914,
        17.259000778198242,
        21.336999893188477
    ],
    "child_model_run_time": [
        [
            34300763,
            34317991
        ],
        [
            34318033,
            34335292
        ],
        [
            34379701,
            34401038
        ]
    ],
    "execute_cost": 55.823997497558594,
    "finish_time": 34401042,
    "limit_cost_by_ms": 47.2313346862793,
    "model_name": "vgg19",
    "recv_time": 34300616,
    "tag": "906",
    "total_cost_by_ms": 100.4260025024414,
    "wait_cost": 44.60200500488281
}
