{
    "child_model_execute_cost_by_ms": [
        15.41100025177002,
        9.104000091552734
    ],
    "child_model_run_time": [
        [
            35919293,
            35934704
        ],
        [
            35934791,
            35943895
        ]
    ],
    "execute_cost": 24.514999389648438,
    "finish_time": 35943898,
    "limit_cost_by_ms": 19.04133415222168,
    "model_name": "resnet50",
    "recv_time": 35908352,
    "tag": "961",
    "total_cost_by_ms": 35.54600143432617,
    "wait_cost": 11.031002044677734
}
