{
    "child_model_execute_cost_by_ms": [
        19.865999221801758
    ],
    "child_model_run_time": [
        [
            12039848,
            12059714
        ]
    ],
    "execute_cost": 19.865999221801758,
    "finish_time": 12059720,
    "limit_cost_by_ms": 18.652000427246094,
    "model_name": "resnet50",
    "recv_time": 12039834,
    "tag": "215",
    "total_cost_by_ms": 19.88599967956543,
    "wait_cost": 0.020000457763671875
}
