{
    "child_model_execute_cost_by_ms": [
        8.276000022888184
    ],
    "child_model_run_time": [
        [
            23708499,
            23716775
        ]
    ],
    "execute_cost": 8.276000022888184,
    "finish_time": 23716780,
    "limit_cost_by_ms": 7.191666603088379,
    "model_name": "squeezenetv1",
    "recv_time": 23708374,
    "tag": "795",
    "total_cost_by_ms": 8.406000137329102,
    "wait_cost": 0.13000011444091797
}
