{
    "child_model_execute_cost_by_ms": [
        8.178000450134277
    ],
    "child_model_run_time": [
        [
            24686593,
            24694771
        ]
    ],
    "execute_cost": 8.178000450134277,
    "finish_time": 24694779,
    "limit_cost_by_ms": 7.191666603088379,
    "model_name": "squeezenetv1",
    "recv_time": 24686477,
    "tag": "843",
    "total_cost_by_ms": 8.302000045776367,
    "wait_cost": 0.12399959564208984
}
