{
    "child_model_execute_cost_by_ms": [
        8.920000076293945
    ],
    "child_model_run_time": [
        [
            20329461,
            20338381
        ]
    ],
    "execute_cost": 8.920000076293945,
    "finish_time": 20338393,
    "limit_cost_by_ms": 7.294000148773193,
    "model_name": "squeezenetv1",
    "recv_time": 20311910,
    "tag": "572",
    "total_cost_by_ms": 26.482999801635742,
    "wait_cost": 17.562999725341797
}
