{
    "child_model_execute_cost_by_ms": [
        8.34000015258789
    ],
    "child_model_run_time": [
        [
            25093934,
            25102274
        ]
    ],
    "execute_cost": 8.34000015258789,
    "finish_time": 25102279,
    "limit_cost_by_ms": 7.294000148773193,
    "model_name": "squeezenetv1",
    "recv_time": 25084539,
    "tag": "788",
    "total_cost_by_ms": 17.739999771118164,
    "wait_cost": 9.399999618530273
}
