{
    "child_model_execute_cost_by_ms": [
        10.552000045776367
    ],
    "child_model_run_time": [
        [
            26791254,
            26801806
        ]
    ],
    "execute_cost": 10.552000045776367,
    "finish_time": 26801813,
    "limit_cost_by_ms": 8.589666366577148,
    "model_name": "googlenet",
    "recv_time": 26773165,
    "tag": "865",
    "total_cost_by_ms": 28.648000717163086,
    "wait_cost": 18.09600067138672
}
