{
    "child_model_execute_cost_by_ms": [
        8.10099983215332
    ],
    "child_model_run_time": [
        [
            16629742,
            16637843
        ]
    ],
    "execute_cost": 8.10099983215332,
    "finish_time": 16637848,
    "limit_cost_by_ms": 7.227666854858398,
    "model_name": "squeezenetv1",
    "recv_time": 16629632,
    "tag": "359",
    "total_cost_by_ms": 8.215999603271484,
    "wait_cost": 0.11499977111816406
}
