{
    "child_model_execute_cost_by_ms": [
        8.276000022888184
    ],
    "child_model_run_time": [
        [
            22095635,
            22103911
        ]
    ],
    "execute_cost": 8.276000022888184,
    "finish_time": 22103916,
    "limit_cost_by_ms": 7.227666854858398,
    "model_name": "squeezenetv1",
    "recv_time": 22095616,
    "tag": "582",
    "total_cost_by_ms": 8.300000190734863,
    "wait_cost": 0.024000167846679688
}
