{
    "child_model_execute_cost_by_ms": [
        44.10300064086914
    ],
    "child_model_run_time": [
        [
            24053882,
            24097985
        ]
    ],
    "execute_cost": 44.10300064086914,
    "finish_time": 24097989,
    "limit_cost_by_ms": 47.05099868774414,
    "model_name": "vgg19",
    "recv_time": 24053867,
    "tag": "664",
    "total_cost_by_ms": 44.12200164794922,
    "wait_cost": 0.019001007080078125
}
