{
    "child_model_execute_cost_by_ms": [
        19.22599983215332
    ],
    "child_model_run_time": [
        [
            9504111,
            9523337
        ]
    ],
    "execute_cost": 19.22599983215332,
    "finish_time": 9523342,
    "limit_cost_by_ms": 19.13599967956543,
    "model_name": "resnet50",
    "recv_time": 9504101,
    "tag": "68",
    "total_cost_by_ms": 19.240999221801758,
    "wait_cost": 0.0149993896484375
}
