{
    "child_model_execute_cost_by_ms": [
        43.632999420166016
    ],
    "child_model_run_time": [
        [
            25227092,
            25270725
        ]
    ],
    "execute_cost": 43.632999420166016,
    "finish_time": 25270730,
    "limit_cost_by_ms": 47.05099868774414,
    "model_name": "vgg19",
    "recv_time": 25226929,
    "tag": "712",
    "total_cost_by_ms": 43.80099868774414,
    "wait_cost": 0.167999267578125
}
