{
    "child_model_execute_cost_by_ms": [
        24.110000610351563
    ],
    "child_model_run_time": [
        [
            28027819,
            28051929
        ]
    ],
    "execute_cost": 24.110000610351563,
    "finish_time": 28051934,
    "limit_cost_by_ms": 7.227666854858398,
    "model_name": "squeezenetv1",
    "recv_time": 28027704,
    "tag": "827",
    "total_cost_by_ms": 24.229999542236328,
    "wait_cost": 0.11999893188476563
}
