{
    "child_model_execute_cost_by_ms": [
        42.98400115966797
    ],
    "child_model_run_time": [
        [
            29953214,
            29996198
        ]
    ],
    "execute_cost": 42.98400115966797,
    "finish_time": 29996202,
    "limit_cost_by_ms": 19.13599967956543,
    "model_name": "resnet50",
    "recv_time": 29953202,
    "tag": "907",
    "total_cost_by_ms": 43.0,
    "wait_cost": 0.01599884033203125
}
