{
    "child_model_execute_cost_by_ms": [
        10.057999610900879
    ],
    "child_model_run_time": [
        [
            11818391,
            11828449
        ]
    ],
    "execute_cost": 10.057999610900879,
    "finish_time": 11828458,
    "limit_cost_by_ms": 8.993332862854004,
    "model_name": "googlenet",
    "recv_time": 11818307,
    "tag": "180",
    "total_cost_by_ms": 10.151000022888184,
    "wait_cost": 0.09300041198730469
}
