{
    "child_model_execute_cost_by_ms": [
        68.00800323486328
    ],
    "child_model_run_time": [
        [
            14476411,
            14544419
        ]
    ],
    "execute_cost": 68.00800323486328,
    "finish_time": 14544428,
    "limit_cost_by_ms": 19.038000106811523,
    "model_name": "resnet50",
    "recv_time": 14476300,
    "tag": "326",
    "total_cost_by_ms": 68.12799835205078,
    "wait_cost": 0.1199951171875
}
