{
    "child_model_execute_cost_by_ms": [
        19.322999954223633
    ],
    "child_model_run_time": [
        [
            15847552,
            15866875
        ]
    ],
    "execute_cost": 19.322999954223633,
    "finish_time": 15866881,
    "limit_cost_by_ms": 19.038000106811523,
    "model_name": "resnet50",
    "recv_time": 15847439,
    "tag": "398",
    "total_cost_by_ms": 19.441999435424805,
    "wait_cost": 0.11899948120117188
}
