{
    "child_model_execute_cost_by_ms": [
        30.062000274658203
    ],
    "child_model_run_time": [
        [
            16995907,
            17025969
        ]
    ],
    "execute_cost": 30.062000274658203,
    "finish_time": 17025974,
    "limit_cost_by_ms": 7.328666687011719,
    "model_name": "squeezenetv1",
    "recv_time": 16995900,
    "tag": "461",
    "total_cost_by_ms": 30.073999404907227,
    "wait_cost": 0.011999130249023438
}
