{
    "child_model_execute_cost_by_ms": [
        43.547000885009766
    ],
    "child_model_run_time": [
        [
            18554141,
            18597688
        ]
    ],
    "execute_cost": 43.547000885009766,
    "finish_time": 18597699,
    "limit_cost_by_ms": 8.993332862854004,
    "model_name": "googlenet",
    "recv_time": 18554129,
    "tag": "546",
    "total_cost_by_ms": 43.56999969482422,
    "wait_cost": 0.022998809814453125
}
