{
    "child_model_execute_cost_by_ms": [
        37.334999084472656
    ],
    "child_model_run_time": [
        [
            23492503,
            23529838
        ]
    ],
    "execute_cost": 37.334999084472656,
    "finish_time": 23529843,
    "limit_cost_by_ms": 7.328666687011719,
    "model_name": "squeezenetv1",
    "recv_time": 23492450,
    "tag": "813",
    "total_cost_by_ms": 37.393001556396484,
    "wait_cost": 0.058002471923828125
}
