{
    "child_model_execute_cost_by_ms": [
        6.560999870300293
    ],
    "child_model_run_time": [
        [
            18539184,
            18545745
        ]
    ],
    "execute_cost": 6.560999870300293,
    "finish_time": 18545750,
    "limit_cost_by_ms": 5.998666763305664,
    "model_name": "yolov2",
    "recv_time": 18539133,
    "tag": "21",
    "total_cost_by_ms": 6.617000102996826,
    "wait_cost": 0.0560002326965332
}
