{
    "child_model_execute_cost_by_ms": [
        14.223999977111816,
        13.722999572753906
    ],
    "child_model_run_time": [
        [
            24742685,
            24756909
        ],
        [
            24767044,
            24780767
        ]
    ],
    "execute_cost": 27.946998596191406,
    "finish_time": 24780775,
    "limit_cost_by_ms": 19.089332580566406,
    "model_name": "resnet50",
    "recv_time": 24728402,
    "tag": "286",
    "total_cost_by_ms": 52.37300109863281,
    "wait_cost": 24.426002502441406
}
