{
    "child_model_execute_cost_by_ms": [
        10.074999809265137
    ],
    "child_model_run_time": [
        [
            25248195,
            25258270
        ]
    ],
    "execute_cost": 10.074999809265137,
    "finish_time": 25258280,
    "limit_cost_by_ms": 9.09666633605957,
    "model_name": "googlenet",
    "recv_time": 25237401,
    "tag": "307",
    "total_cost_by_ms": 20.878999710083008,
    "wait_cost": 10.803999900817871
}
