{
    "child_model_execute_cost_by_ms": [
        13.291000366210938
    ],
    "child_model_run_time": [
        [
            28217028,
            28230319
        ]
    ],
    "execute_cost": 13.291000366210938,
    "finish_time": 28230330,
    "limit_cost_by_ms": 6.938666820526123,
    "model_name": "gpt128v2",
    "recv_time": 28213719,
    "tag": "431",
    "total_cost_by_ms": 16.611000061035156,
    "wait_cost": 3.3199996948242188
}
