{
    "child_model_execute_cost_by_ms": [
        10.029000282287598
    ],
    "child_model_run_time": [
        [
            31117335,
            31127364
        ]
    ],
    "execute_cost": 10.029000282287598,
    "finish_time": 31127373,
    "limit_cost_by_ms": 9.09666633605957,
    "model_name": "googlenet",
    "recv_time": 31108635,
    "tag": "554",
    "total_cost_by_ms": 18.738000869750977,
    "wait_cost": 8.709000587463379
}
