{
    "child_model_execute_cost_by_ms": [
        12.991999626159668
    ],
    "child_model_run_time": [
        [
            38710859,
            38723851
        ]
    ],
    "execute_cost": 12.991999626159668,
    "finish_time": 38723862,
    "limit_cost_by_ms": 6.938666820526123,
    "model_name": "gpt128v2",
    "recv_time": 38709798,
    "tag": "871",
    "total_cost_by_ms": 14.064000129699707,
    "wait_cost": 1.072000503540039
}
