{
    "child_model_execute_cost_by_ms": [
        10.201000213623047
    ],
    "child_model_run_time": [
        [
            41373236,
            41383437
        ]
    ],
    "execute_cost": 10.201000213623047,
    "finish_time": 41383446,
    "limit_cost_by_ms": 9.09666633605957,
    "model_name": "googlenet",
    "recv_time": 41361887,
    "tag": "981",
    "total_cost_by_ms": 21.55900001525879,
    "wait_cost": 11.357999801635742
}
