{
    "child_model_execute_cost_by_ms": [
        8.11400032043457
    ],
    "child_model_run_time": [
        [
            10109120,
            10117234
        ]
    ],
    "execute_cost": 8.11400032043457,
    "finish_time": 10117241,
    "limit_cost_by_ms": 6.893666744232178,
    "model_name": "squeezenetv1",
    "recv_time": 10089548,
    "tag": "112",
    "total_cost_by_ms": 27.69300079345703,
    "wait_cost": 19.57900047302246
}
