{
    "child_model_execute_cost_by_ms": [
        8.871999740600586
    ],
    "child_model_run_time": [
        [
            11777615,
            11786487
        ]
    ],
    "execute_cost": 8.871999740600586,
    "finish_time": 11786499,
    "limit_cost_by_ms": 7.236000061035156,
    "model_name": "squeezenetv1",
    "recv_time": 11777481,
    "tag": "167",
    "total_cost_by_ms": 9.017999649047852,
    "wait_cost": 0.14599990844726563
}
