{
    "child_model_execute_cost_by_ms": [
        20.45400047302246
    ],
    "child_model_run_time": [
        [
            14028859,
            14049313
        ]
    ],
    "execute_cost": 20.45400047302246,
    "finish_time": 14049320,
    "limit_cost_by_ms": 18.31833267211914,
    "model_name": "resnet50",
    "recv_time": 14027295,
    "tag": "286",
    "total_cost_by_ms": 22.024999618530273,
    "wait_cost": 1.5709991455078125
}
