{
    "child_model_execute_cost_by_ms": [
        44.474998474121094
    ],
    "child_model_run_time": [
        [
            14269915,
            14314390
        ]
    ],
    "execute_cost": 44.474998474121094,
    "finish_time": 14314397,
    "limit_cost_by_ms": 45.262664794921875,
    "model_name": "vgg19",
    "recv_time": 14261758,
    "tag": "297",
    "total_cost_by_ms": 52.638999938964844,
    "wait_cost": 8.16400146484375
}
