{
    "child_model_execute_cost_by_ms": [
        9.829999923706055
    ],
    "child_model_run_time": [
        [
            8274756,
            8284586
        ]
    ],
    "execute_cost": 9.829999923706055,
    "finish_time": 8284596,
    "limit_cost_by_ms": 8.554333686828613,
    "model_name": "googlenet",
    "recv_time": 8274592,
    "tag": "31",
    "total_cost_by_ms": 10.003999710083008,
    "wait_cost": 0.17399978637695313
}
