{
    "child_model_execute_cost_by_ms": [
        10.130999565124512
    ],
    "child_model_run_time": [
        [
            17204792,
            17214923
        ]
    ],
    "execute_cost": 10.130999565124512,
    "finish_time": 17214928,
    "limit_cost_by_ms": 8.554333686828613,
    "model_name": "googlenet",
    "recv_time": 17192698,
    "tag": "426",
    "total_cost_by_ms": 22.229999542236328,
    "wait_cost": 12.098999977111816
}
