{
    "child_model_execute_cost_by_ms": [
        7.2220001220703125
    ],
    "child_model_run_time": [
        [
            17569338,
            17576560
        ]
    ],
    "execute_cost": 7.2220001220703125,
    "finish_time": 17576566,
    "limit_cost_by_ms": 6.893666744232178,
    "model_name": "squeezenetv1",
    "recv_time": 17569225,
    "tag": "443",
    "total_cost_by_ms": 7.341000080108643,
    "wait_cost": 0.11899995803833008
}
