{
    "child_model_execute_cost_by_ms": [
        7.693999767303467
    ],
    "child_model_run_time": [
        [
            20153030,
            20160724
        ]
    ],
    "execute_cost": 7.693999767303467,
    "finish_time": 20160727,
    "limit_cost_by_ms": 6.893666744232178,
    "model_name": "squeezenetv1",
    "recv_time": 20139776,
    "tag": "556",
    "total_cost_by_ms": 20.951000213623047,
    "wait_cost": 13.256999969482422
}
