{
    "child_model_execute_cost_by_ms": [
        20.368999481201172
    ],
    "child_model_run_time": [
        [
            21411566,
            21431935
        ]
    ],
    "execute_cost": 20.368999481201172,
    "finish_time": 21431951,
    "limit_cost_by_ms": 18.31833267211914,
    "model_name": "resnet50",
    "recv_time": 21390650,
    "tag": "611",
    "total_cost_by_ms": 41.30099868774414,
    "wait_cost": 20.93199920654297
}
