{
    "child_model_execute_cost_by_ms": [
        8.854999542236328
    ],
    "child_model_run_time": [
        [
            23025752,
            23034607
        ]
    ],
    "execute_cost": 8.854999542236328,
    "finish_time": 23034619,
    "limit_cost_by_ms": 7.236000061035156,
    "model_name": "squeezenetv1",
    "recv_time": 22993806,
    "tag": "649",
    "total_cost_by_ms": 40.8129997253418,
    "wait_cost": 31.95800018310547
}
