{
    "child_model_execute_cost_by_ms": [
        7.315000057220459
    ],
    "child_model_run_time": [
        [
            22633808,
            22641123
        ]
    ],
    "execute_cost": 7.315000057220459,
    "finish_time": 22641127,
    "limit_cost_by_ms": 6.893666744232178,
    "model_name": "squeezenetv1",
    "recv_time": 22633743,
    "tag": "666",
    "total_cost_by_ms": 7.383999824523926,
    "wait_cost": 0.0689997673034668
}
