{
    "child_model_execute_cost_by_ms": [
        7.671999931335449
    ],
    "child_model_run_time": [
        [
            9252515,
            9260187
        ]
    ],
    "execute_cost": 7.671999931335449,
    "finish_time": 9260193,
    "limit_cost_by_ms": 6.893666744232178,
    "model_name": "squeezenetv1",
    "recv_time": 9252503,
    "tag": "74",
    "total_cost_by_ms": 7.690000057220459,
    "wait_cost": 0.018000125885009766
}
