{
    "child_model_execute_cost_by_ms": [
        7.873000144958496
    ],
    "child_model_run_time": [
        [
            25154024,
            25161897
        ]
    ],
    "execute_cost": 7.873000144958496,
    "finish_time": 25161902,
    "limit_cost_by_ms": 6.893666744232178,
    "model_name": "squeezenetv1",
    "recv_time": 25150675,
    "tag": "776",
    "total_cost_by_ms": 11.22700023651123,
    "wait_cost": 3.3540000915527344
}
