{
    "child_model_execute_cost_by_ms": [
        11.378999710083008
    ],
    "child_model_run_time": [
        [
            28999528,
            29010907
        ]
    ],
    "execute_cost": 11.378999710083008,
    "finish_time": 29010916,
    "limit_cost_by_ms": 9.013667106628418,
    "model_name": "googlenet",
    "recv_time": 28989038,
    "tag": "902",
    "total_cost_by_ms": 21.878000259399414,
    "wait_cost": 10.499000549316406
}
