{
    "child_model_execute_cost_by_ms": [
        7.644000053405762
    ],
    "child_model_run_time": [
        [
            30050416,
            30058060
        ]
    ],
    "execute_cost": 7.644000053405762,
    "finish_time": 30058063,
    "limit_cost_by_ms": 6.893666744232178,
    "model_name": "squeezenetv1",
    "recv_time": 30050306,
    "tag": "990",
    "total_cost_by_ms": 7.756999969482422,
    "wait_cost": 0.11299991607666016
}
