{
    "child_model_execute_cost_by_ms": [
        8.133000373840332
    ],
    "child_model_run_time": [
        [
            8975950,
            8984083
        ]
    ],
    "execute_cost": 8.133000373840332,
    "finish_time": 8984088,
    "limit_cost_by_ms": 7.13433313369751,
    "model_name": "squeezenetv1",
    "recv_time": 8975845,
    "tag": "60",
    "total_cost_by_ms": 8.243000030517578,
    "wait_cost": 0.1099996566772461
}
