{
    "child_model_execute_cost_by_ms": [
        8.095999717712402
    ],
    "child_model_run_time": [
        [
            26041022,
            26049118
        ]
    ],
    "execute_cost": 8.095999717712402,
    "finish_time": 26049123,
    "limit_cost_by_ms": 7.13433313369751,
    "model_name": "squeezenetv1",
    "recv_time": 26041008,
    "tag": "978",
    "total_cost_by_ms": 8.114999771118164,
    "wait_cost": 0.01900005340576172
}
