{
    "child_model_execute_cost_by_ms": [
        10.107999801635742
    ],
    "child_model_run_time": [
        [
            12211784,
            12221892
        ]
    ],
    "execute_cost": 10.107999801635742,
    "finish_time": 12221899,
    "limit_cost_by_ms": 8.774333000183105,
    "model_name": "googlenet",
    "recv_time": 12211681,
    "tag": "241",
    "total_cost_by_ms": 10.218000411987305,
    "wait_cost": 0.1100006103515625
}
