{
    "child_model_execute_cost_by_ms": [
        8.166000366210938
    ],
    "child_model_run_time": [
        [
            12538127,
            12546293
        ]
    ],
    "execute_cost": 8.166000366210938,
    "finish_time": 12546301,
    "limit_cost_by_ms": 7.216333389282227,
    "model_name": "squeezenetv1",
    "recv_time": 12538073,
    "tag": "260",
    "total_cost_by_ms": 8.227999687194824,
    "wait_cost": 0.06199932098388672
}
