{
    "child_model_execute_cost_by_ms": [
        8.359000205993652
    ],
    "child_model_run_time": [
        [
            17252059,
            17260418
        ]
    ],
    "execute_cost": 8.359000205993652,
    "finish_time": 17260426,
    "limit_cost_by_ms": 7.216333389282227,
    "model_name": "squeezenetv1",
    "recv_time": 17251913,
    "tag": "517",
    "total_cost_by_ms": 8.512999534606934,
    "wait_cost": 0.15399932861328125
}
