{
    "child_model_execute_cost_by_ms": [
        9.6899995803833
    ],
    "child_model_run_time": [
        [
            22274159,
            22283849
        ]
    ],
    "execute_cost": 9.6899995803833,
    "finish_time": 22283857,
    "limit_cost_by_ms": 8.774333000183105,
    "model_name": "googlenet",
    "recv_time": 22274078,
    "tag": "789",
    "total_cost_by_ms": 9.779000282287598,
    "wait_cost": 0.08900070190429688
}
