{
    "child_model_execute_cost_by_ms": [
        47.77799987792969
    ],
    "child_model_run_time": [
        [
            22907337,
            22955115
        ]
    ],
    "execute_cost": 47.77799987792969,
    "finish_time": 22955121,
    "limit_cost_by_ms": 47.310001373291016,
    "model_name": "vgg19",
    "recv_time": 22895226,
    "tag": "824",
    "total_cost_by_ms": 59.89500045776367,
    "wait_cost": 12.117000579833984
}
