{
    "child_model_execute_cost_by_ms": [
        18.972999572753906
    ],
    "child_model_run_time": [
        [
            10258873,
            10277846
        ]
    ],
    "execute_cost": 18.972999572753906,
    "finish_time": 10277852,
    "limit_cost_by_ms": 18.843666076660156,
    "model_name": "resnet50",
    "recv_time": 10258852,
    "tag": "135",
    "total_cost_by_ms": 19.0,
    "wait_cost": 0.02700042724609375
}
