{
    "child_model_execute_cost_by_ms": [
        19.040000915527344
    ],
    "child_model_run_time": [
        [
            10488844,
            10507884
        ]
    ],
    "execute_cost": 19.040000915527344,
    "finish_time": 10507892,
    "limit_cost_by_ms": 18.843666076660156,
    "model_name": "resnet50",
    "recv_time": 10488694,
    "tag": "147",
    "total_cost_by_ms": 19.197999954223633,
    "wait_cost": 0.15799903869628906
}
