{
    "child_model_execute_cost_by_ms": [
        19.1200008392334
    ],
    "child_model_run_time": [
        [
            11320644,
            11339764
        ]
    ],
    "execute_cost": 19.1200008392334,
    "finish_time": 11339770,
    "limit_cost_by_ms": 18.843666076660156,
    "model_name": "resnet50",
    "recv_time": 11320528,
    "tag": "189",
    "total_cost_by_ms": 19.242000579833984,
    "wait_cost": 0.12199974060058594
}
