{
    "child_model_execute_cost_by_ms": [
        18.990999221801758
    ],
    "child_model_run_time": [
        [
            8060360,
            8079351
        ]
    ],
    "execute_cost": 18.990999221801758,
    "finish_time": 8079360,
    "limit_cost_by_ms": 18.843666076660156,
    "model_name": "resnet50",
    "recv_time": 8060201,
    "tag": "24",
    "total_cost_by_ms": 19.159000396728516,
    "wait_cost": 0.1680011749267578
}
