{
    "child_model_execute_cost_by_ms": [
        9.96399974822998
    ],
    "child_model_run_time": [
        [
            12683703,
            12693667
        ]
    ],
    "execute_cost": 9.96399974822998,
    "finish_time": 12693674,
    "limit_cost_by_ms": 8.833666801452637,
    "model_name": "googlenet",
    "recv_time": 12683519,
    "tag": "258",
    "total_cost_by_ms": 10.154999732971191,
    "wait_cost": 0.19099998474121094
}
