{
    "child_model_execute_cost_by_ms": [
        8.109999656677246
    ],
    "child_model_run_time": [
        [
            14502824,
            14510934
        ]
    ],
    "execute_cost": 8.109999656677246,
    "finish_time": 14510940,
    "limit_cost_by_ms": 7.164666652679443,
    "model_name": "squeezenetv1",
    "recv_time": 14502654,
    "tag": "350",
    "total_cost_by_ms": 8.28600025177002,
    "wait_cost": 0.17600059509277344
}
