{
    "child_model_execute_cost_by_ms": [
        10.295999526977539
    ],
    "child_model_run_time": [
        [
            17279500,
            17289796
        ]
    ],
    "execute_cost": 10.295999526977539,
    "finish_time": 17289804,
    "limit_cost_by_ms": 8.833666801452637,
    "model_name": "googlenet",
    "recv_time": 17270632,
    "tag": "490",
    "total_cost_by_ms": 19.172000885009766,
    "wait_cost": 8.876001358032227
}
