{
    "child_model_execute_cost_by_ms": [
        9.291000366210938
    ],
    "child_model_run_time": [
        [
            18513916,
            18523207
        ]
    ],
    "execute_cost": 9.291000366210938,
    "finish_time": 18523211,
    "limit_cost_by_ms": 8.833666801452637,
    "model_name": "googlenet",
    "recv_time": 18513909,
    "tag": "553",
    "total_cost_by_ms": 9.302000045776367,
    "wait_cost": 0.010999679565429688
}
