{
    "child_model_execute_cost_by_ms": [
        20.91200065612793
    ],
    "child_model_run_time": [
        [
            18809662,
            18830574
        ]
    ],
    "execute_cost": 20.91200065612793,
    "finish_time": 18830578,
    "limit_cost_by_ms": 18.843666076660156,
    "model_name": "resnet50",
    "recv_time": 18776817,
    "tag": "568",
    "total_cost_by_ms": 53.76100158691406,
    "wait_cost": 32.8489990234375
}
