{
    "child_model_execute_cost_by_ms": [
        8.53499984741211
    ],
    "child_model_run_time": [
        [
            9056687,
            9065222
        ]
    ],
    "execute_cost": 8.53499984741211,
    "finish_time": 9065228,
    "limit_cost_by_ms": 7.307000160217285,
    "model_name": "squeezenetv1",
    "recv_time": 9056550,
    "tag": "64",
    "total_cost_by_ms": 8.678000450134277,
    "wait_cost": 0.14300060272216797
}
