{
    "child_model_execute_cost_by_ms": [
        20.1560001373291
    ],
    "child_model_run_time": [
        [
            20102299,
            20122455
        ]
    ],
    "execute_cost": 20.1560001373291,
    "finish_time": 20122461,
    "limit_cost_by_ms": 18.843666076660156,
    "model_name": "resnet50",
    "recv_time": 20102148,
    "tag": "634",
    "total_cost_by_ms": 20.312999725341797,
    "wait_cost": 0.1569995880126953
}
