{
    "child_model_execute_cost_by_ms": [
        46.957000732421875
    ],
    "child_model_run_time": [
        [
            21088043,
            21135000
        ]
    ],
    "execute_cost": 46.957000732421875,
    "finish_time": 21135006,
    "limit_cost_by_ms": 47.4293327331543,
    "model_name": "vgg19",
    "recv_time": 21087973,
    "tag": "685",
    "total_cost_by_ms": 47.03300094604492,
    "wait_cost": 0.07600021362304688
}
