{
    "child_model_execute_cost_by_ms": [
        18.952999114990234
    ],
    "child_model_run_time": [
        [
            21447938,
            21466891
        ]
    ],
    "execute_cost": 18.952999114990234,
    "finish_time": 21466895,
    "limit_cost_by_ms": 18.92133331298828,
    "model_name": "resnet50",
    "recv_time": 21447783,
    "tag": "695",
    "total_cost_by_ms": 19.11199951171875,
    "wait_cost": 0.15900039672851563
}
