{
    "child_model_execute_cost_by_ms": [
        8.887999534606934
    ],
    "child_model_run_time": [
        [
            23014722,
            23023610
        ]
    ],
    "execute_cost": 8.887999534606934,
    "finish_time": 23023622,
    "limit_cost_by_ms": 7.164666652679443,
    "model_name": "squeezenetv1",
    "recv_time": 22969610,
    "tag": "781",
    "total_cost_by_ms": 54.012001037597656,
    "wait_cost": 45.124000549316406
}
