{
    "child_model_execute_cost_by_ms": [
        9.538000106811523
    ],
    "child_model_run_time": [
        [
            23379937,
            23389475
        ]
    ],
    "execute_cost": 9.538000106811523,
    "finish_time": 23389479,
    "limit_cost_by_ms": 8.833666801452637,
    "model_name": "googlenet",
    "recv_time": 23362259,
    "tag": "800",
    "total_cost_by_ms": 27.219999313354492,
    "wait_cost": 17.68199920654297
}
