{
    "child_model_execute_cost_by_ms": [
        46.38999938964844
    ],
    "child_model_run_time": [
        [
            23506056,
            23552446
        ]
    ],
    "execute_cost": 46.38999938964844,
    "finish_time": 23552452,
    "limit_cost_by_ms": 47.4293327331543,
    "model_name": "vgg19",
    "recv_time": 23505932,
    "tag": "807",
    "total_cost_by_ms": 46.52000045776367,
    "wait_cost": 0.13000106811523438
}
