{
    "child_model_execute_cost_by_ms": [
        45.2140007019043
    ],
    "child_model_run_time": [
        [
            24895503,
            24940717
        ]
    ],
    "execute_cost": 45.2140007019043,
    "finish_time": 24940723,
    "limit_cost_by_ms": 47.4293327331543,
    "model_name": "vgg19",
    "recv_time": 24895340,
    "tag": "876",
    "total_cost_by_ms": 45.382999420166016,
    "wait_cost": 0.16899871826171875
}
