{
    "child_model_execute_cost_by_ms": [
        20.38800048828125
    ],
    "child_model_run_time": [
        [
            25149386,
            25169774
        ]
    ],
    "execute_cost": 20.38800048828125,
    "finish_time": 25169779,
    "limit_cost_by_ms": 18.92133331298828,
    "model_name": "resnet50",
    "recv_time": 25136055,
    "tag": "879",
    "total_cost_by_ms": 33.7239990234375,
    "wait_cost": 13.33599853515625
}
