{
    "child_model_execute_cost_by_ms": [
        20.09600067138672
    ],
    "child_model_run_time": [
        [
            25482370,
            25502466
        ]
    ],
    "execute_cost": 20.09600067138672,
    "finish_time": 25502472,
    "limit_cost_by_ms": 18.843666076660156,
    "model_name": "resnet50",
    "recv_time": 25482216,
    "tag": "905",
    "total_cost_by_ms": 20.256000518798828,
    "wait_cost": 0.15999984741210938
}
