{
    "child_model_execute_cost_by_ms": [
        15.208999633789063,
        9.321000099182129
    ],
    "child_model_run_time": [
        [
            13407835,
            13423044
        ],
        [
            13433510,
            13442831
        ]
    ],
    "execute_cost": 24.529998779296875,
    "finish_time": 13442841,
    "limit_cost_by_ms": 18.821332931518555,
    "model_name": "resnet50",
    "recv_time": 13405947,
    "tag": "225",
    "total_cost_by_ms": 36.89400100708008,
    "wait_cost": 12.364002227783203
}
