{
    "child_model_execute_cost_by_ms": [
        10.102999687194824
    ],
    "child_model_run_time": [
        [
            14523634,
            14533737
        ]
    ],
    "execute_cost": 10.102999687194824,
    "finish_time": 14533751,
    "limit_cost_by_ms": 8.737333297729492,
    "model_name": "googlenet",
    "recv_time": 14509335,
    "tag": "270",
    "total_cost_by_ms": 24.416000366210938,
    "wait_cost": 14.313000679016113
}
