{
    "child_model_execute_cost_by_ms": [
        17.857999801635742
    ],
    "child_model_run_time": [
        [
            24122640,
            24140498
        ]
    ],
    "execute_cost": 17.857999801635742,
    "finish_time": 24140502,
    "limit_cost_by_ms": 7.4039998054504395,
    "model_name": "squeezenetv1",
    "recv_time": 24122607,
    "tag": "618",
    "total_cost_by_ms": 17.895000457763672,
    "wait_cost": 0.03700065612792969
}
