{
    "child_model_execute_cost_by_ms": [
        114.34500122070313
    ],
    "child_model_run_time": [
        [
            9767488,
            9881833
        ]
    ],
    "execute_cost": 114.34500122070313,
    "finish_time": 9881838,
    "limit_cost_by_ms": 19.05933380126953,
    "model_name": "resnet50",
    "recv_time": 9767399,
    "tag": "69",
    "total_cost_by_ms": 114.43900299072266,
    "wait_cost": 0.09400177001953125
}
