{
    "child_model_execute_cost_by_ms": [
        73.8740005493164
    ],
    "child_model_run_time": [
        [
            28031185,
            28105059
        ]
    ],
    "execute_cost": 73.8740005493164,
    "finish_time": 28105061,
    "limit_cost_by_ms": 47.44933319091797,
    "model_name": "vgg19",
    "recv_time": 28031081,
    "tag": "763",
    "total_cost_by_ms": 73.9800033569336,
    "wait_cost": 0.1060028076171875
}
