{
    "child_model_execute_cost_by_ms": [
        43.845001220703125
    ],
    "child_model_run_time": [
        [
            12247668,
            12291513
        ]
    ],
    "execute_cost": 43.845001220703125,
    "finish_time": 12291519,
    "limit_cost_by_ms": 47.02299880981445,
    "model_name": "vgg19",
    "recv_time": 12247553,
    "tag": "229",
    "total_cost_by_ms": 43.965999603271484,
    "wait_cost": 0.12099838256835938
}
