{
    "child_model_execute_cost_by_ms": [
        19.14299964904785
    ],
    "child_model_run_time": [
        [
            8534436,
            8553579
        ]
    ],
    "execute_cost": 19.14299964904785,
    "finish_time": 8553584,
    "limit_cost_by_ms": 18.915000915527344,
    "model_name": "resnet50",
    "recv_time": 8534275,
    "tag": "37",
    "total_cost_by_ms": 19.30900001525879,
    "wait_cost": 0.1660003662109375
}
