{
    "child_model_execute_cost_by_ms": [
        8.710000038146973
    ],
    "child_model_run_time": [
        [
            19401830,
            19410540
        ]
    ],
    "execute_cost": 8.710000038146973,
    "finish_time": 19410551,
    "limit_cost_by_ms": 7.093999862670898,
    "model_name": "squeezenetv1",
    "recv_time": 19389388,
    "tag": "595",
    "total_cost_by_ms": 21.163000106811523,
    "wait_cost": 12.45300006866455
}
