{
    "child_model_execute_cost_by_ms": [
        8.741000175476074
    ],
    "child_model_run_time": [
        [
            19809463,
            19818204
        ]
    ],
    "execute_cost": 8.741000175476074,
    "finish_time": 19818217,
    "limit_cost_by_ms": 7.093999862670898,
    "model_name": "squeezenetv1",
    "recv_time": 19805152,
    "tag": "616",
    "total_cost_by_ms": 13.0649995803833,
    "wait_cost": 4.323999404907227
}
