{
    "child_model_execute_cost_by_ms": [
        8.152000427246094
    ],
    "child_model_run_time": [
        [
            22586558,
            22594710
        ]
    ],
    "execute_cost": 8.152000427246094,
    "finish_time": 22594719,
    "limit_cost_by_ms": 7.093999862670898,
    "model_name": "squeezenetv1",
    "recv_time": 22586360,
    "tag": "758",
    "total_cost_by_ms": 8.359000205993652,
    "wait_cost": 0.2069997787475586
}
