{
    "googlenet": {
        "min": 1.0230203354065477,
        "avg": 1.753403814762932,
        "max": 4.0122575256485975,
        "std": 0.7523184300259623
    },
    "squeezenetv1": {
        "min": 1.0394548211829817,
        "avg": 1.9738326548125702,
        "max": 4.132137942905282,
        "std": 0.9424586227184252
    },
    "vgg19": {
        "min": 1.117264888153771,
        "avg": 1.3865352887011635,
        "max": 2.196182267163151,
        "std": 0.2704253335168385
    },
    "resnet50": {
        "min": 1.1524309594880924,
        "avg": 1.6182971955573657,
        "max": 3.251907659547393,
        "std": 0.4540775288089029
    },
    "total": {
        "min": 1.0230203354065477,
        "avg": 1.6629925419032878,
        "max": 4.132137942905282,
        "std": 0.6821967469977849
    }
}