{
    "child_model_execute_cost_by_ms": [
        18.56599998474121,
        17.163999557495117,
        20.077999114990234
    ],
    "child_model_run_time": [
        [
            20456006,
            20474572
        ],
        [
            20474599,
            20491763
        ],
        [
            20498328,
            20518406
        ]
    ],
    "execute_cost": 55.80799865722656,
    "finish_time": 20518408,
    "limit_cost_by_ms": 46.66999816894531,
    "model_name": "vgg19",
    "recv_time": 20436298,
    "tag": "103",
    "total_cost_by_ms": 82.11000061035156,
    "wait_cost": 26.302001953125
}
