{
    "child_model_execute_cost_by_ms": [
        6.234000205993652
    ],
    "child_model_run_time": [
        [
            24444609,
            24450843
        ]
    ],
    "execute_cost": 6.234000205993652,
    "finish_time": 24450852,
    "limit_cost_by_ms": 5.960333347320557,
    "model_name": "yolov2",
    "recv_time": 24435557,
    "tag": "272",
    "total_cost_by_ms": 15.295000076293945,
    "wait_cost": 9.060999870300293
}
