{
    "child_model_execute_cost_by_ms": [
        6.3520002365112305
    ],
    "child_model_run_time": [
        [
            18897756,
            18904108
        ]
    ],
    "execute_cost": 6.3520002365112305,
    "finish_time": 18904118,
    "limit_cost_by_ms": 5.960333347320557,
    "model_name": "yolov2",
    "recv_time": 18897695,
    "tag": "36",
    "total_cost_by_ms": 6.422999858856201,
    "wait_cost": 0.0709996223449707
}
