{
    "child_model_execute_cost_by_ms": [
        6.382999897003174
    ],
    "child_model_run_time": [
        [
            28184499,
            28190882
        ]
    ],
    "execute_cost": 6.382999897003174,
    "finish_time": 28190886,
    "limit_cost_by_ms": 5.960333347320557,
    "model_name": "yolov2",
    "recv_time": 28184444,
    "tag": "430",
    "total_cost_by_ms": 6.441999912261963,
    "wait_cost": 0.05900001525878906
}
