{
    "child_model_execute_cost_by_ms": [
        10.694999694824219
    ],
    "child_model_run_time": [
        [
            30027327,
            30038022
        ]
    ],
    "execute_cost": 10.694999694824219,
    "finish_time": 30038034,
    "limit_cost_by_ms": 9.108333587646484,
    "model_name": "googlenet",
    "recv_time": 30027272,
    "tag": "507",
    "total_cost_by_ms": 10.76200008392334,
    "wait_cost": 0.0670003890991211
}
