{
    "child_model_execute_cost_by_ms": [
        14.869000434875488,
        13.663000106811523
    ],
    "child_model_run_time": [
        [
            30176723,
            30191592
        ],
        [
            30191634,
            30205297
        ]
    ],
    "execute_cost": 28.532001495361328,
    "finish_time": 30205300,
    "limit_cost_by_ms": 18.80299949645996,
    "model_name": "resnet50",
    "recv_time": 30176661,
    "tag": "515",
    "total_cost_by_ms": 28.638999938964844,
    "wait_cost": 0.10699844360351563
}
