{
    "child_model_execute_cost_by_ms": [
        9.899999618530273
    ],
    "child_model_run_time": [
        [
            31774210,
            31784110
        ]
    ],
    "execute_cost": 9.899999618530273,
    "finish_time": 31784119,
    "limit_cost_by_ms": 9.108333587646484,
    "model_name": "googlenet",
    "recv_time": 31767436,
    "tag": "584",
    "total_cost_by_ms": 16.683000564575195,
    "wait_cost": 6.783000946044922
}
