{
    "child_model_execute_cost_by_ms": [
        10.288999557495117
    ],
    "child_model_run_time": [
        [
            32577508,
            32587797
        ]
    ],
    "execute_cost": 10.288999557495117,
    "finish_time": 32587807,
    "limit_cost_by_ms": 9.108333587646484,
    "model_name": "googlenet",
    "recv_time": 32567792,
    "tag": "617",
    "total_cost_by_ms": 20.014999389648438,
    "wait_cost": 9.72599983215332
}
