{
    "child_model_execute_cost_by_ms": [
        10.354000091552734
    ],
    "child_model_run_time": [
        [
            33047198,
            33057552
        ]
    ],
    "execute_cost": 10.354000091552734,
    "finish_time": 33057558,
    "limit_cost_by_ms": 7.01800012588501,
    "model_name": "gpt128v2",
    "recv_time": 33029158,
    "tag": "638",
    "total_cost_by_ms": 28.399999618530273,
    "wait_cost": 18.04599952697754
}
