{
    "child_model_execute_cost_by_ms": [
        6.386000156402588
    ],
    "child_model_run_time": [
        [
            34627261,
            34633647
        ]
    ],
    "execute_cost": 6.386000156402588,
    "finish_time": 34633652,
    "limit_cost_by_ms": 5.960333347320557,
    "model_name": "yolov2",
    "recv_time": 34627206,
    "tag": "704",
    "total_cost_by_ms": 6.446000099182129,
    "wait_cost": 0.059999942779541016
}
