{
    "child_model_execute_cost_by_ms": [
        15.11400032043457,
        12.59000015258789
    ],
    "child_model_run_time": [
        [
            35095976,
            35111090
        ],
        [
            35111178,
            35123768
        ]
    ],
    "execute_cost": 27.70400047302246,
    "finish_time": 35123770,
    "limit_cost_by_ms": 18.80299949645996,
    "model_name": "resnet50",
    "recv_time": 35095911,
    "tag": "724",
    "total_cost_by_ms": 27.858999252319336,
    "wait_cost": 0.154998779296875
}
