{
    "child_model_execute_cost_by_ms": [
        18.716999053955078,
        18.197999954223633,
        19.993000030517578
    ],
    "child_model_run_time": [
        [
            35247594,
            35266311
        ],
        [
            35266348,
            35284546
        ],
        [
            35309700,
            35329693
        ]
    ],
    "execute_cost": 56.90800094604492,
    "finish_time": 35329695,
    "limit_cost_by_ms": 46.66999816894531,
    "model_name": "vgg19",
    "recv_time": 35242751,
    "tag": "731",
    "total_cost_by_ms": 86.94400024414063,
    "wait_cost": 30.035999298095703
}
