{
    "child_model_execute_cost_by_ms": [
        9.751999855041504
    ],
    "child_model_run_time": [
        [
            39104582,
            39114334
        ]
    ],
    "execute_cost": 9.751999855041504,
    "finish_time": 39114344,
    "limit_cost_by_ms": 9.108333587646484,
    "model_name": "googlenet",
    "recv_time": 39097463,
    "tag": "892",
    "total_cost_by_ms": 16.881000518798828,
    "wait_cost": 7.129000663757324
}
