{
    "child_model_execute_cost_by_ms": [
        9.793999671936035
    ],
    "child_model_run_time": [
        [
            13635102,
            13644896
        ]
    ],
    "execute_cost": 9.793999671936035,
    "finish_time": 13644904,
    "limit_cost_by_ms": 8.710000038146973,
    "model_name": "googlenet",
    "recv_time": 13634988,
    "tag": "247",
    "total_cost_by_ms": 9.916000366210938,
    "wait_cost": 0.12200069427490234
}
