{
    "child_model_execute_cost_by_ms": [
        47.25400161743164
    ],
    "child_model_run_time": [
        [
            17484989,
            17532243
        ]
    ],
    "execute_cost": 47.25400161743164,
    "finish_time": 17532251,
    "limit_cost_by_ms": 46.8553352355957,
    "model_name": "vgg19",
    "recv_time": 17484886,
    "tag": "412",
    "total_cost_by_ms": 47.3650016784668,
    "wait_cost": 0.11100006103515625
}
