{
    "child_model_execute_cost_by_ms": [
        20.559999465942383
    ],
    "child_model_run_time": [
        [
            10524011,
            10544571
        ]
    ],
    "execute_cost": 20.559999465942383,
    "finish_time": 10544577,
    "limit_cost_by_ms": 18.930999755859375,
    "model_name": "resnet50",
    "recv_time": 10483780,
    "tag": "148",
    "total_cost_by_ms": 60.797000885009766,
    "wait_cost": 40.23699951171875
}
