{
    "child_model_execute_cost_by_ms": [
        10.338000297546387
    ],
    "child_model_run_time": [
        [
            10981957,
            10992295
        ]
    ],
    "execute_cost": 10.338000297546387,
    "finish_time": 10992303,
    "limit_cost_by_ms": 8.952666282653809,
    "model_name": "googlenet",
    "recv_time": 10974206,
    "tag": "172",
    "total_cost_by_ms": 18.097000122070313,
    "wait_cost": 7.758999824523926
}
