{
    "child_model_execute_cost_by_ms": [
        20.180999755859375
    ],
    "child_model_run_time": [
        [
            11603350,
            11623531
        ]
    ],
    "execute_cost": 20.180999755859375,
    "finish_time": 11623539,
    "limit_cost_by_ms": 18.930999755859375,
    "model_name": "resnet50",
    "recv_time": 11603225,
    "tag": "203",
    "total_cost_by_ms": 20.31399917602539,
    "wait_cost": 0.13299942016601563
}
