{
    "child_model_execute_cost_by_ms": [
        46.63800048828125
    ],
    "child_model_run_time": [
        [
            12112431,
            12159069
        ]
    ],
    "execute_cost": 46.63800048828125,
    "finish_time": 12159075,
    "limit_cost_by_ms": 47.50299835205078,
    "model_name": "vgg19",
    "recv_time": 12112411,
    "tag": "230",
    "total_cost_by_ms": 46.66400146484375,
    "wait_cost": 0.0260009765625
}
