{
    "child_model_execute_cost_by_ms": [
        10.371000289916992
    ],
    "child_model_run_time": [
        [
            12629789,
            12640160
        ]
    ],
    "execute_cost": 10.371000289916992,
    "finish_time": 12640166,
    "limit_cost_by_ms": 8.952666282653809,
    "model_name": "googlenet",
    "recv_time": 12610086,
    "tag": "255",
    "total_cost_by_ms": 30.079999923706055,
    "wait_cost": 19.708999633789063
}
