{
    "child_model_execute_cost_by_ms": [
        8.222000122070313
    ],
    "child_model_run_time": [
        [
            13911799,
            13920021
        ]
    ],
    "execute_cost": 8.222000122070313,
    "finish_time": 13920036,
    "limit_cost_by_ms": 7.329666614532471,
    "model_name": "squeezenetv1",
    "recv_time": 13907926,
    "tag": "308",
    "total_cost_by_ms": 12.109999656677246,
    "wait_cost": 3.8879995346069336
}
