{
    "child_model_execute_cost_by_ms": [
        47.55699920654297
    ],
    "child_model_run_time": [
        [
            15684249,
            15731806
        ]
    ],
    "execute_cost": 47.55699920654297,
    "finish_time": 15731811,
    "limit_cost_by_ms": 47.50299835205078,
    "model_name": "vgg19",
    "recv_time": 15655144,
    "tag": "406",
    "total_cost_by_ms": 76.66699981689453,
    "wait_cost": 29.110000610351563
}
