{
    "child_model_execute_cost_by_ms": [
        8.548999786376953
    ],
    "child_model_run_time": [
        [
            18153138,
            18161687
        ]
    ],
    "execute_cost": 8.548999786376953,
    "finish_time": 18161692,
    "limit_cost_by_ms": 7.322666645050049,
    "model_name": "squeezenetv1",
    "recv_time": 18132494,
    "tag": "527",
    "total_cost_by_ms": 29.197999954223633,
    "wait_cost": 20.64900016784668
}
