{
    "child_model_execute_cost_by_ms": [
        19.33799934387207
    ],
    "child_model_run_time": [
        [
            7960371,
            7979709
        ]
    ],
    "execute_cost": 19.33799934387207,
    "finish_time": 7979715,
    "limit_cost_by_ms": 18.873332977294922,
    "model_name": "resnet50",
    "recv_time": 7956429,
    "tag": "8",
    "total_cost_by_ms": 23.285999298095703,
    "wait_cost": 3.947999954223633
}
