{
    "child_model_execute_cost_by_ms": [
        10.38700008392334
    ],
    "child_model_run_time": [
        [
            21959637,
            21970024
        ]
    ],
    "execute_cost": 10.38700008392334,
    "finish_time": 21970033,
    "limit_cost_by_ms": 8.677666664123535,
    "model_name": "googlenet",
    "recv_time": 21952399,
    "tag": "711",
    "total_cost_by_ms": 17.634000778198242,
    "wait_cost": 7.247000694274902
}
