{
    "child_model_execute_cost_by_ms": [
        19.198999404907227
    ],
    "child_model_run_time": [
        [
            24766472,
            24785671
        ]
    ],
    "execute_cost": 19.198999404907227,
    "finish_time": 24785680,
    "limit_cost_by_ms": 18.930999755859375,
    "model_name": "resnet50",
    "recv_time": 24766420,
    "tag": "848",
    "total_cost_by_ms": 19.260000228881836,
    "wait_cost": 0.061000823974609375
}
