{
    "child_model_execute_cost_by_ms": [
        10.428999900817871
    ],
    "child_model_run_time": [
        [
            27064836,
            27075265
        ]
    ],
    "execute_cost": 10.428999900817871,
    "finish_time": 27075272,
    "limit_cost_by_ms": 8.677666664123535,
    "model_name": "googlenet",
    "recv_time": 27064743,
    "tag": "965",
    "total_cost_by_ms": 10.529000282287598,
    "wait_cost": 0.10000038146972656
}
