{
    "child_model_execute_cost_by_ms": [
        8.991000175476074
    ],
    "child_model_run_time": [
        [
            12379338,
            12388329
        ]
    ],
    "execute_cost": 8.991000175476074,
    "finish_time": 12388343,
    "limit_cost_by_ms": 7.308333396911621,
    "model_name": "squeezenetv1",
    "recv_time": 12351731,
    "tag": "218",
    "total_cost_by_ms": 36.61199951171875,
    "wait_cost": 27.62099838256836
}
