{
    "child_model_execute_cost_by_ms": [
        20.961000442504883
    ],
    "child_model_run_time": [
        [
            13029767,
            13050728
        ]
    ],
    "execute_cost": 20.961000442504883,
    "finish_time": 13050735,
    "limit_cost_by_ms": 18.80733299255371,
    "model_name": "resnet50",
    "recv_time": 13008518,
    "tag": "249",
    "total_cost_by_ms": 42.21699905395508,
    "wait_cost": 21.255998611450195
}
