{
    "child_model_execute_cost_by_ms": [
        19.63599967956543
    ],
    "child_model_run_time": [
        [
            15994756,
            16014392
        ]
    ],
    "execute_cost": 19.63599967956543,
    "finish_time": 16014399,
    "limit_cost_by_ms": 18.80733299255371,
    "model_name": "resnet50",
    "recv_time": 15990158,
    "tag": "396",
    "total_cost_by_ms": 24.240999221801758,
    "wait_cost": 4.604999542236328
}
