{
    "child_model_execute_cost_by_ms": [
        44.10100173950195
    ],
    "child_model_run_time": [
        [
            12897385,
            12941486
        ]
    ],
    "execute_cost": 44.10100173950195,
    "finish_time": 12941492,
    "limit_cost_by_ms": 46.981998443603516,
    "model_name": "vgg19",
    "recv_time": 12897377,
    "tag": "188",
    "total_cost_by_ms": 44.1150016784668,
    "wait_cost": 0.01399993896484375
}
