{
    "child_model_execute_cost_by_ms": [
        29.125
    ],
    "child_model_run_time": [
        [
            16843950,
            16873075
        ]
    ],
    "execute_cost": 29.125,
    "finish_time": 16873082,
    "limit_cost_by_ms": 7.304666519165039,
    "model_name": "squeezenetv1",
    "recv_time": 16843781,
    "tag": "349",
    "total_cost_by_ms": 29.301000595092773,
    "wait_cost": 0.17600059509277344
}
