{
    "child_model_execute_cost_by_ms": [
        43.683998107910156
    ],
    "child_model_run_time": [
        [
            19349793,
            19393477
        ]
    ],
    "execute_cost": 43.683998107910156,
    "finish_time": 19393482,
    "limit_cost_by_ms": 46.981998443603516,
    "model_name": "vgg19",
    "recv_time": 19349788,
    "tag": "453",
    "total_cost_by_ms": 43.694000244140625,
    "wait_cost": 0.01000213623046875
}
