{
    "child_model_execute_cost_by_ms": [
        18.933000564575195
    ],
    "child_model_run_time": [
        [
            27606309,
            27625242
        ]
    ],
    "execute_cost": 18.933000564575195,
    "finish_time": 27625248,
    "limit_cost_by_ms": 19.024999618530273,
    "model_name": "resnet50",
    "recv_time": 27606303,
    "tag": "791",
    "total_cost_by_ms": 18.94499969482422,
    "wait_cost": 0.011999130249023438
}
