{
    "child_model_execute_cost_by_ms": [
        44.224998474121094
    ],
    "child_model_run_time": [
        [
            29246491,
            29290716
        ]
    ],
    "execute_cost": 44.224998474121094,
    "finish_time": 29290723,
    "limit_cost_by_ms": 46.981998443603516,
    "model_name": "vgg19",
    "recv_time": 29246473,
    "tag": "860",
    "total_cost_by_ms": 44.25,
    "wait_cost": 0.02500152587890625
}
