{
    "child_model_execute_cost_by_ms": [
        39.5989990234375
    ],
    "child_model_run_time": [
        [
            31445795,
            31485394
        ]
    ],
    "execute_cost": 39.5989990234375,
    "finish_time": 31485401,
    "limit_cost_by_ms": 7.304666519165039,
    "model_name": "squeezenetv1",
    "recv_time": 31445761,
    "tag": "949",
    "total_cost_by_ms": 39.63999938964844,
    "wait_cost": 0.0410003662109375
}
