kind, gpt128v2, yolov2, googlenet, resnet50, vgg19, total
DLIR, 2.867423525484834, 2.4179306381749703, 2.2732403382869353, 2.029144013143927, 1.8311160715163368, 2.282932637809061
OYST, 2.8677873944986163, 2.36097997315762, 2.269249023808176, 2.0565185677075353, 1.8684280925052232, 2.2837813415086385
ClockWork, 3.9703580669318557, 3.9016146589480543, 2.9787863605653495, 1.6218778087214352, 1.0723054543601926, 2.706639989647168
PREMA, 3.438754537649403, 3.031251348548452, 2.860890407627843, 1.6596175077998985, 1.0984099432636973, 2.4160056119480062
MPS, 5.601705343650864, 3.813064452735042, 3.185552071152817, 1.8284030613047562, 1.078555209076694, 3.0976827253016874
