kind, gpt128v2, yolov2, googlenet, resnet50, vgg19, total
DLIR, 5.731051226698382, 4.660536355313271, 5.508312726942926, 3.732832794861549, 2.722519336842788, 5.731051226698382
OYST, 5.567972434139101, 4.64999990850455, 5.321448804783913, 3.6956551381924245, 2.658132874120912, 5.567972434139101
ClockWork, 11.795460266885412, 11.656725284657526, 11.448399940253594, 4.276834249405953, 1.9815300178223465, 11.795460266885412
PREMA, 9.608695428298407, 8.744393821962781, 9.082812981544123, 5.10156474846186, 2.330607804961395, 9.608695428298407
MPS, 17.56005932841185, 13.630152089682603, 10.493801883962798, 5.286982317510238, 1.8464970957294298, 17.56005932841185
