kind, gpt128v2, yolov2, googlenet, resnet50, vgg19, total
DLIR, 0.9666395943453763, 1.0042878298706777, 0.921800987321978, 0.5827182526810293, 0.4474515318448659, 0.8881320585885996
OYST, 0.9926716257502405, 0.9859509055312858, 0.9599403695177259, 0.6012442832938537, 0.4496832123977106, 0.8940143377816526
ClockWork, 2.3013083132378553, 2.8494827127045714, 2.0046979973719967, 0.8213719550272311, 0.14235541194747622, 2.2354061385381114
PREMA, 1.984602421075429, 2.1967608808108894, 2.032524233243136, 0.9798342659346144, 0.22120078087063993, 1.8850035751317007
MPS, 3.7868408066040113, 3.048885516902287, 2.1416629191023944, 1.0106670212116937, 0.14427282149349865, 2.88262905922217
