kind, gpt128v2, yolov2, googlenet, resnet50, vgg19, total
DLIR, 1.4628217210604837, 1.0404926217756976, 1.055641746579082, 1.3352986288342983, 1.1608581049599174, 1.0404926217756976
OYST, 1.2225032005108531, 1.0261401705522928, 1.0386722576052785, 1.364078643208985, 1.1694206443412025, 1.0261401705522928
ClockWork, 1.6395744258914589, 1.0665845755458427, 1.0448804850666638, 1.0094521012155757, 1.0, 1.0
PREMA, 1.310599579017431, 1.0462366615089593, 1.0801153036341367, 1.0, 1.0, 1.0
MPS, 1.481982461926144, 1.0471236205494907, 1.0630050691172404, 1.0, 1.0, 1.0
