{
    "child_model_execute_cost_by_ms": [
        10.08899974822998
    ],
    "child_model_run_time": [
        [
            24510256,
            24520345
        ]
    ],
    "execute_cost": 10.08899974822998,
    "finish_time": 24520350,
    "limit_cost_by_ms": 9.188333511352539,
    "model_name": "googlenet",
    "recv_time": 24510249,
    "tag": "692",
    "total_cost_by_ms": 10.10099983215332,
    "wait_cost": 0.012000083923339844
}
