{
    "child_model_execute_cost_by_ms": [
        46.020999908447266
    ],
    "child_model_run_time": [
        [
            24608252,
            24654273
        ]
    ],
    "execute_cost": 46.020999908447266,
    "finish_time": 24654278,
    "limit_cost_by_ms": 47.38100051879883,
    "model_name": "vgg19",
    "recv_time": 24608233,
    "tag": "697",
    "total_cost_by_ms": 46.04499816894531,
    "wait_cost": 0.023998260498046875
}
