{
    "child_model_execute_cost_by_ms": [
        8.461000442504883
    ],
    "child_model_run_time": [
        [
            11302640,
            11311101
        ]
    ],
    "execute_cost": 8.461000442504883,
    "finish_time": 11311112,
    "limit_cost_by_ms": 7.093999862670898,
    "model_name": "squeezenetv1",
    "recv_time": 11285924,
    "tag": "180",
    "total_cost_by_ms": 25.187999725341797,
    "wait_cost": 16.726999282836914
}
