{
    "child_model_execute_cost_by_ms": [
        19.368999481201172
    ],
    "child_model_run_time": [
        [
            14427387,
            14446756
        ]
    ],
    "execute_cost": 19.368999481201172,
    "finish_time": 14446762,
    "limit_cost_by_ms": 18.915000915527344,
    "model_name": "resnet50",
    "recv_time": 14427369,
    "tag": "341",
    "total_cost_by_ms": 19.39299964904785,
    "wait_cost": 0.024000167846679688
}
