{
    "child_model_execute_cost_by_ms": [
        19.34000015258789
    ],
    "child_model_run_time": [
        [
            15772841,
            15792181
        ]
    ],
    "execute_cost": 19.34000015258789,
    "finish_time": 15792188,
    "limit_cost_by_ms": 18.915000915527344,
    "model_name": "resnet50",
    "recv_time": 15772694,
    "tag": "410",
    "total_cost_by_ms": 19.493999481201172,
    "wait_cost": 0.15399932861328125
}
