{
    "child_model_execute_cost_by_ms": [
        9.697999954223633
    ],
    "child_model_run_time": [
        [
            8759842,
            8769540
        ]
    ],
    "execute_cost": 9.697999954223633,
    "finish_time": 8769553,
    "limit_cost_by_ms": 8.952333450317383,
    "model_name": "googlenet",
    "recv_time": 8759688,
    "tag": "49",
    "total_cost_by_ms": 9.864999771118164,
    "wait_cost": 0.16699981689453125
}
