{
    "child_model_execute_cost_by_ms": [
        19.267000198364258
    ],
    "child_model_run_time": [
        [
            21418066,
            21437333
        ]
    ],
    "execute_cost": 19.267000198364258,
    "finish_time": 21437339,
    "limit_cost_by_ms": 18.915000915527344,
    "model_name": "resnet50",
    "recv_time": 21408245,
    "tag": "698",
    "total_cost_by_ms": 29.0939998626709,
    "wait_cost": 9.82699966430664
}
