{
    "child_model_execute_cost_by_ms": [
        58.5369987487793
    ],
    "child_model_run_time": [
        [
            14070622,
            14129159
        ]
    ],
    "execute_cost": 58.5369987487793,
    "finish_time": 14129163,
    "limit_cost_by_ms": 8.829667091369629,
    "model_name": "googlenet",
    "recv_time": 14070563,
    "tag": "310",
    "total_cost_by_ms": 58.599998474121094,
    "wait_cost": 0.06299972534179688
}
