{
    "child_model_execute_cost_by_ms": [
        9.699000358581543
    ],
    "child_model_run_time": [
        [
            18960945,
            18970644
        ]
    ],
    "execute_cost": 9.699000358581543,
    "finish_time": 18970651,
    "limit_cost_by_ms": 8.829667091369629,
    "model_name": "googlenet",
    "recv_time": 18960839,
    "tag": "555",
    "total_cost_by_ms": 9.812000274658203,
    "wait_cost": 0.11299991607666016
}
