{
    "child_model_execute_cost_by_ms": [
        19.381999969482422
    ],
    "child_model_run_time": [
        [
            19377828,
            19397210
        ]
    ],
    "execute_cost": 19.381999969482422,
    "finish_time": 19397212,
    "limit_cost_by_ms": 18.981332778930664,
    "model_name": "resnet50",
    "recv_time": 19377725,
    "tag": "576",
    "total_cost_by_ms": 19.48699951171875,
    "wait_cost": 0.10499954223632813
}
