{
    "child_model_execute_cost_by_ms": [
        18.815000534057617
    ],
    "child_model_run_time": [
        [
            27914858,
            27933673
        ]
    ],
    "execute_cost": 18.815000534057617,
    "finish_time": 27933677,
    "limit_cost_by_ms": 18.981332778930664,
    "model_name": "resnet50",
    "recv_time": 27914740,
    "tag": "999",
    "total_cost_by_ms": 18.937000274658203,
    "wait_cost": 0.12199974060058594
}
