{
    "child_model_execute_cost_by_ms": [
        8.519000053405762
    ],
    "child_model_run_time": [
        [
            12449180,
            12457699
        ]
    ],
    "execute_cost": 8.519000053405762,
    "finish_time": 12457706,
    "limit_cost_by_ms": 7.116333484649658,
    "model_name": "squeezenetv1",
    "recv_time": 12449054,
    "tag": "244",
    "total_cost_by_ms": 8.652000427246094,
    "wait_cost": 0.13300037384033203
}
