{
    "child_model_execute_cost_by_ms": [
        20.511999130249023
    ],
    "child_model_run_time": [
        [
            18251162,
            18271674
        ]
    ],
    "execute_cost": 20.511999130249023,
    "finish_time": 18271687,
    "limit_cost_by_ms": 18.870332717895508,
    "model_name": "resnet50",
    "recv_time": 18251062,
    "tag": "541",
    "total_cost_by_ms": 20.625,
    "wait_cost": 0.11300086975097656
}
