{
    "child_model_execute_cost_by_ms": [
        20.51099967956543
    ],
    "child_model_run_time": [
        [
            18856453,
            18876964
        ]
    ],
    "execute_cost": 20.51099967956543,
    "finish_time": 18876973,
    "limit_cost_by_ms": 18.870332717895508,
    "model_name": "resnet50",
    "recv_time": 18856255,
    "tag": "572",
    "total_cost_by_ms": 20.718000411987305,
    "wait_cost": 0.207000732421875
}
