{
    "child_model_execute_cost_by_ms": [
        8.390999794006348
    ],
    "child_model_run_time": [
        [
            20754461,
            20762852
        ]
    ],
    "execute_cost": 8.390999794006348,
    "finish_time": 20762860,
    "limit_cost_by_ms": 7.116333484649658,
    "model_name": "squeezenetv1",
    "recv_time": 20754345,
    "tag": "672",
    "total_cost_by_ms": 8.515000343322754,
    "wait_cost": 0.12400054931640625
}
