{
    "child_model_execute_cost_by_ms": [
        47.08700180053711
    ],
    "child_model_run_time": [
        [
            20958878,
            21005965
        ]
    ],
    "execute_cost": 47.08700180053711,
    "finish_time": 21005971,
    "limit_cost_by_ms": 46.06833267211914,
    "model_name": "vgg19",
    "recv_time": 20958782,
    "tag": "683",
    "total_cost_by_ms": 47.18899917602539,
    "wait_cost": 0.10199737548828125
}
