{
    "child_model_execute_cost_by_ms": [
        44.069000244140625
    ],
    "child_model_run_time": [
        [
            22331245,
            22375314
        ]
    ],
    "execute_cost": 44.069000244140625,
    "finish_time": 22375317,
    "limit_cost_by_ms": 46.57566833496094,
    "model_name": "vgg19",
    "recv_time": 22331188,
    "tag": "214",
    "total_cost_by_ms": 44.12900161743164,
    "wait_cost": 0.060001373291015625
}
