{
    "child_model_execute_cost_by_ms": [
        9.793999671936035
    ],
    "child_model_run_time": [
        [
            24990832,
            25000626
        ]
    ],
    "execute_cost": 9.793999671936035,
    "finish_time": 25000631,
    "limit_cost_by_ms": 8.922666549682617,
    "model_name": "googlenet",
    "recv_time": 24990714,
    "tag": "348",
    "total_cost_by_ms": 9.916999816894531,
    "wait_cost": 0.1230001449584961
}
