{
    "child_model_execute_cost_by_ms": [
        8.845000267028809
    ],
    "child_model_run_time": [
        [
            27470065,
            27478910
        ]
    ],
    "execute_cost": 8.845000267028809,
    "finish_time": 27478914,
    "limit_cost_by_ms": 6.9633331298828125,
    "model_name": "gpt128v2",
    "recv_time": 27470059,
    "tag": "473",
    "total_cost_by_ms": 8.854999542236328,
    "wait_cost": 0.009999275207519531
}
