{
    "child_model_execute_cost_by_ms": [
        10.277000427246094
    ],
    "child_model_run_time": [
        [
            27601227,
            27611504
        ]
    ],
    "execute_cost": 10.277000427246094,
    "finish_time": 27611509,
    "limit_cost_by_ms": 8.922666549682617,
    "model_name": "googlenet",
    "recv_time": 27593699,
    "tag": "480",
    "total_cost_by_ms": 17.809999465942383,
    "wait_cost": 7.532999038696289
}
