{
    "child_model_execute_cost_by_ms": [
        12.359999656677246
    ],
    "child_model_run_time": [
        [
            28368116,
            28380476
        ]
    ],
    "execute_cost": 12.359999656677246,
    "finish_time": 28380479,
    "limit_cost_by_ms": 8.922666549682617,
    "model_name": "googlenet",
    "recv_time": 28359641,
    "tag": "518",
    "total_cost_by_ms": 20.83799934387207,
    "wait_cost": 8.477999687194824
}
