{
    "child_model_execute_cost_by_ms": [
        10.298999786376953
    ],
    "child_model_run_time": [
        [
            28968182,
            28978481
        ]
    ],
    "execute_cost": 10.298999786376953,
    "finish_time": 28978485,
    "limit_cost_by_ms": 8.922666549682617,
    "model_name": "googlenet",
    "recv_time": 28968171,
    "tag": "548",
    "total_cost_by_ms": 10.314000129699707,
    "wait_cost": 0.015000343322753906
}
