{
    "child_model_execute_cost_by_ms": [
        8.267999649047852
    ],
    "child_model_run_time": [
        [
            17133743,
            17142011
        ]
    ],
    "execute_cost": 8.267999649047852,
    "finish_time": 17142018,
    "limit_cost_by_ms": 7.171666622161865,
    "model_name": "squeezenetv1",
    "recv_time": 17133571,
    "tag": "376",
    "total_cost_by_ms": 8.446999549865723,
    "wait_cost": 0.1789999008178711
}
