{
    "child_model_execute_cost_by_ms": [
        9.670000076293945
    ],
    "child_model_run_time": [
        [
            18611842,
            18621512
        ]
    ],
    "execute_cost": 9.670000076293945,
    "finish_time": 18621517,
    "limit_cost_by_ms": 8.666333198547363,
    "model_name": "googlenet",
    "recv_time": 18611591,
    "tag": "435",
    "total_cost_by_ms": 9.925999641418457,
    "wait_cost": 0.2559995651245117
}
