{
    "child_model_execute_cost_by_ms": [
        30.652999877929688
    ],
    "child_model_run_time": [
        [
            10260057,
            10290710
        ]
    ],
    "execute_cost": 30.652999877929688,
    "finish_time": 10290715,
    "limit_cost_by_ms": 8.982666969299316,
    "model_name": "googlenet",
    "recv_time": 10260047,
    "tag": "129",
    "total_cost_by_ms": 30.667999267578125,
    "wait_cost": 0.0149993896484375
}
