{
    "child_model_execute_cost_by_ms": [
        18.340999603271484
    ],
    "child_model_run_time": [
        [
            11048516,
            11066857
        ]
    ],
    "execute_cost": 18.340999603271484,
    "finish_time": 11066861,
    "limit_cost_by_ms": 8.982666969299316,
    "model_name": "googlenet",
    "recv_time": 11048498,
    "tag": "168",
    "total_cost_by_ms": 18.363000869750977,
    "wait_cost": 0.022001266479492188
}
