{
    "child_model_execute_cost_by_ms": [
        9.805000305175781
    ],
    "child_model_run_time": [
        [
            14342082,
            14351887
        ]
    ],
    "execute_cost": 9.805000305175781,
    "finish_time": 14351889,
    "limit_cost_by_ms": 8.982666969299316,
    "model_name": "googlenet",
    "recv_time": 14342074,
    "tag": "329",
    "total_cost_by_ms": 9.8149995803833,
    "wait_cost": 0.009999275207519531
}
