{
    "child_model_execute_cost_by_ms": [
        67.33599853515625
    ],
    "child_model_run_time": [
        [
            15462882,
            15530218
        ]
    ],
    "execute_cost": 67.33599853515625,
    "finish_time": 15530223,
    "limit_cost_by_ms": 7.3463335037231445,
    "model_name": "squeezenetv1",
    "recv_time": 15462768,
    "tag": "386",
    "total_cost_by_ms": 67.45500183105469,
    "wait_cost": 0.1190032958984375
}
