{
    "child_model_execute_cost_by_ms": [
        19.87299919128418
    ],
    "child_model_run_time": [
        [
            15636509,
            15656382
        ]
    ],
    "execute_cost": 19.87299919128418,
    "finish_time": 15656385,
    "limit_cost_by_ms": 18.785667419433594,
    "model_name": "resnet50",
    "recv_time": 15636400,
    "tag": "393",
    "total_cost_by_ms": 19.985000610351563,
    "wait_cost": 0.11200141906738281
}
