{
    "child_model_execute_cost_by_ms": [
        44.7130012512207
    ],
    "child_model_run_time": [
        [
            8632306,
            8677019
        ]
    ],
    "execute_cost": 44.7130012512207,
    "finish_time": 8677022,
    "limit_cost_by_ms": 47.2869987487793,
    "model_name": "vgg19",
    "recv_time": 8632143,
    "tag": "51",
    "total_cost_by_ms": 44.87900161743164,
    "wait_cost": 0.1660003662109375
}
