{
    "child_model_execute_cost_by_ms": [
        8.25
    ],
    "child_model_run_time": [
        [
            18206730,
            18214980
        ]
    ],
    "execute_cost": 8.25,
    "finish_time": 18214988,
    "limit_cost_by_ms": 7.3463335037231445,
    "model_name": "squeezenetv1",
    "recv_time": 18206716,
    "tag": "517",
    "total_cost_by_ms": 8.272000312805176,
    "wait_cost": 0.02200031280517578
}
