{
    "child_model_execute_cost_by_ms": [
        9.972000122070313
    ],
    "child_model_run_time": [
        [
            19975334,
            19985306
        ]
    ],
    "execute_cost": 9.972000122070313,
    "finish_time": 19985312,
    "limit_cost_by_ms": 8.630666732788086,
    "model_name": "googlenet",
    "recv_time": 19975241,
    "tag": "601",
    "total_cost_by_ms": 10.071000099182129,
    "wait_cost": 0.0989999771118164
}
