{
    "child_model_execute_cost_by_ms": [
        55.57899856567383
    ],
    "child_model_run_time": [
        [
            9067998,
            9123577
        ]
    ],
    "execute_cost": 55.57899856567383,
    "finish_time": 9123580,
    "limit_cost_by_ms": 47.227664947509766,
    "model_name": "vgg19",
    "recv_time": 9067886,
    "tag": "63",
    "total_cost_by_ms": 55.694000244140625,
    "wait_cost": 0.11500167846679688
}
