{
    "child_model_execute_cost_by_ms": [
        56.01599884033203
    ],
    "child_model_run_time": [
        [
            20766530,
            20822546
        ]
    ],
    "execute_cost": 56.01599884033203,
    "finish_time": 20822550,
    "limit_cost_by_ms": 47.2869987487793,
    "model_name": "vgg19",
    "recv_time": 20766478,
    "tag": "642",
    "total_cost_by_ms": 56.071998596191406,
    "wait_cost": 0.055999755859375
}
