{
    "child_model_execute_cost_by_ms": [
        23.466999053955078
    ],
    "child_model_run_time": [
        [
            21744916,
            21768383
        ]
    ],
    "execute_cost": 23.466999053955078,
    "finish_time": 21768387,
    "limit_cost_by_ms": 7.3463335037231445,
    "model_name": "squeezenetv1",
    "recv_time": 21744886,
    "tag": "688",
    "total_cost_by_ms": 23.500999450683594,
    "wait_cost": 0.034000396728515625
}
