{
    "child_model_execute_cost_by_ms": [
        10.24899959564209
    ],
    "child_model_run_time": [
        [
            21988170,
            21998419
        ]
    ],
    "execute_cost": 10.24899959564209,
    "finish_time": 21998427,
    "limit_cost_by_ms": 8.982666969299316,
    "model_name": "googlenet",
    "recv_time": 21988160,
    "tag": "700",
    "total_cost_by_ms": 10.267000198364258,
    "wait_cost": 0.01800060272216797
}
