{
    "child_model_execute_cost_by_ms": [
        32.387001037597656
    ],
    "child_model_run_time": [
        [
            27208031,
            27240418
        ]
    ],
    "execute_cost": 32.387001037597656,
    "finish_time": 27240419,
    "limit_cost_by_ms": 8.982666969299316,
    "model_name": "googlenet",
    "recv_time": 27208018,
    "tag": "949",
    "total_cost_by_ms": 32.4010009765625,
    "wait_cost": 0.01399993896484375
}
