{
    "child_model_execute_cost_by_ms": [
        14.97700023651123,
        8.79800033569336
    ],
    "child_model_run_time": [
        [
            15350122,
            15365099
        ],
        [
            15365141,
            15373939
        ]
    ],
    "execute_cost": 23.775001525878906,
    "finish_time": 15373946,
    "limit_cost_by_ms": 18.88599967956543,
    "model_name": "resnet50",
    "recv_time": 15350080,
    "tag": "329",
    "total_cost_by_ms": 23.865999221801758,
    "wait_cost": 0.09099769592285156
}
