{
    "child_model_execute_cost_by_ms": [
        8.032999992370605
    ],
    "child_model_run_time": [
        [
            19912151,
            19920184
        ]
    ],
    "execute_cost": 8.032999992370605,
    "finish_time": 19920195,
    "limit_cost_by_ms": 7.326000213623047,
    "model_name": "squeezenetv1",
    "recv_time": 19892787,
    "tag": "530",
    "total_cost_by_ms": 27.408000946044922,
    "wait_cost": 19.375
}
