{
    "child_model_execute_cost_by_ms": [
        18.915000915527344,
        17.775999069213867,
        20.229000091552734
    ],
    "child_model_run_time": [
        [
            26090933,
            26109848
        ],
        [
            26109943,
            26127719
        ],
        [
            26127803,
            26148032
        ]
    ],
    "execute_cost": 56.92000198364258,
    "finish_time": 26148038,
    "limit_cost_by_ms": 47.198333740234375,
    "model_name": "vgg19",
    "recv_time": 26090746,
    "tag": "797",
    "total_cost_by_ms": 57.29199981689453,
    "wait_cost": 0.3719978332519531
}
