{
    "child_model_execute_cost_by_ms": [
        19.113000869750977,
        17.628000259399414,
        20.332000732421875
    ],
    "child_model_run_time": [
        [
            26460525,
            26479638
        ],
        [
            26479724,
            26497352
        ],
        [
            26497433,
            26517765
        ]
    ],
    "execute_cost": 57.073001861572266,
    "finish_time": 26517769,
    "limit_cost_by_ms": 47.198333740234375,
    "model_name": "vgg19",
    "recv_time": 26460361,
    "tag": "813",
    "total_cost_by_ms": 57.40800094604492,
    "wait_cost": 0.33499908447265625
}
