{
    "child_model_execute_cost_by_ms": [
        10.312999725341797
    ],
    "child_model_run_time": [
        [
            29234135,
            29244448
        ]
    ],
    "execute_cost": 10.312999725341797,
    "finish_time": 29244457,
    "limit_cost_by_ms": 8.611332893371582,
    "model_name": "googlenet",
    "recv_time": 29233986,
    "tag": "932",
    "total_cost_by_ms": 10.470999717712402,
    "wait_cost": 0.15799999237060547
}
