{
    "child_model_execute_cost_by_ms": [
        69.00800323486328
    ],
    "child_model_run_time": [
        [
            9839305,
            9908313
        ]
    ],
    "execute_cost": 69.00800323486328,
    "finish_time": 9908318,
    "limit_cost_by_ms": 8.802000045776367,
    "model_name": "googlenet",
    "recv_time": 9839186,
    "tag": "111",
    "total_cost_by_ms": 69.13200378417969,
    "wait_cost": 0.12400054931640625
}
