{
    "child_model_execute_cost_by_ms": [
        19.30699920654297
    ],
    "child_model_run_time": [
        [
            13409658,
            13428965
        ]
    ],
    "execute_cost": 19.30699920654297,
    "finish_time": 13428969,
    "limit_cost_by_ms": 18.935333251953125,
    "model_name": "resnet50",
    "recv_time": 13409651,
    "tag": "301",
    "total_cost_by_ms": 19.31800079345703,
    "wait_cost": 0.0110015869140625
}
