{
    "child_model_execute_cost_by_ms": [
        43.957000732421875
    ],
    "child_model_run_time": [
        [
            14155304,
            14199261
        ]
    ],
    "execute_cost": 43.957000732421875,
    "finish_time": 14199262,
    "limit_cost_by_ms": 47.28533172607422,
    "model_name": "vgg19",
    "recv_time": 14155186,
    "tag": "342",
    "total_cost_by_ms": 44.07600021362305,
    "wait_cost": 0.11899948120117188
}
