{
    "child_model_execute_cost_by_ms": [
        58.70899963378906
    ],
    "child_model_run_time": [
        [
            19566620,
            19625329
        ]
    ],
    "execute_cost": 58.70899963378906,
    "finish_time": 19625331,
    "limit_cost_by_ms": 18.935333251953125,
    "model_name": "resnet50",
    "recv_time": 19566452,
    "tag": "628",
    "total_cost_by_ms": 58.87900161743164,
    "wait_cost": 0.17000198364257813
}
