{
    "child_model_execute_cost_by_ms": [
        62.39500045776367
    ],
    "child_model_run_time": [
        [
            20373818,
            20436213
        ]
    ],
    "execute_cost": 62.39500045776367,
    "finish_time": 20436218,
    "limit_cost_by_ms": 8.802000045776367,
    "model_name": "googlenet",
    "recv_time": 20373808,
    "tag": "670",
    "total_cost_by_ms": 62.40999984741211,
    "wait_cost": 0.0149993896484375
}
