{
    "child_model_execute_cost_by_ms": [
        5.875
    ],
    "child_model_run_time": [
        [
            21458138,
            21464013
        ]
    ],
    "execute_cost": 5.875,
    "finish_time": 21464021,
    "limit_cost_by_ms": 5.690999984741211,
    "model_name": "yolov2",
    "recv_time": 21441485,
    "tag": "129",
    "total_cost_by_ms": 22.535999298095703,
    "wait_cost": 16.660999298095703
}
