{
    "child_model_execute_cost_by_ms": [
        19.652000427246094,
        18.79199981689453,
        19.066999435424805
    ],
    "child_model_run_time": [
        [
            18856662,
            18876314
        ],
        [
            18942454,
            18961246
        ],
        [
            18961279,
            18980346
        ]
    ],
    "execute_cost": 57.51100158691406,
    "finish_time": 18980350,
    "limit_cost_by_ms": 42.360111236572266,
    "model_name": "vgg19",
    "recv_time": 18755550,
    "tag": "8",
    "total_cost_by_ms": 224.8000030517578,
    "wait_cost": 167.28900146484375
}
