{
    "child_model_execute_cost_by_ms": [
        6.328999996185303
    ],
    "child_model_run_time": [
        [
            22179853,
            22186182
        ]
    ],
    "execute_cost": 6.328999996185303,
    "finish_time": 22186192,
    "limit_cost_by_ms": 5.690999984741211,
    "model_name": "yolov2",
    "recv_time": 22176552,
    "tag": "164",
    "total_cost_by_ms": 9.640000343322754,
    "wait_cost": 3.311000347137451
}
