{
    "child_model_execute_cost_by_ms": [
        13.736000061035156,
        13.239999771118164
    ],
    "child_model_run_time": [
        [
            25573713,
            25587449
        ],
        [
            25619030,
            25632270
        ]
    ],
    "execute_cost": 26.97599983215332,
    "finish_time": 25632277,
    "limit_cost_by_ms": 17.76966667175293,
    "model_name": "resnet50",
    "recv_time": 25568616,
    "tag": "315",
    "total_cost_by_ms": 63.6609992980957,
    "wait_cost": 36.68499755859375
}
