{
    "child_model_execute_cost_by_ms": [
        15.47599983215332,
        14.067000389099121
    ],
    "child_model_run_time": [
        [
            26411138,
            26426614
        ],
        [
            26426669,
            26440736
        ]
    ],
    "execute_cost": 29.542999267578125,
    "finish_time": 26440741,
    "limit_cost_by_ms": 17.76966667175293,
    "model_name": "resnet50",
    "recv_time": 26408869,
    "tag": "354",
    "total_cost_by_ms": 31.871999740600586,
    "wait_cost": 2.329000473022461
}
