{
    "child_model_execute_cost_by_ms": [
        6.984000205993652
    ],
    "child_model_run_time": [
        [
            27922720,
            27929704
        ]
    ],
    "execute_cost": 6.984000205993652,
    "finish_time": 27929713,
    "limit_cost_by_ms": 5.690999984741211,
    "model_name": "yolov2",
    "recv_time": 27889206,
    "tag": "422",
    "total_cost_by_ms": 40.50699996948242,
    "wait_cost": 33.52299880981445
}
