{
    "child_model_execute_cost_by_ms": [
        9.468999862670898
    ],
    "child_model_run_time": [
        [
            28715908,
            28725377
        ]
    ],
    "execute_cost": 9.468999862670898,
    "finish_time": 28725381,
    "limit_cost_by_ms": 8.739333152770996,
    "model_name": "googlenet",
    "recv_time": 28705824,
    "tag": "458",
    "total_cost_by_ms": 19.55699920654297,
    "wait_cost": 10.08799934387207
}
