{
    "child_model_execute_cost_by_ms": [
        12.88599967956543
    ],
    "child_model_run_time": [
        [
            35239656,
            35252542
        ]
    ],
    "execute_cost": 12.88599967956543,
    "finish_time": 35252549,
    "limit_cost_by_ms": 8.739333152770996,
    "model_name": "googlenet",
    "recv_time": 35205266,
    "tag": "754",
    "total_cost_by_ms": 47.28300094604492,
    "wait_cost": 34.397003173828125
}
