{
    "child_model_execute_cost_by_ms": [
        18.47599983215332,
        19.790000915527344,
        19.61400032043457
    ],
    "child_model_run_time": [
        [
            35461767,
            35480243
        ],
        [
            35518691,
            35538481
        ],
        [
            35556131,
            35575745
        ]
    ],
    "execute_cost": 57.87999725341797,
    "finish_time": 35575750,
    "limit_cost_by_ms": 42.360111236572266,
    "model_name": "vgg19",
    "recv_time": 35249831,
    "tag": "757",
    "total_cost_by_ms": 325.91900634765625,
    "wait_cost": 268.03900146484375
}
