{
    "child_model_execute_cost_by_ms": [
        7.247000217437744
    ],
    "child_model_run_time": [
        [
            40120685,
            40127932
        ]
    ],
    "execute_cost": 7.247000217437744,
    "finish_time": 40127942,
    "limit_cost_by_ms": 5.690999984741211,
    "model_name": "yolov2",
    "recv_time": 40109840,
    "tag": "978",
    "total_cost_by_ms": 18.101999282836914,
    "wait_cost": 10.854999542236328
}
