{
    "child_model_execute_cost_by_ms": [
        37.5369987487793
    ],
    "child_model_run_time": [
        [
            13838012,
            13875549
        ]
    ],
    "execute_cost": 37.5369987487793,
    "finish_time": 13875553,
    "limit_cost_by_ms": 8.904000282287598,
    "model_name": "googlenet",
    "recv_time": 13837995,
    "tag": "245",
    "total_cost_by_ms": 37.55799865722656,
    "wait_cost": 0.020999908447265625
}
