{
    "child_model_execute_cost_by_ms": [
        15.375,
        9.645000457763672
    ],
    "child_model_run_time": [
        [
            13394957,
            13410332
        ],
        [
            13420813,
            13430458
        ]
    ],
    "execute_cost": 25.020000457763672,
    "finish_time": 13430468,
    "limit_cost_by_ms": 18.8836669921875,
    "model_name": "resnet50",
    "recv_time": 13388186,
    "tag": "236",
    "total_cost_by_ms": 42.28200149536133,
    "wait_cost": 17.262001037597656
}
