{
    "child_model_execute_cost_by_ms": [
        15.486000061035156,
        9.013999938964844
    ],
    "child_model_run_time": [
        [
            15290689,
            15306175
        ],
        [
            15306220,
            15315234
        ]
    ],
    "execute_cost": 24.5,
    "finish_time": 15315242,
    "limit_cost_by_ms": 18.8836669921875,
    "model_name": "resnet50",
    "recv_time": 15253754,
    "tag": "316",
    "total_cost_by_ms": 61.487998962402344,
    "wait_cost": 36.987998962402344
}
