{
    "child_model_execute_cost_by_ms": [
        18.327999114990234,
        17.78700065612793,
        20.350000381469727
    ],
    "child_model_run_time": [
        [
            19710010,
            19728338
        ],
        [
            19736479,
            19754266
        ],
        [
            19788038,
            19808388
        ]
    ],
    "execute_cost": 56.464996337890625,
    "finish_time": 19808396,
    "limit_cost_by_ms": 47.35933303833008,
    "model_name": "vgg19",
    "recv_time": 19698972,
    "tag": "502",
    "total_cost_by_ms": 109.42400360107422,
    "wait_cost": 52.959007263183594
}
