{
    "child_model_execute_cost_by_ms": [
        10.041999816894531
    ],
    "child_model_run_time": [
        [
            10539548,
            10549590
        ]
    ],
    "execute_cost": 10.041999816894531,
    "finish_time": 10549602,
    "limit_cost_by_ms": 9.069666862487793,
    "model_name": "googlenet",
    "recv_time": 10532237,
    "tag": "125",
    "total_cost_by_ms": 17.364999771118164,
    "wait_cost": 7.322999954223633
}
