{
    "child_model_execute_cost_by_ms": [
        15.284000396728516,
        8.850000381469727
    ],
    "child_model_run_time": [
        [
            10797241,
            10812525
        ],
        [
            10812615,
            10821465
        ]
    ],
    "execute_cost": 24.134000778198242,
    "finish_time": 10821473,
    "limit_cost_by_ms": 18.902666091918945,
    "model_name": "resnet50",
    "recv_time": 10773025,
    "tag": "135",
    "total_cost_by_ms": 48.448001861572266,
    "wait_cost": 24.314001083374023
}
