{
    "child_model_execute_cost_by_ms": [
        8.753000259399414
    ],
    "child_model_run_time": [
        [
            10981185,
            10989938
        ]
    ],
    "execute_cost": 8.753000259399414,
    "finish_time": 10989948,
    "limit_cost_by_ms": 7.381666660308838,
    "model_name": "squeezenetv1",
    "recv_time": 10976823,
    "tag": "144",
    "total_cost_by_ms": 13.125,
    "wait_cost": 4.371999740600586
}
