{
    "child_model_execute_cost_by_ms": [
        19.72800064086914,
        19.90399932861328,
        21.20400047302246
    ],
    "child_model_run_time": [
        [
            17779450,
            17799178
        ],
        [
            17824196,
            17844100
        ],
        [
            17844142,
            17865346
        ]
    ],
    "execute_cost": 60.83599853515625,
    "finish_time": 17865353,
    "limit_cost_by_ms": 47.42300033569336,
    "model_name": "vgg19",
    "recv_time": 14706866,
    "tag": "298",
    "total_cost_by_ms": 3158.487060546875,
    "wait_cost": 3097.651123046875
}
