{
    "child_model_execute_cost_by_ms": [
        8.545000076293945
    ],
    "child_model_run_time": [
        [
            18054036,
            18062581
        ]
    ],
    "execute_cost": 8.545000076293945,
    "finish_time": 18062595,
    "limit_cost_by_ms": 7.11899995803833,
    "model_name": "squeezenetv1",
    "recv_time": 18051870,
    "tag": "425",
    "total_cost_by_ms": 10.725000381469727,
    "wait_cost": 2.1800003051757813
}
