{
    "child_model_execute_cost_by_ms": [
        7.764999866485596
    ],
    "child_model_run_time": [
        [
            18446915,
            18454680
        ]
    ],
    "execute_cost": 7.764999866485596,
    "finish_time": 18454686,
    "limit_cost_by_ms": 7.381666660308838,
    "model_name": "squeezenetv1",
    "recv_time": 18438665,
    "tag": "452",
    "total_cost_by_ms": 16.020999908447266,
    "wait_cost": 8.256000518798828
}
