{
    "child_model_execute_cost_by_ms": [
        14.435999870300293,
        9.038999557495117
    ],
    "child_model_run_time": [
        [
            20106848,
            20121284
        ],
        [
            20141049,
            20150088
        ]
    ],
    "execute_cost": 23.474998474121094,
    "finish_time": 20150095,
    "limit_cost_by_ms": 18.902666091918945,
    "model_name": "resnet50",
    "recv_time": 20102906,
    "tag": "520",
    "total_cost_by_ms": 47.18899917602539,
    "wait_cost": 23.714000701904297
}
