{
    "child_model_execute_cost_by_ms": [
        10.821999549865723
    ],
    "child_model_run_time": [
        [
            20262500,
            20273322
        ]
    ],
    "execute_cost": 10.821999549865723,
    "finish_time": 20273333,
    "limit_cost_by_ms": 9.069666862487793,
    "model_name": "googlenet",
    "recv_time": 20259085,
    "tag": "527",
    "total_cost_by_ms": 14.248000144958496,
    "wait_cost": 3.4260005950927734
}
