{
    "child_model_execute_cost_by_ms": [
        18.077999114990234,
        19.20199966430664,
        20.740999221801758
    ],
    "child_model_run_time": [
        [
            8889859,
            8907937
        ],
        [
            8942643,
            8961845
        ],
        [
            8961933,
            8982674
        ]
    ],
    "execute_cost": 58.02099609375,
    "finish_time": 8982680,
    "limit_cost_by_ms": 47.42300033569336,
    "model_name": "vgg19",
    "recv_time": 8502687,
    "tag": "39",
    "total_cost_by_ms": 479.9930114746094,
    "wait_cost": 421.9720153808594
}
