{
    "child_model_execute_cost_by_ms": [
        10.489999771118164
    ],
    "child_model_run_time": [
        [
            24465773,
            24476263
        ]
    ],
    "execute_cost": 10.489999771118164,
    "finish_time": 24476276,
    "limit_cost_by_ms": 8.971333503723145,
    "model_name": "googlenet",
    "recv_time": 24463361,
    "tag": "692",
    "total_cost_by_ms": 12.914999961853027,
    "wait_cost": 2.4250001907348633
}
