{
    "child_model_execute_cost_by_ms": [
        10.550999641418457
    ],
    "child_model_run_time": [
        [
            30359604,
            30370155
        ]
    ],
    "execute_cost": 10.550999641418457,
    "finish_time": 30370167,
    "limit_cost_by_ms": 9.069666862487793,
    "model_name": "googlenet",
    "recv_time": 30358393,
    "tag": "947",
    "total_cost_by_ms": 11.77400016784668,
    "wait_cost": 1.2230005264282227
}
