{
    "child_model_execute_cost_by_ms": [
        18.101999282836914,
        18.388999938964844,
        22.124000549316406
    ],
    "child_model_run_time": [
        [
            32751305,
            32769407
        ],
        [
            32769422,
            32787811
        ],
        [
            32787827,
            32809951
        ]
    ],
    "execute_cost": 58.61499786376953,
    "finish_time": 32809959,
    "limit_cost_by_ms": 47.42300033569336,
    "model_name": "vgg19",
    "recv_time": 25675215,
    "tag": "753",
    "total_cost_by_ms": 7134.744140625,
    "wait_cost": 7076.12890625
}
