kind, gpt128v2, yolov2, googlenet, resnet50, vgg19, total
DLIR, 5.177650628653264, 5.287472718251399, 5.798295326511345, 4.423201728917074, 5.337702334108388, 5.798295326511345
OYST, 5.328035730703885, 4.547850462738605, 5.592918290716237, 4.463766340536233, 4.7804101412326165, 5.592918290716237
ClockWork, 13.747736983843716, 12.799844310241562, 10.396312372751346, 4.234381567843517, 1.9768619730028845, 13.747736983843716
PREMA, 9.618246195984582, 8.989215505159011, 8.966810515164697, 5.4189507601315094, 2.4606942441857753, 9.618246195984582
MPS, 19.75152570367497, 14.51211754598215, 11.761288340416815, 5.364311239317488, 2.189023998551915, 19.75152570367497
