kind, gpt128v2, yolov2, googlenet, resnet50, vgg19, total
DLIR, 1.1334021343145262, 1.0761432398275164, 1.0893625400879918, 1.3303982405451003, 1.1657269725767252, 1.0761432398275164
OYST, 1.7329446535534545, 1.0721462227287402, 1.0993459136324668, 1.383748354499749, 1.1820787749858583, 1.0721462227287402
ClockWork, 1.6330031968721688, 1.0664023051159761, 1.0603364136769968, 1.0, 1.0, 1.0
PREMA, 1.2894233672272113, 1.0433051532354631, 1.0873081581857489, 1.0083694857154892, 1.0, 1.0
MPS, 1.456480190938738, 1.0571619620538668, 1.0838211761994982, 1.003149355055701, 1.0, 1.0
