kind, gpt128v2, yolov2, googlenet, resnet50, vgg19, total
DLIR, 0.9192571845408951, 0.8742284147704749, 1.0457730074086369, 0.8433319783810622, 0.8294558845567321, 0.9238072843317646
OYST, 0.8952891631843313, 0.8546173044877001, 1.0796743939803415, 0.833312562390223, 0.6459237795458702, 0.8963176646757334
ClockWork, 2.5766689382172996, 3.1466691577835846, 2.077020083492712, 0.9645436076150339, 0.1957686664363784, 2.784783106811761
PREMA, 2.1389433960308737, 2.330028823455075, 2.426233778453227, 1.3844109465814272, 0.2981929336133604, 2.2428973900611497
MPS, 4.849807573831018, 3.7147915351436964, 2.63644401712324, 1.287090207541194, 0.21823393261788557, 4.046005111138462
