kind, gpt128v2, yolov2, googlenet, resnet50, vgg19, total
DLIR, 3.052964033304752, 2.6262971718797896, 2.7168523048324316, 2.6454602397888016, 2.4842680462523634, 2.705420106538117
OYST, 3.018229271119817, 2.6212746687392445, 2.7295440752714994, 2.5745456447720176, 2.381317564295471, 2.6652837423266176
ClockWork, 5.015188643660071, 6.137832127744549, 4.152530267750247, 2.0696153000012725, 1.1391418029397182, 3.7018068000562363
PREMA, 4.225616945507187, 4.1903461467466645, 3.998962137398863, 2.3787770349653976, 1.20439477247154, 3.200602405671073
MPS, 8.627767803471373, 6.485154567410531, 5.579384778426641, 2.612842273060344, 1.158027169058692, 4.8931843636005325
