{
    "child_model_execute_cost_by_ms": [
        58.0989990234375
    ],
    "child_model_run_time": [
        [
            11294818,
            11352917
        ]
    ],
    "execute_cost": 58.0989990234375,
    "finish_time": 11352921,
    "limit_cost_by_ms": 7.311333179473877,
    "model_name": "squeezenetv1",
    "recv_time": 11294745,
    "tag": "174",
    "total_cost_by_ms": 58.17599868774414,
    "wait_cost": 0.07699966430664063
}
