{
    "child_model_execute_cost_by_ms": [
        10.218999862670898
    ],
    "child_model_run_time": [
        [
            11363919,
            11374138
        ]
    ],
    "execute_cost": 10.218999862670898,
    "finish_time": 11374142,
    "limit_cost_by_ms": 9.133999824523926,
    "model_name": "googlenet",
    "recv_time": 11363767,
    "tag": "176",
    "total_cost_by_ms": 10.375,
    "wait_cost": 0.15600013732910156
}
