{
    "child_model_execute_cost_by_ms": [
        37.5989990234375
    ],
    "child_model_run_time": [
        [
            12393469,
            12431068
        ]
    ],
    "execute_cost": 37.5989990234375,
    "finish_time": 12431073,
    "limit_cost_by_ms": 9.0823335647583,
    "model_name": "googlenet",
    "recv_time": 12393385,
    "tag": "225",
    "total_cost_by_ms": 37.6879997253418,
    "wait_cost": 0.08900070190429688
}
