{
    "child_model_execute_cost_by_ms": [
        7.960000038146973
    ],
    "child_model_run_time": [
        [
            14435306,
            14443266
        ]
    ],
    "execute_cost": 7.960000038146973,
    "finish_time": 14443270,
    "limit_cost_by_ms": 7.313666820526123,
    "model_name": "squeezenetv1",
    "recv_time": 14435168,
    "tag": "309",
    "total_cost_by_ms": 8.10200023651123,
    "wait_cost": 0.1420001983642578
}
