{
    "child_model_execute_cost_by_ms": [
        20.042999267578125
    ],
    "child_model_run_time": [
        [
            15919576,
            15939619
        ]
    ],
    "execute_cost": 20.042999267578125,
    "finish_time": 15939623,
    "limit_cost_by_ms": 18.94700050354004,
    "model_name": "resnet50",
    "recv_time": 15919430,
    "tag": "390",
    "total_cost_by_ms": 20.19300079345703,
    "wait_cost": 0.15000152587890625
}
