{
    "child_model_execute_cost_by_ms": [
        46.66999816894531
    ],
    "child_model_run_time": [
        [
            17057466,
            17104136
        ]
    ],
    "execute_cost": 46.66999816894531,
    "finish_time": 17104139,
    "limit_cost_by_ms": 47.42166519165039,
    "model_name": "vgg19",
    "recv_time": 17057449,
    "tag": "444",
    "total_cost_by_ms": 46.689998626708984,
    "wait_cost": 0.020000457763671875
}
