{
    "child_model_execute_cost_by_ms": [
        54.38600158691406
    ],
    "child_model_run_time": [
        [
            8544987,
            8599373
        ]
    ],
    "execute_cost": 54.38600158691406,
    "finish_time": 8599377,
    "limit_cost_by_ms": 18.96233367919922,
    "model_name": "resnet50",
    "recv_time": 8544842,
    "tag": "45",
    "total_cost_by_ms": 54.53499984741211,
    "wait_cost": 0.14899826049804688
}
