{
    "child_model_execute_cost_by_ms": [
        54.547000885009766
    ],
    "child_model_run_time": [
        [
            17513480,
            17568027
        ]
    ],
    "execute_cost": 54.547000885009766,
    "finish_time": 17568029,
    "limit_cost_by_ms": 7.304999828338623,
    "model_name": "squeezenetv1",
    "recv_time": 17513385,
    "tag": "465",
    "total_cost_by_ms": 54.64400100708008,
    "wait_cost": 0.0970001220703125
}
