{
    "child_model_execute_cost_by_ms": [
        45.106998443603516
    ],
    "child_model_run_time": [
        [
            19124328,
            19169435
        ]
    ],
    "execute_cost": 45.106998443603516,
    "finish_time": 19169438,
    "limit_cost_by_ms": 47.35033416748047,
    "model_name": "vgg19",
    "recv_time": 19124171,
    "tag": "540",
    "total_cost_by_ms": 45.266998291015625,
    "wait_cost": 0.15999984741210938
}
