{
    "child_model_execute_cost_by_ms": [
        61.832000732421875
    ],
    "child_model_run_time": [
        [
            20323720,
            20385552
        ]
    ],
    "execute_cost": 61.832000732421875,
    "finish_time": 20385556,
    "limit_cost_by_ms": 18.94700050354004,
    "model_name": "resnet50",
    "recv_time": 20323705,
    "tag": "598",
    "total_cost_by_ms": 61.85100173950195,
    "wait_cost": 0.019001007080078125
}
