{
    "child_model_execute_cost_by_ms": [
        45.96699905395508
    ],
    "child_model_run_time": [
        [
            21575531,
            21621498
        ]
    ],
    "execute_cost": 45.96699905395508,
    "finish_time": 21621500,
    "limit_cost_by_ms": 47.35033416748047,
    "model_name": "vgg19",
    "recv_time": 21575372,
    "tag": "654",
    "total_cost_by_ms": 46.12799835205078,
    "wait_cost": 0.16099929809570313
}
