{
    "child_model_execute_cost_by_ms": [
        19.51300048828125
    ],
    "child_model_run_time": [
        [
            22108584,
            22128097
        ]
    ],
    "execute_cost": 19.51300048828125,
    "finish_time": 22128100,
    "limit_cost_by_ms": 18.96233367919922,
    "model_name": "resnet50",
    "recv_time": 22108572,
    "tag": "679",
    "total_cost_by_ms": 19.527999877929688,
    "wait_cost": 0.0149993896484375
}
