{
    "child_model_execute_cost_by_ms": [
        39.301998138427734
    ],
    "child_model_run_time": [
        [
            22619898,
            22659200
        ]
    ],
    "execute_cost": 39.301998138427734,
    "finish_time": 22659202,
    "limit_cost_by_ms": 18.96233367919922,
    "model_name": "resnet50",
    "recv_time": 22619747,
    "tag": "704",
    "total_cost_by_ms": 39.45500183105469,
    "wait_cost": 0.15300369262695313
}
