{
    "child_model_execute_cost_by_ms": [
        53.24100112915039
    ],
    "child_model_run_time": [
        [
            24075382,
            24128623
        ]
    ],
    "execute_cost": 53.24100112915039,
    "finish_time": 24128627,
    "limit_cost_by_ms": 9.133999824523926,
    "model_name": "googlenet",
    "recv_time": 24075363,
    "tag": "769",
    "total_cost_by_ms": 53.263999938964844,
    "wait_cost": 0.022998809814453125
}
