{
    "child_model_execute_cost_by_ms": [
        25.33099937438965
    ],
    "child_model_run_time": [
        [
            24814231,
            24839562
        ]
    ],
    "execute_cost": 25.33099937438965,
    "finish_time": 24839566,
    "limit_cost_by_ms": 18.96233367919922,
    "model_name": "resnet50",
    "recv_time": 24814071,
    "tag": "806",
    "total_cost_by_ms": 25.4950008392334,
    "wait_cost": 0.16400146484375
}
