{
    "child_model_execute_cost_by_ms": [
        10.074000358581543
    ],
    "child_model_run_time": [
        [
            26707848,
            26717922
        ]
    ],
    "execute_cost": 10.074000358581543,
    "finish_time": 26717926,
    "limit_cost_by_ms": 9.133999824523926,
    "model_name": "googlenet",
    "recv_time": 26707756,
    "tag": "889",
    "total_cost_by_ms": 10.170000076293945,
    "wait_cost": 0.09599971771240234
}
