{
    "child_model_execute_cost_by_ms": [
        20.18199920654297
    ],
    "child_model_run_time": [
        [
            27671297,
            27691479
        ]
    ],
    "execute_cost": 20.18199920654297,
    "finish_time": 27691483,
    "limit_cost_by_ms": 18.96233367919922,
    "model_name": "resnet50",
    "recv_time": 27671146,
    "tag": "937",
    "total_cost_by_ms": 20.336999893188477,
    "wait_cost": 0.1550006866455078
}
