{
    "child_model_execute_cost_by_ms": [
        20.138999938964844
    ],
    "child_model_run_time": [
        [
            27787995,
            27808134
        ]
    ],
    "execute_cost": 20.138999938964844,
    "finish_time": 27808137,
    "limit_cost_by_ms": 9.0823335647583,
    "model_name": "googlenet",
    "recv_time": 27787846,
    "tag": "942",
    "total_cost_by_ms": 20.291000366210938,
    "wait_cost": 0.15200042724609375
}
