{
    "child_model_execute_cost_by_ms": [
        66.41200256347656
    ],
    "child_model_run_time": [
        [
            28094600,
            28161012
        ]
    ],
    "execute_cost": 66.41200256347656,
    "finish_time": 28161014,
    "limit_cost_by_ms": 47.39833450317383,
    "model_name": "vgg19",
    "recv_time": 28094511,
    "tag": "945",
    "total_cost_by_ms": 66.50299835205078,
    "wait_cost": 0.09099578857421875
}
