{
    "child_model_execute_cost_by_ms": [
        43.59299850463867
    ],
    "child_model_run_time": [
        [
            15517304,
            15560897
        ]
    ],
    "execute_cost": 43.59299850463867,
    "finish_time": 15560901,
    "limit_cost_by_ms": 18.88166618347168,
    "model_name": "resnet50",
    "recv_time": 15517287,
    "tag": "360",
    "total_cost_by_ms": 43.61399841308594,
    "wait_cost": 0.020999908447265625
}
