{
    "child_model_execute_cost_by_ms": [
        76.6449966430664
    ],
    "child_model_run_time": [
        [
            17438709,
            17515354
        ]
    ],
    "execute_cost": 76.6449966430664,
    "finish_time": 17515357,
    "limit_cost_by_ms": 47.39833450317383,
    "model_name": "vgg19",
    "recv_time": 17438562,
    "tag": "450",
    "total_cost_by_ms": 76.79499816894531,
    "wait_cost": 0.15000152587890625
}
